outlet,bias,headline,summary,ground_news_interest_url
Upstract,Center,Oversight Democrat says he’s ‘not confident’ panel will get answers from Bondi after subpoena,"Rep. Ro Khanna, D-Calif., said he isn’t optimistic the House Oversight Committee will get the answers it needs from Attorney General Pam Bondi, after the panel voted to subpoena her over the Justice Department’s handling of records related to Jeffrey Epstein. Khanna told “Morning Joe” co-host…",https://ground.news/interest/upstract
wjr.com,Right,House Panel Subpoenas Pam Bondi Over Epstein Files,"Photo: Chris Day / The Commercial Appeal / USA TODAY NETWORK WASHINGTON, D.C. ~ In a bipartisan effort, the House Oversight Committee voted to subpoena Attorney General Pam Bondi Wednesday over her role in the Justice Department’s release of the Epstein files. GOP Rep. Nancy Mace proposed the subpoena after tensions have grown from the handling of the case of the notorious sex offender. The 24 to 19 vote is the second time in the past year that…",https://ground.news/interest/wjrcom
Star Advertiser,Center,House panel votes to subpoena Pam Bondi over Epstein files | Honolulu Star-Advertiser,"WASHINGTON >> A key House committee voted on Wednesday to subpoena Attorney General Pam Bondi to compel her to testify about the Justice Department’s investigation of convicted sex offender Jeffrey Epstein and its release of investigative material about him, after Republicans sided with Democrats to insist on it.",https://ground.news/interest/star-advertiser
TrendingPolitics,Right,5 Republicans Join Democrats To Subpoena Key Trump Official,"Attorney General Pam Bondi is being subpoenaed by the House Committee on Oversight and Government Reform over the Justice Department’s handling and release of the Epstein files, after a small bloc of Republicans broke ranks and sided with Democrats. The committee voted 24-19 on Wednesday to issue the subpoena. The move was pushed by Rep. Nancy Mace, R-S.C., and backed by four other Republicans: Reps. Lauren Boebert of Colorado, Tim Burchett of T…",https://ground.news/interest/trendingpoliticsnewscom
La Opinion,Lean Left,Pam Bondi Will Testify Under Oath in Congress on the Epstein Case,"So far, the administration has argued that many restrictions respond to ongoing legal proceedings and victim protection",https://ground.news/interest/laopinioncom
We Got This Covered,Lean Left,"Republicans turn on their own party, accuse Pam Bondi is 'focused on shielding the powerful' from the Epstein files","The House Oversight Committee has voted to subpoena Attorney General Pam Bondi, demanding her testimony about the ongoing controversy over the Jeffrey Epstein files. The vote was 24-19, with five Republicans joining Democrats in a rare bipartisan push to compel her appearance. According to Newsweek, lawmakers from both parties are concerned because, even though the Department of Justice (DOJ) has released millions of documents, key records still…",https://ground.news/interest/we-got-this-covered
Havasu News,Center,Pam Bondi subpoenaed by House panel to testify on Epstein files,WASHINGTON — The House committee investigating Jeffrey Epstein voted to subpoena U.S. Attorney General Pam Bondi to testify on her handling of Justice Department files on the disgraced financier.,https://ground.news/interest/havasu-news
Palmer Report,Left,They just decided to sacrifice Pam Bondi and Kristi Noem,"Donate to Democratic candidate Adam Frisch. Donate to Palmer Report. ALERT: Palmer Report is coming out swinging in the 2026 midterm elections. DONATE HERE NOWI’ve pointed out on more than one occasion that while Donald Trump spent his previous term routinely scapegoating and firing his top people in order to stay ahead of his own scandals, he hasn’t done this at all during his current term. He’s just sat there confused, babbling about sharks a…",https://ground.news/interest/palmer-report
KPAX,Center,Committee adds big names in Epstein probe as more DOJ files are expected soon,"The congressional committee looking into the Justice Departments investigation of Jeffrey Epstein and Ghislaine Maxwell is expanding its witness list, adding several high-profile figures connected to the pair.Rep. Robert Garcia, the top Democrat on the committee, said Thursday the Justice Department will release more Epstein files soon. It is believed roughly three million documents have yet to be published on the DOJ website and tens of thousan…",https://ground.news/interest/kpax
WOFL,Center,Pam Bondi faces subpoena to answer questions over Epstein files,The House Oversight Committee voted to subpoena Attorney General Pam Bondi to answer questions over the Justice Department’s management of files tied to the Jeffrey Epstein sex trafficking investigation.,https://ground.news/interest/wofl
Missoulian,Center,House panel subpoenas Bondi over Epstein files,WASHINGTON — The House Oversight Committee voted Wednesday to subpoena Attorney General Pam Bondi to answer questions over the Justice Department's handling of files related to the Jeffrey Epstein sex trafficking investigation.,https://ground.news/interest/missoulian
Tampa Bay Times,Center,Things just got worse for Pam Bondi. Here’s why.,U.S. Attorney General Pam Bondi had hoped her testimony in February would suffice. Congress just decided it did not and that she must return to Capitol Hill.,https://ground.news/interest/tampa-bay-times_03ba8e
The Savage Nation,Far Right,MichaelSavage.com – House Oversight Committee Votes to Subpoena Bondi Over Handling of Release of Epstein Files,"The House Oversight Committee voted to subpoena Attorney General Pam Bondi regarding her handling of the release of files related to deceased convicted sex offender Jeffrey Epstein, according to multiple reports. Mychael Schnell, a congressional reporter with MS NOW News, revealed in a post on X that the House Oversight Committee had voted 24-19 to…",https://ground.news/interest/the-savage-nation
New York Post,Right,House Oversight Committee votes to subpoena AG Pam Bondi over Jeffrey Epstein files,The powerful GOP-led House Oversight Committee voted to subpoena Attorney General Pam Bondi for testimony about late sex predator Jeffrey Epstein.,https://ground.news/interest/new-york-post
The Epoch Times,Right,House Oversight Committee Votes to Subpoena Attorney General Bondi,"The Republican-led House Oversight Committee voted on March 4 to subpoena Attorney General Pam Bondi to answer questions over the Justice Department’s handling of files regarding the Jeffrey Epstein sex trafficking investigation. The measure, proposed by Rep. Nancy Mace (R-S.C.), was approved in a 24–19 vote with bipartisan support. Mace and four other Republicans, Reps. Lauren Boebert (R-Colo.), Tim Burchett (R-Tenn.), Michael Cloud (R-Texas), …",https://ground.news/interest/the-epoch-times
Sueddeutsche Zeitung,Lean Left,The ‘Crazy’ Plot to Release the Epstein Files,How an unlikely duo of lawmakers partnered with victims to try to hold the powerful accountable,https://ground.news/interest/sueddeutsche-zeitung
Hawaii Tribune-Herald,Center,House panel votes to subpoena Pam Bondi over Epstein files,House panel votes to subpoena Pam Bondi over Epstein files - Nation and World News | Hawaii Tribune-Herald,https://ground.news/interest/hawaii-tribune-herald
IBTimes UK,Lean Left,Pam Bondi Faces Subpoena As Republicans Turn Against Her Over Epstein Files,"Pam Bondi has been officially subpoenaed by a bipartisan House Oversight Committee, marking a dramatic moment in the ongoing Epstein investigations. The subpoena comes as Republicans increasingly distance themselves from Bondi, signalling a rare fracture in party unity over the handling of Jeffrey Epstein's files. The move has thrust the spotlight back onto Bondi's controversial role in the Epstein case, prompting questions about what exactly re…",https://ground.news/interest/ibtimes-uk
Malay Mail,Right,US House panel subpoenas Pam Bondi over handling of Epstein files,"WASHINGTON, March 5 — A committee of the United States (US) House of Representatives has voted to subpoena Attorney General Pam Bondi to question her over the release of files related to the investigation into disgraced financier Jeffrey Epstein, according to US media reports on Wednesday evening, reported German Press Agency (dpa).The handling of millions of documents tied to the Epstein case has drawn criticism.Critics said victims were not ad…",https://ground.news/interest/malay-mail
Anadolu Ajansı,Right,House Oversight panel votes to subpoena attorney general over Epstein records,Five Republicans join Democrats in demanding Pam Bondi testify on Justice Department handling of documents - Anadolu Ajansı,https://ground.news/interest/anadolu-ajans
NRC Handelsblad,Lean Left,Attorney General Pam Bondi Subpoenaed by House of Representatives in Epstein Case,A U.S. House committee voted Wednesday to subpoena Attorney General Pam Bondi in the investigation…,https://ground.news/interest/nrc-handelsblad
NOS,Right,Us Congress Wants Attorney General Bondi to Question Epstein Cover-Up,Members of Congress want to know why the Justice Department says there is nothing more to release when documents concerning allegations against Trump are still missing.,https://ground.news/interest/nos_4ae905
sgtreport.com,Right,House Oversight Panel Votes to Subpoena Attorney General Pam Bondi in Epstein Investigation,from Your News: Bipartisan vote forces the attorney general to testify about the Justice Department’s handling of Jeffrey Epstein–related records. By yourNEWS Media Newsroom The House Oversight Committee voted Wednesday to issue a subpoena compelling Attorney General Pam Bondi to testify as part of a congressional investigation into the federal government’s handling of matters related […],https://ground.news/interest/sgtreportcom
La Libre,Center,Epstein Case: u.s. Congress Commission Quotes Minister of Justice to Appear,"A commission of the American House of Representatives voted on Wednesday the appearance of the Minister of Justice Pam Bondi, report on Wednesday several US media. The latter will have to explain how his ministry managed the publication of documents related to the investigation of sexual criminal Jeffrey Epstein. ...",https://ground.news/interest/la-libre
Die Presse,Right,Committee Invites Us Justice Secretary to Epstein Scandal,"US Justice Minister Pam Bondi defended her dealings with the Epstein files already in mid-February, but also admitted mistakes.",https://ground.news/interest/die-presse
Sky News UK,Center,Congress votes to summon Pam Bondi over handling of Epstein files,"The House of Representatives' Oversight Committee voted to call Ms Bondi to give evidence by 24 votes to 19, with five Republican members backing it.",https://ground.news/interest/sky-news
Al Jazeera,Lean Left,US gov’t committee subpoenas Attorney General Pam Bondi over Epstein files,House Oversight Committee votes to subpoena Bondi over Justice Department’s handling of files in Epstein investigation.,https://ground.news/interest/al-jazeera_1a2e2c
KESQ,Center,Congress Summons Attorney General Pam Bondi over Epstein Investigation,"By Danya Gainor. The Republican-led House Oversight Committee voted to subpoena U.S. Attorney General Pam Bondi to testify about her role in the release of Jeffrey Epstein's files as part of the committee's investigation into the deceased convicted sex offender. Republican Representative Nancy Mace proposed subpoenaing the attorney general, and the motion passed 24-19 with bipartisan support. Mace was joined by Democrats and her fellow Republica…",https://ground.news/interest/kesq
cascadepbs.org,Lean Left,News Wrap: House committee subpoenas Bondi over Epstein,"In our news wrap Wednesday, the House Oversight Committee voted to subpoena Attorney General Pam Bondi in its Jeffrey Epstein investigation, Minnesota's governor told lawmakers that the Trump administration's immigration crackdown hurt the state's efforts at fighting fraud and the U.S. launched a joint military operation with Ecuador targeting crime groups.",https://ground.news/interest/cascadepbsorg
La Tercera,Right,u.s. Congress Votes to Cit to Declare Attorney General Pam Bondi in Epstein's Inquiry · Global Voices,"The U.S. Congress voted on Wednesday to summon the country's attorney general, Pam Bondi, to testify in the framework of the investigation of convicted sex offender Jeffrey Epstein.The motion put forward by Republican legislator Nancy Mace before the House Oversight Committee, led by her party, sought to get Bondi to testify essentially about her role in publishing Epstein's files.The summons was passed by 24 votes in favour and 19 against, with…",https://ground.news/interest/la-tercera
politika.rs,Right,Five Republicans Support Democrats' Request for Bondi to Testify About Epstein,"WASHINGTON – Five Republicans on the House Oversight Committee have joined Democrats in demanding that U.S. Attorney General Pam Bondi be called to testify in the investigation into the late convicted sex offender Jeffrey Epstein and his associate Ghislaine Maxwell. The House Oversight Committee voted 24-19 to approve a motion by Republican Representative Nancy Mays to compel Bondi to testify, the Guardian reports. Mays was joined by Republican …",https://ground.news/interest/politikars
voz.us,Right,The Supervisory Committee Summons Attorney General Pam Bondi to Testify in the Epstein Investigation,"The House Oversight Committee summoned Pam Bondi to testify in the Jeffrey Epstein investigation. Thus, the Attorney General will have to appear in front of committee members to answer questions in the coming weeks, as Bill and Hillary Clinton have already done. Read more",https://ground.news/interest/vozus
Atlanta Black Star,Lean Left,"‘The Dam Is Breaking!’: Republicans Land a Blow Trump Didn’t See Coming, Force Bondi to Answer for Epstein Cover-Up — and Comer’s Scramble to Stop It Turns Embarrassing","The political dam that has protected President Donald Trump from the Epstein scandal for years may finally be starting to crack — and Attorney General Pam Bondi now finds herself standing directly in the flood zone. For months, Bondi has been accused by critics of deploying every maneuver possible to shield Trump from the fallout — slow-walking document releases, defending sweeping redactions and, more recently, facing questions about whether re…",https://ground.news/interest/atlanta-black-star
Live Mint,Center,"Epstein files: Republicans, Democrats join hands to subpoena Attorney General Pam Bondi—'one of the greatest cover","The 24-19 bipartisan vote took place amid growing criticism of the DOJ's handling of the case and its failure to release all the Epstein files. South Carolina Republican Representative Nancy Mace introduced the motion, and 5 Republicans joined Democrats in supporting it.",https://ground.news/interest/live-mint
PerthNow,Center,US Attorney General Bondi faces Epstein files subpoena,A congressional committee has voted to subpoena Attorney General Pam Bondi to face questions about how her department has handled the Epstein files.,https://ground.news/interest/perthnow
foxwilmington.com,Right,Pam Bondi faces bipartisan subpoena over frustration with DOJ's release of Epstein files | Fox Wilmington WSFX-TV,"close Video Lawmakers press AG Pam Bondi for answers over Epstein files Fox News chief congressional correspondent Chad Pergram reports on Attorney General Pam Bondi testifying before the House Judiciary Committee on ‘Special Report.’ NEWYou can now listen to Fox News articles! The House Oversight Committee voted along bipartisan lines to subpoena Attorney General Pam Bondi on Wednesday, a motion spearheaded by Rep. Nancy Mace, R-S.C., amid c…",https://ground.news/interest/foxwilmingtoncom
The Blaze,Right,House Oversight Committee subpoenas Pam Bondi to testify on release of Epstein files,The motion was made by Republican Rep. Nancy Mace of South Carolina.,https://ground.news/interest/the-blaze
The Daily Boulder,Left,House Oversight Votes to Subpoena Pam Bondi Over 'Missing' Epstein Files,"The House Oversight Committee just made it official: Attorney General Pam Bondi is being hauled in for testimony over the Justice Department’s handling of Jeffrey Epstein’s files. The vote Wednesday was 24-19. Five Republicans broke ranks with party leadership to join the Democrats, including Rep. Nancy Mace, who put forward the subpoena motion. The other GOP rebels were Reps. Tim Burchett, Lauren Boebert, Michael Cloud, and Scott Perry. The Jus…",https://ground.news/interest/the-daily-boulder
Zeit Online,Lean Left,Case Jeffrey Epstein: Us Justice Minister Pam Bondi Must Testify to Epstein Committee,The U.S. Department of Justice is said to have removed incriminating files on the Epstein case again. Pam Bondi is now being questioned about her role in dealing with the files.,https://ground.news/interest/zeit-online
ABC Australia,Lean Left,US Attorney-General Pam Bondi to face Epstein files subpoena,The House Oversight Committee voted to question Pam Bondi over her handling of files regarding the Jeffrey Epstein sex trafficking investigation.,https://ground.news/interest/abc-australia
South China Morning Post,Center,US lawmakers vote to subpoena Pam Bondi over Epstein files,"Five Republicans joined Democrats to support the measure, in a sharp rebuke of Trump’s attorney general.",https://ground.news/interest/south-china-morning-post
The Daily Caller,Right,Five Republicans Vote To Force Bondi To Answer For Epstein Files Debacle,'time to deliver',https://ground.news/interest/the-daily-caller
100% FED UP!,Far Right,House Oversight Committee SUBPOENAS AG Pam Bondi To Testify In Epstein Investigation * 100PercentFedUp.com * by Anthony,Another Trump official will soon testify before the House Oversight Committee as part of its probe into Jeffrey Epstein. The […],https://ground.news/interest/100percentfedupcom
Fox News,Right,Pam Bondi faces bipartisan subpoena over frustration with DOJ's release of Epstein files,House Oversight Committee subpoenaed Attorney General Pam Bondi in bipartisan 24-19 vote led by Representative Nancy Mace on Wednesday over Jeffrey Epstein investigation documents.,https://ground.news/interest/fox-news_a44aba
Straight Arrow News,Center,House Oversight subpoenas Bondi over handling of the Epstein files,Members of the House Oversight Committee voted to subpoena Attorney General Pam Bondi for testimony over the Justice Department’s release of the Jeffrey Epstein files. The release has gained bipartisan scrutiny as lawmakers questioned the department’s surveillance of their searches and held closed-door hearings with the Clintons.  The committee on Wednesday voted 24-19 for U.S. Rep. Nancy Mace’s resolution to call Bondi in for testimony about ho…,https://ground.news/interest/straight-arrow-news
Il Sole 24 Ore,Right,Epstein Case: Us House Commission Summons Pam Bondi,The U.S. House of Congress Supervisory Commission has summoned Attorney General Pam Bondi to testify about her role in the publication of Jeffrey Epstein's files...,https://ground.news/interest/il-sole-24-ore
Stuff,Lean Left,Trump’s attorney general Pam Bondi to face questions on Epstein files,Bondi has defended the department's handling of the files and has accused Democrats of using the Epstein files to distract from Trump’s successes,https://ground.news/interest/stuff_0ae80d
Breitbart,Right,Bondi Subpoenaed Over Handling of Release of Epstein Files,The House Oversight Committee voted to subpoena Attorney General Pam Bondi for her handling of the release of files related toJeffrey Epstein.,https://ground.news/interest/breitbart
Penn Live,Center,Perry joins House committee members voting to subpoena Attorney General Bondi over Epstein files,WASHINGTON — The House Oversight Committee voted Wednesday to subpoena Attorney General Pam Bondi to answer questions over the Justice Department’s handling of files regarding the Jeffrey Epstein sex trafficking investigation.,https://ground.news/interest/penn-live
WSET,Right,Oversight committee subpoenas AG Pam Bondi to answer questions on Epstein files,The House Oversight Committee voted on Wednesday to subpoena Attorney General Pam Bondi to answer questions over how the Department of Justice.,https://ground.news/interest/wset
NZ Herald,Center,Epstein files: House committee subpoenas Attorney-General Pam Bondi,United States Attorney-General Pam Bondi has been summoned to give evidence to the House of Representatives’ oversight and government reform committee about...,https://ground.news/interest/nz-herald
Boing Boing,Left,House Oversight Committee subpoena's Pam Bondi over her handling of the Epstein files,"Enough Republicans are sick of Trump's personal Attorney General Pam Bondi, and the face plant after face plant the Department of Justice makes regarding their highly questionable release of the Epstein files, that they joined Democrats in issuing a subpoena demanding she appear before them and explain. — Read the rest The post House Oversight Committee subpoena's Pam Bondi over her handling of the Epstein files appeared first on Boing Boing.",https://ground.news/interest/boing-boing
News Facts Network,Center,Bipartisan House Panel Demands Bondi Testimony on Epstein,"Washington, D.C. — The House Oversight Committee voted Wednesday to subpoena Attorney General Pam Bondi for testimony regarding the Justice Department’s handling of files tied to the Jeffrey Epstein sex trafficking investigation. Five Republicans joined Democrats in backing the subpoena, which was proposed by Rep. Nancy Mace (R-S.C.). The vote signals ongoing bipartisan frustration with how the department reviewed and released documents related …",https://ground.news/interest/news-facts-network
Daily Journal,Center,U.S. House subpoenas Pam Bondi on Epstein investigation,(The Center Square) - The U.S. House Oversight Committee voted Wednesday to subpoena Attorney General Pam Bondi over the Justice Department's investigation of convicted sex offender Jeffrey Epstein.,https://ground.news/interest/daily-journal_17eacc
Bay News 9,Center,House Oversight Committee subpoenas AG Bondi in Epstein investigation,"Separately, Commerce Secretary Howard Lutnick has agreed to face questions from the House Oversight Committee",https://ground.news/interest/bay-news-9
Latestly,Right,House Committee Votes to Subpoena Pam Bondi over Epstein Files,The House Oversight Committee has voted to subpoena Attorney General Pam Bondi to answer questions over the Justice Department’s handling of files related to the Jeffrey Epstein sex trafficking investigation House Committee Votes to Subpoena Pam Bondi over Epstein Files.,https://ground.news/interest/latestly
The Independent,Lean Left,Republicans side with Dems to compel Bondi to testify about Epstein files handling,Pushing for the release of the Epstein files has received sweeping bipartisan support in Congress,https://ground.news/interest/the-independent_ff73a6
sta.si,Center,Congressional Committee Confirms Subpoena for Secretary Bondi in Epstein Case,"The House Oversight Committee surprisingly confirmed today that it would subpoena US Attorney General Pam Bondi for questioning because it believes she has failed to comply with the law requiring her to fully disclose all files on the late pedophile Jeffrey Epstein, US media reported.",https://ground.news/interest/stasi
The Post and Courier,Center,Nancy Mace prompts Congress to depose AG Pam Bondi over Epstein files,The House Oversight Committee will depose Attorney General Pam Bondi over the DOJ’s handling of the Jeffrey Epstein files. SC Rep. Nancy Mace made the initial motion.,https://ground.news/interest/the-post-and-courier
Washington Examiner,Right,House oversight committee votes to subpoena Pam Bondi,"Nancy Mace told reporters after the vote that Bondi has testified before the House Judiciary Committee, ""but she's not testified before me.""",https://ground.news/interest/washington-examiner
The Washington Post,Lean Left,House Oversight Committee votes to subpoena Attorney General Pam Bondi,"Bondi has faced criticism from Democrats, and some Republicans, over the Justice Department’s handling of the Epstein files.",https://ground.news/interest/the-washington-post
The Hindu,Lean Left,U.S. House committee votes to subpoena Attorney General Bondi to answer questions over the Epstein files,Five Republicans joined Democrats to support the subpoena proposed by GOP Rep. Nancy Mace of South Carolina in a sign of continued frustration with the department's review and release of a tranche of documents regarding the disgraced financier,https://ground.news/interest/the-hindu
PBS NewsHour,Lean Left,House committee votes to subpoena Bondi to answer questions over Epstein files,Five Republicans joined Democrats to support the subpoena proposed by GOP Rep. Nancy Mace in a sign of continued frustration among conservatives with the department's review and release of a tranche of documents related to the disgraced financier.,https://ground.news/interest/pbs-newshour
Global News,Lean Left,Pam Bondi summoned to testify in U.S. House’s Jeffrey Epstein investigation - National,"Five Republicans joined Democrats to support the subpoena of the attorney general, in a sign of continued frustration with her department's review and release of the Epstein files.",https://ground.news/interest/global-news
BBC News,Center,Congress votes to summon Attorney General Pam Bondi to testify in Epstein case,"Republican lawmaker Nancy Mace, who introduced the motion to subpoena Pam Bondi, accuses the justice department of a ""cover-up"".",https://ground.news/interest/bbc-news_bf95f4
Boston Globe,Lean Left,House committee votes to subpoena Attorney General Pam Bondi to answer questions over the Epstein files - The Boston Globe,Five Republicans joined Democrats to support the subpoena proposed by Republican Representative Nancy Mace of South Carolina.,https://ground.news/interest/boston-globe
The Oregonian,Center,Pam Bondi subpoenaed over Epstein files by House Oversight Committee,WASHINGTON — The House Oversight Committee voted Wednesday to subpoena Attorney General Pam Bondi to answer questions over the Justice Department’s handling of files regarding the Jeffrey Epstein sex trafficking investigation.,https://ground.news/interest/the-oregonian
TVA Nouvelles,Lean Left,Pam Bondi Summoned to Testify on Epstein Files,The House of Representatives Oversight Committee voted on Wednesday to summon Attorney General Pam Bondi to appear.,https://ground.news/interest/tva-nouvelles
The Courier-Journal,Lean Left,House committee will subpoena AG Pam Bondi on Epstein files,"The House Oversight Committee, led by Kentucky's James Comer, voted to subpoena Attorney General Pam Bondi over the Department of Justice's Epstein files release.",https://ground.news/interest/the-courier-journal
notus.org,Lean Left,House Oversight Panel Votes to Subpoena Pam Bondi as Part of Epstein Probe,"J. Scott Applewhite/APThe House Oversight Committee voted to subpoena Attorney General Pam Bondi on Wednesday over her role in releasing files related to the disgraced financier and convicted sex offender Jeffrey Epstein and his associates.The resolution was introduced by Republican Rep. Nancy Mace, who had presented the subpoena to committee Chair Rep. James Comer earlier on Wednesday.“AG Bondi claims the DOJ has released all of the Epstein fil…",https://ground.news/interest/notusorg
Associated Press News,Lean Left,House committee votes to subpoena Attorney General Bondi to answer questions over the Epstein files,The House Oversight Committee has voted to subpoena Attorney General Pam Bondi to answer questions over the Justice Department’s handling of files related to the Jeffrey Epstein sex trafficking investigation.,https://ground.news/interest/associated-press-news
NBC News,Lean Left,House Oversight Committee votes to subpoena Pam Bondi for testimony on Epstein files,The House Oversight Committee voted to subpoena the attorney general for testimony on the Justice Department's handling of records related to Jeffrey Epstein.,https://ground.news/interest/nbc-news
USA Today,Lean Left,House committee subpoenas AG Pam Bondi on Epstein files,The House Oversight Committee voted to subpoena Attorney General Pam Bondi over the Department of Justice's Epstein files release.,https://ground.news/interest/usa-today
CBS News,Center,House Oversight Committee votes to subpoena Attorney General Pam Bondi to testify in Epstein probe,Several Republicans on the Oversight panel joined with Democrats in supporting the motion to subpoena Attorney General Pam Bondi.,https://ground.news/interest/cbs-news
Newsweek,Center,Five Republicans vote to subpoena Pam Bondi over Epstein files: full list,"The House Oversight Committee voted 24–19 to subpoena Attorney General Pam Bondi over the Epstein files, with five Republicans joining Democrats.",https://ground.news/interest/newsweek
CNN,Lean Left,House Oversight panel votes to subpoena AG Pam Bondi in Epstein probe,The Republican-led House Oversight Committee voted to subpoena US Attorney General Pam Bondi for testimony about her role in the release of the Jeffrey Epstein files as part of the committee’s probe into the late convicted sex offender.,https://ground.news/interest/cnn
The Hill,Center,House Oversight panel subpoenas Pam Bondi over Epstein files,"The House Oversight Committee on Wednesday took the remarkable step of issuing a subpoena to Attorney General Pam Bondi, compelling her to appear to answer questions about the Epstein files.",https://ground.news/interest/the-hill
CNBC,Center,Epstein files: House committee subpoenas Attorney General Pam Bondi,"Attorney General Pam Bondi ""claims the DOJ has released all of the Epstein files. The record is clear: they have not,"" Rep. Nancy Mace said in a post on X.",https://ground.news/interest/cnbc
HuffPost,Left,House Oversight Committee Votes To Subpoena Pam Bondi Over Jeffrey Epstein Records,Rep. Nancy Mace (R-S.C.) and four other Republicans joined Democrats in voting for the subpoena.,https://ground.news/interest/huffpost
Zero Hedge,Right,Pam Bondi Subpoenaed In Epstein Investigation By House Oversight Panel,"ZeroHedge - On a long enough timeline, the survival rate for everyone drops to zero",https://ground.news/interest/zero-hedge
Raw Story,Left,GOP lawmaker moves to force Pam Bondi deposition on bungling Epstein files release,"Rep. Nancy Mace (R-SC) moved to force Attorney General Pam Bondi to testify under oath for a deposition about her controversial release of files on sex offender Jeffrey Epstein.On Tuesday, Mace unveiled the motion during House Oversight Chair James Comer's (R-KY) hearing on alleged fraud in Minnesot...",https://ground.news/interest/raw-story
UPI,Center,House panel subpoenas Bondi to testify on handling of Epstein files,The House Oversight Committee voted to subpoena U.S. Attorney General Pam Bondi over the Justice Department's handling of the Jeffrey Epstein files.,https://ground.news/interest/upi_0b956e
The Daily Wire,Right,Bondi Released Massive Epstein Document Trove — Democrats Still Aren’t Happy,Five Republicans joined all Democrats in attendance on the GOP-led House Oversight Committee in passing a motion to subpoena U.S. Attorney General Pam Bondi to testify on the administration’s handling of the Jeffrey Epstein investigation.Wednesday’s vote means Bondi could soon be in front of the same committee that grilled former President Bill Clinton and former Secretary of State Hillary Clinton over their ties to Epstein last week. The motion…,https://ground.news/interest/the-daily-wire
Latin Times,Lean Left,Five Republicans Join Republicans To Subpoena Pam Bondi Over DOJ's Handling Of Epstein Files,Five Republican lawmakers joined Democrats to vote to subpoena Attorney General Pam Bondi over the Department of Justice's handling of the Epstein files.,https://ground.news/interest/latin-times
KATU,Center,Rep. Mace moves to subpoena Attorney General Pam Bondi over missing Epstein files,"U.S. Rep. Nancy Mace on Wednesday moved to subpoena Attorney General Pam Bondi, elevating her call for the unredacted release of all Jeffrey Epstein files.",https://ground.news/interest/katu
Mediaite,Lean Left,BREAKING: Pam Bondi Subpoenaed By GOP-Led House Oversight Committee,"Attorney General Pam Bondi received a subpoena on Wednesday after the Republican-led House Oversight Committee voted to call her in to testify about the release of the Jeffrey Epstein files, which recent reports reveal are missing pages pertaining to President Donald Trump. MS NOW anchor Katy Tur interrupted her segment to report the news, “Breaking news on Capitol Hill where the House Oversight Committee just voted to subpoena Attorney General …",https://ground.news/interest/mediaite
Just the News,Right,House Oversight votes to subpoena Pam Bondi in Epstein probe,"Five Republicans voted with all Democrats on the panel to subpoena the attorney general, and the effort to subpoena Bondi was led by South Carolina GOP Rep. Nancy Mace.",https://ground.news/interest/justthenewscom
Political Wire,Center,House Panel Votes to Subpoena Pam Bondi,"In a bipartisan 24 to 19 vote, the House Oversight Committee voted to subpoena Attorney General Pam Bondi as part of the Jeffrey Epstein investigation, Punchbowl News reports. Politico: “It underscores the increasing frustration with Bondi among members of her own party, catalyzed in part by the Epstein saga.”",https://ground.news/interest/political-wire
Washington Times,Right,Rep. Mace asks House panel to subpoena Attorney General Pam Bondi over Epstein files,Rep. Nancy Mace pushed colleagues Wednesday to subpoena Attorney General Pam Bondi to get answers about her handling of the Epstein files.,https://ground.news/interest/washington-times
The Free Press (Tampa),Right,South Carolina Rep. Mace Says Subpoena Looms For AG Pam Bondi Over Secret Epstein Files - Tampa Free Press,"Representative Nancy Mace (R-SC) announced on Wednesday that she is moving to subpoena U.S. Attorney General Pam Bondi, accusing the Department of Justice of withholding critical evidence related to the Jeffrey Epstein investigation. In a statement posted to X, Mace directly challenged Bondi’s previous assertions that the federal government had made all relevant Epstein documents […] South Carolina Rep. Mace Says Subpoena Looms For AG Pam Bondi …",https://ground.news/interest/the-free-press-tampa
Fox 13 now,Center,House panel votes to subpoena AG Pam Bondi in Epstein probe,"The House Oversight Committee voted Wednesday to subpoena Attorney General Pam Bondi as part of its investigation into the handling of files related to convicted sex offender Jeffrey Epstein.The vote was 24-19, with five Republicans joining Democrats in supporting the measure. The subpoena was introduced by Republican Rep. Nancy Mace.Bondi has faced growing criticism over her handling of the Epstein files. Under the Epstein Files Transparency Ac…",https://ground.news/interest/fox-13-now
The New Republic,Left,Bondi Subpoenaed Over Epstein as Republicans Flip to Vote With Dems,Attorney General Pam Bondi will have to testify on her handling of the Epstein files.,https://ground.news/interest/the-new-republic
Politico,Lean Left,House committee subpoenas Pam Bondi to testify on her handling of the Epstein case,Five Republicans joined with all Democrats to compel testimony from the attorney general.,https://ground.news/interest/politico
Semafor,Lean Left,US likely to raise global tariff rate to 15% this week,"The US will likely implement a 15% global tariff this week, the country’s Treasury secretary said, while countries elsewhere expanded trade links with each other. Scott Bessent added that US levies would soon return to the levels they reached before the Supreme Court recently cancelled last year’s “Liberation Day” duties. Several other countries have since sought to deepen their own links, eschewing commerce with the US: Brazil yesterday ratifie…",https://ground.news/interest/semaforcom
GB News,Right,UK risks £3billion blow as Donald Trump 'likely' to impose 15 per cent tariffs within days,British businesses could face tariff rates of 15 per cent within days following a warning from US Treasury Secretary Scott Bessent that the White House is poised to implement higher import levies,https://ground.news/interest/gbnewscom
Breitbart,Right,Bessent Says Global Tariff Rate Likely to Rise to 15% This Week,"Treasury Secretary Scott Bessent said Wednesday the Trump administration plans to raise its across-the-board tariff rate to 15 percent this week, providing a timeline for an increase President Trump had announced but not yet implemented. The post Bessent Says Global Tariff Rate Likely to Rise to 15% This Week appeared first on Breitbart.",https://ground.news/interest/breitbart
The Center Square,Right,Bessent says Trump's 15% global tariff coming his week,(The Center Square) – Higher tariffs are on the way. Treasury Secretary Scott Bessent said Wednesday that President Donald Trump plans to rebuild his tariff wall within five months using,https://ground.news/interest/the-center-square
Worthy Christian News,Center,Bessent: Trump’s 15% Global Tariff Likely To Take Effect This Week,"by Emmitt Barry, Worthy News Washington D.C. Bureau Chief (Worthy News) – Treasury Secretary Scott Bessent said Wednesday that President Donald Trump’s newly announced 15% global import tariff is expected to take effect sometime this week as the administration moves to rebuild its tariff framework after a recent Supreme Court ruling struck down part of the president’s trade agenda. Speaking on CNBC’s Squawk Box, Bessent said the White House is u…",https://ground.news/interest/worthy-christian-news
sta.si,Center,Us Treasury Secretary Announces Increase in Trump Tariffs to 15 Percent,"US Treasury Secretary Scott Bessent announced on CNBC television today that US tariffs on imports from around the world will likely increase this week from a general 10% rate to 15%, a threat made by US President Donald Trump after the Supreme Court struck down his reciprocal tariffs.",https://ground.news/interest/stasi
South China Morning Post,Center,"Trump’s 15% global tariffs likely to start this week, US Treasury chief says","US president imposed a 10 per cent levy after the Supreme Court invalidated his previous measures, then threatened to raise it further.",https://ground.news/interest/south-china-morning-post
Political Wire,Center,Bessent Says Global Tariffs Will Rise to 15 Percent,"“The United States is expected to increase tariffs on global imports to 15 percent this week, Treasury Secretary Scott Bessent said on Wednesday, as the Trump administration works to replicate some of the punishing duties struck down by the Supreme Court,” the New York Times reports. That rate is an increase from the 10 percent global tariffs that President Trump imposed last month after a court ruling struck down the administration’s emergency …",https://ground.news/interest/political-wire
supplychaindive.com,Center,"US to hike global tariff to 15% ‘sometime this week,’ Bessent says","The Treasury Secretary also said he expects tariff rates struck down by the Supreme Court to return within the next five months, following ongoing trade investigations.",https://ground.news/interest/supplychaindivecom
Channel News Asia,Center,US Treasury chief says 15% global tariff likely implemented this week,"US Treasury chief Scott Bessent said Donald Trump is expected to raise the new global tariff to 15 per cent this week, following a ruling by the Supreme Court of the United States that struck down his earlier country-specific tariffs.",https://ground.news/interest/channel-news-asia
Forbes,Center,"Trump’s Global 15% Tariffs Start This Week, Bessent Says",Bessent also predicted tariff rates would return to what they were before the Supreme Court ruled Trump’s sweeping global tariffs were illegal.,https://ground.news/interest/forbes
Libertad Digital,Right,"Trump Will Raise the Global Tariff to 15% ""Probably This Week""",The Treasury Secretary advances that the White House will raise the tariffs approved just a week ago by 5%.,https://ground.news/interest/libertad-digital
voz.us,Right,Treasury Secretary Announces u.s. Prepares to Impose 15% Tariffs This Week,"Treasury Secretary Scott Bessent said Wednesday that Donald Trump's 15% global tariff will probably be implemented this week, as the president moves forward to rebuild his trade agenda after a major legal setback.Read more",https://ground.news/interest/vozus
Emirates24|7,Right,U.S. Treasury Secretary: Global tariff hike to 15% likely this week,"Emirates 24/7 – U.S. Treasury Secretary Scott Bessent announced that President Donald Trump’s plan to raise blanket tariffs from 10% to 15% is expected to be implemented as early as this week. In an interview with CNBC, Bessent addressed the timing of the 5% increase, stating: ""It’s likely to happen anytime this week."" The move follows Trump’s imposition of a 10% universal tariff last month, after the Supreme Court invalidated much of his previo…",https://ground.news/interest/emirates247
EFE,Center,Treasury Secretary Says Trump's 15% Tariffs Will Start This Week,The U.S. Treasury Secretary announced that the global tariffs promised by Donald Trump will enter into force in the coming days.,https://ground.news/interest/efe
Liberation,Lean Left,"Commercial War: After the Failure of the Supreme Court, the Trump Administration Returns From the Window with 15% Customs Duties","Treasury Secretary Scott Bessent announced this Wednesday that the new tariffs on imported products on US soil should be put in place this week, a decision that follows the invalidation in February of the bulk of the trade policy.",https://ground.news/interest/liberation
Radio-Canada,Lean Left,Us Tariffs Are Expected to Rise to 15%,"Customs duties on goods entering the United States are expected to increase ""at one time this week"" to 15%, according to the U.S. Secretary of the Treasury.",https://ground.news/interest/radio-canada
Zeit Online,Lean Left,Us Tariffs: Us Plans to Increase Global Tariffs to 15 Percent This Week,"In the coming days, US special tariffs are expected to rise from 10 percent to 15 percent. According to a report, EU countries are excluded from this.",https://ground.news/interest/zeit-online
Il Sole 24 Ore,Right,Bessent: 15% Global Duties Probably Already in Force This Week,The global duties of 15% recently announced by US President Donald Trump will probably come into effect this week. Secretary of the Treasury Scott Bessent said this...,https://ground.news/interest/il-sole-24-ore
The Post Millennial,Right,Trump’s 15% global tariffs to go into effect this week: Treasury Sec,"""It’s my strong belief that the tariff rates will be back to their old rate within five months,"" Bessent said.",https://ground.news/interest/the-post-millennial
Quartz,Center,Scott Bessent says Trump’s tariffs are going to 15%,"The Trump administration’s new tariff plan is a legal patch job: 10% today, maybe 15% this week, and a mad dash to rebuild duties before a July cutoff",https://ground.news/interest/quartz
BBC News,Center,"Higher tariffs likely this week, says US Treasury","Scott Bessent says that ""likely sometime this week"" the US will increase its global tariff on imports from the existing 10%.",https://ground.news/interest/bbc-news_bf95f4
The Epoch Times,Right,Trump’s 15 Percent Global Tariff Will Take Effect This Week: Bessent,"President Donald Trump’s 15 percent global tariff will take effect sometime this week, Treasury Secretary Scott Bessent said. Following the Supreme Court’s rebuke of the president’s signature economic policy last month, Trump imposed a 10 percent global tariff, invoking Section 122 of the Trade Act of 1974. A day later, Trump pledged to raise the rate to 15 percent. In an interview with CNBC’s “Squawk Box” on March 4, Bessent confirmed that the …",https://ground.news/interest/the-epoch-times
Eesti Rahvusringhääling,Center,Bessent: 15 Percent Global Tariff to Take Effect This Week,US Treasury Secretary Scott Bessent said on Wednesday that a 15 percent global tariff promised by President Donald Trump is expected to take effect this week.,https://ground.news/interest/eesti-rahvusringhaaling
TVN,Center,Us Prepares to Impose 15% Tariffs This Week,"The increase in general tariffs does not affect Trump's sectoral taxes, particularly on steel and the automotive sector.",https://ground.news/interest/tvn
Sud Ouest,Center,"Customs Duties: Trump's Treasury Secretary Plans to Increase to 15% ""at One Time This Week""","The US Treasury Secretary, Scott Bessent, anticipates an imminent increase in customs duties, raising questions about the economic impact and international reactions.",https://ground.news/interest/sud-ouest
Transport Topics,Center,"Trump’s Tariff Hike to 15% Likely This Week, Bessent Says","Bessent noted the authority for the new duties allows for the measure to last 150 days. During that time, he said authorities will be looking at using other legislation to resurrect the tariff regime.",https://ground.news/interest/transport-topics
CTV News,Center,"U.S. likely to raise temporary global tariff rate to 15% this week, Bessent says",U.S. Treasury Secretary Scott Bessent said on Wednesday that an increase in U.S. President Donald Trump’s new temporary global import tariff to 15 per cent from 10 per cent was likely to be implemented sometime this week.,https://ground.news/interest/ctv-news
Le Figaro,Right,Trump Hopes to See Us Customs Duties up to 15% This Week,The Trump administration is forced to review its tariff policy after the cancellation of rates by the US Supreme Court.,https://ground.news/interest/le-figaro
조선일보,Right,Us Treasury Secretary: Global Tariffs Will Rise to 15% This Week,"US Treasury Secretary Scott Besant announced that new global tariffs on imports from various countries will increase from 10% to 15% this week. Appearing on CNBC on the 4th (local time), Besant said that President Donald Trump",https://ground.news/interest/chosuncom
TVA Nouvelles,Lean Left,Us World Tariffs Could Rise to 15% This Week,US Finance Minister Scott Bessent said on Wednesday that global tariffs are expected to rise to 15% this week.,https://ground.news/interest/tva-nouvelles
Globo,Right,"Rate of 15% Should Enter Into Force This Week, Says Bessent.",The rate to be increased to 15% was imposed by the White House on 24 February after the U.S. Supreme Court has reduced other rates,https://ground.news/interest/globo
New York Post,Right,Bessent says Trump’s new 15% global tariff starts this week,"Treasury Secretary Scott Bessent said Wednesday that President Donald Trump’s newly announced 15% global tariff will take effect this week, as the administration moves to restore duties after a Supreme Court ruling struck down a key part of the president’s trade agenda.",https://ground.news/interest/new-york-post
The Korea Times,Lean Left,"US likely to raise temporary global tariff rate to 15% this week, Bessent says",U.S. Treasury Secretary Scott Bessent said on Wednesday that an increase in U.S. President Donald Trump's new temporary global import tariff to 15 percent from 10 percent was likely to be implemented sometime this week. The new tariff rate was announced by Trump in late February after the Supreme Court struck down his previous global tariffs under a national emergencies law. He initially imposed the 150-day tariffs under Section 122 of the Trade…,https://ground.news/interest/the-korea-times
svt Nyheter,Lean Left,Bessent: Us Tariffs of 15 Percent Come Into Effect,"The US global import tariffs of 15 percent, which President Donald Trump announced earlier, are likely to take effect this week.",https://ground.news/interest/svt-nyheter
Investing.com,Center,Bessent says 15% tariff rate likely to take effect this week By Investing.com,Bessent says 15% tariff rate likely to take effect this week,https://ground.news/interest/investingcom
SWI swissinfo.ch,Lean Left,Stocks Erase Gains After Bessent’s Tariff Remarks: Markets Wrap,"(Bloomberg) -- Stocks curbed gains after Treasury Secretary Scott Bessent said a proposed 15% global tariff may take effect this week, bringing trade tensions back into focus as traders followed developments in the Middle East.",https://ground.news/interest/swi-swissinfoch
europapress.es,Center,"Trump Will Raise the Global Tariff to 15% This Week, According to the...","The 10% tariff applied by the United States on a global basis, after the Supreme Court...",https://ground.news/interest/europapresses
CNBC,Center,"Bessent says global 15% tariff starts this week, predicts Trump duties will return to old levels later this year",The Supreme Court last month ruled that President Donald Trump's sweeping global tariffs are not authorized under the law known as IEEPA.,https://ground.news/interest/cnbc
Reuters,Center,"New global US 15% tariff rate expected to kick in this week, Treasury Secretary Bessent says",U.S. Treasury ​Secretary Scott ‌Bessent said on Wednesday ​the ​new temporary global tariff ⁠rate ​of 15% ​was expected to take effect ​sometime this ​week.,https://ground.news/interest/reuters_fa2539
Lietuvos Radijas ir Televizija,Center,Trump Reiterates Intention to Impose 15% Global Tariffs on Imports to the Us,"US President Donald Trump has confirmed his intention to impose a 15% global tariff on imports into the US. He could apply it for up to five months, Trump said in the Oval Office during a meeting with German Chancellor Friedrich Merz.",https://ground.news/interest/lietuvos-radijas-ir-televizija
Handelsblatt,Right,Us Tariffs: Trump Reaffirms 15 Percent Duty on Us Imports for All,Trump suffers legal sluggishness in the dispute over customs repayments +++ Spahn: Merz visit to Trump important stage to solve the customs dispute +++ The newsblog.,https://ground.news/interest/handelsblattcom
European Business Magazine,Right,"Oil at $84, Tariffs at 15%, Rate Cuts Off the Table: The Triple Shock Hitting Markets Right Now",Global markets are caught in a three-way squeeze that is testing investor confidence to breaking point and we find out why,https://ground.news/interest/european-business-magazine
The Texas Tribune,Lean Left,Why Jasmine Crockett lost the Dem primary to James Talarico,"Crockett embarked on her primary bid with a makeshift operation that lacked a campaign manager, a developed fundraising strategy and comprehensive infrastructure for a ground game.",https://ground.news/interest/the-texas-tribune
abc News,Lean Left,Talarico became famous with viral videos. Can Republicans turn that against him?,"After James Talarico won the Democratic Senate nomination in Texas, Republicans are racing to paint him as too progressive",https://ground.news/interest/abc-news_409efb
The Nation,Left,Texas’s Senate Primary Has Already Made History—and It’s Not Over Yet,"Ana Marie Cox Democratic nominee James Talarico is getting national media attention, but the real story is sky-high voter turnout, even amid GOP bids to suppress balloting The post Texas's Senate Primary Has Already Made History—and It's Not Over Yet appeared first on The Nation.",https://ground.news/interest/the-nation_06be9c
The New Republic,Left,Trump Explodes in Wild 2026 Panic as Texas Senate Results Rattle GOP,"As Republicans openly fret about Texas after Democrat James Talarico’s primary victory, a Dem operative who knows the state boils down what finally winning this Senate seat would truly require.",https://ground.news/interest/the-new-republic
The Hill,Center,GOP anxieties rise in Texas after Talarico victory,"Republican anxieties are rising in Texas, where Sen. John Cornyn and state Attorney General Ken Paxton will clash in a runoff race in May, as Democrats rally around the winner of their primary: state Rep. James Talarico. Democrats have long had their sights on a big win in Texas, and they feel they’d have an…",https://ground.news/interest/the-hill
Hawaii Tribune-Herald,Center,Talarico triumphs as GOP heads to runoff,Talarico triumphs as GOP heads to runoff - Nation and World News | Hawaii Tribune-Herald,https://ground.news/interest/hawaii-tribune-herald
La Presse,Lean Left,"Primaires in Texas, Texas, James Talarico's Winning Bet","Since the time of their defeat in the last presidential election, the Democrats have been debating whether it is better to imitate President Donald Trump or oppose him.",https://ground.news/interest/la-presse_39d7a8
KATC,Center,Softball's Weekend Schedule in Oklahoma Adjusted,"NORMAN, Okla.  Due to the weather forecast for the Norman, Oklahoma area on Friday, the Louisiana Ragin' Cajuns Softball team's participation in the Okana Invitational at Love's Field has been pushed back one day.The Ragin' Cajuns (14-8) will not play Friday, but instead will play Abilene Christian (2-17) and No. 4-ranked Oklahoma (20-2) once daily on Saturday, March 7 and Sunday, March 8.Louisiana meets ACU in the tournament opener on Saturday …",https://ground.news/interest/katc
Santa New Mexican,Center,Talarico's victory demonstrates how Democrats can win,"James Talarico doesn’t know who his opponent will be yet, but the Democratic state representative from Austin, Texas, will be the party’s nominee for the U.S. Senate after defeating U.S. Rep. Jasmine Crockett in the Texas primary on Tuesday.",https://ground.news/interest/santa-new-mexican
조선일보,Right,Democrat James Tallarico Challenges Republican Stronghold in Texas,"With the U.S. midterm elections approaching in November, the eyes of Washington are turning to Texas following the victory of newcomer Texas Representative James Tallarico in the Democratic primary for the U.S. Senate. The public is watching to see if Tallarico can pull off an upset in Texas, a Republican stronghold that hasn't been won by a Democrat since 1988. Meanwhile, no candidate received a majority of the vote in the Republican primary he…",https://ground.news/interest/chosuncom
Buzzfeed,Lean Left,"Trump Is Already Freaking Out Over James Talarico Winning His Primary, And The Internet Thinks He Is Scared","""I didn't think they were this scared of talarico""View Entire Post ›",https://ground.news/interest/buzzfeed
The Gilmer Mirror,Center,Kamala Harris endorses James Talarico for U.S. Senate after supporting his opponent in the primary,"By Alex Nguyen, The Texas Tribune March 4, 2026 Former Vice President Kamala Harris endorsed state Rep. James Talarico on Wednesday, hours after the Austin lawmaker won the widely watched Democratic primary for U.S. Senate, and called on the party to unite around the nominee after she previously backed his opponent U.S. Rep. Jasmine Crockett. Talarico, who campaigned on a populist message rooted in his Christian faith, clinched the win early Wed…",https://ground.news/interest/the-gilmer-mirror
The Tribune-Democrat,Lean Left,"Talarico wins Texas Senate Democratic nomination; Cornyn, Paxton head to Republican runoff",Texas state Rep. James Talarico topped U.S. Rep. Jasmine Crockett in an expensive and fiercely contested Texas Senate Democratic primary that once again has the party dreaming of a big upset in November.,https://ground.news/interest/the-tribune-democrat
Blavity News & Politics,Left,Talarico Defeats Crockett In Texas Senate Primary; Democrats Say Voter Suppression Resulted In Hundreds Turned Away At Polls,"James Talarico appears to have defeated Rep. Jasmine Crockett in the Texas Senate Democratic primary, after an Election Day marked by voter confusion and accusations of Republican voter suppression. Talarico’s upset victory sets up a contest with the Republican Senate nominee, which will be determined by a runoff after none of the GOP candidates gained a majority in the first round of voting. Talarico wins election marred by GOP-induced voting c…",https://ground.news/interest/blavity-news-and-politics
FOX 13 Seattle,Center,"James Talarico thanks supporters, warns billionaires in Senate primary victory speech","Texas Rep. James Talarico, the Democratic candidate for U.S. Senate, thanked his grassroots supporters and gave a warning to the ""billionaire class"" in his victory speech Wednesday night.",https://ground.news/interest/fox13seattlecom
Real Clear Politics,Right,"Talarico Triumphs, Providing Some Relief for Dem Leaders",The victory could lead to a competitive election in the Lone Star State this November.,https://ground.news/interest/real-clear-politics
Fortune,Center,What Jasmine Crockett’s loss reveals about electability in Democratic politics,James Talarico won the Texas Democratic Senate primary in a race that exposed deeper questions about strategy.,https://ground.news/interest/fortune
HuffPost UK,Left,Talarico Triumphs In Texas,"It may have been primary election day in Texas, but the race for a U.S. Senate seat is anything but over.",https://ground.news/interest/huffpost-uk
The spokesman-Review,Lean Left,James Talarico’s stunning Texas win boosts Democratic hopes for midterms wave,"James Talarico’s strong win in the Texas Senate primary and off-the-charts turnout has raised Democratic hopes for a blue wave in the fall midterms that could flip the Congress and deal a powerful blow to President Donald Trump, analysts said Wednesday.",https://ground.news/interest/the-spokesman-review
Common Dreams,Left,Talarico Win Shows Democrats Can't 'Write Off Latinos Who Voted for Trump': Ex-Sanders Strategist,"James Talarico's victory in the 2026 Democratic US Senate primary in Texas shows the power of focusing on economic populism to win over Latino voters, said Democratic strategist Chuck Rocha.",https://ground.news/interest/common-dreams
Politiken,Lean Left,The Favorite Falls in Texas: a Preaching Democrat Takes the Victory,James Talarico beat the favorite in the Democrats' first major primary before the 2026 midterm elections. The result is being read as an early test of what strategy the party will use against Trump.,https://ground.news/interest/politiken
San Antonio Report,Lean Left,Talarico defeats Crockett in Democratic primary for U.S. Senate,"The win comes after a primary that focused on which candidate’s strategy would get the party’s first statewide victory in over 30 years.James Talarico defeats Jasmine Crockett in blockbuster Democratic primary for U.S. Senate was first posted on March 4, 2026 at 12:23 pm.©2021 ""San Antonio Report"". Use of this feed is for personal non-commercial use only. If you are not reading this article in your feed reader, then the site is guilty of copyrig…",https://ground.news/interest/san-antonio-report
People's World,Left,"Talarico wins Texas race, Crockett calls for unity","State Rep. James Talarico won the Democratic Party nomination for U.S. Senate, defeating  U.S. Rep. Jasmine Crockett in the hotly contested race. Crockett, who was, throughout her campaign, the target of racist attacks frequently directed at Black American women who run for high office, waited unti...",https://ground.news/interest/peoples-world
dailytorch.com,Far Right,Texas Democrats Overperform Republicans In Senate Primary Voting 2.2 Million To 2.07 Million,"By Robert Romano Texas Democrats got more voters to the polls for their Senate primary than Republicans did, 2.22 million to 2.07 million with Democrat James Talarico defeating U.S. Rep. Jasmine Crockett 1.17 million to 1.02 million, while incumbent Republican Sen. John Cornyn garnered about 865,000 votes to challengers Attorney General Ken Paxton who got 849,000 and U.S. Rep. Wesley Hunt who got 278,000, according to Texas Secretary of State re…",https://ground.news/interest/dailytorchcom
Eldiario.es,Lean Left,Democrats Commit Themselves in Texas to James Talarico's Kind Progressism to Aspire to a Seat in the Senate,"The Texas Democratic primary winner for the U.S. Senate over Congresswoman Jasmine Crockett has become a new Democratic leader, to be measured in mid-term legislatives in November with the winner of the second round of Republican primary",https://ground.news/interest/eldiarioes
Star Advertiser,Center,Democrat Talarico triumphs in Texas Senate primary as GOP heads to runoff | Honolulu Star-Advertiser,"James Talarico, a 36-year-old state legislator who was a virtual unknown only months ago, won the Democratic nomination for Senate in Texas as his party’s voters put their faith in him to pursue an elusive decades-long goal of turning the state blue.",https://ground.news/interest/star-advertiser
Times of India,Right,Jasmine Crockett under spotlight: Will she still be in Congress after Texas Primary results?,"Rep. Jasmine Crockett conceded to state Rep. James Talarico in the Texas Democratic Senate primary after a legal dispute over poll closing times in Dallas. A state judge's order to extend voting hours due to ""mass confusion"" was reversed by the Texas Supreme Court, leading to concerns of disenfranchisement.",https://ground.news/interest/times-of-india
Herald-Banner,Center,Talarico defeats Crockett in blockbuster Democratic primary for U.S. Senate,"State Rep. James Talarico defeated U.S. Rep. Jasmine Crockett in the Democratic primary for U.S. Senate, emerging victorious over the well-known congresswoman in Texas’ most hotly contested Democratic contest this century with a populist, “top-versus-bottom” message rooted in his Christian…",https://ground.news/interest/herald-banner
The Week,Lean Left,"Primaries set up big races in Texas, North Carolina","What happenedThe 2026 midterms kicked off Tuesday with primary elections in three states, including closely watched Senate contests in Texas and North Carolina. In Texas, Democratic state Rep. James Talarico defeated Rep. Jasmine Crockett and will face the winner of a May 26 runoff between Republican incumbent Sen. John Cornyn and state Attorney General Ken Paxton. In North Carolina, Republicans chose Michael Whatley, a former RNC chair, as thei…",https://ground.news/interest/the-week_fd0add
PBS NewsHour,Lean Left,Democrat James Talarico wins Senate primary in Texas,"The newly minted Democratic U.S. Senate nominee in Texas is now a front man for the political opposition to the Republican president, not just in his own state but around the country",https://ground.news/interest/pbs-newshour
100% FED UP!,Far Right,James Talarico Secures Democrat Nomination For U.S. Senate In Texas * 100PercentFedUp.com * by Danielle,"State Rep. James Talarico has defeated Rep. Jasmine Crockett (D-TX) for the Democratic nomination for U.S. Senate in Texas. Decision Desk HQ called it at 2:13 a.m. ET. Decision Desk HQ projects James Talarico wins the Texas US Senate Democratic Primary#DecisionMade: 2:13 AM EST Follow live results here: https://t.co/YCdIu8onXO pic.twitter.com/ZLbUOBmx8b — Decision Desk HQ (@DecisionDeskHQ) March 4, 2026 NBC News shared further: With 83% of the …",https://ground.news/interest/100percentfedupcom
wakeuptopolitics.com,Center,Democrats Think It’s Their Year in Texas. Again.,"The last time a Democrat won statewide office in Texas, it was 1994.Before the iPhone.Before Google.“Friends” had just debuted and the O.J. Simpson trial was about to begin. Barack Obama was a law professor at the University of Chicago. Donald Trump hadn’t even started hosting “The Apprentice.”In a sign of shifting tides, the marquee races in the Lone Star State went red that year. Kay Bailey Hutchison was re-elected to the Senate, and a young m…",https://ground.news/interest/wakeuptopoliticscom
thatparkplace.com,Right,Stephen Colbert-Backed James Talarico Wins Senate Primary From Jasmine Crockett In Wake Of Late Show Gamesmanship,"Texas State Rep. James Talarico has emerged victorious in the Democratic primary for a U.S. Senate seat in Texas, defeating Rep. Jasmine Crockett in a race that drew national attention — and a surprising late-night television controversy that critics say helped reshape the narrative around the campaign. The James Talarico victory comes after weeks of headlines surrounding an unusual dispute involving The Late Show with Stephen Colbert, CBS lawye…",https://ground.news/interest/thatparkplacecom
The Hayride,Far Right,Could A Gay Progressive Preacher Who Begs For Open Borders Win A Senate Seat In Texas?,"You would think that’s impossible, and it likely won’t happen, but after James Talarico downed Jasmine Crockett last night in the Texas Democrat Primary for the Senate seat currently held by Republican John Cornyn it’s all of a sudden a legitimate possibility that Texas might elect a Democrat to the Senate. That hasn’t happened since […] The post Could A Gay Progressive Preacher Who Begs For Open Borders Win A Senate Seat In Texas? appeared firs…",https://ground.news/interest/the-hayride
GV Wire,Lean Left,Crockett Concedes Democratic Primary in Texas; Republicans Head to Runoff,Rep. Jasmine Crockett concedes the Democratic Senate nomination to James Talarico in Texas ahead of the midterm elections.,https://ground.news/interest/gv-wire
Slay News,Far Right,Jasmine Crockett Defeated in Democrat Texas Senate Primary,"Texas state Rep. James Talarico (D-TX) defeated Rep. Jasmine Crockett (D-TX) in the Democrat primary for the U.S. Senate seat in Texas, according to reports. The post Jasmine Crockett Defeated in Democrat Texas Senate Primary appeared first on Slay News.",https://ground.news/interest/slay-news
oklahomavoice.com,Left,Talarico wins Democratic primary for US Senate in Texas; Cornyn and Paxton go to GOP runoff • Oklahoma Voice,"Texas U.S. Senate Democratic candidate James Talarico addresses supporters on election night on March 03, 2026 in Austin, Texas. (Photo by John Moore/Getty Images)In a critical 2026 battle for control of the U.S. Senate, The Associated Press early Wednesday declared James Talarico the winner of the Democratic primary in Texas, while incumbent Republican Sen. John Cornyn and Attorney General Ken Paxton will spend weeks to come competing in a runo…",https://ground.news/interest/oklahomavoicecom
Distractify,Lean Left,"Jasmine Crockett Lost the Texas Senate Primary, but Will She Stay in Congress?","Jasmine Crockett will not be the Democratic Party's nominee for Senate in Texas, but will she still be serving in the House of Representatives?",https://ground.news/interest/distractify
Esquire,Left,What Can America Expect from James Talarico?,"The Texas state representative is now the Democratic nominee for Senate. Depending on how the Republican runoff goes, we could be in for quite the November.",https://ground.news/interest/esquire
Le Monde,Lean Left,James Talarico wins Democratic US Senate primary in Texas,He'll face either US Senator John Cornyn or Texas Attorney General Ken Paxton for the US Senate seat this November. Republicans will be defending their 53-47 majority.,https://ground.news/interest/le-monde
The Daily Wire,Right,Dem Nominee Wants ‘Giant Welcome Mat’ On America’s Front Porch — And It Gets Crazier,"“Our southern border should be like our front porch; there should be a giant welcome mat out front and a lock on the door.”James Talarico, the Democratic nominee for Texas Senate, is facing heat over his previous comments that the border should be like a “giant welcome mat” for illegal immigrants.Talarico secured a victory in the Democratic Senate primary in Texas on Tuesday over Rep. Jasmine Crockett. As of Wednesday morning, with 92% of the vo…",https://ground.news/interest/the-daily-wire
diario.mx,Center,James Talarico Defeats Jasmine Crockett in Star Democratic Primary by Senate,"State Rep. James Talarico defeated federal representative Jasmine Crockett in the Democratic primary for the U.S. Senate, emerging victorious over the well-known congresswoman in Texas' toughest Democratic contest this century with a populist message of ""up against down"" rooted in her Christian faith. ""This is a people-driven movement to confront this corrupt and broken political system,"" Talarico said in a brief speech to his followers in Austi…",https://ground.news/interest/diariomx
DNyuz,Right,Talarico’s Win in Texas Shows That Nice Guys Can Finish First,"From nearly the moment they lost the last presidential race, Democrats have been debating whether their best way forward was to emulate President Trump or counter him. Governors trolled him on social media, with tactics ripped directly from his MAGA playbook. Senators made the rounds of conservative podcasts, popping into the manosphere that helped fuel Mr. Trump’s political comeback. And ambitious Democrats adopted his pugnacious, sometime coar…",https://ground.news/interest/dnyuz
The Christian Science Monitor,Center,"In Texas, Democrats coalesce around a Senate candidate while GOP fight drags on","James Talarico, a Texas state representative, won the Democratic nomination against U.S. Rep. Jasmine Crockett. On the Republican side, incumbent Sen. John Cornyn is headed to a May runoff with Texas Attorney General Ken Paxton.",https://ground.news/interest/the-christian-science-monitor
News Addicts,Far Right,Progressive Crockett Falls to Talarico in High-Stakes Texas Senate Primary,"Rep. Jasmine Crockett was defeated by state Rep. James Talarico in the Democratic primary, ending her Senate bid and handing Democrats a nominee who argues he can win statewide in a race that could help determine Senate control. The post Progressive Crockett Falls to Talarico in High-Stakes Texas Senate Primary appeared first on News Addicts.",https://ground.news/interest/newsaddictscom
TrendingPolitics,Right,Jasmine Crockett's Political Career Takes Brutal Turn In Senate Primary Race,"Rep. Jasmine Crockett’s bid to jump from the House to the Senate crashed Tuesday night after Texas state Rep. James Talarico beat her in the Democratic primary, according to The Associated Press. Talarico, 36, a Democratic lawmaker with a fast-rising national profile, now advances to the general election in a state Democrats haven’t won at the Senate level in nearly four decades. He will face the winner of a bruising Republican runoff between Se…",https://ground.news/interest/trendingpoliticsnewscom
realnewsnow.com,Far Right,Talarico Declares Victory Over Crockett In Texas Democrat Senate Primary - Real News Now,"State Sen. James Talarico declared victory in the Texas Democratic Senate primary after defeating Rep. Jasmine Crockett in a closely watched race. With 83% of the vote counted, Talarico led with 53% compared to Crockett’s 46%, securing the Democratic nomination. The win sets up a general election matchup against whichever Republican emerges from the GOP runoff between Ken Paxton and John Cornyn, scheduled for May 26 after neither candidate reach…",https://ground.news/interest/realnewsnowcom
WND,Far Right,Jasmine Crockett accuses Republicans of rigging DEMOCRAT primary as she loses to James Talarico * WorldNetDaily * by Joe Kovacs,"'We cannot allow this type of behavior to be rewarded because so long as they know that they can win, even if it means cheating, then they will continue to do it'",https://ground.news/interest/wnd
Hollywood Life,Lean Left,Texas Election Results 2026: Who Won the Senate Primary? James Talarico vs. Jasmine Crockett,"Jasmine Crockett and James Talarico went head to head in the Democratic Texas Senate primary election. So, who won the Democratic and Republican elections?",https://ground.news/interest/hollywood-life
Wonkette,Left,Excellent Candidate Wins Texas Democratic Senate Primary. Now Let’s Flip The Seat In November.,"Last night, at 9:07 Most-Of-Texas Time, 10:07 Eastern, Dave Wasserman, the Cook Political Report guy who ends the suspense when he says he has seen enough, had seen enough:Much later, around 1:50 Texas time, the AP called it:And there you have it.It took quite a while for the majors to start making calls in that race last night, because fuckery had been afoot. Just not enough fuckery to actually affect the result. It was all caused by Republican…",https://ground.news/interest/wonkette
protrumpnews.com,Far Right,Jasmine Crockett Loses Primary,"Jasmine Crockett lost the Democrat primary for US Senate in Texas. State Rep. James Talarico will be the Democrat nominee. Texas Tribune reported: State Rep. James Talarico defeated U.S. Rep. Jasmine Crockett in the Democratic primary for U.S. Senate, emerging victorious over the well-known congresswoman in Texas’ most hotly contested Democratic contest this century with a populist, “top-versus-bottom” message rooted in his Christian faith. “Thi…",https://ground.news/interest/protrumpnewscom
The Blaze,Right,Jasmine Crockett claims voters were 'disenfranchised' following crushing defeat in key Texas primary,"Rep. Jasmine Crockett (D-Texas) endured a brutal electoral blow Tuesday night after her opponent James Talarico secured the nomination in the Texas Senate Democratic primary. Talarico, a more moderate Democrat, decisively won the nomination, dashing Crockett's aspirations for higher political office. With 80% of the vote tallied on Wednesday morning, Talarico sailed through with 53.1% of the vote, while Crockett brought in just 45.6%, according …",https://ground.news/interest/the-blaze
Louisiana Illuminator,Lean Left,Talarico wins Democratic primary for US Senate in Texas; Cornyn and Paxton go to GOP runoff,"Texas U.S. Senate Democratic candidate James Talarico addresses supporters on election night on March 03, 2026 in Austin, Texas. (Photo by John Moore/Getty Images)In a critical 2026 battle for control of the U.S. Senate, The Associated Press early Wednesday declared James Talarico the winner of the Democratic primary in Texas, while incumbent Republican Sen. John Cornyn and Attorney General Ken Paxton will spend weeks to come competing in a runo…",https://ground.news/interest/louisiana-illuminator
Associated Press News,Lean Left,Texan James Talarico becomes a fresh face of Democrats' midterm hopes after Senate primary win,"Texas Democrats have picked James Talarico as their Senate nominee, and the state lawmaker now becomes a national voice against President Donald Trump.",https://ground.news/interest/associated-press-news
New York Magazine,Left,Talarico Wins Texas Senate Primary As GOP Faces Nasty Runoff,"Texas Senate primary results: Talarico wins as GOP faces nasty Cornyn-Paxton runoff. While the Texas GOP’s civil war drags on, epic turnout in the race between James Talarico and Jasmine Crockett is raising Democrats’ hopes of flipping the Senate.",https://ground.news/interest/new-york-magazine
Latin Times,Lean Left,Talarico Campaign Adviser Says 'Faith and Family and Jobs' Message Helped Win Latino Voters in Texas Primary Victory,"Texas state Rep. James Talarico won the Democratic primary for U.S. Senate after a campaign that emphasized Latino outreach and a message centered on ""faith and family and jobs.""",https://ground.news/interest/latin-times
El Paso Times,Center,"Texas Senate race: Cornyn, Paxton head to runoff to face James Talarico","Texas' U.S. Senate race sees Republican incumbent John Cornyn and Ken Paxton head to a runoff, while James Talarico wins the Democratic primary.",https://ground.news/interest/el-paso-times
KAVU,Center,James Talarico Defeats Jasmine Crockett and Wins the Democratic Primary in the Race for the Texas Senate,"State Representative James Talarico won the Democratic primary for U.S. Senate in Texas, placing a previously little-known state legislator at the top of the party's list for the general election.",https://ground.news/interest/kavu
The Gateway Pundit,Far Right,JUST IN: Democrat Jasmine Crockett LOSES Texas Senate Primary,"Texas Democrat Jasmine Crockett faced an upset in Tuesday’s Democratic Primary race for US Senate, with James Talarico emerging victorious in a race that Crockett argues was marred by cheating.",https://ground.news/interest/the-gateway-pundit
The Advocate,Lean Left,James Talarico defeats fellow LGBTQ+ ally Jasmine Crockett in Texas Democratic primary,The Austin lawmaker advances to November's election as a pro-LGBTQ+ equality Democrat.,https://ground.news/interest/gay-news-lgbt-rights-politics-entertainment
Straight Arrow News,Center,"Tuesday primaries result in Talarico win, runoff election in Texas","The 2026 election season is officially underway after primary races on Tuesday in Texas, North Carolina and Arkansas. The elections featured some wobbly results for incumbents, matchups for the general election and set up some runoff races. Talarico wins Democratic ticket The biggest action and the most-watched contests were in Texas. State Representative James Talarico defeated U.S. Congresswoman Jasmine Crockett to win the Democratic nominatio…",https://ground.news/interest/straight-arrow-news
Newser,Lean Left,"In Texas, Talarico Wins, but Crockett Isn't Conceding","State Rep. James Talarico topped Congresswoman Jasmine Crockett in an expensive and fiercely contested Texas Senate Democratic primary that once again has the party dreaming of a big upset in November. With 91% of votes counted, Talarico led Crockett 53% to 46%. Who Talarico will face depends on a May...",https://ground.news/interest/newsercom
The Source,Center,James Talarico Defeats Jasmine Crockett in Texas Senate Primary,"James Talarico wins the Texas Democratic Senate primary over Jasmine Crockett, setting up a high stakes November showdown.",https://ground.news/interest/the-source
WPEC,Right,James Talarico defeats Jasmine Crockett in Democratic primary for US Senate,The Associated Press has officially called the race for James Talarico.,https://ground.news/interest/wpec
ussanews.com,Far Right,"Dem Texas Senate Race Too Close, Noem Confronted by GOP Senators, Iran Conflict Widen: AM Update 3/4","The Texas Democratic Senate primary between James Talarico and Jasmine Crockett is too close to call after a chaotic night of court rulings and polling site confusion in Dallas County. Homeland Security Secretary Kristi Noem facing sharp questioning on Capitol Hill, including rare Republican criticism during a tense Senate Judiciary hearing. The conflict with Iran...",https://ground.news/interest/ussanewscom
The Post Millennial,Right,Stephen Colbert’s darling Dem James Talarico defeats Jasmine Crockett in Texas Senate primary,"As of Wednesday morning, Talarico received 53 percent of the vote to Crockett’s 46 percent, with 94 percent of the vote in.",https://ground.news/interest/the-post-millennial
Le Huffington Post,Left,Republicans Didn't Get Out of Jail After that Primary in Texas.,"On the democratic side, James Talarico was chosen for the November elections in this constituency, the Republicans must go through a second round.",https://ground.news/interest/le-huffington-post
PHL17,Center,Talarico beats Crockett in Texas Democratic Senate primary,"Talarico pulled through with a majority of support on Tuesday, avoiding a runoff.",https://ground.news/interest/phl17com
Vox,Left,A high-stakes Texas primary exposed the Democratic Party’s fault lines,"State Representative James Talarico, a Democrat from Texas and US Senate candidate, speaks during a ""Take Back Texas"" campaign event at Stable Hall in San Antonio, Texas, on Sunday, March 1, 2026. | Christopher Lee / Bloomberg via Getty Images One thing was clear before James Talarico’s win over Rep. Jasmine Crockett in the Texas Senate Democratic primary Tuesday night. This contest wouldn’t be about policy or ideology; it would be a choice bet…",https://ground.news/interest/vox
Al Jazeera,Lean Left,"Texas Senate race: Democrat Talarico wins; GOP’s Cornyn, Paxton in run-off",Winner of May run-off between Republicans John Cornyn and Ken Paxton to face Democrat James Talarico.,https://ground.news/interest/al-jazeera_1a2e2c
Revolver,Right,"Jasmine Crockett Implies Republicans Rigged TX Dem Primary, Leaves Watch Party Early",Rep. Jasmine Crockett (D-Texas) told supporters she was leaving her own election watch party in Dallas after delays in reporting votes from Dallas County,https://ground.news/interest/revolver
Il Sole 24 Ore,Right,"Texas, James Talarico Wins Democratic Primary","James Talarico has won the Democratic primaries for the U.S. Senate in Texas, managing to make an extraordinary ascent from anonymous state representative to promising figure...",https://ground.news/interest/il-sole-24-ore
notus.org,Lean Left,James Talarico Beats Jasmine Crockett in Texas’ Democratic Senate Primary,State Rep. James Talarico and Rep. Jasmine Crockett faced off in the Texas Democratic Senate primary. AP ImagesTexas Rep. James Talarico is projected to be the Democratic nominee for Senate after defeating U.S. Rep. Jasmine Crockett in Tuesday’s Texas Democratic primary.Talarico stopped just short of declaring victory at his campaign headquarters early Wednesday morning with votes still being counted. The Associated Press called the race for Tal…,https://ground.news/interest/notusorg
UnHerd,Center,James Talarico victory is a rebuke to identity politics,"On Tuesday, Texas voters went to the polls to cast the first ballots of the 2026 midterm election cycle. One of the banner headlines to emerge from the result is that Democratic voters have nominated state Representative James Talarico for the US Senate over Congresswoman Jasmine Crockett. In an election that saw surging Democratic turnout, the race ultimately hinged more on style than substance — and signaled the growing power of a new Democrat…",https://ground.news/interest/unherd
Just the News,Right,Crockett concedes to Talarico in Texas Democratic Senate primary election,"“Texas is primed to turn blue and we must remain united because this is bigger than any one person,” Rep. Jasmine Crockett said",https://ground.news/interest/justthenewscom
Mediaite,Lean Left,Jasmine Crockett Concedes in Texas Senate Primary After Losing to James Talarico,"Rep. Jasmine Crockett (D-TX) conceded defeat in the Democratic Texas Senate election primary on Wednesday, congratulating Texas State Rep. James Talarico.",https://ground.news/interest/mediaite
Cleveland,Center,GOP Senate primary heads to runoff in Texas; Talarico tops Crockett,DALLAS — State Rep. James Talarico topped Congresswoman Jasmine Crockett in an expensive and fiercely contested Texas Senate Democratic primary that once again has the party dreaming of a big upset in November.,https://ground.news/interest/cleveland
il Giornale,Right,"Who Is James Talarico, the Religious Dem Who Scares Republicans (and Trump)","Fresh winner of the Democratic primary in Texas, the 36-year-old state congressman of Austin points to a senator's seat for the Lone Star State at midterms in November. Seminarian and religious, greatly worries the Republicans for his ability to speak to moderates and disappointed conservatives, but also for his ability to raise funds",https://ground.news/interest/ilgiornaleit
Jacobin,Left,James Talarico’s Win Shows the Promise of a Class Message,"James Talarico prevailed in yesterday’s Democratic Senate primary in Texas with an economic populist message tailored to working-class voters. His campaign points toward the kind of politics that stand a chance of beating MAGA, even in Trump country.",https://ground.news/interest/jacobincom
The Daily Caller,Right,Jasmine Crockett Set To Be Unemployed Again As Her Bid For Promotion Goes Down In Flames,Texas State Rep. James Talarico won the Texas Senate Democratic primary booting left-wing firebrand Trump foe Rep. Jasmine Crockett from Washington D.C.,https://ground.news/interest/the-daily-caller
Corriere Della Sera,Center,"Texas, James Talarico Wins the Primary: ""We Shocked the country."" Why This 36-Year-Old Democratic Seminarian Can Change Us Politics","Democratic James Talarico won the primary for the Senate in Texas: his victory in the Midterm elections in November could help the Democrats to recover the Senate. ""We are trying to change not the course of an election, but politics, in a fundamental way""",https://ground.news/interest/corriere-della-sera
The Toronto Star,Lean Left,Talarico wins Texas Senate Democratic nomination while Cornyn and Paxton head to Republican runoff,DALLAS (AP) — State Rep. James Talarico topped Congresswoman Jasmine Crockett in an expensive and fiercely contested Texas Senate Democratic primary that once again has the party dreaming of a,https://ground.news/interest/the-toronto-star
Talking Points Memo,Left,Talarico Wins Texas Senate Primary as He Tries to Bridge-Build His Way to 30-Year Upset,"Talarico will be Democrats’ standard-bearer in November, as they try to take advantage of Trump’s unpopularity and a potentially deeply flawed Republican opponent to do the impossible — finally, finally flip Texas blue.",https://ground.news/interest/talking-points-memo
The Epoch Times,Right,Talarico Beats Crockett to Win Texas Democratic Senate Primary,DALLAS—Texas State Rep. James Talarico has defeated Rep. Jasmine Crockett (D-Texas) in a nationally watched contest for the Democratic Senate nomination. The Associated Press declared Talarico the victor at 2:37 a.m. ET on March 4. Polls closed at 8 p.m. ET on March 3. Talarico’s victory marks the culmination of an expensive and contentious race that has pitted different factions of the Democratic Party against each other. Though the race has be…,https://ground.news/interest/the-epoch-times
World,Right,Talarico wins nailbiter Senate Democratic primary in Texas,"WORLD is a news organization producing Biblically sound, daily coverage of global, national, and cultural current events.",https://ground.news/interest/wngorg
abc 7 LA,Center,"James Talarico will win Texas Democratic Senate primary over Jasmine Crockett, AP projects","State Rep. James Talarico will win the Texas Democratic Senate primary over Congresswoman Jasmine Crockett, the Associated Press projects.",https://ground.news/interest/abc-7-la
KTBC,Center,"Texas primary key results: Talarico wins, GOP Senate runoff","While the Democratic U.S. Senate nominee has been decided, voters will have to head back to the polls in May to decide who will be the GOP nominee. A look at some of the key Texas primary results.",https://ground.news/interest/ktbc
The Hollywood Reporter,Lean Left,Colbert Bump! James Talarico Wins Demoractic Primary for Texas Senate Seat,"Talarico was at the center of controversy in February, when his 'Late Show' interview was blocked from airing on broadcast by CBS' lawyers.",https://ground.news/interest/the-hollywood-reporter
Daily Kos,Left,Talarico wins Texas Senate Democratic nomination as Republicans face runoff,State Rep. James Talarico topped Congresswoman Jasmine Crockett in an expensive and fiercely contested Texas Senate Democratic primary that once again has the party dreaming of a big upset in November. Who Talarico will face depends on a May runoff...,https://ground.news/interest/daily-kos
The Washington Post,Lean Left,Talarico wins Democratic primary for U.S. Senate in Texas,"Talarico, a state lawmaker, positioned himself as an effective messenger to moderates and disaffected Republicans in his win over Rep. Jasmine Crockett.",https://ground.news/interest/the-washington-post
Newsweek,Center,James Talarico Wins Texas Democratic Senate Primary,Talarico defeats Congresswoman Jasmine Crockett and will face either Republican Senator John Cornyn or MAGA favorite Ken Paxton.,https://ground.news/interest/newsweek
CBS News,Center,"James Talarico projected to win Texas Democratic Senate primary, defeating Jasmine Crockett","Texas Rep. James Talarico will win the Democratic Senate primary in Texas, CBS News projects, defeating Rep. Jasmine Crockett in what could be one of the most closely watched races in this year&#039;s midterms.",https://ground.news/interest/cbs-news
Axios,Lean Left,James Talarico wins Democratic primary in Texas' U.S. Senate race,The state lawmaker defeated U.S. Rep. Jasmine Crockett of Dallas.,https://ground.news/interest/axios
HuffPost,Left,"James Talarico Defeats Jasmine Crockett In Texas, Setting Up Senate Showdown",The victory could lead to a competitive election in the Lone Star state this November.,https://ground.news/interest/huffpost
Fox News,Right,Rising star Talarico topples progressive firebrand Crockett in high-stakes Texas Senate Democratic primary,"State Rep. James Talarico wins Texas Democratic Senate primary, defeating Rep. Jasmine Crockett, to face GOP nominee. The rising star seeks to become first Democrat to win since 1988.",https://ground.news/interest/fox-news_a44aba
Time Magazine,Lean Left,James Talarico Wins Democratic Senate Primary in Texas,The 36-year-old state representative who built a national profile by fusing progressive politics with unapologetic Christian faith defeated U.S. Rep. Jasmine Crockett in one of the most closely watched primaries in the country.,https://ground.news/interest/time-magazine
El Pais,Lean Left,A Democratic Star Born: James Talarico’s Progressive Moderation Wins Texas Primarys · Global Voices,"James Talarico, the rising star of the 36-year-old Democrats, won his Texas party's primaries on Tuesday to elect one of two Texas Senate seats for next November's legislative elections.With his progressive background profile and moderate in form, Talarico won 53% of the vote against 45% of African-American congresswoman Jasmine Crockett, one of Washington's most aggressive policies for her opposition to President Donald Trump.Continue reading",https://ground.news/interest/el-pais
der Standard AT,Lean Left,Reconciliator James Talarico to Judge for the Us Democrats in Texas,The 36-year-old wants to secure the first Senate seat in the US South State for 38 years and thus help to conquer the majority in the Senate. In a first step he won the primaries,https://ground.news/interest/der-standard_389fff
The 19th,Lean Left,Talarico defeats Crockett in Democratic Senate primary in Texas,"Rep. Jasmine Crockett lost the Democratic primary for U.S. Senate in Texas to state Rep. James Talarico, Decision Desk HQ projects. Talarico, a state lawmaker from an Austin-area district, defeated Crockett in the highly competitive primary race, which in many ways centered on race and gender.  Many in the Democratic Party viewed the race, the first major primary of the 2026 midterms, as a test of the party’s future direction. Crockett and Talar…",https://ground.news/interest/the-19th
The New York Sun,Right,Talarico Beats Crockett in Texas Democrats’ Senate Primary as GOP Heads to Runoff Campaign,The Texas and North Carolina primary results offer the first insights into this year’s midterm elections.,https://ground.news/interest/the-new-york-sun
Townhall,Right,You Cannot Make Up What Jasmine Crockett Said During Texas' Primaries Last Night,"Watch Jasmine Crockett's speech after losing the Texas Senate primary, denying election results and blaming Republicans.",https://ground.news/interest/townhall
CNN,Lean Left,James Talarico defeats Jasmine Crockett to win Democratic primary in Texas Senate race,"State Rep. James Talarico has won the Democratic primary for US Senate in Texas, placing a once little-known state legislator at the top of the party’s ticket for the general election in November.",https://ground.news/interest/cnn
The Lever,Left,The Democratic Party’s Moment Of Reckoning,"A decade after Bernie Sanders almost tore the presidential nomination out of the decrepit hands of the Democratic establishment, the party’s old guard, ancient political formulas, and outdated corporate politics seem to finally be facing a moment of comeuppance. The long-overdue reckoning appears to be happening not just in a few predictably liberal locales, but across varied swaths of the country that seem ready to embrace populist politics. Fi…",https://ground.news/interest/the-lever
Political Wire,Center,James Talarico Defeats Jasmine Crockett in Primary,"James Talarico defeated Jasmine Crockett in the Democratic primary for U.S. Senate, emerging victorious over the well-known congresswoman in Texas’ most hotly contested Democratic contest this century with a populist, “top-versus-bottom” message rooted in his Christian faith, the Texas Tribune reports. Playbook: “With his mix of viral online comms and religious fervor, Talarico is seen by Dems as their best hope of winning statewide in Texas for…",https://ground.news/interest/political-wire
La Opinion,Lean Left,James Talarico Beats Jasmine Crockett in the Democratic Primary for the Texas Senate,Democrats' backing seems to have leaned for James Talarico instead of Jasmine Crockett in the Texas Senate race,https://ground.news/interest/laopinioncom
Upstract,Center,Bitter Jasmine Crockett Blames 'Cheating' After Vote Counts in Texas Senate Race Don't Go Her Way,"Dem Rep. Jasmine Crockett (TX-30) has been a lightning rod for criticism due to her outlandish statements, ever-changing accents, and generally reprehensible behavior. Yet somehow, she thought she was ready for the United States Senate. The voters are weighing in, and their answer so far is: yeah,…",https://ground.news/interest/upstract
Deadline,Lean Left,James Talarico Wins Texas Senate Primary Against Jasmine Crockett In Race Closely Watched By Hollywood Donors,The nationally watched Senate primary between Jasmine Crockett & James Talarico just stumbled into hardcore Lone Star state partisan politics.,https://ground.news/interest/deadline
Spectrum Local News,Center,Talarico wins Democratic nomination for U.S. Senate,Talarico will either take on Texas Attorney General Ken Paxton or incumbent Republican Sen. John Cornyn in the general election.,https://ground.news/interest/spectrum-local-news
Crooks and Liars,Left,"Last Night's Election Results: Texas, N. Carolina, Arkansas","After the Texas GOP pulled every voter suppression trick in the book, James Talerico seems to have won the Democratic Senate primary. ""Seems"" to be the winner because as of late last night, so much confusion about which votes were counted, it's hard to be accurate. As of this writing, Jasmine Crockett has not conceded. Still, the Associated Press has called it for James Talerico. UPDATE: Crockett just conceded. Crockett concedes: “This morning …",https://ground.news/interest/crooksandliarscom
The Independent,Lean Left,James Talarico defeats Jasmine Crockett in Texas Democratic primary,"‘Tonight, the people of our state gave this country a little bit of hope,’ the rising star Democrat said",https://ground.news/interest/the-independent_ff73a6
Breitbart,Right,James Talarico Topples Jasmine Crockett in Texas Dem Senate Primary,Texas state Rep. James Talarico secured a victory over Rep. Jasmine Crockett in the Democrat primary for U.S. Senate.,https://ground.news/interest/breitbart
One News Page,Center,State Rep. James Talarico Topples Rep. Jasmine Crockett in Texas Democrat Senate Primary,"Texas state Rep. James Talarico secured a victory over Rep. Jasmine Crockett in the Democrat primary for U.S. Senate on Tuesday, overturning weeks of polling that had shown the Dallas congresswoman with a significant advantage in the race to determine the party’s nominee in the 2026 contest ...",https://ground.news/interest/one-news-page
theGrio,Lean Left,Texas Senate primary in limbo as Jasmine Crockett declares voters have been 'disenfranchised',Crockett told supporters there would likely not be a winner declared on Tuesday night in the hotly contested election against James Talarico.,https://ground.news/interest/thegrio
NBC News,Lean Left,Crockett says election results delayed in Dallas County,Crockett says election results delayed in Dallas County,https://ground.news/interest/nbc-news
Raw Story,Left,Dem alleges 'people were disenfranchised' in Texas Senate primary,"A Texas Democrat alleged in a speech to her supporters on Tuesday night that ""people were disenfranchised"" during the primary election. Rep. Jasmine Crockett (D-TX) faced off against state Rep. James Talarico, a Democrat, in a heated primary election on Tuesday night. It was one of the first electio...",https://ground.news/interest/raw-story
New York Post,Right,"Complaining Rep. Jasmine Crockett leaves own Texas Senate primary watch party, accuses GOP of election meddling",Rep. Jasmine Crockett (D-Texas) told supporters she was going to leave her own watch party after votes in Dallas County were delayed.,https://ground.news/interest/new-york-post
Washington Examiner,Right,Crockett warns Dallas County vote dispute may delay Texas Senate results,"Rep. Jasmine Crockett (D-TX) told supporters Tuesday night that confusion over voting hours in Dallas County will likely prevent the race for Texas’s Democratic Senate primary from being called Tuesday night.  Speaking at her watch party, Crockett said legal disputes over polling hours and a late ruling from the Texas Supreme Court had complicated the vote count in one of the state’s largest counties.  The state’s high court granted a request fr…",https://ground.news/interest/washington-examiner
The National Pulse,Right,Ratchet Rep Jasmine Crockett Loses Senate Primary and DOESN’T Get to Keep Her House Seat.,"PULSE POINTSWHAT HAPPENED: Jasmine Crockett lost the Democratic Primary for the U.S. Senate in Texas.WHO WAS INVOLVED: Jasmine Crockett, James Talarico, and Ahmad Hassan.WHEN & WHERE: The Democratic Primary results were announced in Texas.KEY QUOTE: “Jasmine had to decline reelection for her present seat in the US House in order to run for Senate, so she’ll be OUT after this year.” — Nick SortorIMPACT: Jasmine Crockett’s career in Congress will …",https://ground.news/interest/the-national-pulse
The Western Journal,Right,BREAKING: Jasmine Crockett Gets Stomped in Primary as Even Democrats Find Tolerating Her Presence Impossible,It turns out that running your yap mouth to your heart’s content even as your brain lags far behind — if it even bothers getting its shoes on at all […] The post BREAKING: Jasmine Crockett Gets Stomped in Primary as Even Democrats Find Tolerating Her Presence Impossible appeared first on The Western Journal.,https://ground.news/interest/the-western-journal
Texas Standard,Center,James Talarico beats Jasmine Crockett in Democratic primary for U.S. Senate,"Talarico, after winning a tight race against Crockett, is seeking to give Democrats their first win in a statewide election in more than 30 years.",https://ground.news/interest/texas-standard
Twitchy,Far Right,Jasmine Crockett Loses Dem Senate Primary to Hoax-Boosted James Talarico - Blames Republicans,"Jasmine Crockett is losing the Texas Dem Senate primary to James Talarico, blaming Republicans amidst hoax allegations.",https://ground.news/interest/twitchy
KSAT 12,Center,James Talarico defeats Jasmine Crockett in blockbuster Democratic primary for U.S. Senate,The Austin Democrat’s win comes after a bitter primary that focused on which candidate’s political and electoral strategy would get the party’s first statewide victory in over 30 years.,https://ground.news/interest/ksat-12
KDFW,Center,"James Talarico defeats Jasmine Crockett in US Senate race, AP projects",Frontrunners Jasmine Crockett and James Talarico remained locked in a heated race as ballots were being counted late Tuesday.,https://ground.news/interest/kdfw
Politico,Lean Left,Talarico defeats Crockett in Texas Senate Democratic primary,He took a big-tent approach to his campaign by appealing to voters from both parties and independents.,https://ground.news/interest/politico
Bloomberg,Lean Left,"Talarico Wins Texas Democratic Senate Primary, DDHQ Projects","James Talarico won the Democratic primary in the US Senate race in Texas, according to DDHQ, pulling off an extraordinary ascent from obscure state representative to budding national figure as the party seeks to break Republicans’ longtime lock on the seat.",https://ground.news/interest/bloomberg
KYTX,Center,"James Talarico wins U.S. Senate Democratic nomination, Crockett calls for unity around nominee",The race for the nomination for U.S. Senate was close throughout Primary Election Night.,https://ground.news/interest/kytx
npr,Lean Left,Talarico wins Democratic nomination for Texas Senate seat; Republicans set for runoff,"Sen. John Cornyn will face Texas Attorney General Ken Paxton in a May runoff. The winner will face James Talarico, a seminarian and state lawmaker who's emerged as a rising Democratic star.",https://ground.news/interest/npr
WTVR,Center,"Talarico triumphs, Cornyn–Paxton runoff caps chaotic start to midterms",State Rep. James Talarico topped Congresswoman Jasmine Crockett in an expensive and fiercely contested Texas Senate Democratic primary that once again has the party dreaming of a big upset in November.Who Talarico will face depends on a May runoff between longtime Republican Sen. John Cornyn and MAGA favorite Ken Paxton a race expected to get increasingly nasty over coming months and could hinge on whether or not President Donald Trump offers an…,https://ground.news/interest/wtvr
OAN,Right,Crockett blames voting delays in Texas on GOP,Texas Senate candidate Jasmine Crockett is blaming Republicans for creating confusion among voters in her state.,https://ground.news/interest/oan
KLTV,Center,U.S. Senate candidate Jasmine Crockett cites voting location confusion on Texas primary day,Democratic U.S. Senate candidate Rep. Jasmine Crockett said Tuesday that voters in some counties are experiencing confusion at the polls after changes to the polling locations voters must use.,https://ground.news/interest/http-wwwkltvcom
KVIA,Center,March 2026 Texas Primary Election: Full Results,"Update (March 4, 1:19 AM): ABC News said James Talarico is projected to win as the Democratic candidate for U.S. Senator with a 53% lead. He currently has 791,091 votes. Jasmine Crockett has 46% of the vote. Meanwhile, ABC News projects Texas Sen. John Cornyn will face a runoff with Attorney General Ken Paxton. Cornyn",https://ground.news/interest/kvia
KVUE,Center,Full speech by U.S. Rep. Jasmine Crockett to supporters | 'I have no idea when we're going to get results',U.S. Rep. Jasmine Crockett spoke to supporters after a Texas Supreme Court decision on the primary election.,https://ground.news/interest/kvue
NBC Dallas-Fort Worth,Lean Left,"'Shocking the nation,' James Talarico's lead over Jasmine Crockett increases",Texas Rep. James Talarico is increasing his lead over U.S. Rep. Jasmine Crockett with more than half of the vote counted during Tuesday's primary.,https://ground.news/interest/nbc-dallas-fort-worth
USA Today,Lean Left,"Talarico defeats Crockett in Texas primary, CNN and Decision Desk HQ report",Texas' Democratic Senate primary was in the national spotlight as U.S. Rep. Jasmine Crockett and Texas state Rep. James Talarico battled in the state.,https://ground.news/interest/usa-today
Community Impact,Center,Talarico holds 8-point lead in U.S. Senate race; see other Texas Democratic primary results,"Community Impact is tracking the results of eight statewide races in Texas’ Democratic primary. The winner of each race will advance to the November midterm election, facing the Republican nominee for the seat and potential third-party candidates.",https://ground.news/interest/community-impact
KTVB,Center,Texas Senate primary: Democrat James Talarico secures a spot on the November ballot,"As the midterm elections officially begin, the most hotly contested races of the day are in Texas including the Democrats' competitive primary race for U.S. Senate.",https://ground.news/interest/ktvb
ms.now,Left,The winner of the Jasmine Crockett — James Talarico race must first unite Texas Democrats,"Should Democrats woo the median voter, hold the base and flip Republicans? Or focus on firing up the base and converting non-voters into voters?",https://ground.news/interest/msnow
El Diario Montañes,Right,"James Talarico, the Christian Seminarian Who Shakes Trump in Texas: ""the Problem Is Not the Left Against the Right, It's the Top Against the Bottom"" El Diario Montañés","Schoolmaster, uses a speech stuck to the Bible to refute the monopoly of the right wing This Wednesday has won in the Democratic primaries and aspires to a seat in the Senate",https://ground.news/interest/el-diario-montanes
Wall Street Journal,Center,Headline Unavailable,,https://ground.news/interest/wall-street-journal
Raw Story,Left,MAGA mocks opponent's loss: 'enjoy unemployment!',"On Tuesday Rep. Dan Crenshaw (R-TX) lost his primary race to state Rep. Steve Toth by double digits, triggering celebrations from Trump's MAGA movement. Toth received backing from Sen. Ted Cruz and Trump-aligned Turning Point Action. The President had refused to endorse Crenshaw's re-election after the congressman rejected Trump's false claim that he won the 2020 election, making Crenshaw the only House Republican Trump declined to support. MAGA…",https://ground.news/interest/raw-story
sgtreport.com,Right,BREAKING: ‘Eyepatch McCain’ Dan Crenshaw Loses in Humiliating GOP Primary,"from The National Pulse: WHAT HAPPENED: Rep. Dan Crenshaw lost the Republican primary to Steve Toth. 👤WHO WAS INVOLVED: Dan Crenshaw, Steve Toth, Martin Etwop, and N. Plumb. 📍WHEN & WHERE: The primary took place in Texas, with 58% of votes reported at the time of publication. 🎯IMPACT: The result marks a significant shift in the political landscape for Texas Republicans. TRUTH LIVES […]",https://ground.news/interest/sgtreportcom
El Financiero,Right,"Dan Crenshaw, a Congressman Who Asked to Use Drones Against Cartels, Loses Election in Republican Primary School","The first round of primary elections in the United States is showing how this year's mid-term elections will take place on a changing political terrain. Representative Dan Crenshaw, who called for the use of drones against cartels in Mexico, was left behind in this first stage.Crenshaw, a Republican representative and former Navy SEAL with an independent inclination, faced criticism from the extreme right wing of the party, claiming that he was …",https://ground.news/interest/el-financiero
The New American,Far Right,Texans Fire Dan Crenshaw,"Texans just fired Republican Rep. Dan Crenshaw, who lost his primary race on Tuesday to state Representative Steve Toth. ... The post Texans Fire Dan Crenshaw appeared first on The New American.",https://ground.news/interest/the-new-american
100% FED UP!,Far Right,"VICTORY: Dan “Eyepatch McStain” Crenshaw Officially LOSES Primary, Will Be OUT Of Congress January 3, 2027! * 100PercentFedUp.com * by Noah",It was a VERY good night last night in the election primaries. Jasmine Crockett LOST and will soon be out […],https://ground.news/interest/100percentfedupcom
Distractify,Lean Left,Why Did Dan Crenshaw Lose? Steve Toth Pulls off Texas GOP Primary Upset,Rep. Dan Crenshaw lost the GOP primary for Texas’ 2nd District to state Rep. Steve Toth in a surprise upset that shocked many Texans.,https://ground.news/interest/distractify
OpsLens,Right,"Republican Dan Crenshaw of Texas gets obliterated in major upset * WorldNetDaily * by Harold Hutchison, Daily Caller News Foundation","Source link U.S. Rep. Dan Crenshaw, R-Texas, speaks at the Republican National Convention on Wednesday, Aug. 26, 2020 Republican Texas Rep. Dan Crenshaw lost his bid for a fifth term in the House by a wide margin to a conservative primary challenger. Crenshaw lost to Republican Texas State Rep. Steve Toth, who was supported by Republican",https://ground.news/interest/opslens
News Addicts,Far Right,Crenshaw Ousted in Heated GOP Primary,"Longtime Texas Rep. Dan Crenshaw was defeated in a bruising GOP primary by conservative Steve Toth, signaling MAGA voters’ push for loyalty and a more combative representation in Congress. The post Crenshaw Ousted in Heated GOP Primary appeared first on News Addicts.",https://ground.news/interest/newsaddictscom
TrendingPolitics,Right,NEW: Infamous 'RINO' Congressman Loses Primary Race,"Four-term Rep. Dan Crenshaw’s long-running feud with the MAGA wing of the GOP ended with a primary loss Tuesday. Crenshaw, a Republican from Texas, was beaten in the 2nd Congressional District primary by Steve Toth, a state representative and businessman, after years of turmoil between Crenshaw and the MAGA faction that questioned his loyalty to President Donald Trump. The contest drew a sharp line inside the party. Crenshaw was not formally end…",https://ground.news/interest/trendingpoliticsnewscom
realnewsnow.com,Far Right,Dan Crenshaw Ousted In GOP Primary Upset - Real News Now,"Four-term Congressman Dan Crenshaw suffered a decisive defeat in the Republican primary for Texas’s 2nd Congressional District on Tuesday, losing to Texas state Rep. Steve Toth in a race that underscores shifting dynamics within the GOP. With 94% of the vote counted Wednesday morning, Toth led with 56% compared to Crenshaw’s 40.5%, according to the Associated Press. The result marks a stunning upset for a lawmaker who entered Congress in 2019 as…",https://ground.news/interest/realnewsnowcom
The Western Journal,Right,Dan Crenshaw Loses Primary After Becoming Lone Texas Republican Without Trump's Endorsement,"Pour one out for Rep. Dan Crenshaw, who’ll be sitting at least the rest of this election cycle out. Crenshaw, the only Texas House Republican that President Donald Trump declined […] The post Dan Crenshaw Loses Primary After Becoming Lone Texas Republican Without Trump's Endorsement appeared first on The Western Journal.",https://ground.news/interest/the-western-journal
Le·gal In·sur·rec·tion,Right,Steve Toth Demolishes Incumbent Rep. Dan Crenshaw in Texas Primary,"With 94% of the votes in, Toth leads Crenshaw 56% to 40.5%.",https://ground.news/interest/le-gal-in-sur-rec-tion
DNyuz,Right,GOP Star Kicked Out of Congress Due to MAGA’s Desperate Midterm Push,Texas Rep. Dan Crenshaw lost his GOP primary to a hardline MAGA challenger after falling victim to the Republican Party’s redistricting efforts in the state. State Rep. Steve Toth trounced the incumbent by 16 percentage points in Tuesday’s primary election in the solidly red Texas 2nd Congressional District after a successful campaign painting Crenshaw as insufficiently conservative or loyal enough to Donald Trump. The president did not endorse …,https://ground.news/interest/dnyuz
The Blaze,Right,'RINO' congressman loses primary after failing to secure Trump’s endorsement,State Rep. Steve Toth defeats four-term Rep. Crenshaw.,https://ground.news/interest/the-blaze
Real Clear Politics,Right,Rep. Crenshaw Loses to GOP Primary Challenger in TX,,https://ground.news/interest/real-clear-politics
Pink News,Left,Texas congressman ousted by more extreme candidate,U.S. Representative Dan Crenshaw was defeated by Steve Toth in the Republican primary for Texas's 2nd Congressional District.,https://ground.news/interest/thepinknewscom
Zero Hedge,Right,"Primary Losers: Crockett Cries 'Disenfranchisement', Crenshaw Crushed","ZeroHedge - On a long enough timeline, the survival rate for everyone drops to zero",https://ground.news/interest/zero-hedge
The Daily Caller,Right,Texans Give Boot To Dan Crenshaw In Major Upset,Republican Rep. Dan Crenshaw of Texas lost his bid for a fifth term in the House of Representatives after failing to secure the Republican nomination.,https://ground.news/interest/the-daily-caller
Newsweek,Center,"MAGA mocks Dan Crenshaw after Texas loss: ‘Bye bye, RINO’",Crenshaw was defeated by State Representative Steve Toth after he failed to secure an endorsement from President Donald Trump,https://ground.news/interest/newsweek
News Facts Network,Center,Trump-Aligned Toth Unseats Crenshaw in Texas,"HOUSTON, Texas — Republican state Rep. Steve Toth defeated U.S. Rep. Dan Crenshaw in Tuesday’s primary, unseating one of the few Texas House Republicans who did not receive President Donald Trump’s endorsement heading into the nation’s first major primary contest of 2026. Crenshaw, a former Navy SEAL seeking a fifth term in Texas’ 2nd Congressional District, faced criticism from the party’s hard-right wing over his occasional breaks with Trump a…",https://ground.news/interest/news-facts-network
KSAT 12,Center,Multiple U.S. House members face setbacks in Texas primaries,"U.S. Rep. Dan Crenshaw, R-Houston, was defeated and four other incumbents — Democrats and Republicans — found themselves in close races or runoffs as votes were still being counted early Wednesday.",https://ground.news/interest/ksat-12
Houston Public Media,Center,"Steve Toth wins Republican primary, unseating U.S. Rep. Dan Crenshaw","Toth, one of the most conservative members of the Texas House, framed his challenge of Crenshaw as a referendum on the ideological future of the Republican Party.",https://ground.news/interest/houston-public-media
USA Today,Lean Left,Rep. Dan Crenshaw loses to GOP primary challenger Steve Toth in Texas,"Texas state Rep. Steve Toth won the Republican congressional primary over U.S. Rep. Dan Crenshaw, NBC News and the Associated Press reported.",https://ground.news/interest/usa-today
RedState,Right,Dan Crenshaw Suffers Stunning Upset in Texas GOP Primary: ‘Enjoy Unemployment’,"Steve Toth defeats Dan Crenshaw in Texas GOP primary, marking a major upset for the establishment.",https://ground.news/interest/redstate
Semafor,Lean Left,"In the year’s first primaries, the right and left make gains","The NewsTexas Republicans forced Sen. John Cornyn, R-Texas,into a runoff on Tuesday, punishing incumbents who’d shown disloyalty to President Donald Trump. And Rep. Dan Crenshaw, a sometime Trump critic despised by MAGA commentators like Tucker Carlson, became the first GOP incumbent to lose his seat this year.Democrats faced their own blowback from progressive voters in Texas and in North Carolina. There, Rep. Valerie Foushee was locked in a ti…",https://ground.news/interest/semaforcom
CNN,Lean Left,Texas Rep. Steve Toth will defeat GOP Rep. Dan Crenshaw in primary upset,"State Rep. Steve Toth will defeat US Rep. Dan Crenshaw in the Republican primary for Texas’ 2nd District, a stunning upset in a race that tested whether the incumbent was deemed sufficiently loyal to the president.",https://ground.news/interest/cnn
The Epoch Times,Right,GOP Rep. Dan Crenshaw Defeated by Primary Challenger,"Rep. Dan Crenshaw (R-Texas) has been defeated in his primary bid for the GOP nomination for Texas’s 2nd Congressional District, losing to a challenger from the right in what could be the night’s biggest electoral upset. At 1 a.m. ET on March 4, the Associated Press declared that Republican Steve Toth had won the race. At the time, Toth had an 18-point lead over Crenshaw. Toth, a member of the Texas House of Representatives, has run to the right …",https://ground.news/interest/the-epoch-times
CBS News,Center,"GOP Rep. Dan Crenshaw loses primary race in Texas to state Rep. Steve Toth, CBS News projects",Republican Rep. Dan Crenshaw of Texas lost his primary race to Republican state Rep. Steve Toth.,https://ground.news/interest/cbs-news
One News Page,Center,Representative Dan Crenshaw Loses G.O.P. Primary in Texas,"The victory by Steve Toth, a hard-line Texas state representative, underscored how even a conservative House member could lose Republican voters by breaking with President Trump.",https://ground.news/interest/one-news-page
Fox News,Right,"Dan Crenshaw defeated by Cruz-backed state lawmaker in Texas GOP primary, boosting MAGA clout","State Rep. Steve Toth defeated four-term Rep. Dan Crenshaw in Texas' 2nd District GOP primary, capping a MAGA loyalty feud that followed years of Crenshaw angering many MAGA Republicans.",https://ground.news/interest/fox-news_a44aba
notus.org,Lean Left,Steve Toth Topples Rep. Dan Crenshaw in Contentious Texas Republican Primary,"President Donald Trump did not endorse Rep. Dan Crenshaw in his reelection bid. Tom Williams/CQ Roll Call via AP ImagesSteve Toth, a Texas state representative, defeated Rep. Dan Crenshaw in the Republican primary for a congressional district north of Houston.Conservatives pointed to positions Crenshaw took in recent years that broke with President Donald Trump, who declined to endorse him in the race, for reasons for the congressman’s defeat.Da…",https://ground.news/interest/notusorg
The Advocate,Lean Left,Anti-LGBTQ+ Congressman Dan Crenshaw ousted by more extreme candidate in Texas GOP primary,The Texas Republican championed a federal ban on Medicaid coverage for gender-affirming care for minors.,https://ground.news/interest/gay-news-lgbt-rights-politics-entertainment
HuffPost,Left,Steve Toth Defeats Dan Crenshaw In Republican Primary Upset,Republican state Rep. Steve Toth insisted he is more MAGA than Crenshaw.,https://ground.news/interest/huffpost
New York Post,Right,Incumbent Rep. Dan Crenshaw loses Texas GOP primary race,"Rep. Dan Crenshaw (R-Texas), who has served in the House of Representatives since 2019, lost his primary race Tuesday in the Lone Star State’s 2nd Congressional District.",https://ground.news/interest/new-york-post
Associated Press News,Lean Left,GOP challenger Steve Toth ousts Rep. Dan Crenshaw in Texas primary,U.S. Rep. Dan Crenshaw of Texas has lost his reelection bid in a GOP primary election to a conservative state lawmaker from Conroe.,https://ground.news/interest/associated-press-news
Washington Examiner,Right,Dan Crenshaw defeated by Steve Toth in Texas GOP Primary,Rep. Dan Crenshaw (R-TX) was defeated by state Rep. Steve Toth in the Republican primary for Texas’ 2nd Congressional District on Tuesday — in a high profile contest in which President Donald Trump withheld his endorsement. The Associated Press called the race for Toth with 72% of the vote counted. Toth led the race with 57.6% to Crenshaw’s 39%. “Congressional District 2 voters want a representative in D.C. who will stand firm in his convictions…,https://ground.news/interest/washington-examiner
Kokomo Tribune,Lean Left,"Steve Toth wins Republican nomination for U.S. House in Texas' 2nd Congressional District, beating incumbent Dan Crenshaw","Steve Toth wins Republican nomination for U.S. House in Texas' 2nd Congressional District, beating incumbent Dan Crenshaw.",https://ground.news/interest/kokomo-tribune
NBC News,Lean Left,Rep. Dan Crenshaw loses to Republican primary challenger in Texas,NBC News projects Texas state Rep. Steve Toth defeated Crenshaw after a campaign that focused on loyalty to Trump.,https://ground.news/interest/nbc-news
The Last Refuge,Far Right,Good News: Dan Crenshaw loses Primary - Cornyn and Paxton Advance to Runoff,"Texas DeceptiCON Dan Crenshaw, aka “one-eyed McCain”, a man of notoriously arrogant and intemperate disposition, has lost the Texas CD02 primary race to Steve Toth.  Mr Toth won 56% of the primary vote, so there will not be a runoff. At the conclusion of this year, the perpetually horrible Dan Crenshaw will no longer be […]",https://ground.news/interest/the-last-refuge
WLTReport,Far Right,UPSET ALERT: Rep. Dan Crenshaw LOSES His GOP Primary Race By DOUBLE DIGITS,"The biggest Republican primary upset in 2026 has just occurred. Representative Dan Crenshaw, who many consider a RINO, has just lost his Texas’ 2nd Congressional District race against Texas state senator Steve Toth. With nearly 62% of the vote counted, Toth garnered 57% compared to Crenshaw’s 39.1%. Take a look: Here’s how social media reacted: RINO Dan Crenshaw has been defeated by Steve Toth. Follow: @AFpost pic.twitter.com/YwcY4bFx7r — AF Po…",https://ground.news/interest/wltreportcom
Texas Scorecard,Right,Steve Toth Defeats Dan Crenshaw,The conservative state representative is set to replace the incumbent congressman. The post Steve Toth Defeats Dan Crenshaw appeared first on Texas Scorecard.,https://ground.news/interest/texas-scorecard
Twitchy,Far Right,Patch Dispatched: Seth Toth Scores Double-Digit Republican Primary Upset Over Incumbent Dan Crenshaw,"Seth Toth scores a major upset, unseating Dan Crenshaw in the Texas 2nd district GOP primary.",https://ground.news/interest/twitchy
The Post Millennial,Right,BREAKING: Dan Crenshaw loses GOP US House primary in Texas to Steve Toth,Crenshaw was the only incumbent Republican House member in Texas running for re-election who did not receive President Donald Trump’s endorsement.,https://ground.news/interest/the-post-millennial
KRIV,Center,Steve Toth beats Dan Crenshaw in Republican primary for U.S. House in Texas’ District 2,"Steve Toth won the Republican primary for U.S. representative in Texas' 2nd Congressional District, the Associated Press projects, beating incumbent Dan Crenshaw.",https://ground.news/interest/kriv
WFAA 8abc,Center,GOP challenger Steve Toth ousts Rep. Dan Crenshaw in U.S. House District 2 primary,"Dan Crenshaw, who has represented Texas’ 2nd Congressional District since 2019, is trailing Republican primary challenger State Rep. Steve Toth.",https://ground.news/interest/wfaa-8abc
Just the News,Right,Texas Rep. Dan Crenshaw to leave Congress next year after losing GOP primary to Cruz-backed lawmaker,Crenshaw was the only Republican incumbent in Texas to seek reelection without President Donald Trump's endorsement.,https://ground.news/interest/justthenewscom
KRQE News 13,Center,Triple murder suspect arrested in southern Colorado,"NEW MEXICO (KRQE) – A Utah triple murder suspect is in custody in southern Colorado. Ivan Miller, 22, was arrested by Pagosa Springs police following a multi-state manhunt. Miller is accused of killing three women in Wayne County, Utah, near the town of Lyman. The Wayne County Sheriff says they were able to track Miller's movement [...]",https://ground.news/interest/krqe-news-13
Salt Lake Tribune,Lean Left,Names of 3 women killed in Wayne County released,"Officials have released the names of three women killed Wednesday in Wayne County, Utah.",https://ground.news/interest/salt-lake-tribune
Expressen,Right,Three Women Dead in Mysterious Murder Spree,Three women were found dead in two locations in Utah in quick succession. It sparked a massive police manhunt across four states. 22-year-old Ivan Miller has been arrested for the murders.,https://ground.news/interest/expressen
KCRG,Center,Iowa man charged with aggravated murder in deaths of 3 Utah women after multi-state manhunt,An Iowa man accused of killing three southern Utah women has been charged with aggravated murder Thursday afternoon.,https://ground.news/interest/kcrg
Washington Times,Right,"Iowa man arrested in Colorado, accused of murdering three women in Utah","A man was arrested in Colorado on Thursday, accused of killing three women in Utah in two separate incidents on Wednesday.",https://ground.news/interest/washington-times
The Independent (US),Lean Left,Killing spree leaves three women randomly murdered as suspect flees in victim’s car,"A 22-year-old man is accused of killing a woman in her 80s in her home before murdering two other women on a hiking trail, stealing one of their cars and leading police on a 370-mile manhunt across three states",https://ground.news/interest/the-independentcom
We Got This Covered,Lean Left,Utah's Wayne County urged to 'keep doors locked' after 3 women found dead in 2 separate locations,"An Iowa man is in custody after three Wayne County, Utah, women were found dead in two separate locations, leading Wayne County law enforcement to take extra precautions, like locking doors, remaining at home or with others, and being vigilant about surroundings. According to the Utah Department of Public Safety, on Wednesday, March 4, 2026, Wayne County Sheriff’s Deputies responded to a call of two deceased females on a hiking trail in the area…",https://ground.news/interest/we-got-this-covered
New York Post,Right,Maniac accused of killing 3 women — two on Utah hiking trail — caught after multi-state manhunt,"Ivan Miller, 22, was nabbed Thursday morning in Colorado with a handgun and large knife after the grisly discovery of three slain victims in Wayne County, Utah, a day earlier triggered a frantic search for the triple homicide suspect.",https://ground.news/interest/new-york-post
US Magazine,Center,Man From Iowa Arrested in Colorado for Murdering 3 Women in Utah,"Iowa man Ivan Miller, 22, was the subject of a multi-state manhunt after killing three women — seemingly at random",https://ground.news/interest/us-magazine
WBAL,Center,Triple murder suspect arrested after fleeing Utah in victim's car: Officials,"(TORREY, Utah) — A suspect in a triple murder investigation was taken into custody Thursday morning after investigators tracked him in one of the victim’s vehicles, according to the Utah Department of Public Safety. Three women were found murdered on Wednesday in two locations. The suspect — 22-year-old Ivan Miller from Blakesburg, Iowa — is believed to have had no prior relationships with the victims or prior ties to the area, Utah Highway Patr…",https://ground.news/interest/wbal
People,Lean Left,"Man Arrested After 3 Women Are Found Dead in Utah, 2 on Hiking Trail","The three women — one in her 30s, one in her 60s and one in her 80s — were found dead on Wednesday, March 4, with the third found at a home in Wayne CountyStock image of Torrey in UthCredit: GettyNEED TO KNOWThree women were found dead in Utah on Wednesday, March 4, police saidThe Utah Department of Public Safety said two of the women were found on a hiking trail, while a third was located at a property in Wayne CountyA male suspect was ""capture…",https://ground.news/interest/people
The Tribune-Democrat,Lean Left,Suspect in custody in Colorado in case of 3 women found dead in Utah,"A man who authorities accuse of killing a southern Utah woman, stealing her vehicle and driving it to a nearby trailhead and killing two women who were hiking together before fleeing in one of their vehicles has been arrested, officials…",https://ground.news/interest/the-tribune-democrat
KESQ,Center,"Suspect of Triple Homicide, Arrested in Colorado After Finding Three Women Killed in Utah","By Holly Yan, CNN A wanted suspect in connection with the death of three women was arrested after the authorities tracked him in one of the victims' vehicles, reported the Utah Department of Public Safety. The macabre finding of the bodies on Wednesday in Wayne County triggered a search in several counties, leading to the closure of schools and businesses. Suspect Ivan Miller, 22, a resident of Blakesburg, Iowa, was arrested on Thursday after th…",https://ground.news/interest/kesq
Court TV,Center,Suspect arrested in Colo. in case of 3 women found dead in Utah,"WAYNE COUNTY, Utah — A suspect has been taken into custody after three women were found dead at multiple scenes across Wayne County, including a local hiking trail. Ivan Miller is suspected in the deaths of three women who were found murdered in Utah. (Pagosa Springs Detention Center) Two women were originally found dead Wednesday afternoon on an unidentified trail near Capitol Reef National Park, and a third victim was later found dead inside a…",https://ground.news/interest/court-tv
WFTV 9 abc,Center,"Suspect in custody after three women found dead in Utah, police say","Three women were found dead in southeastern Utah, and police said that a multi-state manhunt has ended with the arrest of a suspect.",https://ground.news/interest/wftv-9-abc
BBC News,Center,Suspect arrested in killing of 3 women in Utah,"The supect drove one of the victim's cars through northern Arizona into Colorado, where he was taken into custody.",https://ground.news/interest/bbc-news_bf95f4
WHO-DT,Center,Iowa man in custody after 3 women found dead in Utah,Investigators tracked the suspect in one of the victims' vehicles through southern Utah into northern Arizona and eventually into Colorado.,https://ground.news/interest/who13com
PHL17,Center,"3 women found dead in Utah, including 2 on a hiking trail; suspect in custody",A suspect is in custody after three women were found dead in a southeastern Utah county.,https://ground.news/interest/phl17com
KGAN,Right,"Southeast Iowa man kills 3 women in Utah, authorities say","A 22-year-old southeast Iowa man with no apparent connection to the area or victims is accused of killing three women in Utah.Ivan Miller, of Blakesburg, Iowa i",https://ground.news/interest/kgan
Star Advertiser,Center,Utah authorities investigate after 3 women found dead | Honolulu Star-Advertiser,"Authorities in central Utah began a sprawling homicide investigation today after three women were found dead the day before, according to local authorities, who closed schools and urged residents to take safety precautions.",https://ground.news/interest/star-advertiser
diario.mx,Center,Man Wanted for the Murder of 3 Women in Utah Arrested in Colorado,"Authorities announced on Thursday that a man wanted for the death of three women in Utah was arrested in Colorado. There is no indication that the suspect had any connection to the victims, said Lieutenant Cameron Roden, spokesman for Utah Road Patrol. Investigators tracked the suspect in one of the victims’ vehicles to northern Arizona and Colorado, where he was found abandoned in Pagosa Springs, the Utah Department of Public Security said in a…",https://ground.news/interest/diariomx
One News Page,Center,Suspect captured after 3 women found dead in southern Utah,Utah homicide investigation continues as authorities arrested a suspect after three women found dead in Wayne County following an intensive manhunt.,https://ground.news/interest/one-news-page
NBC News,Lean Left,"3 women found dead in Utah, suspect in custody","A suspect is in custody after 3 women were found dead in Wayne County, Utah, authorities said Thursday morning.",https://ground.news/interest/nbc-news
KDVR,Center,Utah triple homicide suspect taken into custody in Colorado,"A man sought in the deaths of three women in Utah has been taken into custody in Colorado, officials announced Thursday.",https://ground.news/interest/kdvr
WCVB,Center,"Suspect in custody after 3 women found dead in Utah, officials say","Suspect arrested after three women were found dead in Wayne County, Utah.",https://ground.news/interest/wcvb
CBS News,Center,"Suspect allegedly confesses to killing 3 women found dead in Utah, 2 on hiking trail, authorities say","Ivan Miller, 22, has been arrested and is in custody after authorities in Utah found three women&#039;s bodies in two locations.",https://ground.news/interest/cbs-news
Madison Courier,Right,"A man suspected of killing three women in Utah has been taken into custody in Colorado, officials say","A man suspected of killing three women in Utah has been taken into custody in Colorado, officials say.",https://ground.news/interest/madison-courier
The Independent,Lean Left,"Man randomly killed three women to steal their cars and credit cards, police say","Ivan Miller is accused of killing a woman in her 80s in her home before murdering two other women on a hiking trail, stealing one of their cars and leading police on a 370-mile manhunt across three states",https://ground.news/interest/the-independent_ff73a6
Hindustan Times,Center,Wayne County murders: Suspect in custody after 3 women found dead in Utah; vehicle recovered in Pagosa Springs,Officials have not yet released the suspect’s identity or the names of the victims.,https://ground.news/interest/hindustan-times
Newsweek,Center,Wayne County Update: Utah Triple Homicide Suspect in Custody After Manhunt,"Investigators followed the suspect's vehicle from southern Utah into northern Arizona and then into Colorado, officials said.",https://ground.news/interest/newsweek
Associated Press News,Lean Left,Iowa man charged with aggravated murder in the deaths of 3 women found in Utah,An Iowa man faces three counts of aggravated murder in Utah where authorities say he killed three women.,https://ground.news/interest/associated-press-news
CNN,Lean Left,Triple homicide suspect arrested in Colorado after women found dead on Utah hiking trail and in home,"A man suspected of killing three women during a multistate trip has been arrested after authorities “tracked him in one of the victims’ vehicles,” the Utah Department of Public Safety said.",https://ground.news/interest/cnn
Live Mint,Center,"Wayne County Utah news: Schools shut, residents asked to stay alert after bodies of 3 women found; manhunt underway","Two women were found dead on a hiking trail in Torrey, Utah, and a third at a home in Wayne County. Authorities launched a manhunt, issuing a shelter-in-place order for residents. Schools are closed, and police are searching for a suspect linked to the homicides.",https://ground.news/interest/live-mint
UPI,Center,3 women killed in Utah; suspect arrested in Colorado after manhunt,"A suspect was arrested Thursday after three women's bodies were found in southern Utah, sparking a multi-state manhunt for the killer.",https://ground.news/interest/upi_0b956e
KTBC,Center,"Women found dead on Utah hiking trail; suspect arrested after manhunt, police say","A suspect is in custody after three women were found dead in Utah, two on a hiking trail and one in a home near Capitol Reef National Park.",https://ground.news/interest/ktbc
abc 15 Arizona,Center,Suspect in custody after 3 women found dead in Utah,"Three women were found dead at multiple scenes across Wayne County, Utah, on Wednesday, including a local hiking trail.",https://ground.news/interest/abc-15-arizona
The US Sun,Right,Shock update in mystery deaths of three women after three-state manhunt,A SUSPECT is in custody after a killing spree left an entire county under shelter-in-place orders and residents fearing for their...,https://ground.news/interest/the-us-sun
Krem2 News,Center,Suspect in custody in Colorado after 3 women found dead in Utah,A man is in custody after authorities tracked him from Utah to Colorado driving the vehicle of one of the three women he allegedly killed. (AP Photo),https://ground.news/interest/krem2-news
9NEWS Denver,Center,"3 women found dead in Utah and with the suspect on the loose, county asks residents to stay vigilant",Three women have been found dead in southeastern Utah and the suspect was still at large Thursday. Officials closed county schools and asked residents to remain...,https://ground.news/interest/9news-denver
Fox 13 now,Center,Suspect in custody after 3 women found dead in Wayne County,"Three women were found dead at multiple scenes across Wayne County on Wednesday, including a local hiking trail.",https://ground.news/interest/fox-13-now
TimesDaily,Center,Hegseth urges Latin American allies to go on offense,"MIAMI — Defense Secretary Pete Hegseth on Thursday urged Latin American countries to take a more aggressive approach against drug cartels, warning that the Trump administration would be forced to act by itself if governments fail to effectively combat criminal…",https://ground.news/interest/timesdaily
"La Nación, Grupo Nación",Right,Pentagon Chief Warns Latin America that the u.s. Is Willing to Fight ‘only’ Against Posters ‘if Necessary’,"The Secretary of Defense of the United States, Pete Hegseth, urged Latin American countries to adopt a more aggressive stance against drug cartels. At the Conference of the Americas against Posters, he warned that, if the governments of the region do not act more strongly, President Donald Trump’s administration could intervene on its own. “The United States is prepared to face these threats and even move on to the offensive on its own if necess…",https://ground.news/interest/la-nacion-grupo-nacion
Real News No Bullshit,Center,"Top US Defense Official Calls on Latin American Countries to Intensify Fight Against Drug Cartels, Warns US May Act if They Don’t","Already a subscriber? Make sure to log into your account before viewing this content. You can access your account by hitting the “login” button on the top right corner. Still unable to see the content after signing in? Make sure your card on file is up-to-date. Secretary of Defense Pete Hegseth called on Latin American nations to intensify their fight against drug cartels, warning that the United States may have to act unilaterally if regio…",https://ground.news/interest/real-news-no-bullshit
Stars and Stripes,Center,"Hegseth, at SOUTHCOM conference, urges Latin American allies to go on offense against cartels",,https://ground.news/interest/stars-and-stripes
PBS NewsHour,Lean Left,"Hegseth, Miller urge Latin American allies to be more aggressive against drug cartels",Defense Secretary Pete Hegseth warned that the Trump administration would be forced to act by itself if governments fail to effectively combat criminal organizations that directly threaten the United States and border security.,https://ground.news/interest/pbs-newshour
Deutsche Welle,Center,US urges Latin America to use military against drug cartels,"Pentagon chief Pete Hegseth warned Latin American countries that ""business as usual will not stand,"" pledging US support to combat cartels, restore deterrence and ""make the Americas great again.""",https://ground.news/interest/deutsche-welle
Globo,Right,The United States Tells Latin America that Military Force Is the only Way to Defeat Cards,"Legalists and Democrats have questioned the legality of the US strategy, challenging the policy of the Trump government that equip drug traffickers to members of terrorist organizations such as Al Qaeda and the Islamic State",https://ground.news/interest/globo
The Globe & Mail,Center,U.S. tells Latin American defence leaders that military force is only way to defeat cartels,"Stephen Miller says there is ‘not a criminal justice solution,’ explicitly marking shift in U.S. policy",https://ground.news/interest/the-globe-and-mail
The Straits Times,Right,US tells Latin America: Military force is the only way to defeat cartels,The comments make explicit a shift in US policy under President Donald Trump. Read more at straitstimes.com.,https://ground.news/interest/the-straits-times_9bb9e6
Associated Press News,Lean Left,Hegseth urges Latin American allies to go on offense against drug cartels,Defense Secretary Pete Hegseth is urging Latin American countries to take a more aggressive approach against drug cartels.,https://ground.news/interest/associated-press-news
NBC Miami,Lean Left,Hegseth in Doral: Latin American allies urged to go on offense against drug cartels,"Defense Secretary Pete Hegseth on Thursday urged Latin American countries to take a more aggressive approach against drug cartels, warning that the Trump administration would be forced to act by itself if governments fail to effectively combat criminal organizations that directly threaten the United States and border security.",https://ground.news/interest/nbc-miami
SDPnoticias.com,Lean Left,These Latin American Presidents Will Be Received by Donald Trump in Miami,Donald Trump will receive 12 Latin American presidents in Miami on March 7 in order to seek an alliance that will slow China's advance on the market on the continent.,https://ground.news/interest/sdpnoticiascom
El Universo,Right,These Are the Leaders Who Will Meet Donald Trump on March 7th.,"US President Donald Trump will hold the “Shield of the Americas” summit with Latin American leaders in Miami on Saturday, March 7.",https://ground.news/interest/el-universo
The National Interest,Right,The “Shield of the Americas” Summit and Donald Trump’s Latin America Strategy,The US cannot sustain its influence in the Western Hemisphere through only multilateral bodies that the Trump administration chooses to engage with.,https://ground.news/interest/the-national-interest
zetatijuana.com,Left,"Trump Calls for ""Shield of the Americas"" Summit in Miami; Mexico Is Left Out","US President Donald Trump will convene the leaders of twelve Latin American countries in Miami on March 7, 2026, to reinforce Washington's leadership in the region. The summit, dubbed ""Shield of the Americas,"" will address migration, hemispheric security, and the fight against drug trafficking, according to a White House announcement on March 4 of that year. Mexico is not among the countries… Source",https://ground.news/interest/zetatijuanacom
La Silla Vacía,Right,Trump Cites a Summit of Latino Countries with Right-Wing Counterparts,"The White House confirmed that on Saturday President Donald Trump will meet with 12 leaders of the region at a “summit of Latin American countries.” The key thing: they are all on the right. They are invited from Javier Milei of Argentina; to the elected Chilean president, José Antonio Kast, passing by Nayib Bukele of El Salvador. Also going are the presidents of Bolivia, Paraguay, Dominican Republic and Ecuador, country with which Colombia is i…",https://ground.news/interest/la-silla-vacia
Military Times,Center,"NORAD intercepts 2 Russian maritime patrol aircraft near Alaska, Canada",NORAD detected and tracked two Russian Tu-142s operating within the Alaskan and Canadian Air Defense Identification Zones on Wednesday.,https://ground.news/interest/military-times
Canadian Affairs,Lean Left,"Canada, U.S. detect Russian military planes near Alaska: NORAD",NORAD scrambled fighter jets after detecting two Russian TU-142 military aircraft near Alaska in international airspace,https://ground.news/interest/canadianaffairsnews
The Epoch Times,Right,Russian Military Aircraft Incursion Prompts US and Canadian Fighter Jet Response Near Alaska,"U.S. and Canadian defense officials said late Wednesday that two Russian military aircraft were found operating in the Alaskan and Canadian identification zones, prompting the Air Force to scramble jets in response. A statement from the North American Aerospace Defense Command (NORAD) said U.S. and Canadian officials detected and tracked two Russian Tu-142 military planes earlier on Wednesday, an incident that NORAD described as routine. “The Ru…",https://ground.news/interest/the-epoch-times
Stars and Stripes,Center,NORAD intercepts 2 Russian reconnaissance aircraft in international airspace near Alaska,"North American Aerospace Defense Command scrambled jet fighters, AWACs and other aircraft to intercept, identify and monitor the Russians.",https://ground.news/interest/stars-and-stripes
Slay News,Far Right,U.S Fighter Jets Scrambled After Russian Military Aircraft Detected Near Alaska,The North American Aerospace Defense Command (NORAD) has scrambled U.S. and Canadian fighter jets after detecting two Russian military aircraft operating near North American airspace.,https://ground.news/interest/slay-news
TVA Nouvelles,Lean Left,Two Russian Aircraft Closely Monitored by Canada and the United States Near Alaska,Two Russian TU-142 aircraft were closely monitored on Wednesday by the North American Aerospace Defence Command (NORAD).,https://ground.news/interest/tva-nouvelles
CTV News,Center,"U.S., Canada detect Russian military planes near Alaska: Norad","The United States and Canada detected two Russian military aircraft near the U.S. state of Alaska on Wednesday, the joint U.S.-Canadian North American Aerospace Defense Command (Norad) said.",https://ground.news/interest/ctv-news
Radio-Canada,Lean Left,Two Russian Aircraft Detected by Norad in the North,"This Russian activity is ""regular and is not considered a threat,"" according to NORAD, which, however, sent planes for this operation.",https://ground.news/interest/radio-canada
mannheim24.de,Center,Russian Reconnaissance Officers Intercepted Off Alaska – Usa and Canada Send up Their Strongest Fighter Jets,Near Alaska there was another incident with Russian military engines. The USA and Canada reacted together with modern fighter jets.,https://ground.news/interest/mannheim24de
Fox News,Right,US scrambles fighter jets to track 2 Russian warplanes flying near American airspace,"NORAD tracked two Russian TU-142 aircraft in the Alaskan and Canadian ADIZ, launching U.S. and Canadian fighter jets. Officials said the planes posed no threat.",https://ground.news/interest/fox-news_a44aba
TF1 INFO,Center,Two Russian Military Aircraft Detected Near Alaska,"Two Russian aircraft were detected on Wednesday by the United States near Alaska but do not represent ""a threat,"" says Aerospace Defense Command on Thursday. These flights are actually quite common and pass through international airspace. - Two Russian military aircraft detected near Alaska (International).",https://ground.news/interest/tf1-info
Berliner Morgenpost,Center,Russian Reconnaissance Aircraft Off Alaska: Us Air Force Responds Immediately,Once again Russian reconnaissance aircraft have been sighted near Alaska. The US Air Force reacted – what is behind the incident?,https://ground.news/interest/berliner-morgenpost
Deccan Chronicle,Right,"US, Canada Detect Russian Military Planes Near Alaska: NORAD","""The Russian aircraft remained in international airspace and did not enter American or Canadian sovereign airspace,\"" NORAD said in a statement",https://ground.news/interest/deccan-chronicle
www.t-online.de,Lean Left,Russian Airspace Tests: Fighter Jets over Alaska in Operation,Two Russian reconnaissance aircraft fly into the North American air defense zone. There the military reacts and sends several aircraft.,https://ground.news/interest/wwwt-onlinede
Digi 24,Center,u.s. and Canada Climbs From the Winding Ground to Monitor Russian Air Patrols Near Alaska,"U.S. and Canada flew from the military ground to intercept Russian warplanes near Alaska and Canada, the North American Air Defense Command (NORAD) announced Wednesday.",https://ground.news/interest/digi-24
Times of India,Right,"US, Canada detect Russian military planes near Alaska: Report","The United States and Canada detected two Russian military aircraft near the US state of Alaska on Wednesday, the joint US-Canadian North American Aerospace Defense Command (NORAD) said. ""The Russian aircraft remained in international airspace and did not enter American or Canadian sovereign airspace,"" NORAD said in a statement.",https://ground.news/interest/times-of-india
n-tv.de,Right,Again: Us Fighter Jets Catch Russian Reconnaissance Aircraft Off Alaska,Two Russian reconnaissance aircraft are approaching North American airspace. USA and Canada are sending aircraft to get the Russians on course. It is not the first incident of this kind.,https://ground.news/interest/n-tvde
nomenugget.com,Center,NORAD intercepts Russian aircraft in the Alaskan Air Defense Identification Zone,"On February 19, Gambell residents saw strange contrails in the skies above, approaching from the west, making a wide U-turn in the bright blue sky over the island and flying back west. About 15 minutes later, U.S. military planes showed up above St. Lawrence Island, coming from the east. According to a North American Aerospace Defense Command press release, NORAD launched two F-16s, two F-35s, one E-3, and four KC-135s to intercept, identify an…",https://ground.news/interest/nomenuggetcom
Newsweek,Center,US scrambles fighter jets after Russian anti-submarine planes intercepted,Two Russian TU-142 military aircraft were tracked near Alaska and Canada.,https://ground.news/interest/newsweek
Die Presse,Right,Russian Reconnaissance Aircraft Off Alaska: Fighter Jets Rise,"In the airspace off the U.S. state of Alaska and off Canada, two Russian sea reconnaissance officers were detected and escorted until leaving the air defense zone.",https://ground.news/interest/die-presse
Handelsblatt,Right,Usa: Russian Reconnaissance Before Alaska – Fighter Jets Rise,Two Russian reconnaissance aircraft fly into the North American air defense zone. There the military reacts and sends several machines to escort the Russians out.,https://ground.news/interest/handelsblattcom
Welt,Right,Russian Military Planes Enter Air Defense Zone Off Alaska – Us Air Force Responds,Two Russian reconnaissance aircraft fly into the North American air defense zone. There the military reacts and sends several machines to escort the Russians out.,https://ground.news/interest/welt
INTELLINEWS,Center,Russian Warplanes Near Alaska: Implications for U.S. National Security,"In a development that underscores ongoing tensions between the United States and Russia, the U.S. military has reported the detection of Russian warplanes operating near Alaska once again. This incident marks the latest in a series of provocative aerial activities in close proximity to American airspace, raising concerns about national security and regional stability. The [...]",https://ground.news/interest/intellinews
KERA News,Lean Left,Democratic turnout surges in Texas as over 4.4 million vote in party primaries,"Democratic turnout for the March 3 primary more than doubled compared with recent primary elections, according to state data.",https://ground.news/interest/kera-news
The Facts,Right,Statewide turnout crushes recent midterm elections,"Nearly one in four registered voters in Texas cast a ballot in Tuesday’s primaries, a high-water mark for midterm elections in the state’s recent history, driven by electrifying momentum surrounding both parties’ races for U.S. Senate.",https://ground.news/interest/the-facts
Houston Public Media,Center,Texas sees record voter turnout in primaries led by Democratic voters,"Democratic voters outnumbered Republicans at polls on Election day by more than 4%, based on unofficial numbers from the Texas Secretary of State.",https://ground.news/interest/houston-public-media
Community Impact,Center,"4.5M Texans voted in March 3 primary, shattering past turnout records",Voters set a new record for primary turnout in an election defined by competitive U.S. Senate races and congressional redistricting.,https://ground.news/interest/community-impact
DefenderNetwork.com,Center,Record March primaries turnout reveals Black political power in Houston,"More than 346,000 voters cast ballots during early voting in Harris County’s March primaries. Credit: Getty Images The March 3 primary elections in Texas saw unusually high turnout in Harris County, signaling strong voter engagement and underscoring the continued influence of Black voters in shaping Houston’s political landscape. According to Harris County Clerk Teneshia Hudspeth, turnout in the non-presidential primary election cycle was appro…",https://ground.news/interest/defendernetworkcom
News Facts Network,Center,Latino Voters Boost Democratic Turnout in Texas Primary,"San Antonio, Texas — Latino voter turnout increased significantly in the 2026 Texas Democratic primary, while Republican participation declined in many Latino-majority areas, according to newly reported election data. Statewide Democratic primary turnout rose from 6.3% in 2022 to about 11.9% in 2026. Participation in the state’s 64 Latino-majority counties climbed even higher, increasing from roughly 9% in 2022 to 13.1% this year. By comparison,…",https://ground.news/interest/news-facts-network
Axios,Lean Left,Latino turnout surges in Democratic primary in Texas,Democratic participation across Texas was highest among the past three primaries — but it was even higher in Latino-majority counties.,https://ground.news/interest/axios
El Pais,Lean Left,Latino Vote Turn to Democrats Reopens Political Battle in Texas · Global Voices,"In five rural, Latino-majority counties in South Texas, more voters participated this Tuesday in the Democratic primary than those who supported Kamala Harris in the presidential elections of 2024. It was a sharp turn after several cycles marked by the erosion of Hispanic support for the Democratic Party in the south of this state, a region that has always been a Hispanic majority and which had been one of its most constant historical bastions f…",https://ground.news/interest/el-pais
Denton Record-Chronicle,Center,Texas primary voters smash recent midterm turnout records,"Nearly 1 in 4 registered voters in Texas cast a ballot in Tuesday’s primaries, a high-water mark for midterm elections in the state’s recent history, driven by electrifying momentum surrounding both parties’ races for U.S. Senate.",https://ground.news/interest/denton-record-chronicle
NBC News,Lean Left,Steve Kornacki: What Democrats' sky-high turnout in the Texas primary does — and doesn't — mean for November,Democrats in Texas are feeling enthusiastic about their voters’ enthusiasm — and for good reason.,https://ground.news/interest/nbc-news
DNyuz,Right,CNN Data Guru Sees Warning Signs for GOP After ‘Dumpster Fire’,"CNN’s data guru said the closely watched primaries in Texas yielded a “tremendous” turnout for one party and a “dumpster fire” for another. Harry Enten said 2.3 million Democratic voters in Texas came out for the hotly contested Senate primary between State Rep. James Talarico and House Rep. Jasmine Crockett, marking the highest-ever turnout at more than twice the average this century, with only 92 percent of the estimated vote in so far. “This …",https://ground.news/interest/dnyuz
CONCHOVALLEYHOMEPAGE,Center,March primary voter turnout nears 2024 presidential primary total: Election official,"Voter turnout in Tom Green County for the March 2026 primaries was close to the turnout seen during the 2024 presidential primaries, according to an election administrator.",https://ground.news/interest/conchovalleyhomepage
Alternet,Left,Data analyst explains why 'unusual' numbers coming out of Texas are 'tremendous for Dems',"CNN data analyst Harry Enten reported on Wednesday that the impending runoff for the GOP may be at the top of the news after Tuesday's primary election in Texas, but there's a huge story in the numbers. The top takeaway is that the Texas Democratic Primary may not have been close, but it was the highest ever turnout in a primary ever. It was so significant, he said, that Democratic turnout was more than the GOP turnout. However, the state has si…",https://ground.news/interest/alternet
The Center Square,Right,Texas Democrats break records in primary election,"(The Center Square) – The Texas Democratic Party broke records this primary election, with higher voter turnout reported and Democrats fielding candidates in every race statewide.",https://ground.news/interest/the-center-square
CNN,Lean Left,"Democratic turnout in Texas primaries reaches record levels, in latest sign of party enthusiasm","Democratic turnout in Tuesday’s Texas primary reached record levels, as more voters participated in the party’s primary than in the Republican one.",https://ground.news/interest/cnn
Politico,Lean Left,Texas Latinos turned out in massive numbers for Democrats,"In multiple Latino-majority counties, more people cast Democratic votes on Tuesday than voted for Kamala Harris in 2024.",https://ground.news/interest/politico
KHOU 11,Center,Record Democratic early voting turnout in Texas for primary,Democratic early voting in Texas is up 126% compared to 2024.,https://ground.news/interest/khou-11
Black America Web,Left,Referee Knocked Out During Women’s NCAA Basketball Brawl,"Source: Mitchell Layton / Getty What began as a tense moment late in a conference tournament game quickly turned into a full-blown scene on Wednesday when a fight between players from the South Alabama Jaguars and Coastal Carolina Chanticleers escalated and left a referee down on the court. South Alabama ultimately defeated Coastal Carolina 80–70 in the second round of the Sun Belt Conference Women’s Basketball Tournament in Pensacola, but the g…",https://ground.news/interest/black-america-web
News & Record,Lean Left,"Fight at Sun Belt game injures ref, forces 8 ejections","PENSACOLA, Fla. — A brawl between South Alabama and Coastal Carolina in the women's Sun Belt Tournament on Wednesday left eight players ejected and knocked a referee to the floor where she required medical attention.",https://ground.news/interest/news-and-record
Mid Florida Newspapers,Center,Ref injured during brawl in women's game,PENSACOLA — A brawl between South Alabama and Coastal Carolina in the women’s Sun Belt Tournament on Wednesday left eight players ejected and knocked a referee to the floor where she required medical attention.,https://ground.news/interest/mid-florida-newspapers
Los Angeles Times,Lean Left,"Brawl at Sun Belt women's tournament leads to eight ejections, four suspensions, ref knocked to ground",Eight players were ejected and a referee required medical attention after a brawl during South Alabama's 80-70 victory against Coastal Carolina in a Sun Belt Conference tournament game.,https://ground.news/interest/los-angeles-times
CBS News,Center,"Brawl at Coastal Carolina, South Alabama women's basketball game injures referee; 8 players ejected",Referee Marla Gearhar was knocked to the floor in the melee between South Alabama and Coastal Carolina.,https://ground.news/interest/cbs-news
The Virginian Pilot,Center,"Brawl in Sun Belt women’s tourney results in 8 ejections, 4 suspensions","A brawl between South Alabama and Coastal Carolina in the Sun Belt women’s basketball tournament Wednesday left eight players ejected and knocked an official to the ground, where she required medical attention. Four players were later suspended. There were less than six minutes left in the fourth quarter at Pensacola Bay Center when South Alabama’s Cordasia Harris and Coastal Carolina’s Tracey Hueston began fighting under the basket. Harris appe…",https://ground.news/interest/the-virginian-pilot
CBS Sports,Center,"South Alabama-Coastal Carolina brawl leaves eight ejected, four suspended, ref injured",The melee resulted in four suspensions handed out by the Sun Belt,https://ground.news/interest/cbs-sports
New York Post,Right,Referee knocked out in wild women’s college basketball brawl that saw eight ejections,A brawl during the Sun Belt Conference women's basketball tournament led to a referee being inadvertently knocked out by a player on Wednesday afternoon. South Alabama’s 80-70 win over Coastal Carolina in the second round descended into chaos in the fourth quarter when players from both sides began exchanging words — and then fists.,https://ground.news/interest/new-york-post
Fox News,Right,"Referee knocked to the floor, injured in South Alabama-Coastal Carolina women’s basketball brawl","A brawl erupted during the South Alabama–Coastal Carolina women’s basketball matchup in the Sun Belt tournament, resulting in a referee injury and multiple player ejections.",https://ground.news/interest/fox-news_a44aba
Latestly,Right,Fight at Women's Sun Belt Tournament Game Injures Ref and Forces 8 Ejections,A brawl between South Alabama and Coastal Carolina in the Sun Belt Tournament forced eight players to be ejected and knocked a referee to the ground Fight at Women's Sun Belt Tournament Game Injures Ref and Forces 8 Ejections.,https://ground.news/interest/latestly
Penn Live,Center,"8 players ejected, ref knocked down during brawl at college hoops tournament","South Alabama defeated Coastal Carolina in the second round of the Sun Belt Conference women’s basketball tournament on Wednesday. However, the game was overshadowed by a brawl that occurred during the fourth quarter.",https://ground.news/interest/penn-live
Sporting News,Center,"South Alabama, Coastal Carolina women's teams brawl with each other, but referees take brunt of punishment",The Jaguars and Chanticleers' Sun Belt conference tournament matchup featured a brawl that left eight players ejected and one referee sprawled out on the floor.,https://ground.news/interest/sporting-news
ESPN,Lean Left,"S. Alabama-CCU brawl injures ref, sees 8 ejected",A brawl between South Alabama and Coastal Carolina in the women's Sun Belt Tournament on Wednesday left eight players ejected and knocked a referee to the ground where she required medical attention.,https://ground.news/interest/espn
BroBible,Center,Referee Hits Deck In Huge Women's NCAA Basketball Brawl Sparking Controversial Fallout,"Chaos erupted in the final moments of a women’s college basketball game between South Alabama and Coastal Carolina as an all-out brawl broke out on the court. That fight could have major repercussions. The Jaguars may be shorthanded as they push to make the March Madness field. The two conference rivals squared off in Pensacola, Florida as opponents in the Sun Belt Tournament. The Jaguars were the 12-seed riding a four-game winning streak. Coast…",https://ground.news/interest/brobible
Associated Press News,Lean Left,"Fight at Coastal Carolina, South Alabama women's Sun Belt game injures ref and forces 8 ejections",A brawl between South Alabama and Coastal Carolina in the Sun Belt Tournament forced eight players to be ejected and knocked a referee to the ground.,https://ground.news/interest/associated-press-news
The Statesman,Center,3 South Alabama players suspended for game vs Texas State after Sun Belt Tournament fight,Texas State women's basketball takes the hardwood Thursday in the Sun Belt Tournament to play South Alabama who may have a short roster due to brawl.,https://ground.news/interest/the-statesman
USA Today,Lean Left,8 players ejected after Sun Belt women's basketball tournament fight,Eight players were ejected after a fight broke out in a game between South Alabama and Coastal Carolina at the Sun Belt women's basketball tournament.,https://ground.news/interest/usa-today
TMZ,Right,"Referee Leveled In Massive College Basketball Brawl, 8 Ejected",A women’s college basketball game turned into absolute chaos Wednesday … after a massive brawl broke out during the Sun Belt conference tournament -- leaving a referee sprawled out on the court and eight players ejected. The melee erupted with…,https://ground.news/interest/tmz
Daily Voice,Center,Massive College Basketball Brawl Leaves NCAA Ref Knocked Out On Court: Video,"A massive brawl during a college basketball postseason tournament left a referee injured and eight players ejected. The altercation at the Sun Belt Conference Women’s Tournament occurred during the second-round matchup between South Alabama and Coastal Carolina at the Pensacola Bay Center in Florida on Wednesday, March 4.The fight broke out on with 5:39 remaining in the fourth quarter of South Alabama's 80-70 win. Coastal Carolina’s Tracey Huest…",https://ground.news/interest/daily-voice_3945eb
Coastal Carolina University Athletics,Center,Women's Basketball to Face South Alabama in Sun Belt Tournament on Wednesday,"PENSACOLA, FLA. - Ninth-seeded Coastal Carolina women's basketball (14-17, 7-11) will face 12th-seeded South Alabama in their first game of the Sun Belt Tournament on Wednesday at the Pensacola Bay Center in Pensacola, Fla.",https://ground.news/interest/coastal-carolina-university-athletics
