outlet,bias,headline,summary,ground_news_interest_url
India TV News,Right,"10 killed, 20 injured in Iranian strikes in Israel's Beit Shemesh after Khamenei's death","As many as 10 people were killed and 20 others were injured in Iranian strikes in Israel's Beit Shemesh on Sunday. This development comes a day after Iran's Supreme Leader Ayatollah Ali Khamenei was killed in joint precision strikes by the United States (US) and Israel.  Beit Shemesh is a city in central Israel, which is 30 km or 19 miles from west of Jerusalem. Israel's medical emergency teams have arrived at the spot for the rescue operation. …",https://ground.news/interest/india-tv-news
Helsingin Sanomat,Lean Left,"Middle East | Strikes on Iran Were a “Clever Deception,” Says Military Expert","Military expert Esa Kelloniemi estimates that the US and Israeli airstrikes are unlikely to succeed in overthrowing the Iranian regime. However, the strikes have been a militarily skillful operation.",https://ground.news/interest/helsingin-sanomat
Le Monde,Lean Left,Airstrikes on Iran: How the US and Israel hope to bring down the regime,"The goal of the US-Israeli strikes is ambitious. The top target on their list was Iran's Supreme Leader Ali Khamenei, whose death was confirmed by Iranian state media on Sunday. Donald Trump and Benjamin Netanyahu have also targeted the country's ballistic missile capabilities.",https://ground.news/interest/le-monde
Welt,Right,"Military Strike Against Iran: ""Time Window of Vulnerability"" – with This Opportunity, the Order to Attack Was Issued","The Israeli-American offensive against Iran was meticulously prepared and met the leadership unprepared. For the goal of overthrowing the regime in Tehran, an expert predicts a special window of opportunity.",https://ground.news/interest/welt
i24NEWS,Right,"Israel, US launched strikes as Kamenei met with inner circle",🚨 Red alert sirens in northern Israel activated by hostile aircraft penetrating Israeli airspace,https://ground.news/interest/i24news
The New Arab,Lean Left,"Israel, US attacked as Iran leader met with inner circle: report","Israel and the U.S. timed their attack on Iran on Saturday to coincide with a meeting the country’s supreme leader, Ali Khamenei, was holding with top aides, according to two U.S. sources and a U.S. official familiar with the matter. Israel said Khamenei was killed along with top lieutenants including Ali Shamkhani, the powerful former National Security Council secretary, and Mohammad Pakpour, Islamic Revolutionary Guard Corps (IRGC) commander. …",https://ground.news/interest/newarabcom
Xinhua,Left,"Flash: Israeli military reports launching new wave of strikes on Iran's ballistic missile and air defense systems, explosion heard in Tehran","Flash: Israeli military reports launching new wave of strikes on Iran's ballistic missile and air defense systems, explosion heard in Tehran",https://ground.news/interest/newscn
China Daily,Lean Left,"Israeli military reports launching new wave of strikes on Iran's ballistic missile and air defense systems, explosion heard in Tehran",,https://ground.news/interest/china-daily
breakingthenews.net,Center,Israel begins new wave of strikes in Iran,"Israel has begun a fresh wave of attacks on Iran, with blasts heard in the nation's capital, Tehran, as war spreads across the Middle East, following US-Israeli strikes on Saturday.Several other Irani...",https://ground.news/interest/breakingthenewsnet
Ynet News,Lean Left,IDF confirms: 'Another wave of strikes in Iran'; report: 'Powerful explosions in Tehran',,https://ground.news/interest/ynet-news
The Hindu,Lean Left,Iran-Israel conflict LIVE: Iran media outlets report strikes hit hospital in Tehran; U.S. says destroyed headquarters of Iran's Revolutionary Guards,"Israel-Iran conflict LIVE updates: The Israeli military said it launched a wave of strikes targeting Iranian ballistic missile and air defence sites on Sunday (March 1, 2026). Follow The Hindu for more updates.",https://ground.news/interest/the-hindu
Reuters,Center,"Israel, US launched strikes as Iranian leader met with inner circle, sources say","Israel and the U.S. timed their attack on Iran on Saturday to coincide with a meeting the country’s supreme leader, Ali Khamenei, was holding with top aides, according to two U.S. sources and a U.S. official familiar with the matter.",https://ground.news/interest/reuters_fa2539
Market Screener,Center,Israeli military says it has launched another wave of strikes against Iran's ballistic missile and air defense systems,"Israeli military says it has launched another wave of strikes against Iran's ballistic missile and air defense systems -March 28, 2026 at 07:31 pm EST MarketScreener",https://ground.news/interest/marketscreenercom
HuffPost,Left,"Israel, U.S. Launched Strikes As Iranian Leader Met With Inner Circle: Reuters Report",The location of the meeting was not immediately clear.,https://ground.news/interest/huffpost
The Jewish Chronicle,Right,The Iran war has been a showcase for new weapons systems – from Lucas drones to Blue Sparrow,It is thought that Israel used the Blue Sparrow to kill the ayatollah,https://ground.news/interest/thejccom
One News Page,Center,What is Blue Sparrow? Israel's 'missile from space' that killed Iranian Supreme Leader Ayatollah Ali Khamenei,"Israel reportedly used its Blue Sparrow missile, which exits the Earth's atmosphere before re-entering to hit its target, to kill Irania Supreme Leader Ayatollah Ali Khamenei.",https://ground.news/interest/one-news-page
The American Spectator,Right,US Mosques Hold Memorials for Iran’s Supreme Leader – The American Spectator | USA News and Politics,"Over the weekend, President Donald Trump announced, “Iran’s formerly supreme leader Ayatollah Khamenei is dead.” The Iranian leader was eliminated during a coordinated U.S.–Israeli military operation that targeted senior Iranian officials and military sites across Tehran as part of Trump’s Operation Epic Fury. News of Khamenei’s death triggered celebrations among many Iranians around the world. Videos depict Iranians in cities such as Los Angele…",https://ground.news/interest/the-american-spectator
The Express Tribune,Center,Iran throws down the gauntlet to US,Araghchi says ready and 'waiting' for US invasion; Tehran strike sparks Bahrain refinery blaze,https://ground.news/interest/the-express-tribune
News Addicts,Far Right,Inside the Strike: Israel’s Space-Arc Missile that Removed Iran’s Leader,"The February operation that killed Ayatollah Ali Khamenei was a coordinated U.S.-Israeli action relying on months of intelligence, deliberate deception, and a jet-launched ballistic missile that briefly left the atmosphere before striking Tehran. The post Inside the Strike: Israel’s Space-Arc Missile that Removed Iran’s Leader appeared first on News Addicts.",https://ground.news/interest/newsaddictscom
EADaily,Right,The Iranian Navy attacked the US aircraft carrier Abraham Lincoln,The Iranian naval forces attacked the American aircraft carrier USS Abraham Lincoln located in the waters of the Gulf of Oman.,https://ground.news/interest/eadaily
El Periódico,Center,Iran Announces Drone Attack on the Aircraft Carrier 'Abraham Lincoln',"Iran's Armed Forces have reported on Thursday a drone attack on the U.S. aircraft carrier 'USS Abraham Lincoln' in the Gulf of Oman as the offensive launched on Saturday by the U.S. and Israel has now resulted in 1,200 deaths in Iranian territory.",https://ground.news/interest/el-periodico
Inquirer,Lean Left,Iran state TV: Drones struck aircraft carrier USS Abraham Lincoln,"TEHRAN, Iran — Iranian state TV said Thursday that drones fired by the Revolutionary Guards, the ideological arm of the Islamic republic’s military, had struck the aircraft carrier USS Abraham Lincoln. State television did not provide any details on the claim. The Guards had previously alleged to have hit the US carrier, but the Pentagon said at the time that the “missiles launched didn’t even come close.” READ: Trump says US in ‘very strong pos…",https://ground.news/interest/inquirer
stern.de,Center,Iran's Armed Forces Report Attack on u.s. Aircraft Carriers,"Iran's armed forces report a drone attack on the ""U.S. Abraham Lincoln"", reportedly approaching the coast of Iran.Iran's armed forces attacked a U.S. aircraft carrier. The aircraft carrier ""U.S. Abraham Lincoln"" had been hit by combat drones of the Revolutionary Guard Navy, reported the Iranian state radio. After the ship had approached the Iranian coast only a few hundred kilometers, it had been attacked, according to the report on the central …",https://ground.news/interest/sternde
PressTV,Right,USS Abraham Lincoln flees after precision strike by IRGC drones in Sea of Oman,"IRGC Navy has targeted the USS Abraham Lincoln aircraft carrier using advanced drones, forcing the strike group into a retreat from Iranian waters.",https://ground.news/interest/presstv
n-tv.de,Right,Attack on Iran Liveticker: +++ 20:12 Iran's Revolutionary Guards Report Attack on Us Aircraft Carriers Again +++,"Berlin, Washington, Brussels - everywhere. ntv reports on all important scenes of internal and foreign policy.",https://ground.news/interest/n-tvde
United Methodist Insight,Left,Iran’s Supreme Leader Killed By US-Israeli Strikes: What Now For Religious Minorities?,"Iran, a country of 93 million, has been controlled by Shia’ Muslims hostile to religious and ethnic minorities as well as women since seizing control following the Islamic Revolution in 1979.",https://ground.news/interest/united-methodist-insight
Boston Globe,Lean Left,"When a tyrant dies, decent people rejoice - The Boston Globe",The ayatollah is gone. The people he terrorized have every reason to dance.,https://ground.news/interest/boston-globe
The Globe & Mail,Center,"Iran’s Supreme Leader is dead, but the Islamic Republic was always bigger than just him","By making Ayatollah Khamenei a martyr and continuing their strikes on Iran, the U.S. and Israel risk unifying a more aggrieved country",https://ground.news/interest/the-globe-and-mail
Metro News,Lean Left,British Iranians hope to return home after Ayatollah Khamenei's death,Open the article to view the coverage from Metro News,https://ground.news/interest/metro-news
news.amomama.com,Center,Donald Trump Breaks Silence with a 7-Word Message Following Iran Leader's Death,"After reports confirmed the death of Iran’s Supreme Leader, Donald Trump responded with a seven-word message that quickly drew global attention. The statement came as U.S. strikes on Iran intensified and the region braced for further escalation. The Middle East was plunged into shocking uncertainty after Iranian media outlets reported...",https://ground.news/interest/newsamomamacom
fr.de,Lean Left,Trump with Serious Error? Candidates for Chamenei Succession Killed in Attack in Iran,"Who is to lead Iran in the future? Donald Trump speaks of ""very good candidates."" But maybe everyone is already dead.",https://ground.news/interest/frde
kreiszeitung.de,Center,Trump with Severe Iran Error? Candidates for Chamenei Succession Killed in Attack,"Who is to lead Iran in the future? Donald Trump speaks of ""very good candidates."" But maybe everyone is already dead.",https://ground.news/interest/kreiszeitungde
romaniatv.net,Right,"Trump: ""the Attack Has Been so Successful that It Has Eliminated Most of the Candidates to Succeed, They're All Dead"" / ""I Caught Khameni Before He Caught Me""","U.S. President Donald Trump argues that the attacks in which Iran's senior leader Ali Khamenei was killed also led to the death of the candidates who Washington had for a power transition to Tehran, informs the EEF, taken by Agerpress. ""The attack was so successful that most candidates were killed"" / ""I caught Khamenei before he caught me"" appeared first on Romania TV.",https://ground.news/interest/romaniatvnet
Coda Story,Left,"The strike, the illusion of regime change, and what comes next","That Iran's Supreme Leader, Ayatollah Ali Khamenei, should disappear, or be disappeared, from the scene was not a novel notion.  Throughout my nearly five years in Tehran at the turn of this century, speculation about his health and longevity was a near-constant background hum. He was reported, or rumoured, to be mortally stricken by prostate cancer, his constitution already weakened by an assassination attempt in 1981 that left his right arm la…",https://ground.news/interest/coda-story
WA today,Center,Tracking the war: Maps show what US and Israel struck – and where Iran retaliated,"Within hours of the first strikes against Iran, the country’s Supreme Leader Ayatollah Ali Khamenei was dead – alongside masses of civilians and three American troops. Here’s 3 maps showing the origins of the US-Israel-Iran conflict.",https://ground.news/interest/wa-today
WRTV,Center,War in Middle East intensifies as Trump vows US strikes on Iran will continue,"At least four American soldiers have died as the war in the Middle East continues to intensify and Iran and its proxy forces launch retaliatory strikes against Israel and Arab states, while U.S. and Israeli strikes target sites in Iran.At least 555 people have been killed in Iran so far. The U.S. Embassy compound in Kuwait was hit, and at least three American fighter jets were accidentally shot down by Kuwaiti air defenses, U.S. military officia…",https://ground.news/interest/wrtv
New Statesman,Left,"When Donald Trump bombs, Keir Starmer obeys",America wants regime change in Iran. Why is Britain following them into disaster again?,https://ground.news/interest/newstatesmancom
DNyuz,Right,Trump Comes Clean on Ultimate Iran Strike Blunder,"President Donald Trump admitted on Sunday that the U.S. had a number of candidates in mind to take over Iran following the death of Supreme Leader Ayatollah Ali Khamenei, but they were killed in the initial strikes on the country. Trump made the revelation in a phone call to ABC News, admitting that “the attack was so successful it knocked out most of the candidates.” Speaking to ABC’s Jonathan Karl on Sunday night, the president added, “It’s no…",https://ground.news/interest/dnyuz
News.de,Lean Left,Donald Trump Hails Ali-Chamenei-Death: Succession Arrangement Found After Ayatollah Elimination in Iran,"After the death of Ayatollah Ali Khamenei during air raids in Tehran, Iran stands at the crossroads: Who takes over the scepter after the elimination of the Supreme Leader? Not every future scenario would US President Trump play into the cards.",https://ground.news/interest/newsde
Frontpage Mag,Far Right,"Trump on Ayatollah Khamenei: ""I Got Him Before He Got Me""","""They tried twice. Well I got him first."" The post Trump on Ayatollah Khamenei: “I Got Him Before He Got Me” appeared first on Frontpage Mag.",https://ground.news/interest/frontpage-mag
People's Daily,Center,"Timeline: U.S.-Israel strikes on Iran trigger escalation, Khamenei killed - People's Daily Online","This photo, taken on March 1, 2026, shows smoke rising in Tehran, Iran. On Sunday evening, Iran's s",https://ground.news/interest/peoples-daily
Xinhua,Left,"Timeline: U.S.-Israel strikes on Iran trigger escalation, Khamenei killed","Timeline: U.S.-Israel strikes on Iran trigger escalation, Khamenei killed",https://ground.news/interest/newscn
Star Advertiser,Center,"Ayatollah Ali Khamenei, hard-line cleric who made Iran a regional power, dies at 86 | Honolulu Star-Advertiser","Ayatollah Ali Khamenei, who in more than three decades as Iran’s supreme leader turned the Islamic Republic into a regional power, brutally crushing dissent at home, and maintaining unswerving hostility to the United States and Israel, died Saturday during U.S. and Israeli military strikes on his country. He was 86.",https://ground.news/interest/star-advertiser
NY Daily News,Lean Left,New Yorkers respond to death of Ayatollah Khamenei with mixed emotions,"As U.S. politicians and protesters roundly condemned the nation’s major attack on Iran, New Yorkers of Iranian descent expressed a mix of joy and trepidation Sunday after Ayatollah Khamenei was killed in the American and Israeli forces’ military strikes. Milad Hour, 40, said he traveled from his home in Connecticut to Ravagh Persian Grill on Madison Ave. in Flatiron, where Persian flags bedecked the premises, “for celebrating,” noting: “They kil…",https://ground.news/interest/ny-daily-news
We Got This Covered,Lean Left,Trump's advisers warned him an Iran war would be catastrophic. He ignored them. Now he's managing the fallout with ALL CAPS tweets on Truth Social,"The president of peace is at war. Just days after Donald Trump stood before Congress for his 2026 State of the Union address and boasted that his presidency had ushered in a golden age of strength and stability, the United States and Israel launched another military campaign against Iran. The president didn’t announce the attack in a formal address from the Oval Office, but rather in an eight-minute video posted to Truth Social at 2:30 a.m., whi…",https://ground.news/interest/we-got-this-covered
CBS News,Center,"Iran's Prince Reza Pahlavi says ""this is our chance"" after Khamenei's death","Prince Reza Pahlavi, a leader of the opposition to the Islamic Republic, discusses whether regime change is coming, who leads a transition, and nuclear weapons.",https://ground.news/interest/cbs-news
IBTimes UK,Lean Left,Trump Warns of More US Casualties Amid Middle East Tensions,"Public anxiety over the widening Middle East conflict has intensified after fresh US and Israeli strikes on Iran, and US President Donald Trump has now issued one of his starkest warnings yet. In a series of posts on Truth Social, he defended the ongoing military campaign as a vital act of defence and cautioned Americans that more US troops are likely to die as the crisis drags on. The president's latest remarks follow a weekend of heavy bombard…",https://ground.news/interest/ibtimes-uk
Chicago Tribune,Center,"Air strikes, death of Ayatollah Khamenei, celebrated by many in Chicago Iranian community",Many in Chicago's Iranian community are in high spirits after Iran’s Supreme Leader Ayatollah Ali Khamenei was reported dead following a major attack Saturday by the United States and Israel.,https://ground.news/interest/chicago-tribune
KVRR Local News,Center,Jerusalem under fire as Trump says fighting in Iran could last '4 weeks or so',U.S.-Israeli strikes on Iran continued for a second day on Sunday after the killing of Iranian Supreme Leader Ayatollah Ali Khamenei threw the future of the Islamic Republic into uncertainty and raised the risk of regional instability. There were explosions in Tehran on Sunday night as Israel said it was taking its attacks to the “heart” of Iran’s capital. Iran retaliated by firing missiles and drones at Israel and at U.S. military installations…,https://ground.news/interest/kvrr-local-news
KUTV,Right,Trump signals willingness to talk to new leadership after Khamenei's death,"The U.S. and Israel pounded targets across Iran on Sunday, dropping massive bombs on the country's ballistic missile sites and wiping out warships as part of an",https://ground.news/interest/kutv
Associated Press News,Lean Left,"Some celebrate in Iran after supreme leader's death, but deep fear and uncertainty remain","Some of the jubilation was open and even raucous. People danced in Iranian streets, honked car horns in celebration and screamed joyfully from windows and rooftops over the killing of the country’s supreme leader.",https://ground.news/interest/associated-press-news
Signs of the Times,Right,Poker with the world: How Trump played a Trump card of diplomacy...,"Political Card Sharps: Negotiations as a Smokescreen for a Missile Strike, or Why America Can Never, Under Any Circumstances, Be Trusted While world leaders discussed the prospects for peace in the Middle East and Iranian diplomats were engaged in grueling negotiations in Geneva, haggling over the terms of their peaceful nuclear program, the death sentence for those talks had already been signed in Washington. On the morning of February 28, 2026…",https://ground.news/interest/sottnet
Real Clear Politics,Right,"Khamenei, One of Most Evil People in History, Is Dead","Khamenei, one of the most evil people in History, is dead. This is not only Justice for the people of Iran, but for all Great Americans, and those people from many Countries throughout the World, that have been killed or mutilated by Khamenei and his gang of bloodthirsty THUGS. He was unable to avoid our Intelligence and Highly Sophisticated Tracking Systems and, working closely with Israel, there was not a thing he, or the other leaders that ha…",https://ground.news/interest/real-clear-politics
Australian Financial Review,Right,American troops killed as Iran vows to avenge slain supreme leader,Donald Trump says Iran’s new leaders want to talk as death toll rises amid continued air strikes from both sides.,https://ground.news/interest/australian-financial-review
Channel 4,Lean Left,Khamenei dead: What next for Iran and the Middle East?,There was no shortage of bombast from Donald Trump on the second day of his war with Iran.,https://ground.news/interest/channel-4
The Algemeiner,Right,Global Leaders React to the Killing of Iran’s Khamenei,A woman holds a poster with the picture of Iran’s Supreme Leader Ayatollah Ali Khamenei as people gather after Khamenei …,https://ground.news/interest/the-algemeiner
National Post,Right,"Iran could be more dangerous than ever after Khamenei’s death, says Israeli ambassador","OTTAWA — Israel's top diplomat in Canada says the elimination of Iran's head of state in coordinated U.S.-Israeli airstrikes doesn't necessarily mean the country's Islamist regime is critically compromised, in fact, he says it could now be more dangerous than ever.",https://ground.news/interest/national-post
Seeking Alpha,Right,Trump says Iran’s new leaders want talks after strikes that killed Khamenei,"Trump signals talks with Iran after U.S. strikes kill Khamenei, raising risks for oil prices, markets and elections.",https://ground.news/interest/seeking-alpha
KYMA,Center,Iranians in Los Angeles celebrate after Iran's supreme leader was killed,"LOS ANGELES (NBC, KYMA) - Many Iranians in Los Angeles celebrated throughout Saturday after learning of the death of Supreme Leader Ali Khamenei. Many have friends and family still in the country and say this is a turning point for Iran. In the heart of Little Tehran, the mood is joyful and electric, with people dancing in the streets, waving Iranian and American flags. ""This is a very special time, and this is a very good day,"" said Rumi, a six…",https://ground.news/interest/kyma
The Sun (Lowell),Center,Key things to know about the US-Israel conflict with Tehran,"By Bloomberg News The U.S. and Israel launched coordinated, massive missile attacks on Iran that killed Supreme Leader Ayatollah Ali Khamenei. The strikes targeted the country’s military and were intended to prevent it from developing a nuclear weapon. Iran countered with missile strikes at targets across the Mideast. The market impacts, particularly on oil, remain unclear, but some digital assets rallied on the tumult. Here is the latest as of …",https://ground.news/interest/the-sun-lowell
The Conversation,Center,"U.S.-Israeli strikes against Iran may succeed on a military basis, but at what cost?","Even if the U.S. and Israel succeed in bringing about regime change in Iran, they may create an even worse geopolitical situation.",https://ground.news/interest/the-conversation
Helsinki Times,Lean Left,Missile exchanges widen after Khamenei killing,"Iran and Israel exchange strikes after Ayatollah Ali Khamenei was killed in US-Israeli attacks. Missile fire hits Israel and Gulf states, oil prices surge and an Iranian school bombing death toll rises to 148.",https://ground.news/interest/helsinki-times
Tioga Publishing,Center,Latest developments as Iran lashes out after US-Israel strikes kill Khamenei,"Iran fired missiles across the Middle East on Sunday after vowing to avenge the death of its supreme leader Ayatollah Ali Khamenei, while Israel conducted fresh strikes on Tehran.",https://ground.news/interest/tioga-publishing
KTLO LLC,Center,Senator Cotton says not a simple answer as to who will lead Iran now,"CBS News – U.S. Senator for Arkansas Tom Cotton, the chairman of the Senate Intelligence Committee, said Sunday that there’s “not a simple answer” as to who will lead Iran after the death of Ayatollah Ali Khamenei in a massive U.S.-Israeli military operation a day earlier. “I don’t think anyone can give you a simple answer,” Cotton said on “Face the Nation with Margaret Brennan. “There’s probably a lot of jockeying inside of Iran right now; they…",https://ground.news/interest/ktlo-llc
Greek Reporter,Right,"Strikes on Iran Continue as Tehran Retaliates with Attacks on Israel, Gulf Countries","Residential buildings in ruins in Israel’s Beit Shemesh after an Iranian retaliatory airstrike. Credit: AMNA/EPA/ABIR SULTAN In the aftermath of Saturday’s U.S.-Israel strikes that killed Iran’s Supreme Leader Khamenei, Tehran has continued to attack Israel and Gulf countries over the night and on Sunday while Israel has also continued its offensive on Iran. Israeli Prime Minister Netanyahu said the strikes on Tehran will only increase even more…",https://ground.news/interest/greek-reporter
Scroll India,Lean Left,Israel: At least nine killed in Iranian missile strike on Beit Shemesh city,The missile was part of retaliatory attacks launched by Tehran a day after its Supreme Leader Ayatollah Ali Khamenei was killed in joint US-Israel strikes.,https://ground.news/interest/scroll-india
News,Right,‘One of the most evil people in history’,"Long despised before being killed by Donald Trump, Iran’s Supreme Leader Ali Khamenei ruled with horrifying brutality for 36 years.",https://ground.news/interest/news_356a3f
Independent Sentinel,Right,"Latest Iran News: Revenge, Threats, & Street Mobs","Israel and the US continue to trade military strikes with Iran, a day after Supreme Leader Ayatollah Ali Khamenei was killed in Israel-US strikes. The Trump administration targeted the country’s missile capabilities, which can hit Europe and US assets. Iran launched retaliatory drone and missile strikes against American and Israeli targets after the joint U.S.-Israeli […] The post Latest Iran News: Revenge, Threats, & Street Mobs appeared first …",https://ground.news/interest/wwwindependentsentinelcom
iNews,Center,Who could be the next leader of Iran - and how Trump might react,Impartial news & intelligent debate,https://ground.news/interest/inews
Moneycontrol,Right,Saudi prince quietly lobbied Trump for military action on Iran,The US and Israel went on to carry out joint strikes targeting Iranian military and government sites after nuclear talks stalled and amid claims that Tehran had resumed aspects of its nuclear programme,https://ground.news/interest/money-controlcom
The Western Journal,Right,'Bloodthirsty Thugs': Trump Celebrates Killing of Iranian Regime Leader in Lengthy Post,"Long-deferred justice arrived in Iran on Saturday, President Donald Trump wrote, announcing that  Ayatollah Ali Khamenei is dead. Israeli attacks targeted Khamenei’s compound as the U.S. and Israel launched blistering […] The post 'Bloodthirsty Thugs': Trump Celebrates Killing of Iranian Regime Leader in Lengthy Post appeared first on The Western Journal.",https://ground.news/interest/the-western-journal
Hindustan Times,Center,Did Saudi Prince privately urge Trump to strike Iran? Bombshell report claims MBS made multiple calls to Trump,"Saudi Crown Prince Mohammed bin Salman advocated for military action against Iran in private talks with President Donald Trump, a Washington Post report claims.",https://ground.news/interest/hindustan-times
Telegrafi,Lean Left,How Will Iran Choose a New Leader After Khamenei's Assassination?,"The assassination of Iran's supreme leader, Ayatollah Ali Khamenei, in a joint US-Israeli attack has plunged the Islamic Republic into one of the most significant political transitions since the 1979 revolution, triggering a swift constitutional process to elect a new leader as the country grapples with regional escalation and domestic insecurity. Khamenei, who dominated Iran's political and religious landscape for nearly three decades, was kill…",https://ground.news/interest/telegrafi
South China Morning Post,Center,Will Iran collapse without Khamenei or can its regime endure?,"Experts see short-term stability, but warn that deeper structural strains could emerge once the immediate shock subsides.",https://ground.news/interest/south-china-morning-post
Middle East Eye,Left,How Iran erupted with screams and cheers as news of Khamenei’s killing hit the streets,"Impromptu celebrations broke out in cities across the country as the supreme leader's death was announced, followed by huge demonstrations of mourning and loyalty",https://ground.news/interest/middle-east-eye
il Giornale,Right,"""The Most Evil Is Dead. Now Freedom for Iranians""","Trump: ""Never nuclear in Tehran. The people will tell me who they want as successor."" Vance's role in the attack",https://ground.news/interest/ilgiornaleit
Variety,Lean Left,Iranian Independent Filmmakers Association Supports U.S. And Israeli Attacks in Iran That Have Killed Supreme Leader Ali Khamenei,Iranian Independent Filmmakers Association supports U.S. and Israeli attacks in Iran that have killed Supreme Leader Ali Khamenei.,https://ground.news/interest/variety
Dorset Echo,Center,Iran's Supreme Leader killed in air strikes,"Supreme Leader Ayatollah Ali Khamenei has died in a major attack on Iran launched by Israel and the United States, Donald Trump has said.",https://ground.news/interest/dorset-echo
intellinews.com,Center,OBITUARY: Iran's Supreme Leader Ali Khamenei killed in US-Israeli strikes aged 86,"Ali Khamenei, Iran's second supreme leader, has been killed in joint US-Israeli military strikes at the age of 86, ending 36 years of rule that shaped the Islamic Republic's trajectory.",https://ground.news/interest/intellinewscom
Politics Home,Center,John Healey Warns UK Bases at Risk Of ‘Indiscriminate’ Strikes After Ayatollah Death,Iran’s Supreme Leader Ayatollah Ali Khamenei has been killed in a coordinated United States and Israeli military offensive.,https://ground.news/interest/politics-home
UnHerd,Center,Khamenei’s death is not the end of the Islamic Republic,"Overnight, both Donald Trump and Iranian officials confirmed what had been rumored for hours: Iran’s Supreme Leader, Ayatollah Ali Khamenei, is dead. The build-up to this moment had been coming for weeks, but it became clear over the last few days that the second American-Israeli military campaign against the Islamic Republic of Iran was imminent. Though Trump’s administration was still negotiating with the mullahs over Tehran’s nuclear weapons …",https://ground.news/interest/unherd
Modern Diplomacy,Right,Khamenei's Death Triggers New Strikes on Iran and Warning From Trump,"Israel announced on Sunday that it had carried out new attacks on Iran following the killing of Supreme Leader Ayatollah Ali Khamenei in U. S. and Israeli air strikes. Iran’s state media confirmed Khamenei’s death, reporting that he was killed in a coordinated military operation. The strikes also resulted in the death of Iran’s Armed […] The post Khamenei’s Death Triggers New Strikes on Iran and Warning From Trump appeared first on Modern Diplom…",https://ground.news/interest/modern-diplomacy
NDTV,Right,"Saudi Prince Lobbied Trump To Strike Iran, Called Him Multiple Times Privately","Saudi Crown Prince Mohammed bin Salman made multiple private phone calls to US President Donald Trump last month pushing for a strike on Iran despite favouring diplomacy publicly, the Washington Post reported.",https://ground.news/interest/ndtv
Al Jazeera,Lean Left,"US-Israel attacks on Iran, day 2: Khamenei is killed, Iran retaliates",Iran carries out retaliatory attacks as supreme leader is killed in US-Israeli attacks pushing the region to the edge.,https://ground.news/interest/al-jazeera_1a2e2c
Los Angeles Times,Lean Left,Iran’s Supreme Leader Dies in Intense Attack by the u.s. and Israel · Global Voices,"U.S. President Donald Trump announced his death hours earlier, saying he gave the Iranians their “greatest chance” to “recover” the country.",https://ground.news/interest/los-angeles-times
ABP News,Right,US And Israel Airstrikes Kill Iran’s Top Leaders: Latest Confirmed Casualties,Iran confirms Supreme Leader Ayatollah Ali Khamenei and senior military officials were killed in joint US-Israel airstrikes targeting a high-level defence meeting in Tehran.,https://ground.news/interest/abp-news
Bowen Island Undercurrent,Lean Left,Explosion rocks Iran’s capital as Israel says it is targeting the city after strikes killed Khamenei,"DUBAI, United Arab Emirates (AP) — An enormous explosion rocked Iran’s capital Sunday as the Israeli military said it was targeting the heart of the city.",https://ground.news/interest/bowen-island-undercurrent
CGTN,Lean Left,Exclusive Q&A: Iranian journalist on Khamenei's death and Hormuz closure,"As tensions escalate following the strike that killed Iranian Supreme Leader Ali Khamenei and over 40 high-ranking Iranian officials, CGTN conducted a written interview with Mehdi Latifi, editor-in-chief of Ana News Agency in Tehran, to gain insight into conditions on the ground, domestic reactions, and the broader regional implications.",https://ground.news/interest/cgtncom
Semafor,Lean Left,"Iran supreme leader killed in US, Israel attack","Iran’s Supreme Leader Ayatollah Ali Khamenei was killed in US-Israeli attacks on the country, Tehran confirmed, a death that will upend Iranian politics with no clear successor in sight amid huge international pressure on the regime and domestic anger following a crackdown on dissent.Khamenei had ruled Iran since 1989, seeing off opponents at home while extending Tehran’s power across the Middle East via a network of proxies in Lebanon, Iraq, Sy…",https://ground.news/interest/semaforcom
Corriere Della Sera,Center,"The Double Game of Saudi Prince Mohammed Bin Salman in the Attack on Iran: ""the Phone Calls to Convince Trump, While in Public He Said the Opposite""",Officially the Saudi Crown Prince MBS claimed to support a diplomatic solution. In fact several sources reconstruct numerous private phone calls to Trump to support the need for the attack on Iran,https://ground.news/interest/corriere-della-sera
SBS News,Lean Left,"'Cutting out cancer': Australians cheer Khamenei's death, amid 'conflicting' feelings for Iran","Iranian-Australians are concerned about their loved ones amid recent strikes, but some are also celebrating.",https://ground.news/interest/sbs-news
Firstpost News,Center,What happens next in Iran after Ayatollah Khamenei’s death?,"Iran confirmed the death of Ali Khamenei in US-Israel strikes, followed by Iranian missile and drone attacks on Israel and Gulf states hosting US bases. A constitutional council has taken charge while the Assembly of Experts begins selecting a new supreme leader",https://ground.news/interest/firstpost-news
sgtreport.com,Right,"US-Israeli attack on Iran plunges Middle East into chaos: LIVE UPDATES, VIDEOS, PHOTOS","from RT: The joint attack against the Iranian leadership has triggered a wave of retaliatory strikes across the region Iran’s Supreme Leader Ayatollah Ali Khamenei and the commander of the Islamic Revolutionary Guard Corps (IRGC), General Mohammad Pakpour, have been killed in the ongoing joint US-Israeli attack. President Donald Trump ordered “major combat operations” on Saturday, with […]",https://ground.news/interest/sgtreportcom
NewsBusters,Right,WashPost Touts Khamenei as Man With an ‘Easy Smile’ and Love of 'Poetry',"In the wake of Iranian Supreme Leader Aylatollah Khamenei coming down with a killer headache after getting a U.S. warhead on his forehead, on Saturday, The Washington Post published one of their infamous glowing remembrances of Islamic terrorists. The paper fondly remembered the brutal Islamic dictator as a “avuncular figure” with an “easy smile” and love for “Persian poetry.” Readers might remember when The Post fluffed up the former leader of …",https://ground.news/interest/newsbusters
Il Post,Lean Left,The Videos of the Celebrations in Iran for the Killing of Ali Khamenei,"There have been demonstrations in various cities with dances, choirs and horns",https://ground.news/interest/il-post
IOL,Center,MIDDLE EAST AT WAR |Ayatollah Ali Khamenei killed in US and Israeli strikes on Iran,"Iranian state television confirmed Khamenei's death early Sunday, hours after President Donald Trump announced the killing of the 86-year-old cleric he described as "" one of the most evil people in History"".",https://ground.news/interest/iol
franceinfo.fr,Lean Left,"Direct. War in the Middle East: After the Death of Guide Ali Khamenei, Donald Trump Threatens Iran with an ""Unprecedented"" Response in Case of Reprisals","Iran's supreme guide Ali Khamenei died on Saturday, confirmed Tehran. But the conflict in the region is still raging and strikes continue to fall in Iran and the region.",https://ground.news/interest/franceinfofr
Euronews,Center,Trump: We will hit them with a force that has never been seen before,"Trump warned Iran against escalating attacks, while Iran’s parliamentary speaker vowed “devastating blows” in response to the killing of Ayatollah Ali Khamenei and continued US-Israeli strikes.",https://ground.news/interest/euronews
aninews.in,Right,Will hit them with force they have never seen: Trump warns Iran as they vow retaliation after Khamenei's death,"In a Truth Social post, Trump said that Iran must not take such a step, otherwise it will result in a strong attack with a ""force which they have never seen before.""",https://ground.news/interest/aninewsin
Express US,Right,Donald Trump responds in capitals to Iran's 'devastating' threat,U.S. President Donald Trump issued a stark warning to Iran after it threatened retaliation for the death of Supreme Leader Ayatollah Ali Khamenei.,https://ground.news/interest/the-expresscom
Times of India,Right,"Middle East on edge as Iran strikes Israel, Gulf bases after Khamenei assassination",Iran launched missile and drone attacks on Israel and Gulf Arab nations. This action followed the killing of Supreme Leader Ayatollah Ali Khamenei in a joint U.S.-Israeli strike. President Donald Trump responded with strong warnings against further escalation. The attacks disrupted flights and caused damage in several countries. Iran declared mourning for Khamenei.,https://ground.news/interest/times-of-india
TMZ,Right,Iranians Party in the Streets After Assassination of Their Supreme Leader: Video,"The people of Iran are so happy Supreme Leader Ayatollah Ali Khamenei was killed Saturday by a U.S.-Israeli military strike, they're celebrating in the streets around the country. In a video on social media, scores of Iranians are seen partying in…",https://ground.news/interest/tmz
illawarramercury.com.au,Lean Left,'Everyone wanted freedom': Iranians dance in celebration at North Wollongong,"Illawarra's Iranian community celebrates Ayatollah Khamenei's death after US-Israel strike on Iran, hoping for a safer future.",https://ground.news/interest/illawarramercurycomau
Sydney Morning Herald,Lean Left,Trump killed Iran’s leader. It’s doubtful he has ideas beyond that,Trump has sent a call to arms for the Iranian people to rise up against an unpopular regime. But that regime has thrived on the idea of resistance against overwhelming odds.,https://ground.news/interest/sydney-morning-herald
The Last Refuge,Far Right,President Trump Confirms Ayatollah Khamenei is Dead,"Iran’s state media delivered the message this way: “To the noble and proud people of Iran: With the ultimate grief and sorrow this is to inform you that following the barbaric attack by the criminal governments of America and the evil Zionist regime, the true example of faith, jihad and resistance, the Supreme Leader of […]",https://ground.news/interest/the-last-refuge
Revolver,Right,Saudi Crown Prince Privately Lobbied Trump to Strike Iran…,,https://ground.news/interest/revolver
KSNV,Right,'A breath of fresh air:' Iranian-Americans in Las Vegas react to supreme leader's death,"In Las Vegas, some demonstrators criticized the decision to strike Iran, while others voiced support for the operation.",https://ground.news/interest/ksnv
El Debate,Right,Iran Activates Transitional Council After Khamenei's Death in u.s. and Israeli Attacks,The Assembly of Experts will have to elect the new supreme leader after the bombings that left more than 200 dead and led the leadership of the regime...,https://ground.news/interest/el-debate
Newser,Lean Left,Trump: 'One of the Most Evil People in History' Is Dead,"President Trump announced on Saturday that the attacks on Iran by the US and Israel have killed Ayatollah Ali Khamenei, the nation's supreme leader for nearly four decades. ""Khamenei, one of the most evil people in History, is dead,"" Trump wrote on Truth Social. The killing could have a sweeping...",https://ground.news/interest/newsercom
Channel News Asia,Center,"Iran's Ayatollah Ali Khamenei, who based iron rule on fiery hostility to US and Israel, dies at 86",Ayatollah Ali Khamenei was killed on Saturday in air strikes by Israel and the US.,https://ground.news/interest/channel-news-asia
Libertad Digital,Right,"Iran Confirms the Death of the Supreme Leader, Ayatollah Ali Khamenei","Iranian public television confirmed the death of the supreme leader, news that had already been announced by the president of the United States and Israel.",https://ground.news/interest/libertad-digital
1010 WCSI,Right,Iran vows ‘decisive’ self-defense at UN after Trump kills supreme leader in Operation Epic Fury,"NEWYou can now listen to Fox News articles! Iranian Ambassador to the United Nations Amir-Saeid Iravani condemned U.S. strikes against Iran that targeted the country’s military leadership and killed Supreme Leader Ali Khamenei, calling the attack a double standard and promising the country would defend itself at a U.N. Security Council meeting Saturday. Iravani accused the U.S. of undermining its claims of pursuing international stability while …",https://ground.news/interest/1010-wcsi
foxwilmington.com,Right,Iran vows 'decisive' self-defense at UN after Trump kills supreme leader in Operation Epic Fury | Fox Wilmington WSFX-TV,"close Video Iran’s power structure crumbles, spotlight shifts to the people Fox News senior correspondent Benjamin Hall discusses Operation Epic Fury and wh ...",https://ground.news/interest/foxwilmingtoncom
The Hindu,Lean Left,Iran Supreme Leader Khamenei Killed in US Israel Strike Leaving No Successor,Ayatollah Ali Khamenei is dead at 86 after a joint US-Israeli attack on his Tehran compound. The strikes killed senior commanders and hit a school killing more than 100 people. Iran now faces a succession crisis with no clear leader and vows of retaliation.,https://ground.news/interest/the-hindu
Dawn,Lean Left,Iran Supreme Leader Ayatollah Khamenei assassinated in US-Israel strikes,"State media says attack that claimed Khamenei's life ""occurred in the early hours of Saturday""; 40 days of mourning and seven days of public holidays announced in Iran.",https://ground.news/interest/dawn_a02aa2
Ynet News,Lean Left,Report: Netanyahu and bin Salman worked for weeks to convince Trump to strike Iran,,https://ground.news/interest/ynet-news
Benzinga,Center,"Trump Says Iran's Khamenei Is Dead, Calls It 'Justice'—'Chance For The Iranian People To Take Back Their Country'","Trump claims Khamenei is dead and vows to continue military operations, framing it as an opportunity for regime change in Iran.",https://ground.news/interest/benzinga
The Free Press (Tampa),Right,The King’s Son Declares An Era Dead Following Khamenei’s Demise - Tampa Free Press,"Reza Pahlavi, the exiled son of Iran’s last shah, stated Saturday that the death of Ayatollah Ali Khamenei signals the functional collapse of the Islamic Republic. His comments followed an announcement by President Donald Trump, who confirmed that Khamenei was killed during a joint U.S. and Israeli military strike on Iran. Pahlavi, who has lived […] The King’s Son Declares An Era Dead Following Khamenei’s Demise",https://ground.news/interest/the-free-press-tampa
Malay Mail,Right,Iran confirms Khamenei’s death; Trump and Netanyahu call for uprising,"PALM BEACH, March 1 — Ayatollah Ali Khamenei, Iran’s supreme leader since 1989 and sworn enemy of the West, was killed in the opening salvo of a massive US and Israeli attack that extended into a second day Sunday, as the two powers seek to topple the Islamic republic.Iranian state television confirmed Khamenei’s death early Sunday, hours after President Donald Trump announced the killing of the 86-year-old cleric he described as “one of the mos…",https://ground.news/interest/malay-mail
Premium Times Nigeria,Lean Left,Trump says Iran’s Supreme Leader Khamenei is dead,"However, Mr Trump, in his post, said Mr Khamenei was unable to avoid US “intelligence and highly sophisticated tracking systems.” The post Trump says Iran’s Supreme Leader Khamenei is dead appeared first on Premium Times Nigeria.",https://ground.news/interest/premium-times-nigeria
9News,Right,"Trump declares Khamenei, 'one of most evil people in history', is dead",Iran's Supreme Leader Ayatollah Ali Khamenei was a key target in the US-Israel attacks and US President Don...,https://ground.news/interest/9news
The Daily Caller,Right,Deposed Iranian Ruler's Son Praises Ayatollah Being 'Erased From The Face Of History',"The last shah of Iran's son said Saturday the death of the ayatollah marks the end of the Islamic theocracy, which ousted his father from power 47 years ago.",https://ground.news/interest/the-daily-caller
Peru21,Center,"Donald Trump Confirms the Death of Iran's Supreme Leader, Ali Khamenei","Netanyahu claims that Iran's Supreme Leader, Ali Khamenei, may have been killed in a joint US-Israeli attack in Tehran, according to recent indications.",https://ground.news/interest/peru21
Chicks On The Right,Right,Khamenei Has Been Eliminated,"Well, that escalated quickly. So much for the March 13th deadline, amirite? The United States and Israel completed a strike on Iran Saturday, and the results […]",https://ground.news/interest/chicks-on-the-right
Latestly,Right,Iranian Activists Report Celebrations in Country After US Claims Death of Ayatollah Khamenei,Get latest articles and stories on World at LatestLY. Reports coming in from Iran suggest that celebrations have broken out in various parts of the country. World News | Iranian Activists Report Celebrations in Country After US Claims Death of Ayatollah Khamenei.,https://ground.news/interest/latestly
DCReport.org,Lean Left,Trump Bombed Ayatollah's Home But Not Putin's?,"Trump ordered the bombing of Ayatollah Khamenei's residence in Iran's first strike, yet refuses to target Putin's assets in Russia. Explore the glaring double standard.",https://ground.news/interest/dcreportorg
Asia Times,Lean Left,"For many Iranians, Khamenei will not be missed or mourned","Ayatollah Ali Khamenei, Iran’s supreme leader for 36 years, has been killed in US and Israeli airstrikes on his country, according to US President Donald",https://ground.news/interest/asia-times
La Tercera,Right,Trump Confirms Death of Khamenei After Massive u.s. and Israel Attack on Iran · Global Voices,"The supreme Iranian leader, Ali Khamenei, died on Saturday, as a result of the attacks that the U.S. and Israel launched on Saturday against the Islamic Republic, targeting its leaders and military assets. President Donald Trump made it known on their social networks.It was revealed that the body of the Ayatollah had been found. Satellite images showed a column of smoke and serious damage to the high security compound of Ayatollah, but for hours…",https://ground.news/interest/la-tercera
Pakistan Today,Right,Iran Launches Missile Attacks on US Bases After Strikes - Pakistan ...,,https://ground.news/interest/pakistan-today
NZ Herald,Center,Trump claims Iran leader Khamenei killed in massive US and Israeli attack,"Ayatollah Ali Khamenei, Iran’s Supreme Leader since 1989 and sworn enemy of the West, was killed in the opening salvo of a massive United States and Israeli...",https://ground.news/interest/nz-herald
NEWSREP,Right,Khamenei Dead! - Trump Touts,"With Washington declaring the man at the apex of Iran’s power structure dead, the Middle East now stands on the edge of a succession crisis that could redraw the region in ways no missile strike ever could. #Khamenei #Iran #MiddleEast #BreakingNews #RegimeChange #Geopolitics #USIsrael #IRGC #GlobalSecurity #WorldNews",https://ground.news/interest/newsrep
News 4 San Antonio,Center,Demonstrations pop up as Trump says Iran’s Khamenei killed in U.S. military operation,"Iranians in Dallas took to the streets Saturday for a “Free Iran” demonstration as major developments unfolded overseas, including reports that Iranian Supreme",https://ground.news/interest/news-4-san-antonio
PerthNow,Center,Trump boasts of killing ‘evil’ Iranian leader in strikes,"Taking to Truth Social, Mr Trump said the US and Israel’s joint strikes had killed the leader, though Iranian officials are dismissing the claim as ‘psychological warfare’.",https://ground.news/interest/perthnow
The New Indian Express,Lean Left,"'One of most evil people in history dead': Trump says Khamenei killed in massive US, Israeli attack","Trump said a major US-Israeli attack killed Iranian Supreme Leader Ayatollah Ali Khamenei, giving Iranians their “greatest chance” to reclaim their country.",https://ground.news/interest/the-new-indian-express
RTÉ,Center,Trump says Iran's supreme leader Ali Khamenei is dead,"US President Donald Trump celebrated the US-Israeli airstrikes that he said killed Iranian Supreme Leader Ayatollah Ali Khamenei, but warned attacks would continue.",https://ground.news/interest/rte
美国之音,Center,President Trump: Iranian Supreme Leader Khamenei Died on the First Day of Operation Epic Fury,"U.S. President Donald Trump confirmed on Saturday evening (February 28) that Ayatollah Ali Khamenei, the longtime Supreme Leader who rules Iran, was killed on the first day of joint U.S.-Israeli military operations.",https://ground.news/interest/_6977f3
juancole.com,Left,Could China's EVs be the Real Winner of Trump's Oil War in Iran and the Gulf?,"Ann Arbor (Informed Comment) – The illegal Israeli-US attack on Iran on February 28, 2026, set off a regional conflagration. The Israelis and the US hit targets in 24 Iranian provinces, likely concentrating on ballistic missile sites and anti-aircraft batteries, as well as Iranian Revolutionary Guards Corps (IRGC) bases. Strikes killed dozens of high government officials, including Iran’s clerical Leader, Ali Khamenei, 86, (likely) President Mas…",https://ground.news/interest/juancolecom
Radio Free Europe/ RadioLiberty,Center,Celebrations In Iran After Trump Says Ayatollah Killed In Strikes,"Videos shared on social media show people celebrating in Iran after US President Donald Trump wrote that Supreme Leader Ayatollah Ali Khamenei had been killed in US and Israeli air strikes. An Iranian Foreign Ministry spokesman denied the reports, saying Khamenei was safe.",https://ground.news/interest/radio-free-europe-radioliberty
Devdiscourse,Center,High-Stakes Strike: The Dramatic Impact of Khamenei's Death,Read more about High-Stakes Strike: The Dramatic Impact of Khamenei's Death on Devdiscourse.,https://ground.news/interest/devdiscourse
The Maine Wire,Right,"Trump Declares Khamenei Dead, Calls It “Justice” and Signals Continued Bombing Campaign","WASHINGTON- President Donald J. Trump announced in a Truth Social post, Saturday afternoon, that Iran’s Supreme Leader, Ayatollah Ali Khamenei, is dead, calling him “one of the most evil people in History” and declaring the development “Justice for the people of Iran” and for Americans and others around the world killed or injured by the [...] The post Trump Declares Khamenei Dead, Calls It “Justice” and Signals Continued Bombing Campaign appear…",https://ground.news/interest/the-maine-wire
Arutz Sheva,Right,Iranian Crown Prince: Regime successor to Khamenei ‘doomed to fail’,"After President Trump confirms Khamenei’s elimination, Reza Pahlavi urges security forces to abandon the regime and calls for decisive action in the streets.",https://ground.news/interest/arutz-sheva
Upstract,Center,"Trump offering immunity to IRGC, Iranian military and police forces","President Trump on Saturday said he will offer immunity to members of Iran’s Islamic Revolutionary Guard Corps (IRGC), along with its military and police forces, after the U.S. and Israel attacked the country earlier in the day. “We are hearing that many of their IRGC, Military, and other Security…",https://ground.news/interest/upstract
100% FED UP!,Far Right,President Trump Confirms Khamenei Is DEAD — Plus 40 Top Regime Members! * 100PercentFedUp.com * by Noah,It’s official… President Trump struck Iran’s leadership with targeted but ferocious strikes and the “Supreme Leader” Khamenei is now confirmed […],https://ground.news/interest/100percentfedupcom
GB News,Right,"Iran LIVE: Ex-Iranian President Mahmoud Ahmadinejad killed in strikes, Israeli media reports","Former Iranian President Mahmoud Ahmadinejad has been killed in airstrikes, Israeli media has reported",https://ground.news/interest/gbnewscom
OKDIARIO,Right,Iranians Lose Fear and Take to the Streets of Tehran to Celebrate the Death of Tyrant Khamenei,"Iranians have lost their fear and have taken to the streets of Tehran in Iran to celebrate the death of the tyrant Ali Khamenei. U.S. President Donald Trump has confirmed that Iran’s supreme leader, Ayatollah Ali Khamenei, has died this Saturday in the joint operation launched by Washington and Jerusalem against Iran. Israeli Prime Minister Benjamin Netanyahu had previously declared that Israel had destroyed Iran’s supreme leader’s compound. Tru…",https://ground.news/interest/okdiario
El Universo,Right,"Ali Jameneí, the Supreme Iranian Leader Who Seized Power in the Country Since 1989","The supreme Iranian leader, Ali Jamenei, has been the spiritual guide of the Persian country since he was appointed in 1989, almost 37 years ago, in which he always kept the nation’s “enemies” in focus, mainly the United States.",https://ground.news/interest/el-universo
BBC News,Center,"Iran's leader Ali Khamenei killed in joint US Israeli strikes, Trump says",Tehran responded to the strikes with a wave of missiles and drones aimed at Israel and Gulf countries that host US bases.,https://ground.news/interest/bbc-news_bf95f4
MyNewsLA.com,Center,"LA Councilman Adrin Nazarian, an Iranian Native, Shares Thoughts on Attack","Los Angeles City Councilman Adrin Nazarian, who was born in Iran, shared his thoughts on the U.S. and Israeli attack on Iran Saturday, agreeing with the need for regime change but lamenting that the Trump administration didn’t wait for political and economic pressure to prompt the change more organically. “There’s no question about the need for the regime to change. This regime has kept Iranians in the dark for the last 50 years,” Nazarian told …",https://ground.news/interest/mynewslacom
Common Dreams,Left,Trump Says Bombing of Iran to Continue 'Uninterrupted' After Reported Killing of Supreme Leader,"""For Iranians already suffering under repression, sanctions, and economic hardship, this escalation will mean only more pain,"" said the president of the National Iranian American Council.",https://ground.news/interest/common-dreams
조선일보,Right,"Who Is Khamenei, the Supreme Leader Who Has Reigned for Half a Century ""in the Name of God""?","Less than a day after the launch of the Iranian invasion, US President Donald Trump announced the death of Supreme Leader Alejandro Khamenei. If confirmed, the Trump administration would have eliminated two hardline leaders who had long held dictatorial powers and led the global anti-American movement in just two months. If Khamenei's death was indeed a result of a US airstrike, the fallout would be even greater than that of Maduro, who was capt…",https://ground.news/interest/chosuncom
The Independent,Lean Left,Ayatollah Khamenei is dead. Here’s who could lead Iran next,US president Donald Trump said the supreme leader was killed in a series of US-Israeli strikes on Saturday,https://ground.news/interest/the-independent_ff73a6
wdet.org,Lean Left,"Iranian supreme leader killed in Israeli airstrike, Trump says - WDET 101.9 FM","Daniel Estrin, NPR TEL AVIV, Israel, WASHINGTON, D.C., and AMMAN, Jordan — Iranian Supreme Leader Ayatollah Ali Khamenei was killed after the U.S. and Israel launched an attack on Saturday against Iran as part of a major military campaign intended to topple the Islamic regime, President Trump said. Trump said that other Iranian leaders were also killed. “He was unable to avoid our Intelligence and Highly Sophisticated Tracking Systems and, worki…",https://ground.news/interest/wdetorg
Local 3 News,Center,"Ayatollah Ali Khamenei, Iran's Supreme Leader, Has Died, According to Trump and Israeli Sources.","Ayatollah Ali Khamenei, Iran's supreme leader who ruled the country for nearly four decades, has died, according to US President Donald Trump and two Israeli sources.",https://ground.news/interest/local3newscom
Haaretz,Lean Left,"Iran's Supreme Leader Ayatollah Ali Khamenei has been killed, Trump says","U.S. President Donald Trump wrote on Saturday, hours after an Israeli source said evidence of Khamenei being killed was shown to Prime Minister Benjamin Netanyahu, that 'Khamenei, one of the most evil people in history, is dead'",https://ground.news/interest/haaretz
rp-online.de,Right,Military Strike Against Iran: Trump Reports the Death of Ayatollah Ali Khamenei,"Israel and the U.S. attacked Iran with a ""preventive strike."" The Mullah regime reacts with counterattacks. According to Donald Trump, the spiritual leader in Iran was killed. In the evening, the UN Security Council meets. Hormus Street has been reportedly blocked by Iran.",https://ground.news/interest/rp-onlinede
VINnews,Center,"Trump Announces Death Of Khamenei, ‘One Of Most Evil People In History’","NEW YORK (VINnews) Donald Trump announced on Saturday evening that Iran’s Ayatollah Khamenei has been killed. Here is his whole post on his Truth Social Platform: Khamenei, one of the most evil people in History, is dead. This is not only Justice for the people of Iran, but for all Great Americans, and those people […]",https://ground.news/interest/vinnews
People,Lean Left,Trump Says Iran's Supreme Leader Was Killed in U.S.-Israel Attacks,"Trump said that Ayatollah Ali Khamenei, whom he called ""one of the most evil people in History,"" was killed during the U.S. and Israel's strikes early this morningIran's Supreme Leader Ali Khamenei in Tehran, Iran, on Feb. 9, 2026.Credit: Iranian Leader Press Office/Anadolu via GettyNEED TO KNOWPresident Donald Trump confirmed Ayatollah Ali Khamenei's death after U.S. and Israeli forces launched airstrikes on Iran on Saturday, Feb. 28Trump calle…",https://ground.news/interest/people
Breitbart,Right,Trump Confirms Reports Ayatollah Ali Khamenei Is Dead,President Donald Trump confirmed reports that Iranian Supreme Leader Ayatollah Ali Khamenei had been killed during an Israeli strike.,https://ground.news/interest/breitbart
Infobae,Lean Left,The Message Posted From Ali Khamenei's Account After Confirmation of His Death,Ayatollah was killed this Saturday in the framework of the joint operation of the United States and Israel against the leadership of the Iranian regime,https://ground.news/interest/infobae_343f97
Neue Zürcher Zeitung,Right,Ayatollah Ali Khamenei Is Dead. an Obituary to the Dictator,"The old cleric has guided the Iranian theocracy through numerous storms, but under his leadership the regime is increasingly frozen. Whether it will survive Khamenei's death is uncertain.",https://ground.news/interest/neue-zurcher-zeitung
Hartford Courant,Center,Trump: Iranian Supreme Leader Ayatollah Ali Khamenei killed,"Iranian Supreme Leader Ayatollah Ali Khamenei was killed in a major attack on Iran launched by Israel and the United States, President Donald Trump said, calling it the “single greatest chance” for the Iranian people to “take back” their country. The death occurred after a joint U.S. and Israeli aerial bombardment that targeted Iranian military and governmental […]",https://ground.news/interest/hartford-courant
Sud Ouest,Center,Hits in Iran: Donald Trump Announces that Khamenei Died in the Israeli-American Operation in Iran,"The Iranian Supreme Leader was reportedly killed during an American-Israeli operation, triggering a major response and regional crisis Donald Trump announced on Saturday that the Iranian Supreme Leader",https://ground.news/interest/sud-ouest
NHK World,Right,Iranian state TV confirms Khamenei's death as Tehran warns of retaliation,"Iranian state media reported Iran's supreme leader Ayatollah Ali Khamenei has been killed in an attack launched by the US and Israel. Iran has vowed to begin the ""most intense offensive operation."" But US President Donald Trump has warned the US would hit back even harder if it does so.",https://ground.news/interest/nhk-world
cicero.de,Right,Rejoicing in Tehran - Trump: Iran's Supreme Leader Khamenei Is Dead,"For decades, Iran's head of state, Khamenei, has shaped politics both internally and externally. According to US President Donald Trump, he has been killed in attacks on the country.",https://ground.news/interest/cicerode
Globo,Right,"Iranians Celebrate After Trump Says Khamenei Was Killed, Witnesses Say.","There are reports of celebrations in Tehran, Kaaj, Isfahan, Shiraz, and Abdulnan; Iran has not yet commented on the US president's statement.",https://ground.news/interest/globo
Daily Mirror,Lean Left,Trump's full statement after confirming Iran supreme leader Ali Khamenei is dead - The Mirror,"In a statement on Truth Social on Saturday night, Trump appeared to confirm the death of Iran supreme leader Ali Khamenei",https://ground.news/interest/daily-mirror
India TV News,Right,Cryptic post appears on Ayatollah Khamenei's X account after Trump announces Iran Supreme Leader's death,"The post, written in Persian, was translated using Google Translate. The exact English translation read, “In the name of Nami Haider (peace be upon him).”",https://ground.news/interest/india-tv-news
La Libre,Center,"Khamenei, Intransigent Supreme Leader of the Islamic Republic of Iran","Ayatollah Ali Khamenei, Iran's supreme guide, whose death Donald Trump announced on Saturday, has been incarnating the Islamic Republic for decades and its ideological confrontation with the American ""Great Satan"" and Israel, its sworn enemy. ...",https://ground.news/interest/la-libre
Sky News UK,Center,Trump: Iran's supreme leader Ali Khamenei is 'killed',"The US president said Khamenei 'was unable to avoid' US intelligence and tracking systems, and 'there was not a thing he, or the other leaders that have been killed along with him, could do'.",https://ground.news/interest/sky-news
Hola News,Center,Trump Announces Death of Ayatollah Jamenei and Calls on Iranian People to “Recover” Their Country,"Washington, Feb 28 (EFE).- U.S. President Donald Trump announced this Saturday that Iran’s supreme leader, Ayatollah Ali Jameneí, has died in U.S. and Israeli attacks on the Islamic Republic and called on the Iranian people to “recover” their country after decades of ayatollah regime. https://holanews.com/wp-content/uploads/2026/02/rss-efea11627a6-be93-4e7d-aaa1a-bd13c824f95a-hd-web.mp4 “Jamenei, one of the most evil people in history, has died.",https://ground.news/interest/hola-news
The Tribune-Democrat,Lean Left,"LATEST: Iran’s supreme leader killed during major U.S.-Israel attack, Trump says","A major attack launched by Israel and the United States killed Iran's Supreme Leader Ayatollah Ali Khamenei, President Donald Trump announced Saturday.",https://ground.news/interest/the-tribune-democrat
SDPnoticias.com,Lean Left,Trump Confirms Death of Iran’s Supreme Leader Ali Khamenei,"In the midst of uncertainty, Donald Trump confirms that Iran's supreme leader Ali Khamenei died after the attacks recorded on Saturday, February 28. “Khamenei, one of the most evil people in history, has died.”Donald TrumpThrough Social Truth, Donald Trump pointed out that the Iranian people will be able to recover their country after the death of Ali Khamenei.Donald Trump confirms the death of Ali Khamenei, Iran's supreme leaderDonald Trump cla…",https://ground.news/interest/sdpnoticiascom
Daily Trust,Lean Left,"Iran's Supreme Leader Is Dead, Says Trump","U.S. President Donald Trump announced on Saturday that Iran’s Supreme Leader, Ayatollah Ali Khamenei, has been killed, marking a dramatic and escalating chapter in the already volatile Middle East conflict. Trump made the claim on social media and in interviews, asserting that the long-time Iranian ruler was killed during a coordinated U.S. and Israeli military assault on Iran that began early Saturday morning. “Khamenei, one of the most evil pe…",https://ground.news/interest/daily-trust_1e11f1
Business Insider,Lean Left,Trump says Iranian Supreme Leader Ayatollah Khamenei was killed during strikes on Iran,"Iran's supreme leader, Ayatollah Ali Khamenei, led the country for nearly four decades until his death in late February.AHMAD AL-RUBAYE / AFPIranian Supreme Leader Ayatollah Ali Khamenei is dead, Trump said in a Saturday Truth Social post.The US confirmed Khamenei's death after strikes on Iran on Saturday.The US and Israel pushed for Iranian regime change ahead of the strikes on Iran.Iran's Supreme Leader Ayatollah Ali Khamenei was killed during…",https://ground.news/interest/business-insider
Origo,Right,Donald Trump: Ali Khamenei Is Dead,"US President Donald Trump officially confirmed on his social media page that Ayatollah Ali Khamenei, the Supreme Leader of Iran, has died.",https://ground.news/interest/origohu
merkur.de,Center,"""Chamenei Is Dead: Trump Confirms Death – Desert Abuse and Iran's Prediction Follow",Donald Trump confirms the death of Ayatollah Ali Khamenei. Iran has reported only the opposite so far. A prognosis for the country follows from the US.,https://ground.news/interest/merkurde
Bild,Right,Trump Confirms: Mullah Leader Khamenei Is Dead!,Trump has officially confirmed that Iran's supreme leader Ali Khamenei has been killed.,https://ground.news/interest/bild
Schweizer Radio und Fernsehen (SRF),Lean Left,Us Attacks on Iran - Trump: Iran's Supreme Leader Khamenei Is Dead,"The US and Israel have launched an attack on Iran, the latest developments in our live ticker.",https://ground.news/interest/schweizer-radio-und-fernsehen-srf
El Pais,Lean Left,"Trump Confirms the Death in Iran of His Supreme Leader, Ali Jamenei",An official Israeli source claims that his body has been found. Iran accuses Netanyahu’s government of confusing it with a “psychological war” and says that the president is still “in command”,https://ground.news/interest/el-pais
Wales Online,Lean Left,Trump claims Iran leader Khamenei dead following military strikes,"US President Donald Trump has claimed Iranian Supreme Leader Ayatollah Ali Khamenei has died following US and Israeli strikes on Iran, though Iran disputes the reports",https://ground.news/interest/wales-online
WLTReport,Far Right,President Trump Releases First Statement Confirming Iran's Supreme Leader Ali Khamenei Is DEAD,"President Trump has released a statement on Social confirming the death of Iran's supreme leader, Ayatollah Ali Khamenei. The 47th President wrote, ""Khamenei, one of the most evil people in History, is dead."" He added, ""He was unable to avoid our Intelligence and Highly Sophisticated Tracking Systems and, working ...",https://ground.news/interest/wltreportcom
The Gateway Pundit,Far Right,"NEW: ""Khamenei, One of the Most Evil People in History, Is Dead"" - Trump Confirms Iranian Supreme Leader was Killed, Brags About Operation and Says Bombing Will Continue ""Uninterrupted Throughout the Week""","President Trump confirmed that the joint US-Israel operation in Iran killed Supreme Leader Ayatollah Ali Khamenei in his first statement since he announced the attack early on Saturday morning.  As The Gateway Pundit reported earlier, Trump spoke briefly by phone with Axios and threatened to “go long and take over the whole thing.” He said his other option is to “end it in two or three days and tell the Iranians: ‘See you again in a few years if…",https://ground.news/interest/the-gateway-pundit
wjr.com,Right,"U.S., Israel Intensify Iran Strikes as Claims of Khamenei’s Death Deepen Crisis","Kenny Holston / Josh Morgan ~ USA TODAY NETWORK WASHINGTON DC ~ The United States and Israel expanded their coordinated air campaign across Iran on Saturday as both governments said Supreme Leader Ayatollah Ali Khamenei had been killed in the strikes, a claim Iran denied while vowing continued retaliation. President Donald Trump said the attacks would continue “as long as necessary,” framing the death as a turning point, though Iranian state-li…",https://ground.news/interest/wjrcom
perspectivemedia.com,Lean Left,Trump claims Iranian Supreme Leader killed in US-Israeli strikes,"Ayatollah Ali Khamenei’s death is ‘the single greatest chance for the Iranian people to take back their country’, the US leader said. Donald Trump has claimed that Iran’s Supreme Leader Ayatollah Ali Khamenei is dead following joint US-Israeli strikes on the country. In a post on his Truth Social platform, the US president said the Ayatollah’s death is “the single greatest chance for the Iranian people to take back their country”. His death afte…",https://ground.news/interest/perspectivemediacom
Mississippi Free Press,Left,"Trump Says Iranian Supreme Leader Ali Khamenei Is Dead, Bombings Will Continue","Trump says Iranian Supreme Leader Ali Khamenei is dead, calling it the 'greatest chance' for Iranians to take back the country in a Truth Social post Saturday afternoon. The post Iranian Supreme Leader Ali Khamenei Is Dead, Trump Says Bombings Will Continue appeared first on Mississippi Free Press.",https://ground.news/interest/mississippi-free-press
Jyllands-Posten,Right,Trump Confirms: Iran's Supreme Leader Is Dead,"Iran has been attacked by the US and Israel, and the Iranians have responded. Follow the developments here.",https://ground.news/interest/jyllands-posten
NRC Handelsblad,Lean Left,Trump Says Iranian Leader Khamenei Is Dead. Iran Has Not yet Announced His Death.,"In a post on his own platform Truth Social, US President Donald Trump said on Saturday that Iranian leader Ayatollah Ali Khamenei…",https://ground.news/interest/nrc-handelsblad
Deutsche Welle,Center,"Iranian Supreme Leader Ali Khamenei is dead, Trump says","Following US and Israeli strikes on Tehran, US President Donald Trump said Iran's supreme leader has been killed. DW has more.",https://ground.news/interest/deutsche-welle
ledauphine.com,Center,Iran. Death of Ali Khamenei Announced by Trump: Who Was the Supreme Guide of the Islamic Republic?,"The ayatollah was killed this Saturday in the strikes in Iran, according to Donald Trump. He has been the Islamic Republic for decades and its ideological confrontation with the American ""Great Satan"" and Israel, its sworn enemy.",https://ground.news/interest/ledauphinecom
Republic World,Right,'Peace Be Upon Him' Post Made From Ayatollah Khamenei's X Account After Reports Of His Assassination,"Following reports of the assassination of Iran's Supreme Leader Ayatollah Khamenei, a cryptic X post was made from one of his X accounts. The post, written in Persian, read, “In the name of Nami Haider (peace be upon him).”",https://ground.news/interest/republic-world
Marine Corps Times,Center,"Iran Supreme Leader Ayatollah Ali Khamenei is dead, White House confirms","Khamenei was killed in a major attack on Iran launched by Israel and the United States, President Donald Trump said Saturday on social media.",https://ground.news/interest/marine-corps-times
Observador,Right,22h. Donald Trump Announces the Death of the Iranian Supreme Leader Ali Khamenei,"The announcement was made in a publication on the social fabric social network. Still, the UN Secretary-General believes that the world is witnessing a great threat to international peace and security.",https://ground.news/interest/observador
abc12/WJRT,Center,"Iranian leader Khamenei is dead, Trump and Israeli sources say","Ayatollah Ali Khamenei, Iran's supreme leader who ruled the country for almost four decades, has been killed, according to U.S. President Donald Trump and two Israeli sources.",https://ground.news/interest/abc12-wjrt
La Vanguardia,Lean Left,Trump Confirms Iranian Supreme Leader Ali Khamenei “Death” in Joint Attack with Israel · Global Voices,"“(Alí) Khamenei, one of the most evil people in history, has died,” confirmed President Donald Trump in a post through his platform, Truth Social. The president, who has monitored from Mar-a-Lago (in Palm Beach, Florida) the joint bombings of the United States and Israel in Iran, has celebrated that the supreme Iranian leader “could not evade our highly sophisticated intelligence and tracking systems and, working in close collaboration with Isra…",https://ground.news/interest/la-vanguardia
Anadolu Ajansı,Right,Trump says Iran’s Supreme Leader Ali Khamenei is 'dead',"This is 'the single greatest chance' for Iranians to take back their country, says president - Anadolu Ajansı",https://ground.news/interest/anadolu-ajans
La Opinion,Lean Left,"Donald Trump Confirms Death of Ayatollah Ali Jameneí, Iranian Supreme Leader",Donald Trump confirmed that Ali Jameneí died during the military offensive in Iran,https://ground.news/interest/laopinioncom
Tagesschau,Center,Trump Reports Death of Iran's Supreme Leader Khamenei,"According to US President Trump, Iran's supreme leader Ayatollah Khamenei was killed in the US and Israel air raids. Israel's Prime Minister Netanyahu had previously announced that there was evidence of his death.",https://ground.news/interest/tagesschau
sta.si,Center,Trump Confirms Death of Ayatollah Ali Khamenei,"US President Donald Trump announced on his social media account Truth Social today that Iranian Supreme Leader Ayatollah Ali Khamenei is dead. ""Khamenei, one of the most evil men in history, is dead,"" Trump wrote.",https://ground.news/interest/stasi
Marianne,Lean Left,"Trump Announces Death of Ayatollah Khamenei, Cry of Joy in Tehran","The Israeli and American strikes killed Ali Khamenei, the leading Iranian leader in power for 37 years, as well as senior Iranian officials, according to Donald Trump and the Israeli army.",https://ground.news/interest/marianne
Belfast Live,Center,Trump says Iran leader Khamenei dead after US-Israel miltary strikes,"Donald Trump has claimed Iran's Supreme Leader Ayatollah Ali Khamenei was killed in US-Israel strikes, calling him 'one of the most evil people in history', though Iran denies the reports",https://ground.news/interest/belfast-live
TF1 INFO,Center,"Donald Trump Announces that Ayatollah Khamenei ""Is Dead""","""Khamenei, one of the most evil characters in history, is dead,"" said the U.S. President. ""There is no Iranian confirmation at the moment. (International).",https://ground.news/interest/tf1-info
la Nacion,Right,"“Khamenei, One of the Most Evil People in History, Died”: Trump Announces the Death of Iran’s Leader After a Historic Operation","WASHINGTON.- In a massive military operation with unpredictable consequences for the future of the Middle East and which generated the global high alert, U.S. and Israeli forces launched on Saturday an attack against Iran's leaders in which Ayatollah Ali Khamenei, the country's supreme leader, died, and which, according to President Donald Trump, aims to precipitate a regime change in Tehran and eliminate its nuclear program. “Khamenei, one of t…",https://ground.news/interest/la-nacion_7042bc
WPXI,Center,President Trump says Iran’s supreme leader is dead,"The U.S. and Israel launched a major attack on Iran on Saturday, and President Donald Trump urged the Iranian public to “seize control of your destiny” by rising up against the Islamic leadership that has ruled the nation since 1979.",https://ground.news/interest/wpxi
Irish News,Lean Left,"Supreme Leader Khamenei killed in attacks on Iran, says Trump","The Israeli military said the strikes also killed Mohammad Pakpour, the commander of the Iranian Revolutionary Guard Corps.",https://ground.news/interest/irish-news
Kronen Zeitung,Right,Iran's Head Ayatollah Khamenei Is Dead!,"One rucksack goes through the Middle East: as has just been confirmed by US President Donald Trump, the mental and political head of the country, Ayatollah Ali Khamenei, has been killed in the attacks of Israel and the US on Iran's terror regime. US President Donald Trump has just announced the death of Ayatollah Ali Khamenei, a corresponding posting has been published on Trump's platform Truth Social. An official statement is yet to follow. Bef…",https://ground.news/interest/kroneat
abc,Right,Trump Confirms Death of Iranian Ayatollah Leader Khamenei · Global Voices,"At 16:30 this Saturday, Washington time, Donald Trump announced the death of the supreme Iranian leader with a toneless message: “Jamenei, one of the most evil people in history, is dead.” He presented it as an act of “justice for the people of Iran” and also for “all the great Americans,” and framed it as the result of a joint operation with Israel: “He could not escape our intelligence and our highly sophisticated tracking systems and, working…",https://ground.news/interest/abc_0c202e
ABC FOX Montana,Center,"Trump: Iran’s Ayatollah 'is dead'; killed in Israel, US war strikes",Iran's Supreme Leader Ayatollah Ali Khamenei has been killed in attacks launched by Israel and the U.S.,https://ground.news/interest/abc-fox-montana
Deadline,Lean Left,Iran State TV Confirms Supreme Leader Ali Khamenei Is Dead; New Israeli Strikes On Tehran Begin,"Iran's Supreme Leader is dead, Donald Trump has proclaimed in a lengthy social media post. Iranian state media denies this.",https://ground.news/interest/deadline
examinerlive.co.uk,Center,Donald Trump says Iran Supreme Leader Khamenei dead following US-Israel strikes - Yorkshire Live,US President Donald Trump called Supreme Leader Ayatollah Ali Khamenei 'one of the most evil people in history',https://ground.news/interest/examinerlivecouk
News Facts Network,Center,Trump Says Khamenei Killed in U.S.-Israel Strikes,"Washington, D.C. — President Donald Trump said Saturday that Iranian Supreme Leader Ayatollah Ali Khamenei is dead following joint U.S. and Israeli military strikes on Iran, though official confirmation from Tehran has not been released. “Khamenei, one of the most evil people in History, is dead,” Trump wrote on Truth Social, about an hour after multiple media outlets reported that U.S. and Israeli officials believed he had been killed in an Isr…",https://ground.news/interest/news-facts-network
saarbruecker-zeitung.de,Center,Head of State: Iran's Most Powerful Man and Religious Leader Khamenei Is Dead,"For more than 30 years, Ayatollah Ali Khamenei has shaped Iranian politics. Israel and the USA were his archenemies. Now he is dead. The country is thus heading towards an uncertain future.",https://ground.news/interest/saarbruecker-zeitungde
Evening Standard,Center,Trump says Iran’s supreme leader Khamenei killed in US-Israel strikes,Trump describes Khamenei as ‘one of the most evil people in history’,https://ground.news/interest/evening-standard
The Korea Times,Lean Left,"Trump says Iran's supreme leader dead, calls it ‘greatest chance' to take back country","DUBAI, United Arab Emirates — Iranian Supreme Leader Ayatollah Ali Khamenei was killed in a major attack on Iran launched by Israel and the United...",https://ground.news/interest/the-korea-times
Santa New Mexican,Center,Trump says Iranian supreme leader is dead,President Donald Trump called on the Iranian public to “seize control of your destiny” and rise up against the Islamic leadership that has ruled the nation since 1979.,https://ground.news/interest/santa-new-mexican
Gulf News,Right,Trump declares Khamenei dead as US–Israel bombing campaign escalates,"US President Trump claims Iran's Supreme Leader Khamenei is dead in a joint US-Israel operation, marking a pivotal moment in US-Iran relations. The unverified announcement could reshape Middle Eastern dynamics.",https://ground.news/interest/gulf-news
notus.org,Lean Left,"Iran’s Supreme Leader Ali Khamenei Killed in U.S. and Israel Strikes, Trump Says","Iranian Supreme Leader Ayatollah Ali Khamenei leaves after casting his vote during the presidential election in Tehran, June 28, 2024. Vahid Salemi/APAyatollah Ali Khamenei, the Supreme Leader of Iran since 1989, was killed in U.S. and Israeli airstrikes on his country, President Donald Trump said Saturday.“Khamenei, one of the most evil people in History, is dead,” Trump posted on Truth Social.Khamenei’s apparent killing marks a dramatic geopol…",https://ground.news/interest/notusorg
Irish Mirror,Lean Left,Iran leader Khamenei dead as Trump calls him 'one of most evil people in history',US President Donald Trump has broken his silence following strikes on Iran,https://ground.news/interest/irish-mirror
Indian Express,Lean Left,‘We feel that is correct’: Trump reacts to reports of Ayatollah Khamenei’s death following massive joint strikes on Iran,"Israel’s military said it had killed several senior Iranian officials, including Mohammad Pakpour, Aziz Nasirzadeh and Ali Shamkhani.",https://ground.news/interest/indian-express
Le Monde,Lean Left,Iran's Revolutionary Guards vow 'severe' punishment for Khamenei's 'murderers',"Iran's state media confirmed the supreme leader's death early Sunday, as Iran's Cabinet warned that this 'great crime will never go unanswered.'",https://ground.news/interest/le-monde
CP24,Center,Trump says Iranian Supreme Leader Ali Khamenei is dead. Live updates here.,The U.S. and Israel launched a major attack on Iran on Saturday. Israeli officials told The Associated Press that Supreme Leader Ayatollah Ali Khamenei is dead. Follow for live updates.,https://ground.news/interest/cp24
Newsweek,Center,"Trump hails Khamenei death, urges Iranians to ""take back"" nation",U.S. and Israeli forces continued bombing Iran after officials confirmed the supreme leader was killed in a joint strike on his Tehran compound.,https://ground.news/interest/newsweek
WPRI 12,Center,Trump says Iranian Supreme Leader Ali Khamenei is dead,"(AP) — The U.S. and Israel launched a major attack on Iran on Saturday, and U.S. President Donald Trump called on the Iranian public to “seize control of your destiny” by rising up against the Islamic leadership that has ruled the nation since 1979. Trump later said on social media that Iran’s Supreme Leader Ali Khamenei was dead, saying his [...]",https://ground.news/interest/wpri-12
BioBioChile,Right,"Trump Confirms Ayatollah Ali Khamenei's Death: ""One of the Most Perverse People in History""","Through a publication on Social Truth, Donald Trump confirmed the death of Ayatollah Ali Khamenei, supreme leader of...",https://ground.news/interest/biobiochile
Le Huffington Post,Left,Trump Announces Death of Iranian Supreme Leader Khamenei,The US president said in a message about Truth Social that the Iranian leader did not survive the Israeli-American strikes. Tehran did not confirm the information.,https://ground.news/interest/le-huffington-post
Protothema,Right,"Trump Says Khamenei Is Dead: ""One of the Most Evil People in the World Has Died""","The attacks will continue for a week ""or as long as necessary""",https://ground.news/interest/protothema
Politiken,Lean Left,Trump on Truth Social: Iran's Supreme Leader Is Dead,"The Supreme Leader of Iran, Ayatollah Ali Khamenei, has been killed, US President Trump confirms on Truth Social.",https://ground.news/interest/politiken
The Hill,Center,Trump says Iran supreme leader Khamenei is dead,"The U.S. and Israeli officials believe that Iranian Supreme Leader Ayatollah Ali Khamenei was killed in an Israeli strike on Saturday as part of the joint U.S., Israel military operation against Iran, multiple news outlets reported.",https://ground.news/interest/the-hill
Radio-Canada,Lean Left,"Iran: Who Is Ali Khamenei, the Supreme Guide Killed on Saturday?","As the supreme guide, Ayatollah Ali Khamenei had almost absolute power over religious, political and military issues in Iran.",https://ground.news/interest/radio-canada
Fortune,Center,"Trump confirms 'massive and ongoing' attacks on Iran, warns of possible casualties, and calls on Iranian people to overthrow regime","In a nod to a potential prolonged operation, Trump also warned ""we may have casualties—that often happens in war,""",https://ground.news/interest/fortune
Reuters,Center,Trump says Iran's Khamenei is dead,"Iranian Supreme Leader Ayatollah Ali Khamenei is dead, U.S. President Donald Trump said on Saturday.",https://ground.news/interest/reuters_fa2539
Daily Sabah,Right,Trump claims Iran's supreme leader Khamenei 'confirmed dead',"U.S. President Donald Trump claimed Saturday that he believes reports that Ayatollah Ali Khamenei has been killed in airstrikes, even though there has been...",https://ground.news/interest/daily-sabah
EL ESPAÑOL,Center,"Israel and the United States Attack Iran, Last Minute, Today Live Trump Confirms that Khamenei Has Died in the Attack of the Us and Israel: ""One of the Most Evil Men in History""",US President Donald Trump has confirmed that Ayatollah Ali Khamenei has died in the attack.,https://ground.news/interest/el-espanol
Time Magazine,Lean Left,Iran’s Supreme Leader Killed in U.S.-Israeli Attacks,"Iran’s Supreme Leader, Ayatollah Ali Khamenei, was killed on Saturday in the opening salvo of a major military campaign launched by the United States and Israel. President Donald Trump announced his death in a post on Truth Social, writing: “Khamenei, one of the most evil people in History, is dead.” [time-brightcove not-tgx=”true”] “This is not only Justice for the people of Iran, but for all Great Americans, and those people from many Countrie…",https://ground.news/interest/time-magazine
Le Parisien,Right,"Hits in Iran: Supreme Guide Ali Khamenei Killed in Attack, Announces Donald Trump","Israel had shown its will to touch Ayatollah Ali Khamenei, the Iranian supreme guide, with his strikes.",https://ground.news/interest/le-parisien
Kyodo News+,Center,BREAKING NEWS: Trump confirms Iran's supreme leader is dead,BREAKING NEWS: Trump confirms Iran's supreme leader is dead,https://ground.news/interest/kyodo-news
France24,Center,Trump says Iran's supreme leader Khamenei confirmed dead,Get the latest Breaking News Alerts from France 24 in real time on Facebook and Twitter: @BreakingF24,https://ground.news/interest/france24
telex.hu,Lean Left,"Trump: Khamenei, One of the Most Evil Men in History, Is Dead","Ali Khamenei is dead, Donald Trump announced in a post on Truth Social. “Khamenei, one of the most evil men in history, is dead. This serves justice not only for the people of Iran, but for all Great Americans and all those from every country in the world who were murdered or maimed by Khamenei and his bloodthirsty gang,” the US president wrote in the lead-up to his post. “He could not escape our Intelligence and Very Sophisticated Tracking Syst…",https://ground.news/interest/telexhu
Axios,Lean Left,U.S. and Israel say Iran supreme leader Khamenei is dead,His death could accelerate the collapse of Iran's regime.,https://ground.news/interest/axios
Live Mint,Center,Trump believes reports of Iran’s Supreme Leader Ayatollah’s death are ‘correct’,"There was no immediate response from Iran. Israeli officials later told The Associated Press that Khamenei is dead, though neither the US nor Iran issued official confirmation.",https://ground.news/interest/live-mint
Zeit Online,Lean Left,Donald Trump Reports Death of Ali Khamenei,"Read now, ""Donald Trump reports death of Ali Khamenei.",https://ground.news/interest/zeit-online
Radio France Internationale,Center,"Trump: ""Khamenei, One of the Most Evil People in History, Is Dead""","Ayatollah Ali Khamenei died on Saturday, February 28, 2026, in the strikes of the Israeli and American armies on Iran. The guide of the Iranian revolution was killed during the offensive against his country. His death was confirmed in the evening by US President Donald Trump.",https://ground.news/interest/radio-france-internationale
연합뉴스-Yonhap News Agency,Right,Trump Announces Khamenei's Death,(,https://ground.news/interest/_ae7d36
svt Nyheter,Lean Left,Trump: Ayatollah Ali Khamenei Is Dead,"Iran's Supreme Leader Ayatollah Ali Khamenei has been killed in the Israeli and American attacks on Iran, Donald Trump says. ""This is the greatest chance for the Iranian people to take back their country,"" the president writes on Truth Social.",https://ground.news/interest/svt-nyheter
Bristol Post,Center,Iran leader Khamenei killed reports are 'correct' says Trump following missile strikes,"President Donald Trump said the administration believes reports about the death of Ayatollah Khamenei are ""correct""",https://ground.news/interest/bristol-post
Manchester Evening News,Center,"Iran's Supreme Leader Ayatollah Khamenei dead, Trump says",The 86-year-old has ruled Iran since 1989,https://ground.news/interest/manchester-evening-news
7NEWS Australia,Right,"Iran’s Supreme Leader Khamenei killed in US strike, Trump announces","Sources close to the despot have refuted the claim, saying he is still ‘commanding the field’.",https://ground.news/interest/7news-australia
Reforma,Right,Trump Confirms Ayatollah's Death,"President Trump confirms that the supreme der will go, the Ayatol Al Khamenei, died during the missile attacks this morning.",https://ground.news/interest/reformacom
KHOU 11,Center,"Iran’s supreme leader killed | Dueling protests erupt in Houston following U.S., Israel attack on Iran","Iranian Americans said they have waited decades for this moment, while others said they do not want the United States to start an all-out war in the Middle East.",https://ground.news/interest/khou-11
censor.net,Lean Left,Trump on the Death of Khamenei: We Believe This Is a True Story,The United States believes that reports that Iran's Supreme Leader Ali Khamenei was killed in an airstrike on Iran are true.,https://ground.news/interest/censornet_caee9a
Kyiv Post,Lean Left,"Israeli, US Strikes on Iran Reportedly Kill Supreme Leader Ayatollah Khamenei",Witnesses reported celebrations in Tehran after Israeli media said Iran’s supreme leader Ayatollah Ali Khamenei was killed in US-Israeli strikes,https://ground.news/interest/kyiv-post
TrendingPolitics,Right,"JUST IN: Iran Launches Massive Missile & Drone Attack Against U.S. Bases, Israel","Iran has launched another massive barrage of missile and drone attacks against U.S. military installations in the Middle East and Israeli territory on Saturday afternoon. The latest barrage started just minutes after Iranian Supreme Leader Ayatollah Ali Khamenei, 86, was confirmed dead after a series of strikes on his central Tehran compound. Fox News correspondent Trey Yingst was forced to quickly evacuate his location from a high-rise building…",https://ground.news/interest/trendingpoliticsnewscom
India Today,Right,We feel that's a correct story: Trump supports claims Iran's Khamenei is dead,"President Donald Trump said he believes reports that Iran’s Supreme Leader Ayatollah Ali Khamenei is dead are correct, signaling confidence in Israeli claims and warning of further military options against Iran.",https://ground.news/interest/india-today
TVN,Center,Trump and Netanyahu Kill Iranian Supreme Leader Ali Khamenei,The,https://ground.news/interest/tvn
Daily Express,Right,Trump breaks silence on reports of Ali Khamenei's death with 8-word verdict,"Donald Trump ordered strikes on Iran overnight, which may have resulted in the death of Iranian Supreme Leader Ali Khamenei.",https://ground.news/interest/daily-express
Diario de Cádiz,Center,"Live, u.s. and Israel Attack on Iran: Trump Claims Khamenei Dead · Global Voices","The two allies begin a wave of bombings to ""animulate"" the Iranian regime and Tel Aviv declares a state of emergency in the face of Tehran's foreseeable retaliation, which announces a wave of missiles, some of them against U.S. bases in Qatar, United Arab Emirates, Bahrain and Kuwait.",https://ground.news/interest/diario-de-cadiz
diario.mx,Center,"'I Think It's True,' Trump Says About Ayatollah's Death","U.S. President Donald Trump said this Saturday in an interview with NBC News that he believes that the information about the death of the Iranian supreme leader, Ayatollah Ali Khamenei, is correct. ""We have a feeling that this information is correct,"" NBC News said. ""I don't want to say anything definitive until I see it, but we think it is. And many of its leaders have disappeared,"" he added. Israeli Prime Minister Benjamin Netanyahu said earli…",https://ground.news/interest/diariomx
Washington Examiner,Right,Khamenei is dead. We’re about to learn how many terrorists crossed the US border,"In a dramatic development to the just commenced “Operation Epic Fury,” the joint U.S.-Israeli air campaign to pummel Iran’s Islamic revolutionary regime, Iran’s supreme leader has been killed. Ayatollah Ali Khamenei was eliminated in an Israeli strike on his command bunker. Israeli media reports that verified footage exists of Khamenei being pulled from the wreckage. This is a severe blow to the Iranian regime, one that will advance President Do…",https://ground.news/interest/washington-examiner
NBC News,Lean Left,Trump says 'a large amount' of Iran's leadership is gone,President Donald Trump said Saturday that U.S. and Israeli strikes on Iran killed Ayatollah Ali Khamenei and other top leaders.,https://ground.news/interest/nbc-news
شفق نيوز,Left,Trump: We Believe that Killing Khamenei Is True.,"Shafaq News – Washington: US President Donald Trump commented Saturday evening on reports suggesting the death of Iranian Supreme Leader Ali Khamenei, confirming his belief in their accuracy. Speaking to NBC News, Trump said, ""We believe this news is true."" He added, ""Most of the people who make all the decisions in Iran are gone."" Earlier on Saturday, Israeli Ambassador to Washington Yehiel Leiter informed US officials that Khamenei had been ki…",https://ground.news/interest/_465d27
Political Wire,Center,Iran Confirms Khamenei Is Dead,"Iranian state media announced early on Sunday that Iran’s supreme leader, Ayatollah Ali Khamenei, was killed, the New York Times reports. From the statement: “To Allah we belong and to Him we shall return.”",https://ground.news/interest/political-wire
Washington Times,Right,Iran's Ayatollah Ali Khamenei is confirmed dead by Trump after overnight bombing,"Iran's leader, Ayatollah Ali Khamenei, is dead as a result of U.S.-Israeli strikes aimed at toppling the Islamic republic's hardline regime, President Trump said Saturday.",https://ground.news/interest/washington-times
Dagens Nyheter.,Right,Trump: Ayatollah Khamenei Is Dead,"Iran's Supreme Leader Ayatollah Khamenei is dead, Donald Trump says on Truth Social. ""This is the greatest chance for the Iranian people to take back their country,"" the president writes. Israeli sources have previously confirmed to several media outlets that the ayatollah is dead - which has been denied by Iran.",https://ground.news/interest/dagens-nyheter
Vox,Left,"Trump’s war with Iran, briefly explained","A plume of smoke rises over Tehran, Iran, on February 28, 2026. | Ehsan/Middle East Images/AFP via Getty Images This story appeared in The Logoff, a daily newsletter that helps you stay informed about the Trump administration without letting political news take over your life. Subscribe here. Editor’s note, February 28, 5:30 pm ET: President Donald Trump announced on Saturday afternoon that Iran’s supreme leader, Ayatollah Ali Khamenei, was kil…",https://ground.news/interest/vox
CBS Austin,Center,Trump vows continued 'pinpoint bombing' after confirming Iran's Khamenei killed in strike,"Trump said Khamenei was ""unable to avoid"" U.S. Intelligence and ""highly sophisticated"" tracking systems amid the strikes.",https://ground.news/interest/cbs-austin
CartaCapital,Left,"Trump Announced the Death of Iran's Supreme Leader, Ali Khamenei After an Attack on Israel",The President of the United States classified the Iranian Supreme Leader as 'one of the most perverse people in history',https://ground.news/interest/cartacapitalcombr
Lietuvos Radijas ir Televizija,Center,Trump: Ali Khamenei Is Dead,US President Donald Trump said on Saturday that reports of the death of Iran's Supreme Leader Ayatollah Ali Khamenei in air strikes were true.,https://ground.news/interest/lietuvos-radijas-ir-televizija
NewsNation,Center,"Ayatollah Ali Khamenei dead, Trump confirms",President Donald Trump announced the death of Iran's supreme leader in a Truth Social post on Saturday afternoon,https://ground.news/interest/wgn-america_663347
valeursactuelles.com,Right,"Donald Trump Announces that Iranian Supreme Leader Ali Khamenei Is ""Dead""","Iranian supreme guide Ali Khamenei ""dead"" on Saturday, February 28, killed in the Israeli-American attack on Iran on the same day, announced Donald Trump on Truth Social, referring to the death of ""one of the most evil characters in history."" ""He could not escape our highly sophisticated intelligence services and surveillance systems. In close collaboration with Israel, neither he nor the other leaders killed with him could do anything,"" wrote t…",https://ground.news/interest/valeursactuellescom
The Epoch Times,Right,"Iran’s Leader Khamenei Killed, Trump Confirms","President Donald Trump confirmed on Feb. 28 that Iranian leader Ali Khamenei was killed in the U.S.-Israeli strikes. “He was unable to avoid our Intelligence and Highly Sophisticated Tracking Systems and, working closely with Israel, there was not a thing he, or the other leaders that have been killed along with him, could do,” Trump wrote in a post on his Truth Social platform. The U.S. president said this is “the single greatest chance for the…",https://ground.news/interest/the-epoch-times
InsideNoVA.com,Center,Trump: Ayatollah Khamenei has been killed,(The Center Square) – President Donald Trump Saturday afternoon Iranian leader Ayatollah Ali Khamenei has been killed.,https://ground.news/interest/insidenovacom
Global News,Lean Left,Trump says Iran’s leader ‘is dead’ - National,President Trump announced Ali Khamenei was dead in a Truth Social Post.,https://ground.news/interest/global-news
LBC,Right,"Iran Supreme Leader Ayatollah Khamenei's body found following US-Israeli strikes, reports claim",US president Donald Trump has confirmed reports that Iran's Supreme Leader Ayatollah Khamenei is dead.,https://ground.news/interest/lbc
apollo-news.net,Right,Trump Announces: Chamenei Is Dead,Israel and the U.S. carried out a joint military strike against Iran on Saturday. Aim of the operation be it loudly ... The post Trump announces: Chamenei is dead appeared first on Apollo News.,https://ground.news/interest/apollo-newsnet
Jezebel,Left,At Least 100 Iranian Schoolkids Killed in U.S.-Israel Strikes as Trump Parties at Mar-a-Lago,"UPDATE: 9:42 p.m.: The Iranian government confirmed the attack on Iran has killed Ayatollah Ali Khamenei, the country’s authoritarian supreme leader for 37 years. Iranian state media said that at least 100 elementary school children were killed Saturday morning, with dozens still missing, as the U.S. and Israel launched an attack on Iran that President Trump definitely did not get Congressional authorization for.  The Tayyebeh girls’ school in M…",https://ground.news/interest/jezebel
Handelsblatt,Right,Middle East: Us President Donald Trump Announces Death of Ali Chamenei,Emirates stops flights to and from Dubai +++ Trump calls on Iranians to overthrow the government +++ Chameneis Headquarters apparently destroyed +++ The newsblog.,https://ground.news/interest/handelsblattcom
Times of Malta,Center,"Iran's Khamenei is dead, says Trump","Updated 10.50pmDonald Trump said on Saturday night that Iran's Supreme Leader Ayatollah Ali Khamenei was dead. The US President announced that in a post on Truth Social. ""Khamenei, one of the most evil people in History, is dead. This is not only Justice for the people of Iran, but for all Great Americans, and those...",https://ground.news/interest/times-of-malta
The Daily Wire,Right,Catch Up On What Just Happened In Iran With Me,"Covering global conflict is my job as The Daily Wire’s foreign affairs correspondent. But from Friday at sundown until Saturday night — roughly 25 hours each week — I step away completely. I’m an Orthodox Jew, and each week on Shabbat, I don’t use any electricity, including my phone. At sundown tonight, I logged on to find a very different reality in the Middle East than I left. If you’ve been following The Daily Wire’s coverage all day, you kno…",https://ground.news/interest/the-daily-wire
The Post Millennial,Right,"Iranians ‘love Trump,’ celebrate, dance in the streets after US, Israeli strikes target regime leaders",Footage showed students shouting “I love Trump!” and residents cheering.,https://ground.news/interest/the-post-millennial
ABC Australia,Lean Left,"Khamenei's death brings 'justice', Trump says, as Iran strikes out at US allies","Iran's Supreme Leader Ayatollah Ali Khamenei has been killed in Israeli and US strikes, Iran's state-controlled media has reported. Follow live.",https://ground.news/interest/abc-australia
RedState,Right,"New: Trump Cheers Khamenei's Death, Brands Him ‘One of the Most Evil People in History’","Trump praises Khamenei's death, calling him one of history's most evil and supports peace in the Middle East.",https://ground.news/interest/redstate
PJ Media,Far Right,"Trump Confirms Death of Khamenei, ‘One of the Most Evil People in History’","Trump confirms death of Iran's Khamenei, calling him one of history's most evil leaders after a joint US-Israel operation.",https://ground.news/interest/pj-media
NBC LA,Lean Left,Crowd gathers at federal building in Westwood after Iran's supreme leader killed,Dozens of people gathered at the federal building in Westwood on Saturday afternoon in response to the U.S. strike in Iran.,https://ground.news/interest/nbc-la
Worthy Christian News,Center,"Trump Declares Khamenei Dead, Signals Continued Pressure On Iran","by Emmitt Barry, Worthy News Washington D.C. Bureau Chief (Worthy News) – President Donald Trump announced in a Truth Social post that Iranian Supreme Leader Ayatollah Ali Khamenei is dead, describing the development as “justice” for Americans and others worldwide allegedly harmed by the Iranian regime. In the statement, Trump called Khamenei “one of the most evil people in history” and said the operation was carried out using advanced U.S. inte…",https://ground.news/interest/worthy-christian-news
Townhall,Right,President Trump Releases a Statement on the Death of Iranian Supreme Leader Ali Khamenei,President Trump comments on the death of Iranian Supreme Leader Ali Khamenei amid Middle East conflict.,https://ground.news/interest/townhall
delo.si,Lean Left,"Trump Announces that Ayatollah Ali Khamenei Is Dead, Dramatic Scenes Spread",Benjamin Netanyahu has also previously said that there are growing signs that religious leader Ayatollah Ali Khamenei has been killed. More than 200 people are believed to be dead.,https://ground.news/interest/delosi
Mediaite,Lean Left,Trump: ‘We Feel’ Report Israel Killed Ayatollah Ali Khamenei Is ‘Correct’,"President Donald Trump delivers the State of the Union address to a joint session of Congress in the House chamber at the U.S. Capitol in Washington, Tuesday, Feb. 24, 2026. (Kenny Holston/The New York Times via AP, Pool) President Donald Trump told NBC News on Saturday afternoon that his administration believes Israel killed Iranian Supreme Leader Ali Khamenei in a strike earlier in the day. “We feel that is a correct story,” Trump told NBC’s K…",https://ground.news/interest/mediaite
WNYW,Center,Iran's supreme leader Ayatollah Ali Khamenei killed in strike,Iran's supreme leader Ayatollah Ali Khamenei was killed in the strikes launched by the U.S. and Israel on Saturday.,https://ground.news/interest/wnyw
www.t-online.de,Lean Left,"Trump: ""Chamenei Is Dead""","The headquarters of the Iranian head of state have been destroyed. According to US President Donald Trump, Ayatollah Ali Khamenei has been killed.",https://ground.news/interest/wwwt-onlinede
OAN,Right,"Trump confirms Iranian Supreme Leader, ‘one of the most evil people in history,’ is dead, though bombing will continue","President Donald Trump has confirmed that Iranian Supreme Leader Ayatollah Ali Khamenei, “one of the most evil people in History,” has been killed in U.S.-Israeli strikes on Tehran.",https://ground.news/interest/oan
abc10 News,Center,Trump believes reporting that Iran’s supreme leader is dead ‘is correct’,"The U.S. and Israel launched a major attack on Iran on Saturday, and U.S. President Donald Trump called on the Iranian public to “seize control of your destiny.""",https://ground.news/interest/abc10-news
CBN,Right,Iran Confirms Khamenei Killed in US-Israeli Strikes; Trump to Iranian People: 'Your Hour of Freedom',"Iran is now confirming what Israeli officials and President Trump reported earlier today, that Iran's Supreme Leade",https://ground.news/interest/cbn
La Presse,Lean Left,"Hits on Iran: Trump Says Khamenei ""Is Dead"", without Iranian Confirmation",Follow live developments following the strikes of the United States and Israel against Iran.,https://ground.news/interest/la-presse_39d7a8
WTTW,Center,Trump Says Iran’s Supreme Leader Is Dead After US and Israel Launch Major Attack,"Iran retaliated by firing missiles and drones toward Israel and U.S. military bases in the region, and exchanges of fire continued into the night.",https://ground.news/interest/wttw
Irish Independent,Right,"Iran’s Supreme leader and ‘one of the most evil people in history’ is dead, says Donald Trump as war rages","The United States has begun ""major combat operations"" in Iran.",https://ground.news/interest/independentie
ilmessaggero.it,Center,"Us-Israel, Attack on Iran. Tehran Confirms the Death of Khamenei. Trump: People Take Back the Country",Real-time updates from the Middle East,https://ground.news/interest/ilmessaggeroit
CNN,Lean Left,"Iran’s supreme leader killed in strikes, Israeli sources say","President Donald Trump has called for regime change following the massive US and Israeli attack, which prompted an unprecedented wave of retaliatory strikes by Iran. Follow for live updates.",https://ground.news/interest/cnn
The Toronto Star,Lean Left,"Iran’s supreme leader has been killed during major attack, Trump says","More than 200 have been killed by American-Israeli strikes, according to Iranian state media. Iran retaliated by firing missiles and drones.",https://ground.news/interest/the-toronto-star
Pioneer Press,Center,"Iran’s supreme leader has been killed during major attack by US and Israel, Trump says",Israeli officials told The Associated Press Saturday that Supreme Leader Ayatollah Ali Khamenei is dead.,https://ground.news/interest/pioneer-press
Helsingin Sanomat,Lean Left,Attack on Iran | Trump: Iranian Leader Khamenei Is Dead,The United States and Israel have struck Iran. HS follows the events moment by moment in this story.,https://ground.news/interest/helsingin-sanomat
FDD's Long War Journal,Right,Iran expands retaliation for US-Israel campaign across Arab states (February 28–March 2),"The Tehran regime responded to the US-Israeli military campaign against it by launching coordinated missile and drone strikes across the Middle East on the first three days of the conflict. The attacks struck multiple Gulf Arab states and targeted civilian infrastructure, airports, ports, and military sites, with notable targets and impacts in the UAE, Bahrain, Kuwait, Qatar, Oman, Saudi Arabia, Jordan, and Syria. The post Iran expands retaliati…",https://ground.news/interest/fdds-long-war-journal
KIFI,Center,Iran’s Retaliation for u.s. and Israeli Attacks Shakes Its Neighbors · Global Voices,"By Mostafa Salem, CNN The Arab states in the Persian Gulf tried to avoid a joint U.S. and Israel attack on Iran. Now, while Tehran responds to that, its own territories are under fire. Iran's neighbors have spent decades preparing for a possible attack. But the ferocity of Tehran's retaliation has left both governments and peoples in the region stunned. Since the Islamic Republic took power almost half a century ago, the allied U.S. and oil-rich…",https://ground.news/interest/kifi
rp-online.de,Right,Escalation in the Middle East: Wadephul Currently Excludes Evacuation of German in the Middle East,"Israel and the U.S. attacked Iran. Leader Khamenei and Chief of Staff Mussavi were killed. Iran launched a retaliation strike, targets in Dubai, Israel, Qatar, Oman and Bahrain were met. Meanwhile, the Federal Chancellor also spoke about the situation in the Middle East.",https://ground.news/interest/rp-onlinede
thairath.co.th,Right,"Iran Announced It Attacked a Us Military Base, Killing 200 and Injuring Them, in Retaliation for Operation ""Roaring Lion"" and Threatening to Escalate the Conflict in the Middle East.","Iranian forces claimed that the U.S. lost 200 soldiers after a retaliatory missile strike targeted military bases across the Middle East. Meanwhile, Iranian military leaders threatened a prolonged war.",https://ground.news/interest/thairathcoth
Tribune India,Right,Fresh strike on US base in Erbil in Iraq as Iran expands retaliatory attacks across Gulf - The Tribune,"Earlier, Bahrain's Interior Ministry on Sunday said a drone targeted Bahrain International Airport amid Iran's retaliation to US-Israel strikes, causing material damage but no casualties, as authorities moved swiftly to secure the site and assess the situation.",https://ground.news/interest/tribune-india
sgtreport.com,Right,The United States And Israel Launch Major Joint Combat Operation On Iran As Tehran Strikes Back With Missile Attacks On US Bases In Middle East,"by Geoffrey Grinder, Now The End Begins: U.S. and Israel forces launched a broad, coordinated military offensive against Iran early this morning, targeting Iranian military infrastructure, missile sites, and leadership compounds On our Podcast yesterday, we told you that war with Iran would come within 24 hours and that’s exactly what we are watching here in the […]",https://ground.news/interest/sgtreportcom
BBC News,Center,Iran: How US-Israel strikes unfolded... in two minutes,Iran launched retaliatory attacks in the Middle East after US-Israel strikes across the country.,https://ground.news/interest/bbc-news_bf95f4
Al Jazeera,Lean Left,What dangers do the US and Israeli attacks on Iran pose?,"Iran has retaliated, firing at Israel, as well as US military assets, in the Middle East.",https://ground.news/interest/al-jazeera_1a2e2c
Revolver,Right,Tehran Hits American Military Bases…,,https://ground.news/interest/revolver
Defense News,Center,"No US casualties reported following Iran’s retaliatory strikes, officials say","CENTCOM officials also claimed that ""damage to U.S. installations was minimal and has not impacted operations.""",https://ground.news/interest/defense-news
Le Télégramme,Center,"Attacks in Iran: Targeted Targets, Joint Operation, Retaliatory fire...","On Saturday morning, the story turned. Iran is under American and Israeli fire, after strikes that raise fears of a fire in the region. You are summarized the events of the last hours in the Middle East that hold its breath.",https://ground.news/interest/le-telegramme
Breitbart,Right,"Zero U.S. Casualties During Iranian Retaliatory Strikes, Says CENTCOM","There were zero U.S. casualties as a resut of Iran retaliatory strikes in response to the opening salvo of Operation Epic Fury, CENTCOM said.",https://ground.news/interest/breitbart
New York Post,Right,US military releases dramatic video of strikes on Iran: ‘Overwhelming and unrelenting blow’,US Central Command released video Saturday of American missiles obliterating various targets in Iran.,https://ground.news/interest/new-york-post
RNZ,Center,Israel launches another wave of attacks against Iran,Iran has pledged to retaliate by targeting US military bases in the region.,https://ground.news/interest/rnz
ledauphine.com,Center,Encryption. Hits in Iran: How the Israeli-American Attack Puts the Middle East Under High Tension,"The massive bombings of Israel and the United States on this Saturday's Iran, and the Islamic Republic's responses on American military bases scattered in neighbouring countries, cause a deflagration in the Middle East.",https://ground.news/interest/ledauphinecom
InsideNoVA.com,Center,CENTCOM reports minimal damage to U.S. bases; no casualties,"(The Center Square) – U.S. Central Command has confirmed that despite missile and drone attacks on bases in the Middle East, there are no reports of casualties or “combat-related injuries,” and damage to American installations has been “minimal.”",https://ground.news/interest/insidenovacom
europapress.es,Center,"Hezbollah Predicts a ""Great Failure"" of the Us and Israel in Their Attack on Iran","Lebanese military party Hezbollah, considered Iran's ally, has condemned this Saturday's bombing...",https://ground.news/interest/europapresses
Beckley Register-Herald,Lean Left,US military reports no American casualties and minimal damage so far in 'hundreds of Iranian missile and drone attacks',US military reports no American casualties and minimal damage so far in 'hundreds of Iranian missile and drone attacks.',https://ground.news/interest/beckley-register-herald
OPB,Center,Why is the U.S. attacking Iran? Six things to know,"The U.S. and Israel launched military strikes in Iran, targeting Khamenei and the Iranian president. ""Operation Epic Fury"" will be ""massive and ongoing,"" President Trump said Saturday morning.",https://ground.news/interest/opb
Khaleej Times,Right,Drone debris damages buildings in Bahrain; one injury reported,Bahrain is one of the Gulf countries under Iranian missile strike as Tehran targeted US assets across the region in retaliation for a joint attack on Iran by the US and Israel,https://ground.news/interest/khaleej-times
CBS Austin,Center,Iran claims drone strike near US base in Bahrain after attacks: reports,Iran has reportedly claimed responsibility for a strike on a U.S. military base in Bahrain after the U.S. and Israel launched a joint attack in Iran.,https://ground.news/interest/cbs-austin
Meduza,Left,Where Are the u.s. and Israel Hitting?,"On the morning of 28 February, the United States and Israeli armed forces launched a series of bombings against Iran, with the leaders claiming that the military operation was intended to eliminate the ""existential threat"" — the nuclear and missile programmes of the Islamic Republic. The media, citing American and Israeli officials, reported that the targets of the attacks were Iran's political and military leadership (including Ayatollah Ali Kh…",https://ground.news/interest/meduza
yle,Center,Iran Is Trying to Strike Us Forces Across the Middle East – Map Shows Locations,The United States has tens of thousands of troops across the Middle East.,https://ground.news/interest/yle
El Financiero,Right,This Was Seen in the Explosion of an Iranian Missile to a u.s. Military Base in Bahrain.,"Iran has extended its military response to the military bases that Washington has throughout the Middle East following the operation launched by the United States and Israel against its territory on Saturday morning, which has caused dozens of deaths in Iranian territory, including 53 girls in a school.Iran has launched at least six waves of missiles against Israel this morning, as reported by the Israeli army, which has again sounded the alarms…",https://ground.news/interest/el-financiero
News.ro,Lean Left,"Israel and the Us Attacked Iran - From Dubai to Doha, Iran Responded to Attacks Throughout the Region / It Was Targeted by the Largest Us Base in the Region / Explosion at the Fairmont Hotel in Dubai / a Rocket Directed by the Us Base From Erbil","Following the American and Israeli attacks on Iran, Iranian repressions were observed in the Middle East, mainly on locations where American military bases or U.S. foreign states are located, reports BBC.",https://ground.news/interest/newsro
The Epoch Times,Right,Iran Targets US Bases in Middle East in Retaliatory Attacks: What We Know So Far,"Iran’s Revolutionary Guard said it has launched retaliatory attacks against multiple nearby U.S. military bases on Feb. 28 after it faced the first strike of what the United States is calling Operation Epic Fury. The Guard said in a statement that it struck the U.S. Navy’s 5th Fleet Command in Bahrain, as well as U.S. bases in Qatar, Kuwait, and the United Arab Emirates (UAE). U.S. Central Command (CENTCOM) later confirmed that Iran launched hun…",https://ground.news/interest/the-epoch-times
Premium Times Nigeria,Lean Left,Saudi Arabia condemns Iran's retaliatory attacks on US bases in Gulf countries,"“These attacks cannot be justified under any pretext or in any way,” the Saudi statement said. The post Saudi Arabia condemns Iran’s retaliatory attacks on US bases in Gulf countries appeared first on Premium Times Nigeria.",https://ground.news/interest/premium-times-nigeria
Boston Globe,Lean Left,What to know about US-Israel attacks on Iran - The Boston Globe,Iran’s Foreign Ministry said it would defend its homeland and its Revolutionary Guard said it launched counterattacks.,https://ground.news/interest/boston-globe
Dagens Nyheter.,Right,Iran Strikes Back After Us and Israeli Attack,"The Iranian regime has been the target of targeted attacks by Israel and the United States, and Israeli Prime Minister Benjamin Netanyahu says there are “many signs” that Ayatollah Ali Khamenei is dead. In retaliation, Iran has fired missiles at Israel and US bases in the Middle East.",https://ground.news/interest/dagens-nyheter
KSHB-TV,Center,Political Science professor warns of long-term economic fallout from US attack on Iran,A Park University political science professor says Americans likely won't feel the full consequences of the recent U.S. military attack for months down the road.,https://ground.news/interest/kshb-tv
The Free Press (Tampa),Right,"""Operation Epic Fury"" Triggers Six-Nation Conflict As Iran Retaliates Against U.S. Bases - Tampa Free Press","The Middle East has plunged into a massive, multi-front war following the launch of “Operation Epic Fury,” a joint U.S.-Israeli daylight offensive that has triggered immediate Iranian retaliatory strikes against six different countries. The tactical reality on the ground shifted instantly on Saturday as Iranian missiles and drone swarms began slamming into U.S. military installations […] “Operation Epic Fury” Triggers Six-Nation Conflict As Iran…",https://ground.news/interest/the-free-press-tampa
Eldiario.es,Lean Left,Iran Confirms Attacks on u.s. Bases in Several Gulf Countries,"In response to the joint attacks by Washington and Tel Aviv, Iran has targeted US bases in Qatar, United Arab Emirates (UAE), Bahrain and Kuwait with missiles on Saturday, according to Iranian agency Mehr and collects EFE.",https://ground.news/interest/eldiarioes
Welt,Right,War in the Middle East +++ Iran Fires Rockets at Israel and Us Bases – Merz on the Phone with Netanyahu +++ Liveticker,Israel and the US launched air strikes against Iran in the morning. Iran has been shooting at Israel and several other countries ever since. International politics is trying to find a way to deal with the new situation. More in the live ticker.,https://ground.news/interest/welt
PressTV,Right,"IRGC pounds US bases across West Asia following US, Israeli aggression","The Islamic Revolution Guards Corps (IRGC) has carried out a string of simultaneous and massive missile strikes against US military bases across West Asia in retaliation for airstrikes targeting several cities in Iran, including the capital Tehran.",https://ground.news/interest/presstv
GMA Filipino News,Lean Left,"Iran's Repentance: Several Countries in the Middle East Where the Us Has Military Bases, Iran Attacks",Several countries in the Middle East said they were targeted by Iranian missiles on Saturday after Tehran vowed to retaliate for attacks on them by the United States and Israel.,https://ground.news/interest/gma-filipino-news
Fortune,Center,U.S. airstrikes target members of Iranian leadership while retaliation focuses on Israel and American bases in the region,Regime change would be a complicated endeavor given the potential for a protracted conflict and because neither the U.S. nor Israel have articulated a vision for what new leadership would look like.,https://ground.news/interest/fortune
One News Page,Center,Explained: Why has Iran attacked the Middle East today?,"Iran launched retaliatory strikes across the Middle East following coordinated US-Israeli attacks on February 28, 2026. Targeting bases supporting US and Israeli operations, Tehran signaled that regional attacks would have wider consequences. This escalation stems from years of shadow war, with ...",https://ground.news/interest/one-news-page
CGTN,Lean Left,Infographics: U.S. and Israel attack Iran; Tehran strikes back across Middle East,"Iran's Islamic Revolutionary Guard Corps has targeted multiple U.S. bases in the Middle East in response to joint U.S.-Israeli attacks on Saturday, Iranian semi-official Fars News Agency reported. According to the news agency, these bases included Al",https://ground.news/interest/cgtncom
Peru21,Center,"The United States and Israel Launch ""Large-Scale"" Attacks Against Iran","Trump announces massive attacks against Iran to destroy its missile industry and navy, urging Iranians to take control of their government and warning of imminent threats",https://ground.news/interest/peru21
La Voz de Galicia,Center,Israel and the u.s. Launch Mass Attack on Iran to Force Regime Change · Global Voices,"Donald Trump announced this Saturday the beginning of a ""great combat operation"", named by the United States as Epic Fury, aimed specifically at the ""elimination of the Iranian regime."" In response to this offensive, Iran has already attacked US base missiles in Qatar, United Arab Emirates (UAE), Bahrain, Kuwait and also several cities in Israel.",https://ground.news/interest/la-voz-de-galicia
sta.si,Center,"For Iran, All Areas From Which Attacks Originate Are Legitimate Targets","Iranian Foreign Minister Abbas Araghchi announced today that all areas from which the US and Israel launch attacks on Iran are legitimate targets for the Iranian military. In response, he sent missiles at several countries in the region where US military bases are located. They are concerned and are also threatening retaliatory measures against Iran.",https://ground.news/interest/stasi
New Statesman,Left,What is the endgame in Iran?,"In the early hours of 28 February, Donald Trump announced a “massive and ongoing” military operation against Iran. Large explosions were reported across Tehran and several other Iranian cities as the United States and Israel launched a barrage of air strikes. Witnesses described panic in the Iranian capital, where the workweek had just begun, and smoke rising from the direction of the presidential palace. The Pentagon called the campaign “Operat…",https://ground.news/interest/newstatesmancom
PJ Media,Far Right,"U.S. Central Command Says No U.S. Casualties, Iranian Attacks Thwarted",U.S. Central Command confirms no U.S. casualties after repelling Iranian attacks in Operation Epic Fury.,https://ground.news/interest/pj-media
ladepeche.fr,Lean Left,"Hits in Iran: Qatar, Bahrain, syria... Tehran Is Responding, Which Countries in the Middle East Are Affected?","In response to the Israeli-American strikes that hit its territory on Saturday, February 28, Iran responded by launching numerous missiles on several American bases in the Middle East.",https://ground.news/interest/ladepechefr
BFM TV,Center,Direct. Strikes in Iran: at Least 51 Dead in a Strike on a School in the South of the Country,"The United States and Israel launched strikes on Iran this Saturday, 28 February. Tehran responded with missiles sent to the Hebrew state, according to the Israeli army. With this ""Epic Fury"" operation, Donald Trump invites the Iranian people to ""take power"".",https://ground.news/interest/bfm-tv
ABS-CBN,Right,Iran strikes countries hosting US forces in Middle East,Iran has responded to a wave of US strikes by launching missile attacks on multiple countries hosting some of the tens of thousands of American troops deployed,https://ground.news/interest/abs-cbn
Business Insider,Lean Left,Iran has been firing missiles into at least half a dozen countries. Here's how the fight has been playing out.,"A smoke plume rises over Abu Dhabi from the site of an Iranian missile strike.AFP via Getty ImagesIran is launching counter strikes after US and Israeli attacks on the country.At least six countries have reported attacks, many of which have US bases, which Iran said it is targeting.Details are still emerging, but some countries reported damage and death from debris.Iran launched missile strikes into at least six countries in retaliation for the …",https://ground.news/interest/business-insider
The Savage Nation,Far Right,MichaelSavage.com – Iran Launches Retaliatory Missile Strikes on Israel After Joint U.S.–Israeli Attack on Tehran — Also Targets U.S. Base in Bahrain with Missile Attack,"The Middle East erupted into chaos Saturday after Iran launched a retaliatory missile strike targeting a major U.S. military installation in Bahrain. According to multiple breaking reports, ballistic missiles struck near facilities associated with the U.S. Navy’s Fifth Fleet, headquartered in the island kingdom of Bahrain — a critical hub for American naval operations in…",https://ground.news/interest/the-savage-nation
Daily Express,Right,US base rocked by explosion as footage shows moments Iranian missile strikes,Iran has vowed to launch 'unforeseen weapons'.,https://ground.news/interest/daily-express
WCVB,Center,"Strikes hit Iran, Israel and US military installations across the Middle East",The U.S. and Israel initiated a major attack on Iran on Saturday. ﻿Iran ﻿launched strikes targeting U.S. military installations in the Middle East in response.,https://ground.news/interest/wcvb
Geller Report,Far Right,"Multiple High-Ranking Islamic Commanders, Regime Officials Killed in Operation Epic Fury: Report",The end of the butchers.,https://ground.news/interest/geller-report
thecradle.co,Left,"Iran launches Operation True Promise 4, targets US bases across Persian Gulf",Dozens of schoolgirls were among the victims of a new wave of unprovoked attacks launched by the US and Israeli on the Islamic Republic,https://ground.news/interest/thecradleco
Sky News UK,Center,Where has been hit? Iran retaliates across Middle East after US-Israel strikes,"Iranian cities hit include Tehran, Isfahan, Tabriz, Kermanshah, and Qom, while retaliatory missiles have hit Bahrain, Kuwait, Qatar, and the UAE.",https://ground.news/interest/sky-news
Radio Free Europe/ RadioLiberty,Center,Iran Targeting Mideast Countries That Host US Bases,"Iranian missiles have been launched at several countries in the Middle East, all of which host bases of US armed forces.",https://ground.news/interest/radio-free-europe-radioliberty
Manchester Evening News,Center,Full timeline of US and Israel military strikes on Iran as explosions reported across Middle East,Operation Epic Fury,https://ground.news/interest/manchester-evening-news
Dnevni list Danas,Lean Left,"Israel and the Us Attacked Iran, Tehran Retaliated with Strikes Across the Region","Trump confirmed that a ""major military operation"" was underway, while Israel announced that Iran had responded to the attack by firing missiles.",https://ground.news/interest/dnevni-list-danas
Florida Politics,Center,Florida politicians react to Iran attack,"Many of Florida’s candidates and elected leaders are issuing statements on the attack on Iran Saturday. Here are some of them: — U.S. Sen. Rick Scott: “The days of the evil Iranian regime chanting ‘Death to America,’ threatening the very existence of our country and our allies, and oppressing its people are over. Thank you, President Donald Trump, for your strong leadership. God bless War Secretary Pete Hegseth and the brave men and women in our…",https://ground.news/interest/florida-politics
EADaily,Right,A powerful fire rages at the US Navy base in Bahrain after an Iranian strike,A massive fire is raging at the base of the 5th Fleet of the US Navy in Bahrain after a missile strike from Iran. The corresponding frames are published on the Web.,https://ground.news/interest/eadaily
Telegrafi,Lean Left,Where Has Iran Struck so Far in Response to American-Israeli Attacks?,"Israel has launched a large-scale military operation against Iran, dubbed “Operation Lion’s Roar,” with missile strikes on targets in Tehran and other Iranian cities. The attack was coordinated with the United States and included Iranian military targets and critical infrastructure. Israel and Iran in open war - recent attacks and counterattacks Meanwhile, the Iranians have launched several counterattacks, but they have been carried out in place…",https://ground.news/interest/telegrafi
Morocco World News,Right,US-Israel Strikes on Iran Trigger Missile Barrage Across Middle East,"Rabat - Tensions in the Middle East sharply escalated on Friday after the United States and Israel launched major strikes on Iran, prompting swift Tensions in the Middle East sharply escalated on Friday after the United States and Israel launched major strikes on Iran, prompting swift retaliation that has shaken the region.",https://ground.news/interest/morocco-world-news
आज तक,Right,Us Strike Iran: Not Just oil... the Iran-Us War Poses a Significant Threat to India! Find Out How Serious the Crisis Is.,"Israel and the US launched a joint attack on Iran, which has since been followed by Iran targeting US bases. This attack is expected to cause a surge in oil prices worldwide. The possibility of waterway blockages has also increased, posing a significant threat to trade.",https://ground.news/interest/_421d90
Radio-Canada,Lean Left,Overview of Us Bases in the Middle East,"The military attacks on Iran resulted in a missile attack on an American base in Bahrain, one of its facilities in the region.",https://ground.news/interest/radio-canada
la Nacion,Right,“Operation Epic Fury”: u.s. Attacks Focused on Ayatollah and Other Top Leaders of Iran,"TEL AVIV. – The U.S. and Israel launched a series of attacks on Iran this Saturday, targeting their political and military leadership, and opening a new front of conflict in the Middle East that, according to President Donald Trump, seeks to neutralize a threat to U.S. security and offer the Iranians the opportunity to overthrow their rulers.Teheran responded by launching missiles against Israel. There were also explosions in oil-producing Arab …",https://ground.news/interest/la-nacion_7042bc
palinfo.com,Left,Iran starts launching counterattacks on US and Israeli targets,,https://ground.news/interest/palinfocom
Fox News,Right,Fetterman praises Operation Epic Fury: Trump is 'willing to do what's right',Sens. John Fetterman and Lindsey Graham praised President Donald Trump after the U.S. launched Operation Epic Fury targeting Iran with missile strikes.,https://ground.news/interest/fox-news_a44aba
Politico Europe,Lean Left,Iran launches counterattacks against US bases in the Gulf,"Missiles and drones hit American facilities in Bahrain, Qatar and the United Arab Emirates, Iran’s Islamic Revolutionary Guard Corps said.",https://ground.news/interest/politico-europe
il Giornale,Right,From the Beaches of Dubai to the Streets of Doha: that's Where Iran Is Hitting,Tehran attacks US bases in the Middle East. Still uncertain the extent of the damage caused by Iran's retaliation,https://ground.news/interest/ilgiornaleit
El Universo,Right,Iran and United Arab Emirates Reported Killed by Attacks Including u.s. Military Bases · Global Voices,Israel claims that its military campaign is targeting military targets in Iran.,https://ground.news/interest/el-universo
The Blaze,Right,Iran sparks regional war after retaliating against US military assets over 'massive' US-Israel strike,"The U.S. military struck Iran along with Israeli forces on Saturday morning and Iran lashed out with attacks on Bahrain, the United Arab Emirates, Qatar, and Kuwait.President Donald Trump issued a national statement about the military operation dubbed ""Operation Epic Fury"" late Friday evening.'The Israeli Air Force is operating to intercept and strike threats where necessary to remove the threat.'""The United States military is undertaking a mass…",https://ground.news/interest/the-blaze
CNN,Lean Left,Missile strikes near US Navy base in Bahrain,"Video geolocated by CNN shows the moment a missile struck near the US Navy base in Bahrain. In the video, a large explosion can be heard. A large plume of smoke is then seen rising from the area around the base.",https://ground.news/interest/cnn
Associated Press News,Lean Left,"Smoke seen in Bahrain, Qatar and Kuwait as Iran retaliates against strikes","The Revolutionary Guard said in a statement that in the first phase of retaliation, named “Truthful Promise 4,” Iran’s military struck the command of the U.S. 5th Fleet in Bahrain as well as U.S. bases in Qatar and the United Arab Emirates, and military targets in Israel.",https://ground.news/interest/associated-press-news
TF1 INFO,Center,"""A Potential Extension of the Conflict"": the Images of the Iranian Bombings on the American Base in Bahrain","The Iranian army has targeted an American base in Bahrain this Saturday, February 28, as shown in the images above. Donald Trump launched earlier in the day ""major combat operations"" against Iran. What interest does Tehran have in mixing the Gulf countries? - ""A potential extension of the conflict"": images of Iranian bombings on the American base in Bahrain (International).",https://ground.news/interest/tf1-info
USA Today,Lean Left,Iran missile strike on US Navy base in Bahrain captured on camera,"Blasts were captured on video as Iran retaliated with attacks on a U.S. Navy base in Bahrain, according to reports.",https://ground.news/interest/usa-today
Reuters,Center,Scenes from the Middle East as the US and Israel attack Iran,,https://ground.news/interest/reuters_fa2539
Globo,Right,The Us and Israel Launch Joint Attacks on Iran; Islamic Republic Makes Cuts,The United States and Israel launch joint attacks on Iran; the Islamic Republic makes offensive cuts marked with a sharp scale of tensions involving Washington and Tehran; Donald Trump speaks of a change of government Entanda: the US and Israel are fighting coordinated attacks against Iran with a promise of the end of the regime of aid and nuclear threat,https://ground.news/interest/globo
Xinhua,Left,"Iran says launched missile, drone attacks on Israel, U.S. regional bases","Iran says launched missile, drone attacks on Israel, U.S. regional bases",https://ground.news/interest/newscn
Daily Record,Lean Left,Dubai and Abu Dhabi rocked by explosions as Brits in Middle East told 'seek shelter',Missiles have also been targeting a US naval base in Qatar among others as Iranian forces retaliate.,https://ground.news/interest/daily-record_ed6bce
Le Parisien,Right,Video. Iranian Missile Strikes Us Base in Bahrain,Videos broadcast on social media on 28 February show the impact of a missile strike on an American naval base in Bahrain.,https://ground.news/interest/le-parisien
CartaCapital,Left,Us Base in Bahrain Is Hit by 'Missage Attack',"Iran confirmed the author of the bombings, which took place after US and Israel attacks on Tehran",https://ground.news/interest/cartacapitalcombr
Le Monde,Lean Left,"In Direct, Bombing in Iran: Revolutionary Guards Confirm Targeting the Us Navy in Bahrain, Explosions Also Heard in Riyadh, Doha and Abu Dhabi","""The escalation under way is dangerous for all. It must stop,"" warns Emmanuel Macron in a message on X. ""The Iranian regime must understand that it has now no more option than to enter into a good-faith negotiation to put an end to its nuclear and ballistic programme as well as to its actions of regional destabilization,"" adds the French President, for whom ""the Iranian people must also be able to build their future freely"".",https://ground.news/interest/le-monde
The New Arab,Lean Left,Iran targets US bases across Gulf after US-Israeli attacks,"Iran launches missiles at US bases in Gulf states, explosions heard from Abu Dhabi to Riyadh, after US-Israeli strikes on Tehran.",https://ground.news/interest/newarabcom
Jyllands-Posten,Right,Here Is a Brief Overview of What happened:,"Iran has been attacked by the US and Israel, and the Iranians have responded. Follow the developments here.",https://ground.news/interest/jyllands-posten
The Express Tribune,Center,"Iran fires retaliatory missiles at Israel, US bases in Middle East after air strikes","Fars news agency says Iran's IRGC has targeted US bases in Kuwait, UAE, Qatar, Bahrain",https://ground.news/interest/the-express-tribune
franceinfo.fr,Lean Left,"Several Us Military Bases in Iran's Targeted Gulf Countries, in Retaliation for Us Strikes","In Abu Dhabi, in the United Arab Emirates, the authorities reported a death, killed by a fall of debris from a missile.",https://ground.news/interest/franceinfofr
The Statesman,Center,The moment Iranian missile hit US naval base in Bahrain,"According to the Bahran’s National Contact Center, a service centre affiliated with the US naval base came under the Iranian attack.",https://ground.news/interest/the-statesman_fb6331
Observador,Right,11h. United States and Israel Attacked Iran: Updates,The news on the Watcher Radio. What's going on.,https://ground.news/interest/observador
www.t-online.de,Lean Left,Attack in Video: Iran Attacks Us Fleet,"Sirens are crying, rockets are rising. After the attacks of Israel and the USA, Tehran is fighting back – and is also targeting US targets.",https://ground.news/interest/wwwt-onlinede
n-tv.de,Right,"Retribution for ""Preventive Strike"": Iran Attacks Us Bases in Arab Gulf States","After the start of the large-scale attacks of Israel and the United States, Iran is fighting back. The target is several US bases in the Arab Gulf States. But civilians in the region also feel the escalation.",https://ground.news/interest/n-tvde
The Star Kuala Lumpur,Right,"Iran strikes back, targets US military in Qatar, Kuwait, UAE, Bahrain","TEHRAN: The Iranian military says it launched attacks on four US military sites in Qatar, Bahrain, Kuwait and the United Arab Emirates in retaliation for joint US-Israeli strikes across Iran, reported German Press Agency (dpa). Read full story",https://ground.news/interest/the-star-kuala-lumpur
The Gateway Pundit,Far Right,"Saudi Arabia SLAMS “Brutal Iranian Aggression” Against Bahrain, Qatar, UAE, Jordan, and Kuwait — Warns Tehran of “Grave Consequences” | The Gateway Pundit | by Jim Hᴏft","A major geopolitical flashpoint erupted across the Middle East on Saturday after Iran launched missile and drone attacks targeting multiple Gulf nations, prompting Saudi Arabia to issue a blistering condemnation of what it described as “brutal Iranian aggression.” Saudi officials made it clear that Riyadh is standing in full solidarity with the nations targeted in Saturday’s coordinated Iranian assault.",https://ground.news/interest/the-gateway-pundit
Zeit Online,Lean Left,Us Attack on Iran: What We Know About the Attack on Iran,What are the goals of the US and Israel? How exactly did the military action take place? How well is Israel prepared for counterattacks? The most important questions and answers,https://ground.news/interest/zeit-online
wz.de,Center,Federal Government Consults with Partners on the Middle East,"The US and Israel are starting attacks on Iran. The German government is voting internally and internationally - and according to its own information, Israel was informed in advance in the morning.",https://ground.news/interest/wzde
Le Huffington Post,Left,"Riposte, demand... the Unfolding of the First Hours of the ""Epic Fury"" Operation","The Revolutionary Guards confirmed a ""first wave"" of rebuttals against Israel and American bases were targeted in Gulf countries.",https://ground.news/interest/le-huffington-post
New Hampshire Union Leader,Center,Operation Epic Fury: Israel and US launch massive strikes on Iran,"WASHINGTON/DUBAI/CAIRO - The United States and Israel launched strikes on Iran on Saturday, plunging the Middle East into a new conflict that President Donald Trump said would end a security",https://ground.news/interest/unionleadercom
Il Fatto Quotidiano,Lean Left,Iranian Missiles on Us Naval Base in Bahrain: Video,"After the bombing of Tehran by the US and Israel, Iran also launched missiles on the American naval base in Bahrain. On the social media, several videos showing the moment of the explosion and the escape of the inhabitants in panic The article Iranian Missiles on the American naval base in Bahrain: the moment of the explosion and the escape of the inhabitants comes from The Daily Fact.",https://ground.news/interest/il-fatto-nuotidiano
KAKE News,Center,"U.S., Israel strike Iran in Operation Epic Fury","(The Center Square) – Massive strikes by the United States against Iran in Operation Epic Fury started overnight, with allied support from Israel.",https://ground.news/interest/kakecom
5Pillars,Center,Iran unleashes retaliatory strikes across the region following joint US-Israeli attack,"FacebookLikeShareTweetEmail Iran has begun launching retaliatory missile strikes aimed at targets across the Middle East, as Tehran promises a “crushing response” to the joint US and Israeli air strikes on Tehran, noting the attacks occurred “once again during negotiations” with Washington. Following deadly strikes on numerous sites across Tehran early Saturday, Iran has begun launching […]",https://ground.news/interest/5pillars
Le Figaro,Right,"Hits in Iran: United Arab Emirates, Saudi Arabia, qatar... the Gulf Countries Face the Fear of Regionalization of the Conflict","After being hit by the United States and Israel, Iran soon responded by bombing the Hebrew state, Saudi Arabia, Qatar, the United Arab Emirates and many others.",https://ground.news/interest/le-figaro
abc,Right,"Iran Attacks u.s. Naval Bases in Bahrain, Qatar and Other Areas of the Persian Gulf",After the Israeli and U.S. bombing of Tehran,https://ground.news/interest/abc_0c202e
Hindustan Times,Center,US Navy's Fifth Fleet HQ attacked in Bahrain? Video goes viral as Iran vows retaliation,Bahrain reported a missile strike on the US Navy's Fifth Fleet headquarters but provided no details on damage or casualties.,https://ground.news/interest/hindustan-times
India TV News,Right,Flightradar24 hit by heavy traffic as military aircraft tracking surges amid Israel-Iran conflict,US and Israel strike Iran; Iran retaliates with drones and missiles. Middle East airspace closures disrupt global flights as Flightradar24 faces outages amid heavy traffic.,https://ground.news/interest/india-tv-news
20minutos,Center,"Iran Launches Attacks on u.s. Bases in Bahrain, Qatar, Uae and Kuwait in Response to u.s. and Israeli Offensive","Iran has attacked U.S. bases in Qatar, UAE, Bahrain and Kuwait with missiles on Saturday and is threatening further attacks, Iranian agency Mehr reported.""Any base in the entire region that helps Israel will be our target,"" said the spokesman for the Iranian Armed Forces General Staff quoted by this agency.According to this media, Iran launched missile attacks simultaneously at the largest bases in the region, Al Udeid's in Qatar, Al Salem's in …",https://ground.news/interest/20minutos
mg.co.za,Left,Iran hits US Gulf base in retaliation against attacks on Tehran – The Mail & Guardian,"A missile strike has hit a service facility linked to the US Navy’s Fifth Fleet in Bahrain, drawing American military infrastructure in the Gulf directly into the confrontation between Israel, Iran and the United States.Bahrain’s state news agency confirmed on Saturday that the Fifth Fleet service centre was targeted in the strike which followed Israeli and United States aerial operations earlier in the day against sites inside Iran, including T…",https://ground.news/interest/mgcoza
Newsweek,Center,Trump Calls for Iran Regime Change- What Follows Khamenei?,President Donald Trump has called on Iranians to rise up amid U.S.-Israeli strikes against the Islamic Republic.,https://ground.news/interest/newsweek
Digi 24,Center,"Marius Lazurca, Following the Us and Israel Attack on Iran: Ambassadors Are Safe and Monitor Developments","The Presidential Council for National Security, Marius-Gabriel Lazurca, announced on Saturday, 28 February that the Romanian authorities are in constant contact with the Romanian Embassy in Tehran, in the context of the attacks launched by the United States of America...",https://ground.news/interest/digi-24
The European Conservative,Right,"Trump: U.S. Engaged in ""Operation Epic Fury"" Against Iran","In a video posted on Truth Social, U.S. President Donald Trump confirmed that the United States was “undertaking a massive and ongoing operation to prevent this very wicked, radical dictatorship from threatening America and our core national security interests.” The U.S. military dubbed the assault “Operation Epic Fury.” The president called on Iran’s military forces to lay down their weapons, and on Iran’s civilians to rise up and “take over yo…",https://ground.news/interest/the-european-conservative
valeursactuelles.com,Right,Israel Finally Embarks the United States in the Iranian Conflict,"This morning, a new Israeli strike targeted Iran several months after the war that had opposed Tel Aviv and Tehran, with the support of Washington. As the Iranian nuclear negotiations were patting between the Iranian regime and the United States, Israel forced fate in a sequence where each operation seems to bring the Middle East a little closer to a point of no return, We are at a strategic crossroads facing an Iran that is bewildered, disputed…",https://ground.news/interest/valeursactuellescom
Metro News,Lean Left,Missile attacks hit Bahrain 'with US Navy's fleet headquarters targeted',"Missiles have struck targets in Bahrain, where the US Navy's Fifth Fleet is headquartered, after joint US-Israel attacks in Iran.",https://ground.news/interest/metro-news
La Tercera,Right,Iran Launches a Wave of Missile Attacks Against Israel and the Gulf in Response to u.s. and Israeli Attacks,"President Donald Trump announced on Saturday that the U.S. had launched a major attack on Iran, promising to devastate the country’s army, eliminate its nuclear program and bring about a change in its government. In response, Tehran launched a wave of missile attacks against the Gulf countries. Axios correspondent Barak Ravid said on his X account that a senior U.S. official had told him that U.S. attacks on Iran are focused on Iran’s missile pr…",https://ground.news/interest/la-tercera
focus.de,Right,Video to Show Attack on u.s. Military Base in Bahrain,"Iran has claimed to have attacked a U.S. military base in Bahrain with rockets, with several social media footage showing the incident.",https://ground.news/interest/focusde
Svenska Dagbladet,Right,"Iran to Attack Several Countries: ""Powerful Strikes""","Explosions and plumes of smoke are reported from several countries around the Persian Gulf, including Bahrain, where the US has a military base that was reportedly hit. Iran calls the attacks ""powerful strikes.""",https://ground.news/interest/svenska-dagbladet
Haaretz,Lean Left,Trump to Iranians following Israel-U.S. operation: 'Take over your government',"The U.S. president urged Iranians to take cover during the strikes, but to attempt to usurp the Ayatollah regime once American and Israeli forces are finished. Targets in include Iran's military, symbols of government and intelligence targets, according to an official briefed on the operation",https://ground.news/interest/haaretz
The Media Line,Right,"Iran Targets US Base in Bahrain, Explosions Reported in the Kingdom","The Kingdom of Bahrain announced Saturday afternoon that […] The post Iran Targets US Base in Bahrain, Explosions Reported in the Kingdom appeared first on The Media Line.",https://ground.news/interest/the-media-line
Protothema,Right,"The Moment Iranian Missiles Hit the Us 5th Fleet Base in Bahrain, Watch Shocking Videos","Iran launched a ballistic missile attack on the US 5th Fleet headquarters in Bahrain in retaliation for the joint US-Israeli military operation - Qatar announced missile interception, while explosions were reported in Abu Dhabi",https://ground.news/interest/protothema
OKDIARIO,Right,"Iran Counterattacks and Launches Missiles Against u.s. Military Bases in Bahrain, Qatar, Kuwait and Uae","Iran has responded to the massive attack launched on Saturday morning by the United States (US) and Israel with missiles directed not only against Israeli territory, but against U.S. military positions at its bases in the region, specifically in Bahrain, Qatar, Kuwait and the United Arab Emirates. Furthermore, as reported by the Jordanian army, two ballistic missiles targeting its territory have also been neutralized. Saudi Arabia’s reaction to …",https://ground.news/interest/okdiario
Latestly,Right,"Iran Launches Ballistic Missile Attack on US Navy Base in Bahrain, Know All About the American Navy’s 5th Fleet | 🌎 LatestLY","Emergency sirens echoed across Bahrain and loud explosions were reported in Kuwait and the United Arab Emirates on Saturday, February 28, as regional tensions escalated into open military conflict. Following a large-scale joint strike by the United States and Israel, dubbed &#039;Operation Epic Fury&#039; against Iranian nuclear and military sites, Tehran launched a retaliatory barrage of ballistic missiles and drones targeting U.S. military inst",https://ground.news/interest/latestly
La Repubblica,Lean Left,Iran's Missile Hits Us Naval Base in Bahrain: Explosion From Different Points,,https://ground.news/interest/la-repubblica
Sueddeutsche Zeitung,Lean Left,"Usa Call Attack on Iran ""Operation Epic Fury""",,https://ground.news/interest/sueddeutsche-zeitung
Tagesschau,Center,++ Apparently Hit Us Base in Bahrain ++,"The situation in the Middle East is escalating: the US and Israel launched attacks against Iran, Tehran reacted with counterattacks - and apparently hit a US base in Bahrain. The developments in the live blog.",https://ground.news/interest/tagesschau
France24,Center,US and Israel attack Iran : What will be the impacts in the Middle East ?,Andrew Hilliar gives us his analysis.,https://ground.news/interest/france24
조선일보,Right,"""Iran Strikes Us Military Bases in Qatar, Kuwait, Uae, and Bahrain""","Iran strikes US military bases in Qatar, Kuwait, the UAE, and Bahrain. Iran simultaneously attacked US military bases in the Middle East in response to US and Israeli airstrikes. The conflict between the US, Israel, and Iran appears to be spreading across the Gulf. According to foreign media outlets such as the Associated Press, Iran's elite Islamic Revolutionary Guard Corps",https://ground.news/interest/chosuncom
Daily Mirror,Lean Left,America's attack on Iran will be felt for decades to come - by all of us - The Mirror,America's joint war on Iran with Israel could be the moment the Middle East was changed forever and it will likely affect us all as Iran's proxies are unleashed and spread terror across the west,https://ground.news/interest/daily-mirror
El Pais,Lean Left,Iran Attacks u.s. Military Bases in the Middle East · Global Voices,"Bahrain's state news agency has confirmed the existence of three attacks against that country on Saturday morning. At least one of those hostilities would have targeted U.S. military installations in that territory.The aggression occurs after the White House and Israel have started a war against Iran hours before, where both governments have declared this Saturday that they are seeking to end the Islamic Republic.Continue reading",https://ground.news/interest/el-pais
BioBioChile,Right,"Iran Attacks Us Fifth Fleet in Bahrain in Response to ""Preventive Attack"" in Tehran · Global Voices","Iran claims to have attacked the U.S. naval base in Bahrain in a missile attack, the Iranian and Bahraini press reported this Saturday. It is a counterattack by the Islamic regime to the “preventive attack” that the U.S. in coordination with Israel staged in Tehran. Iranian official channel Press TV reported on the attack on the U.S. naval support base in Bahrain, with photos and videos showing the heavy missile smoke at a point in the city near…",https://ground.news/interest/biobiochile
연합뉴스-Yonhap News Agency,Right,"Iran Strikes Us Military Bases in Qatar, Kuwait, Uae, and Bahrain",(,https://ground.news/interest/_ae7d36
saarbruecker-zeitung.de,Center,Attacks on Iran: Federal Government Consults with Partners on the Middle East,The situation in the Middle East is escalating again - the US and Israel are starting attacks on Iran. The German government is voting internally and internationally.,https://ground.news/interest/saarbruecker-zeitungde
Sud Ouest,Center,"Hits in Iran: Almost Half a Century of Conflict with the United States, How Did We Get There?","While the United States and Israel carried out strikes on Iran this Saturday, back on almost half a century of tensions to understand the origin of the conflict in Iran, against which the United States and",https://ground.news/interest/sud-ouest
Live Mint,Center,What is Operation Epic Fury? US unleashes sweeping strikes against Iranian military days after Trump's warning,The US launched Operation Epic Fury against Iranian military targets after Iran refused to renounce nuclear weapons. Iran retaliated with missile strikes on US bases in the Middle East. US embassies in the region urged Americans to shelter in place amid escalating tensions.,https://ground.news/interest/live-mint
El Mundo,Right,"Iran Launches Attacks on u.s. Forces in Bahrain, Qatar, Uae, and Kuwait in Response to Israeli Coordinated Bombings · Global Voices","Tehran has launched a series of attacks against U.S. forces in the Middle East, in retaliation for the Israeli-coordinated bombings that hit about ten...",https://ground.news/interest/el-mundo
Infobae,Lean Left,Iran's Regime Hit the u.s. Base in Bahrain with Missiles,"In response to joint Israeli-US bombings, Tehran launched an attack on the Fifth Fleet operations centre. There are also reports of explosions in the United Arab Emirates, Kuwait and Qatar.",https://ground.news/interest/infobae_343f97
Stars and Stripes,Center,Counterstrikes continue at US Navy base in Bahrain; residential buildings off base attacked,Missile and drone attacks continued for hours at the headquarters of the US Navy’s 5th Fleet in Bahrain.,https://ground.news/interest/stars-and-stripes
China Daily,Lean Left,Explosions heard near US base in Bahrain: media,,https://ground.news/interest/china-daily
Malay Mail,Right,Pentagon: US dubs Iran assault ‘Operation Epic Fury’,"WASHINGTON, Feb 28 — The United States has named its sweeping strikes against Iranian military targets “Operation Epic Fury,” the Pentagon said today.The Defence Department announced the name in a social media post that included an American flag emoji, but has otherwise provided no details so far on the strikes.President Donald Trump said US forces were targeting Tehran’s naval and missile forces, and urged Iranians to overthrow their government.",https://ground.news/interest/malay-mail
Deutsche Welle,Center,Bahrain confirms missile attack on US Navy headquarters,,https://ground.news/interest/deutsche-welle
Jerusalem Post,Center,Smoke seen in Bahrain area housing US Navy base,The US Embassy in Bahrain urged citizens to shelter in place while citing media reports of threats of missiles and drones over Bahraini airspace.,https://ground.news/interest/jerusalem-post
Republic World,Right,"Iran Strikes US Bases in Bahrain, Qatar & Kuwait in Retaliation for Joint US-Israel Attacks; UAE, Qatar, Kuwait Close Air Spaces","In Bahrain, a missile attack reportedly targeted the US Navy&#39;s 5th Fleet headquarters in the kingdom. In Qatar, reports said that Al Udeid Air Base--the largest U.S. military installation in the Middle East and a forward headquarters for U.S. Central Command--was under attack.",https://ground.news/interest/republic-world
Spiegel,Lean Left,(S+) Us Attack on Iran: Donald Trump Plans the Beheading Strike,"The attack by the US and Israelis is aimed not only at individual military facilities in Iran, but at the leadership in Tehran. It is a war with unforeseeable consequences for the Middle East – and the world.",https://ground.news/interest/spiegel
NRC Handelsblad,Lean Left,Gulf States Report Iranian Attacks,Bahrain says the US Naval headquarters there was attacked by Iran. Bahrain is home to the headquarters of the Fifth Fleet from…,https://ground.news/interest/nrc-handelsblad
El Periódico,Center,"The Spanish Embassy in Iran, Where There Are About 150 Spaniards, Is Closely Following the Crisis Following the Attack by the Us and Israel","The Spanish Embassy in Tehran is ""following closely"" the situation in Iran, where there are just over 150 Spaniards, following the bombings carried out in recent hours by the United States and Israel against the Iranian regime, sources from the Ministry of Foreign Affairs have reported.",https://ground.news/interest/el-periodico
La Vanguardia,Lean Left,These Are the u.s. Military Bases in the Middle East that Can Attack Iran,Iran's autocratic regime has assured that it will attack U.S. military bases in the Middle East following Operation 'Epic Furia' launched jointly by Washington and Israel on Saturday. Qatar has already alerted its citizens to prepare for Iranian reprisals.The main U.S. military installations in the region are as follows.Read more...,https://ground.news/interest/la-vanguardia
News18 India,Right,"Explosions Heard In Kuwait, Bahrain And Abu Dhabi As Iran Asks Israel To Prepare For Retaliation","Iran simultaneously fired ballistic missiles to Israel, Bahrain, UAE, Qatar in retaliation to the US and Israel's joint attack near the offices of Ayatollah Ali Khamenei",https://ground.news/interest/news18-india
Times of India,Right,What are the primary US military bases in the Middle East?,Israel and the United States attacked Iran on Saturday. This action has reignited military confrontation in the Middle East. The article lists significant US military facilities in the region. These bases are crucial for US operations across the Middle East and beyond. Their presence highlights the strategic importance of these locations.,https://ground.news/interest/times-of-india
NBC News,Lean Left,Joint U.S.-Israeli 'Operation Epic Fury' attacks military and security targets in Iran,"The United States has launched ""major combat operations"" in Iran, President Donald Trump announced in a video message. Iranian state media has reported explosions in central Tehran, and news agency video showed plumes of smoke over the capital. NBC News' Richard Engel reports from Tel Aviv on Israel's state of emergency.",https://ground.news/interest/nbc-news
Der Tagesspiegel,Center,After a Joint Attack by Israel and the Us: Iran Fires Rockets at the Us Military Facility in Bahrain,Federal Government gathers crisis staff + Iranian government representatives are said to have been the target of the first wave of attacks + mass escape from Tehran + The Newsblog.,https://ground.news/interest/der-tagesspiegel
شفق نيوز,Left,Iranian Missiles hit the UAE’s Al Dhafra Base,"Shafaq News- Abu Dhabi Iranian ballistic missiles targeted Al Dhafra Air Base in the United Arab Emirates on Saturday, according to regional media reports, shortly after reported explosions near a",https://ground.news/interest/_465d27
Modern Diplomacy,Right,Where Are US Forces Stationed in the Middle East?,"Israel and the United States have launched an attack on Iran, leading to increased military tensions in the Middle East. Significant U. S. military facilities in the region include several key bases. In Bahrain, the U. S. Navy’s Fifth Fleet headquarters oversees operations in the Gulf and surrounding seas. Qatar hosts the Al Udeid Air […] The post Where Are US Forces Stationed in the Middle East? appeared first on Modern Diplomacy.",https://ground.news/interest/modern-diplomacy
Devdiscourse,Center,Missile Attack Shakes US 5th Fleet Headquarters in Bahrain,"Bahrain reported a missile attack on the US Navy's 5th Fleet headquarters. The US and Israel launched coordinated strikes on Iran, targeting areas near Supreme Leader Ayatollah Ali Khamenei's offices. Iran's media documented widespread strikes, with visible smoke from the capital.",https://ground.news/interest/devdiscourse
intellinews.com,Center,UPDATE: Iran targets US naval base in Bahrain as Gulf states sound sirens,Iranian ballistic missiles struck the US Fifth Fleet headquarters in Bahrain.,https://ground.news/interest/intellinewscom
The Independent,Lean Left,US military bases in the Middle East mapped as attack launched on Iran,From Bahrain to Kuwait,https://ground.news/interest/the-independent_ff73a6
Ynet News,Lean Left,Smoke rises near US Navy base in Bahrain amid Iran conflagration,"Witness reports smoke in Bahrain’s Juffair district, home to the US Fifth Fleet, hours after joint US-Israel strikes on Iran raised fears of regional retaliation; missile alerts activated across country",https://ground.news/interest/ynet-news
Wral News,Center,Bahrain says a missile attack targeted the US Navy's 5th Fleet headquarters in the island kingdom,Bahrain said that a missile attack targeted the U.S. Navy’s 5th Fleet headquarters in the island kingdom. It offered no other immediate information about the attack.,https://ground.news/interest/wral-news
WLTReport,Far Right,Israeli Prime Minister Benjamin Netanyahu Releases Statement On U.S. And Israel's Joint Strikes On Iran,"Prime Minister of Israel Benjamin Netanyahu has released his first statement since the United States and Israel conducted joint strikes against Iran. Netanyahu’s statement came just minutes after President Trump announced the United States had conducted combat operations in Iran. In Netanyahu’s statement, he said the U.S. and Israel launched an attack on Iran to eliminate the existential threat posed by Iran’s leaders. He went on to thank Presid…",https://ground.news/interest/wltreportcom
i24NEWS,Right,US-Israel strikes against Iran dubbed ‘Roaring Lion’,"The joint IDF‑US operation targets dozens of Iranian military sites to degrade Tehran’s missile, nuclear, and proxy capabilities",https://ground.news/interest/i24news
Al Arabiya,Right,US base in Bahrain hit in ‘missile attach’: Bahrain statement,"A center for the US Fifth Fleet headquarters in Bahrain has been hit in a “missile attack,” Bahrain said Saturday, as Iran vowed retaliation following US",https://ground.news/interest/al-arabiya
Firstpost News,Center,"Blasts reported across Bahrain, UAE and Kuwait as Iran retaliation fears rise after US–Israel strikes","Emergency sirens sounded across Bahrain, which hosts the US Navy Fifth Fleet, following US and Israeli attacks on Iran.",https://ground.news/interest/firstpost-news
Enid News & Eagle,Lean Left,Bahrain says the headquarters of the US Navy's 5th Fleet has been targeted by a missile attack,Bahrain says the headquarters of the US Navy's 5th Fleet has been targeted by a missile attack.,https://ground.news/interest/enidnewscom
Channel News Asia,Center,US-Iran: More than four decades of enmity,Saturday's US and Israeli strikes on Iran are but the latest in a series of conflicts between Washington and Tehran stretching back decades.,https://ground.news/interest/channel-news-asia
Al Bawaba,Right,Iran's Revolutionary Guard Announces a Large-Scale Attack on Israel,Iran's Revolutionary Guard announced on Saturday the start of a first wave of large-scale missile and drone attacks on occupied territories...,https://ground.news/interest/albawaba
telex.hu,Lean Left,"The United States and Israel Attacked Iran, Trump Is Preparing for Regime Change","On Saturday, the United States and Israel launched a joint attack on Iran. Explosions were reported from Tehran and several other Iranian cities. A state of emergency was declared in Israel. US President Donald Trump said that the attacks were aimed at overthrowing the Iranian regime and encouraged Iranians to revolt.",https://ground.news/interest/telexhu
PerthNow,Center,"Why US, Iran have been enemies for more than four decades",The United States and Iran have been sworn enemies since the 1979 Islamic Revolution and the hostage crisis at the US embassy in Tehran. SEE THE FULL TIMELINE OF CONFLICT,https://ground.news/interest/perthnow
KUTV,Right,"US, Israel launch an attack on Iran with tensions high over nuclear talks","The U.S. and Israel launched an attack Saturday on Iran, with the first apparent strike happening near the offices of Supreme Leader Ayatollah Ali Khamenei.Iran",https://ground.news/interest/kutv
The Straits Times,Right,US and Iran: More than four decades of enmity,Feb 28’s US and Israeli strikes mark only the latest in a series of conflicts. Read more at straitstimes.com.,https://ground.news/interest/the-straits-times_9bb9e6
teleSUR,Left,Trump Confirms u.s. Participation in Attack on Iran · Global Voices,"The U.S. president said that the policy of the U.S., and in particular of my administration, is to prevent Tehran from acquiring a nuclear weapon.",https://ground.news/interest/telesurtvnet
The US Sun,Right,Iran fires barrage of missiles at Israel as explosions rock US base in Bahrain,EXPLOSIONS have rocked a US naval base in Bahrain after Iran retaliated to US-Israeli strikes by firing missiles at Israel. Smoke has been seen...,https://ground.news/interest/the-us-sun
asianews.it,Right,Asia Today Israel and the United States Launch the Attack on Iran. Tehran: We Will Reply,"Today's news: Second night of Pakistani raid on Afghanistan, Islamabad talks about 331 Taliban fighters killed. Temporary suspension by the Israeli Supreme Court of the blockade of international NGOs in Gaza. Activist in exile will continue to fight for democracy in Hong Kong after sentence of his father to eight months. South Korean President Lee will sell his private home to encourage fight against real estate speculation.",https://ground.news/interest/asianewsit
The Japan Times,Center,U.S.-Iran: more than four decades of enmity,Saturday's U.S. and Israeli strikes mark only the latest in a series of conflicts.,https://ground.news/interest/the-japan-times
Daily Sabah,Right,"Netanyahu says US, Israel attacked Iran to ‘remove existential threat’","The joint attack by Israel and the U.S. is to remove an “existential threat” posed by Iran, Israeli Prime Minister Benjamin Netanyahu said Saturday....",https://ground.news/interest/daily-sabah
Daily Journal,Center,Israeli Prime Minister Benjamin Netanyahu says joint attack with US was to 'remove an existential threat posed' by Iran,Israeli Prime Minister Benjamin Netanyahu says joint attack with US was to 'remove an existential threat posed' by Iran.,https://ground.news/interest/daily-journal_17eacc
The Siasat Daily,Lean Left,"US, Israel launch strikes on Iran; Tehran strikes back","Israel and the United States (US) carried out coordinated strikes on Iran early Saturday, February 28, triggering explosions in Tehran and sharply escalating tensions across West Asia. Follow our live updates here: Qatar intercepts Iranian missile Qatar’s Defence Ministry said an Iranian missile was intercepted by the Patriot air defence system amid rising regional tensions. The ministry said the situation was under control and that no casualtie…",https://ground.news/interest/the-siasat-daily
NDTV,Right,"Israel, US Attack Iran To ""Remove Threats"", Trump Confirms ""Major Combat Ops""","Iran-Israel Tensions: Sirens were sounded in Tel Aviv as Israel warned of the ""possibility of missiles"".",https://ground.news/interest/ndtv
Mediapart,Lean Left,"United States and Israel Launch Military Operation on Iran, Tehran Replies","Donald Trump announced that the United States launched a ""vast combat operation"" against Iran, after the Israeli Ministry of Defence said that it had also carried out a ""preventive strike."" Detonations were heard in several parts of the country. Tehran claims to have responded by dozens of ballistic missiles launched towards Israel on Saturday morning.",https://ground.news/interest/mediapart
Sydney Morning Herald,Lean Left,"Israel, US carry out strikes on Iran",Two US officials and Israel's defence minister have confirmed the strikes.,https://ground.news/interest/sydney-morning-herald
charter97.org,Lean Left,The United States Launched a Second Wave of Attacks on Iran,Dozens of air strikes come from bases in the Middle East and aircraft carriers.,https://ground.news/interest/charter97org
444.hu,Lean Left,The United States and Israel Attacked Iran,Explosions were also reported from Tehran and other cities. The attack came after attacks aimed at curbing Iran's nuclear program stalled.,https://ground.news/interest/444hu
censor.net,Lean Left,The United States Has Launched a Large-Scale Operation Against Iran. Tehran's Rocket Industry Is “Compared to the Ground”,US President Donald Trump said that large-scale hostilities in Iran were launched to destroy the threat from the brutal Iranian regime.,https://ground.news/interest/censornet_caee9a
997wpro.com,Right,Joint Military Force: US and Israel Strike Strategic Iranian Targets in Preemptive Blow,"Missiles and airstrikes lit up the skies over the Middle East early Saturday as tensions between Israel and Iran erupted into open conflict. Israel’s defense ministry said it launched what it described as a pre-emptive strike targeting Iranian military and nuclear-linked facilities. The announcement came shortly after explosions were reported in parts of Tehran, with smoke rising over several districts of the capital. Iranian state media confirm…",https://ground.news/interest/997wprocom
heimildin.is,Left,The United States and Israel Attack Iran,"US and Israeli forces carried out coordinated airstrikes on targets in Iran this morning. Explosions were heard in Tehran and several other cities in the country, including Isfahan and Karaj, according to Iranian media. US President Donald Trump confirmed the attacks in a video address he posted on Truth Social. ""Our goal is to defend the American people by eliminating the imminent...",https://ground.news/interest/heimildinis
NOS,Right,Trump: Target of Attack Is Nuclear Weapons Program and Regime Collapse • 'Missiles Fired From Iran',Read the latest news about the Israeli attacks on Iran here.,https://ground.news/interest/nos_4ae905
EL ESPAÑOL,Center,u.s. and Israel Launch a Large-Scale Attack on Iran: Operation 'Epic Furia' Seeks Regime Change in Tehran · Global Voices,"Trump has assured that the objective of the operation is to ""eliminate the imminent threats of the Iranian regime."" More information: ""Smelt of Iraq"": The United Kingdom is wary of Trump's military position in Iran despite the ""substantial progress"" of the negotiations",https://ground.news/interest/el-espanol
Twitchy,Far Right,US-Israel Launches Major Airstrikes on Iran; Operation Epic Fury,US and Israel launch coordinated airstrikes on Iran in 'Operation Epic Fury' targeting key military and nuclear sites.,https://ground.news/interest/twitchy
La Presse,Lean Left,Us Military Bases that Are Potential Targets of Iran,"The military operation launched by the United States on Saturday against Iran has already caused a missile fire against an American base in Bahrain, one of the many Pentagon installations in the area that could be subjected to reprisal strikes in Tehran.",https://ground.news/interest/la-presse_39d7a8
India Today,Right,"US-Israel Attacks Iran Live: All bases, assets of 'hostile forces' legitimate military targets, Iran's envoy tells UN","US-Israel's Iran Strikes Live Updates: The US and Israel launched strikes on Iran on Saturday, igniting military tensions in the Middle East, which has been on the brink of a conflict for several weeks. Israel said the US-led operation, called Epic Fury, had launched pre-emptive strikes. US President Donald Trump confirmed a ""major combat operation"" as explosions were heard in several parts of Iran. Tehran, which promised a ""crushing"" response to",https://ground.news/interest/india-today
NewsNation,Center,"US, Israel strike Iran in joint operation as nuclear tensions high","""It has always been the policy of the United States... that this terrorist regime can never have a nuclear weapon,"" Trump said.",https://ground.news/interest/wgn-america_663347
Middle East Eye,Left,"Iran strikes Israel, UAE, Qatar, Bahrain, and Kuwait following US-Israel attack",Terhan says Washington and Israel violated UN Charter and that it's 'fully prepared to defend the country and will make aggressors regret their actions',https://ground.news/interest/middle-east-eye
La Stampa,Lean Left,"Usa and Israel Bomb Iran. Trump: ""They'll Never Have the Atomic"" ""Missili Di Teheran"" on Tel Aviv",This was announced by Defense Minister Israel Katz. Joint operation with the US. One of the objectives would be an Iranian presidential structure,https://ground.news/interest/la-stampa
tpr.org,Center,U.S. and Israel strike Iran in operation 'Epic Fury.' Trump calls for regime overthrow,"Israel and the U.S. launched strikes against Iran, and Iran retaliated with attacks on Israel and several Gulf countries.",https://ground.news/interest/tprorg
Il Post,Lean Left,The United States Is Attacking Iran,Subscribe to the newsletter From Costa to Costa and receive the best of the Post directly in your inbox,https://ground.news/interest/il-post
Today World News,Center,Iran assaults US navy bases throughout Center East in operation ‘Truthful Promise 4’ – The Instances of India,"Iran struck American navy bases throughout the Middle East in retaliatory strikes towards Israel and america, hours after the 2 arch-rivals rocked Tehran Saturday morning.Iran’s paramilitary Revolutionary Guard stated the navy struck a number of services throughout the area in what they named operation “Truthful Promise 4.”The Revolutionary Guard stated in a press release that within the first section of the operation, named “Truthful Promise 4,…",https://ground.news/interest/today-world-news
nyadagbladet.se,Center,Iran Attacks Us Fifth Fleet in Bahrain – Missiles at Four Us Bases — Nya Dagbladet,"Iran has fired ballistic missiles at the US Fifth Fleet headquarters in Bahrain and three other US military bases in the Gulf region. The attack, carried out directly by the Islamic Revolutionary Guard Corps, is in retaliation for the joint US and Israeli offensive against Iran that began earlier on Saturday morning. Bahrain's National Communications Center confirmed that a missile attack had been targeted at a Fifth Fleet service center, callin…",https://ground.news/interest/nyadagbladetse
Česká televize,Right,"Arab Countries Report Explosions, Reserve Right to Retaliate","Loud explosions were heard in Jordan, Kuwait, Bahrain, Qatar and the United Arab Emirates (UAE) after Iran launched a counterattack on US bases in the Middle East in retaliation for Israeli-American strikes. Bahrain said the attack targeted the US Navy's Fifth Fleet headquarters in the island kingdom. Kuwait, Qatar and the UAE reserved the right to respond to the strikes. In Abu Dhabi, one person was killed by shrapnel, according to local source…",https://ground.news/interest/ceska-televize
US Magazine,Center,"James Woods, 78, Calls Donald Trump the 'Greatest President of My Lifetime'","Actor James Woods is praising Donald Trump despite the president’s less-than-stellar approval rating. “Greatest President and greatest Cabinet, certainly in my lifetime,” Woods, 78, wrote via X on Saturday, February 28, along with a photo of President Trump, 79, and his cabinet posing for a picture in the Oval Office. Woods post came on the same day that the president, who campaigned as a pro-peace president who promised to end wars, announced t…",https://ground.news/interest/us-magazine
scheerpost.com,Left,Democrats Don’t Oppose Trump’s War—They Just Want Him to Own the Fallout,"Posted by Joshua Scheer Do Hakeem Jeffries and other leading Democrats truly oppose the U.S.-Israeli war on Iran — or are they quietly aligned with it, preferring that Donald Trump take the political risk of carrying it out? That’s the question raised by Ryan Grim of Drop Site News in a recent appearance on Dispatches,…",https://ground.news/interest/scheerpostcom
focus.de,Right,Israel Launched Attack on Iran on Saturday Morning,"Israel launched an attack on Iran on Saturday morning. The US is taking part in the ""Epic Rage"" operation. Tehran is launching a counterattack and is attacking Israel and US bases. All developments in the ticker.",https://ground.news/interest/focusde
Radio France Internationale,Center,"""Iran's Ability to Respond to Us-Israeli Attacks Is Severely Weakened""","The US and Israeli forces are continuing their strikes on Iran, an operation that seems to be quite different from the war of the 12 days last June. For Alain Coledefy, French admiral, former inspector general of the armies, Iran is isolated, weakened, and its military response against Israel and the Gulf countries attests to this. It is much less than last June.",https://ground.news/interest/radio-france-internationale
Newsbug.info,Center,"Latest developments in Iran: US and Israeli strikes, death of Khamenei","The United States and Israel launched waves of strikes Saturday against targets in Iran, sparking swift retaliation by the Islamic republic.",https://ground.news/interest/newsbuginfo
Upstract,Center,Gauging the Impact of Massive U.S.-Israeli Strikes on Iran,"By experts and staff Updated Experts The United States and Israel launched a major assault on Iran on February 28 with the stated aim of toppling the regime in Tehran. President Donald Trump said that the U.S.-led operation would seek to eliminate Iran’s nuclear and missile programs, destroy the…",https://ground.news/interest/upstract
The Dispatch,Right,U.S. and Israel Strike Iran,The Dispatch explains the latest developments.,https://ground.news/interest/thedispatchcom
CBS58,Center,'I'm stuck here': Milwaukee nurse sheltering in Israel after US and Israeli attack on Iran,"CBS 58 is your local source for the Milwaukee news, Milwaukee weather, and Milwaukee sports.",https://ground.news/interest/cbs58
The New Arab,Lean Left,Two dead as Iran launches waves of strikes on wealthy Gulf,"Iran’s missile and drone barrage on Gulf states killed at least two in Abu Dhabi, injured dozens, and damaged airports and US bases across the region.",https://ground.news/interest/newarabcom
The Hindu Business Line,Right,Why the US and Israel attacked Iran and how Tehran retaliated,"US and Israel strike Iran over nuclear threat; reports claim Khamenei killed. Tehran fires missiles at regional targets, raising fears of wider war.",https://ground.news/interest/the-hindu-business-line
Cairns News,Far Right,"Iranian missiles breach Iron Dome, hit US Gulf state bases, reports Times of India","TIMES of India has reported that Iran launched some 35 ballistic missiles toward Israel in a single wave, marking a sharp escalation in direct hostilities. While several were intercepted by Israel’s multi-layered air defense systems, others breached the shield, with debris and fragments landing across multiple areas. Israeli police confirmed numerous impact reports, though no […] The post Iranian missiles breach Iron Dome, hit US Gulf state base…",https://ground.news/interest/cairns-news
The Toronto Star,Lean Left,Photos show global reaction to US and Israeli strikes,Demonstrators took to the streets in cities around the world after the United States and Israel launched a major strike on Iran.,https://ground.news/interest/the-toronto-star
The Manila Times,Right,One dead as Iran launches waves of strikes on wealthy Gulf,"ABU DHABI —  Explosions rocked cities across the Gulf Saturday, killing a civilian in Abu Dhabi, while smoke and flames rose from Dubai landmark The Palm as Iran launched waves of attacks in retaliation for US and Israeli strikes.",https://ground.news/interest/the-manila-times
Lietuvos Radijas ir Televizija,Center,"Us and Israel Launch Attack on Iran, Tehran Responds with Strikes Across the Region","The United States and Israel launched an unprecedented attack on Iran on Saturday that reportedly killed more than 200 people, and Tehran fired retaliatory missile salvos that forced people to seek refuge in various Middle Eastern countries.",https://ground.news/interest/lietuvos-radijas-ir-televizija
WGME,Right,Maine lawmakers and candidates on joint attack on Iran,"A joint attack was launched by the U.S. and Israel on Iran Saturday,",https://ground.news/interest/wgme
National Catholic Register,Right,"Gulf Bishop Urges Daily Rosary as Iran Retaliates After US, Israeli Strikes","A plume of smoke rises after an explosion on Saturday, Feb. 28, 2026, in Tehran, Iran. After explosions were seen in the Iranian capital, the office of the Israeli Defense Minister issued a statement saying it had launched a preemptive strike against the country. A pastoral appeal from the Gulf: ‘Remain calm and serene.’",https://ground.news/interest/ncregistercom
CBS 17,Center,"North Carolina lawmakers, state leaders react to U.S.-Israel strikes on Iran","RALEIGH, N.C. (WNCN) — As the capital city of Iran, Tehran, reels from the damage done in Saturday's airstrikes from the United States and Israel, leaders from the capital of our state react to the military launches. President Trump announced around 2:30 a.m. on Truth Social that the U.S. began ""began major combat operations in [...]",https://ground.news/interest/cbs-17
WTMJ,Center,"U.S. and Israel launch attack on Iran, Tehran retaliates","DUBAI, United Arab Emirates (AP) — The U.S. and Israel launched a major attack on Iran on Saturday, and President Donald Trump called on the Iranian public to “seize control of your destiny” by rising up against the Islamic leadership that has ruled the nation since 1979. Iran retaliated by firing missiles and drones toward Israel and U.S. military bases in the region. Some of the first strikes on Iran appeared to hit areas around the offices of…",https://ground.news/interest/wtmj
Washington Examiner,Right,Iran launches retaliatory attacks on Gulf States after US-Israel operation,"Iran launched a wave of retaliatory strikes against countries in the Middle East, following the United States and Israel’s joint military attack on Saturday morning.  President Donald Trump announced that the U.S. launched “major combat operations” in Iran early Saturday. Trump said the purpose of the attack was to defend Americans by “eliminating imminent threats” from the Iranian regime.  Following the United States and Israel joint strikes, e…",https://ground.news/interest/washington-examiner
The Print,Right,"US & Israel strike Iran with intent to topple regime, Tehran hits back across the Gulf","Israel, US launch 'Epic Fury' strikes on Iran's leaders and military and nuclear sites; Tehran vows crushing response after targeting American bases across Gulf nations",https://ground.news/interest/the-print
OpsLens,Right,"Iran launches retaliatory missile strike on Israel after joint U.S.-Israel attack on Tehran * WorldNetDaily * by Jim Hoft, The Gateway Pundit","Source link Iranian missile strike on Bahrain UPDATE: The Middle East erupted into chaos Saturday after Iran launched a retaliatory missile strike targeting a major U.S. military installation in Bahrain. According to multiple breaking reports, ballistic missiles struck near facilities associated with the U.S. Navy’s Fifth Fleet, headquartered in the island kingdom of Bahrain",https://ground.news/interest/opslens
thairath.co.th,Right,"The Uk, France, and Germany Issued a Statement Condemning Iran's Attacks on Countries in the Middle East.","The leaders of the UK, France, and Germany issued a joint statement condemning Iran's attacks on countries in the Middle East in retaliation for US attacks on Israel, and called on Iran to seek a solution through negotiation.",https://ground.news/interest/thairathcoth
La Tercera,Right,The Objectives of the u.s. and Israel Attacks: Who Make up the Leadership of the Iranian Leadership,"The U.S. and Israel launched a new round of attacks on Iran in an operation called “Epic Furia,” following negotiations between the U.S. and the Persian country on the Iranian nuclear program.Among the areas attacked on Saturday in Tehran, the capital of Iran, were places linked to the supreme leader, Ayatollah Ali Khamenei.In post-attack statements, Trump pledged to “animize” Iran’s armed forces and missile sites, and urged Iranians to overthro…",https://ground.news/interest/la-tercera
South China Morning Post,Center,Missiles streak across Gulf skies as Iran responds to US-Israel attack,The sudden escalation in military operations has left many in the Middle East on edge.,https://ground.news/interest/south-china-morning-post
diario.mx,Center,Iran Strikes Back with Missiles Against Israel and Us Bases · Global Voices,"A series of explosions shook central and northern Israel on Saturday, while the country was trying to intercept Iranian missiles after launching a nationwide attack with the United States against Iran. Persian Gulf States also reported attacks by Iran against U.S. military bases in the region. The Jerusalem Post also reported attacks in the Golan Heights region. Mermaid sounded throughout central and northern Israel as part of the Iranian missil…",https://ground.news/interest/diariomx
theboltonnews.co.uk,Center,Airline suspends flights as Britons in the Middle East told to take 'shelter',Airline Emirates has suspended flights to Dubai as the government urges British National in the UAE and other parts of the Middle East to 'take…,https://ground.news/interest/theboltonnewscouk
Dnevni list Danas,Lean Left,Russia's First Reaction to the Israeli-American Attack on Iran,"The Russian Ministry of Foreign Affairs condemned today's US-Israeli attacks on Iran, with the assessment that Washington and Tel Aviv are ""hiding"" behind concerns about the Iranian nuclear program, while in fact they want regime change in Tehran.",https://ground.news/interest/dnevni-list-danas
The Christian Science Monitor,Center,US and Israel launch broad campaign against Iran,"U.S. and Israeli strikes hit at least five Iranian cities overnight, targeting missile sites and top leaders’ offices. Iran retaliated across the region.",https://ground.news/interest/the-christian-science-monitor
Reforma,Right,"u.s. and Israel Attack Iran, Which Is Responding with Missiles to the Region","After weeks of threats, the U.S. and Israel launched an attack on Ir n, where explosions occurred in Tehern and other cities.",https://ground.news/interest/reformacom
The Scotsman,Center,John Swinney calls for work ‘at pace’ to find diplomatic solution in Iran,Scotland’s First Minister John Swinney said a diplomatic route must be found to end the “nuclear ambitions of the Iranian regime”.,https://ground.news/interest/the-scotsman
The LADbible,Center,UK Foreign Office issues travel advice to Brits in Middle East as Trump confirms 'major combat operation',The UK government has warned Brits in the region to 'immediately shelter in place',https://ground.news/interest/the-ladbible
WISH-TV,Lean Left,US and Israel attack Iran as Tehran retaliates across Middle East,"Here’s the latest • US and Israel attack Iran: The US and Israel launched strikes on Iran Saturday morning after what the Israeli military said was months of “close and joint planning.” Israel said its strikes targeted Iran’s supreme leader, president and head of the armed forces. The US is also planning for several days of attacks, sources tell CNN. • Trump calls for regime change: President Donald Trump described the US military campaign as “m…",https://ground.news/interest/wish-tv
The National,Lean Left,John Swinney issues statement on US and Israel strikes on Iran,SCOTLAND’S First Minister has called for the United States and Israel to “demonstrate” the legality of their attacks against Iran and has…,https://ground.news/interest/the-national_de7c84
Live Mint,Center,"Full list of countries impacted in Mid East as US-Israel attack Iran, Tehran launches counter strikes","The attack led to casualties and regional military responses, with multiple countries intercepting Iranian missiles. Emirates flights were disrupted due to airspace closures.",https://ground.news/interest/live-mint
CGTN,Lean Left,Iran retaliates after U.S.-Israeli strikes; regional tensions surge,"The United States and Israel launched joint military strikes on Iran on Saturday, prompting swift Iranian missile and drone retaliation and pushing tensions in the Middle East to a new high.U.S. President Donald Trump announced that American forces had",https://ground.news/interest/cgtncom
El Debate,Right,Videoanalysis: Keys to Israel and the u.s. Attack on Iran,Edgardo Pinell explains the first moments of Israel’s “preventive attacks” in Tehran,https://ground.news/interest/el-debate
Hindustan Times,Center,Where has Iran targeted? All on retaliatory strikes amid vow to ‘deliver a historic lesson’ to Israel and US,Iran targeted US military bases in Gulf nations and launched missiles at Israel after US-Israel strikes on Iranian sites.,https://ground.news/interest/hindustan-times
Aftonbladet,Left,Multiple Explosions in the Middle East,"Israel and the US have attacked Iran. At the same time, there are reports of explosions around the Middle East. ""All US bases, resources and interests in the region are l",https://ground.news/interest/aftonbladet
politika.rs,Right,Hart: Nato Closely Monitoring Developments in Iran,Israel says it launched a preemptive strike,https://ground.news/interest/politikars
Gulf News,Right,"UAE intercepts new wave of missiles amid US, Israel strikes on Iran","The UAE's air defences successfully intercepted Iranian missiles, ensuring no damage or injuries, as tensions rise amid US and Israel strikes on Iran. The Ministry of Defence emphasizes its readiness to protect national security and urges reliance on official information sources.",https://ground.news/interest/gulf-news
USNI News,Center,"UPDATED: U.S., Israel Launch Strikes Against Iran, Tehran Retaliates ...",,https://ground.news/interest/usniorg
The European Conservative,Right,Giorgia Meloni Convenes Crisis Team Following U.S.-Israeli Strikes on Iran,"Italian Foreign Minister Antonio Tajani said on Saturday, February 28th, that he is closely following developments in Iran and remains in contact with Italy’s diplomatic missions in Tehran and Tel Aviv. The government aims to respond promptly to security risks in the region and ensure the protection of Italian nationals. A crisis meeting was held this morning under the leadership of Prime Minister Giorgia Meloni, attended by ministers as well as…",https://ground.news/interest/the-european-conservative
PressTV,Right,"IRGC launches missile, drone strikes against Israel in response to US-Israeli aggression","The Islamic Revolution Guards Corps (IRGC) has announced the launch of a massive wave of missile and drone strikes against targets inside the Israeli-occupied territories, after Israel and the US initiated military assault against Iran.",https://ground.news/interest/presstv
Frankfurter Allgemeine,Right,Us and Israel Attack Iran: What Was Left of the Nuclear Program?,"Iran must never have a nuclear bomb in its hands, US President Trump said. However, even after the Twelfth-Day War, the country should not have completely lost its ability to build nuclear weapons.",https://ground.news/interest/frankfurter-allgemeine
Deutschlandfunk,Center,Newsblog - After Us and Israel Air Raids: Iran Begins Counterattack - Explosions Reported in Several Gulf States,"Following the US and Israel air raids, Iran has started counterattacks. Explosions are reported from several Gulf states. EU tops call for maximum restraint. Current developments at a glance.",https://ground.news/interest/deutschlandfunk
GB News,Right,Richard Keys issues statement after being forced off air following US bombing in Iran,Richard Keys was unable to broadcast on beIN Sports this Saturday after the Foreign Office instructed British citizens across the Gulf to seek immediate shelter amid US and Israeli military strikes on Iran,https://ground.news/interest/gbnewscom
ITV,Right,UK warns Britons in Middle East to take shelter as Starmer calls ...,,https://ground.news/interest/itv_bbe77f
Irish Mirror,Lean Left,Urgent 'shelter in place' warning issued for Irish citizens amid major US-Israel attack on Iran,"Israel has launched strikes on Iran in coordination with the US, defence officials have said - as reports of explosions rock the capital Tehran",https://ground.news/interest/irish-mirror
Manchester Evening News,Center,US-Israel attack Iran LIVE: UK to allow US to use bases to strike Iran,The US and Israel launched strikes on Saturday morning - with Iran retaliating by launching missile and drone strikes across the Middle East,https://ground.news/interest/manchester-evening-news
Egyptian Streets,Lean Left,"Iran Strikes Target UAE, Bahrain, Qatar, Kuwait","Explosions were reported in several capitals around the Gulf on Saturday, 28 February as air defence systems engaged incoming projectiles. Al Fars News Agency said that Iran targeted multiple U.S. military installations across the Gulf, as missile and drone launches triggered explosions, airspace closures and regional flight suspensions following joint U.S.-Israeli strikes on Iranian territory. According to Iran’s Fars news agency, the sites tar…",https://ground.news/interest/egyptian-streets
Wales Online,Lean Left,Foreign Office says 'immediately find shelter' to British nationals in four countries,The Prime Minister has convened the Government's emergency Cobra committee as missile strikes continue to rock the Middle East,https://ground.news/interest/wales-online
The Quint,Lean Left,"US-Iran Conflict: One Death Reported In Abu Dhabi, Explosions Heard In Dubai","One person was reportedly killed in Abu Dhabi after missile debris fell, with explosions also reported in Dubai as regional tensions escalated.",https://ground.news/interest/the-quint
My London,Center,Heathrow Airport flights cancelled following US airstrike on Iran,"British Airways, Virgin Atlantic, Qatar Airways and Wizz Air are suspending flights with Gatwick Airport also warning passengers over the 'fast-moving situation'",https://ground.news/interest/my-london
ABC Australia,Lean Left,What we know about Iran strikes and retaliation,"After weeks of anticipation, Israel fired the first shot on Iran, drawing in the US and sparking retaliatory strikes that have hit several countries.",https://ground.news/interest/abc-australia
आज तक,Right,Us Statement After Attack on Iran,"The attacks by Israeli and US forces in Iran's capital, Tehran, have shaken the entire region. Sources say Khamenei has been evacuated. Explosions were heard throughout the city, and a total of 30 locations across the country were attacked. Israel subsequently closed its airspace. The US Embassy in Qatar has issued an immediate shelter-in-place advisory, urging non-essential Israelis to leave the country.",https://ground.news/interest/_421d90
Express US,Right,Iran retaliates with major attack on Israel after co-ordinated US air strike,The United States and Israel have launched joint airstrikes on Iran's capital and several other parts of the country.,https://ground.news/interest/the-expresscom
Spiegel,Lean Left,"(S+) Iran: Us and Israel Attack with Cruise Missiles, Missiles, Cyberattacks","With massive blows, the US and Israel attack. However, the regime in Tehran seems better prepared than in the twelve-day war.",https://ground.news/interest/spiegel
The Hindu,Lean Left,Airspace closure disrupts Kochi–West Asia flights after strikes on Iran,"Following the closure of airspace over Iran, Iraq, Kuwait, Bahrain, and Qatar, the Cochin International Airport has issued a travel advisory warning passengers of potential changes to departure times or outright cancellations",https://ground.news/interest/the-hindu
charter97.org,Lean Left,Iran Conducted Several Waves of Attacks on Israel by Ballistic Missiles,There's smoke in Tel Aviv after the last fire.,https://ground.news/interest/charter97org
www.t-online.de,Lean Left,Attack on Iran: Lufthansa Cancels Flights – Also From Frankfurt,Military operations in the Middle East have an impact on air traffic: Lufthansa suspends connections to the region.,https://ground.news/interest/wwwt-onlinede
franceinfo.fr,Lean Left,"American and Israeli Strikes Against Iran: ""the Middle East Will No Longer Be the Same After This War,"" Says General Dutartre.","Israel and the United States bombed Iran on Saturday morning, and explosions were also heard in the United Arab Emirates, Saudi Arabia and Bahrain.",https://ground.news/interest/franceinfofr
Daily Express,Right,Iran issues chilling WW3 threat to hit back with 'unforeseen weapon',The US-Israeli attack comes just days after Donald Trump warned Tehran 'bad things' would happen should the regime not agree on a nuclear deal.,https://ground.news/interest/daily-express
Evening Standard,Center,London Heathrow flights to Middle East axed as US and Israel launch strikes on Iran,An overnight BA service from Heathrow to Doha was forced to turn around mid-air and return to London,https://ground.news/interest/evening-standard
WBOC 16,Center,Attack on Iran disrupts flights across the Middle East and beyond,LONDON (AP) — The U.S. and Israel's attack on Iran disrupted flights across the region and beyond.,https://ground.news/interest/wboc-16
OKDIARIO,Right,Eu Withdraws Middle East Diplomatic Staff and Alerts Its Military in the Area,European Union diplomatic leader Kaja Kallas announced this Saturday the withdrawal of non-essential EU diplomatic staff in the Middle East and the alerting of the Aspides mission in the Red Sea to the military operation launched against Iran by the United States and Israel and that it is now expanding throughout the region with Iranian attacks on Israel and several Arab countries. The High Representative reported that she has already spoken to …,https://ground.news/interest/okdiario
The Herald Scotland,Lean Left,Edinburgh flight diverted in mid-air after U.S and Israel launch war on Iran,A flight from Edinburgh bound for Qatar has turned back after the United States and Israel launched military strikes on Iran,https://ground.news/interest/the-herald-scotland
wz.de,Center,What Happens After the Start of a New Iran War?,Israel and the United States are bombing targets in Iran. Tehran is striking back. The Middle East region is facing a dangerous further escalation.,https://ground.news/interest/wzde
Jyllands-Posten,Right,Mette Frederiksen Reacts to the Attack on Iran,"Iran has been attacked by the US and Israel, and the Iranians have responded. Follow the developments here.",https://ground.news/interest/jyllands-posten
Politiken,Lean Left,See Map: Reports of Attacks and Explosions in Several Countries After Iran Attack,Iran has announced that there will be retaliation after the United States and Iran carried out attacks against the country on Saturday.,https://ground.news/interest/politiken
Digi 24,Center,Iran's Response to the u.s. Military Bases in the Middle East. Strong Explosions at Abu Dhabi,"The Iranian army said Saturday that it launched attacks on four American military bases in Qatar, Bahrain, Kuwait and the United Arab Emirates, as representatives of the US-Israeli Joint Attacks launched in the morning on Iran...",https://ground.news/interest/digi-24
DR,Lean Left,Several Countries in the Middle East Hit by Attacks,Iran is now looking to hit US military bases in retaliation for the US and Israel's attacks this morning.,https://ground.news/interest/dr
Business Insider,Lean Left,Strikes on Iran have disrupted one of the world's busiest flight corridors,"Iran and the Persian Gulf is home to some of the world's busiest airspace.Flightradar24The US and Israel launched strikes on Iran on Saturday morning.Flight-tracking data showed flights clearing out of the airspace, some of the world's busiest.After six hours, an American Airlines flight appeared to be returning to Philadelphia.Some of the world's most congested airspace has been disrupted by the US and Israel's strikes on Iran.A video shared by…",https://ground.news/interest/business-insider
Al Arabiya,Right,"Explosions rock Dubai, Abu Dhabi: UAE intercepts Iranian missiles, one person killed",At least one death has been reported in the UAE after the Gulf state said it intercepted numerous Iranian missiles over its airspace on Saturday.The,https://ground.news/interest/al-arabiya
CNN,Lean Left,"Iran strikes back at Israel and US assets in the Gulf, here’s what it means for the region","Following US and Israeli strikes on Iran, retaliation has been swift on Israel and US bases around the Gulf. CNN’s Becky Anderson is joined by regional analyst Sanam Vakil to hear what this means for the Middle East.",https://ground.news/interest/cnn
Channel News Asia,Center,"SIA, Scoot flights to Middle East cancelled amid US-Israel attack on Iran",SIA says it will continue to monitor the situation in the Middle East and adjust its flight paths as needed.,https://ground.news/interest/channel-news-asia
delo.si,Lean Left,"This Is What the Sky over Iran Looks Like After the Attacks, Missiles Have Already Flown Towards Israel",The country closed its airspace.,https://ground.news/interest/delosi
Coin Desk,Center,What next for bitcoin as Iran attacks U.S. bases? BTC likely to head lower,"Tehran launched waves of missiles and drones targeting Israel, U.S. bases, and Gulf allies, with explosions reported in Dubai, Kuwait, and Bahrain.",https://ground.news/interest/coin-desk
Meduza,Left,Iran ' S Missile Attack on the Uae: Abu Dhabi Has a Dead Man,"At least one person died in Abu Dhabi as a result of an Iranian missile attack, reports Al Jazeera with reference to the UAE State Information Agency.",https://ground.news/interest/meduza
Newsweek,Center,Iran launches retaliatory strikes on US targets,"Explosions have been reported in Qatar, Bahrain, Kuwait and Saudi Arabia as Iran retaliates to U.S.-Israeli strikes.",https://ground.news/interest/newsweek
Dawn,Lean Left,"World holds breath as US, Israel strike Iran",US President Donald Trump vowed that the strikes would cripple Iran’s military and urged Iranians to rise up against the Islamic republic.,https://ground.news/interest/dawn_a02aa2
Premium Times Nigeria,Lean Left,One person killed in UAE as Iranian missiles target US bases in Middle East,Iran has vowed to carry out retaliatory attacks on US bases in the Middle East after the US and Israel launched an unprovoked attack on Iran on Saturday morning.,https://ground.news/interest/premium-times-nigeria
Berliner Morgenpost,Center,Is a Major Escalation Now Imminent in the Middle East?,"Following the American-Israeli airstrikes on Iran, the world is holding its breath. How will Russia and China react?",https://ground.news/interest/berliner-morgenpost
Globo,Right,Germany Says It Is Closely Monitoring the Situation in Iran and Israel.,The country's Foreign Ministry stated that it is in close and constant contact with embassies in the region and asked German citizens to follow the instructions of local authorities regarding protection.,https://ground.news/interest/globo
Times of Malta,Center,"Missiles rain down across Gulf as Iran hits back at US, Israel strikes","Updated 12.50pmThe entire Middle East and Gulf region threatened to be plunged into a full-scale war on Saturday, as Iran retaliated to US and Israeli strikes by firing missiles at multiple countries in the region.Explosions were reported in Israel, Abu Dhabi, Dubai, Bahrain, Qatar, Kuwait, Iraq and Saudi Arabia.Multiple airlines cancelled all flights to countries...",https://ground.news/interest/times-of-malta
Sueddeutsche Zeitung,Lean Left,News About Iran: Iran to Attack Several Us Bases in Gulf States,"The US military has so far confirmed the attack on its base in Bahrain. However, explosions and siren alarms are also reported from Doha, Abu Dhabi and Kuwait.",https://ground.news/interest/sueddeutsche-zeitung
Daily Mirror,Lean Left,Dubai and Abu Dhabi rocked by explosions leaving one dead after US Iran attack,"Explosions have been reported in Dubai and Abu Dhabi, with missiles also targeting a US naval base in Qatar among other targets across the region",https://ground.news/interest/daily-mirror
India TV News,Right,"US bases in Bahrain, Qatar attacked by Iran; explosions heard in UAE, Saudi and Kuwait","US-Iran war: Following the US conducting strikes on Iran, Tehran has targeted Washington's military bases in Bahrain and Qatar. Besides, explosions were recently also heard in the UAE, Saudi Arabia and Kuwait.",https://ground.news/interest/india-tv-news
Daily Post Nigeria,Center,"Iran attacks US bases in Kuwait, UAE, Qatar, Bahrain, Saudi Arabia","Iran is now targeting United States bases in Qatar, Bahrain, UAE and Kuwait. The development comes after Israeli military and the US launched an attack on",https://ground.news/interest/daily-post-nigeria
il Giornale,Right,"Iran, Meloni Summons the Government After the Attack: Alert for Italians in the Region","Call to Palazzo Chigi with Tajani, Salvini and the leaders of the Intelligence. Invitation to prudence for the compatriots and contacts with the allies to promote de-escalation. Salvini: ""Avverts to attack started""",https://ground.news/interest/ilgiornaleit
IOL,Center,American citizens in Qatar urged to shelter in place after Israeli strikes Iran,"In response to escalating tensions and Israeli strikes on Iran, the U. S. Embassy in Qatar has issued a shelter-in-place order for American citizens, urging them to stay vigilant and prepared for potential conflict.",https://ground.news/interest/iol
7NEWS Australia,Right,"Australia reacts to US, Israel attack on Iran",Prime Minister Anthony Albanese supports the US in preventing Iran ‘continuing to threaten international peace and security’.,https://ground.news/interest/7news-australia
The Independent,Lean Left,Iran’s ballistic missile capabilities and range explained after US strike,"Iran launched missiles towards Israel, Israel's military said",https://ground.news/interest/the-independent_ff73a6
Modern Diplomacy,Right,"The Iranian Missile Threat: Capabilities, Range, and Strategy","The United States and Israel began strikes on Iran, initiating a new conflict that President Donald Trump claimed would address security issues for the U. S. and possibly enable Iranians to remove their leaders. In response, Iran fired missiles at Israel, prompting concerns over Iran’s missile capabilities. Ballistic missiles, which Iran possesses in significant numbers, […] The post The Iranian Missile Threat: Capabilities, Range, and Strategy …",https://ground.news/interest/modern-diplomacy
Khaleej Times,Right,"UAE temporarily and partially closes airspace after US, Israel strike Iran","The Authority stressed that the safety of passengers and flight crews remains its top priority, reaffirming its commitment to implementing all necessary measures to ensure highest standards of safety",https://ground.news/interest/khaleej-times
Algemeen Dagblad,Center,Iran Was Prepared for a 'Decapitation Attack' and Is Now Hitting Back Hard with Ballistic Missiles,"The United States has begun attacks on Iran after Israel declared it had attacked its longtime regional adversary. The Middle East is holding its breath. Iran too—but not out of fear, because it can retaliate forcefully, and is doing so now.",https://ground.news/interest/algemeen-dagblad
Reuters,Center,What are the main US military bases in the Middle East?,"Israel and the United States launched an attack on Iran on Saturday, plunging the Middle East into a renewed military confrontation.",https://ground.news/interest/reuters_fa2539
Sky News UK,Center,Moment Sky News reporter sees Iran hit back,Booms and sirens can be heard in Adam's live reporting from Israel.,https://ground.news/interest/sky-news
intellinews.com,Center,Iranian missiles hit Israel as citizens take cover,Several Iranian missiles have hit Israel after the Islamic Republic retaliated against joint US-Israel strikes on Tehran.,https://ground.news/interest/intellinewscom
JeuneAfrique.com,Lean Left,"Hits on Iran: African Union Calls for ""Emergency Restraint and De-Escalation""","The African Union today called for an ""emergency de-escalation"" to avoid ""aggravating global instability"", after the United States and Israel launched strikes on Iran, where explosions were heard in several cities.",https://ground.news/interest/jeuneafriquecom
Le Monde,Lean Left,US and Israel launch an attack on Iran,"The US and Israel announced on Saturday that they launched several strikes on Iran, following weeks of threats of military intervention. Iran's Revolutionary Guard claimed to have launched its 'first wave' of drones and missiles targeting Israel, 'in response to aggression.'",https://ground.news/interest/le-monde
El Pais,Lean Left,"Last Hour of the Conflict in the Middle East, Live Israel Alerts Missile Launch From Iran Into Its Territory","The Israeli army claims that the attack on Iran remains active and will continue “as long as necessary” Trump, on the attack on Iran: “We will ensure that Iran does not get a nuclear weapon” Netanyahu assures that the war in Iran will be “much stronger” than in June",https://ground.news/interest/el-pais
Idaho State Journal,Center,Explosions heard in Qatar as Iran launches counterattack over Israel-US assault on the Islamic Republic,Explosions heard in Qatar as Iran launches counterattack over Israel-US assault on the Islamic Republic.,https://ground.news/interest/idaho-state-journal
Middle East Eye,Left,Israel-US strikes on Iran: How has the world reacted?,Missiles have rained down on cities across the region as international community watches with trepidation,https://ground.news/interest/middle-east-eye
The Astana Times,Right,Kazakh Airline Cancels Middle East Flights After Iranian Airspace Closure,"The Astana Times provides news and information from Kazakhstan and around the world. ASTANA — Kazakhstan’s Air Astana group said on Feb. 28 that it canceled all flights to the Middle East for the day after Iranian airspace was closed amid escalating tensions in the region. The decision followed a wave of strikes launched by the United States and Israel against targets in Iranian cities, including in the capital Tehran. Air Astana said several ou…",https://ground.news/interest/the-astana-times
Malay Mail,Right,"Warplanes, missiles fly over Iraq amid reported US-Israel strikes on Iran, say witnesses, military source","BAGHDAD, Feb 28 — Warplanes and missiles were seen flying through Iraqi airspace as Israel and the United States launched strikes on Iran, witnesses and a military source told AFP.The military source said on condition of anonymity “our forces detected warplanes from the direction of Israel that crossed the airspace over Baghdad” and other provinces, adding that missiles were also seen flying over the northern province of Kirkuk.“We saw several m…",https://ground.news/interest/malay-mail
Daily Star,Right,Iran launches retaliatory attack as US and Israel bombardment sparks WW3 fears,The US and Israel launched a joint attack on Iran with US President Donald Trump calling it a “a noble mission” as missiles in retaliation have reportedly caused sirens in cities such as Tel Aviv,https://ground.news/interest/daily-star
Tagesschau,Center,Israel and the Usa Attack Iran - Explosions in Tehran,"Israel, together with the US, launched an attack on Iran. According to Iranian media, explosions were heard in the capital city. The government in Tehran responded with sharp words.",https://ground.news/interest/tagesschau
The Gateway Pundit,Far Right,Iran Launches Retaliatory Missile Strikes on Israel After Joint U.S.–Israeli Attack on Tehran — Also Targets U.S. Base in Bahrain with Missile Attack | The Gateway Pundit | by Jim Hᴏft,UPDATE: The Middle East erupted into chaos Saturday after Iran launched a retaliatory missile strike targeting a major U.S.,https://ground.news/interest/the-gateway-pundit
NDTV,Right,Israel-Iran Escalation: US Labels Strikes 'Operation Epic Fury',"Tensions have sharply escalated after Israel launched strikes on Iran, an operation the US has described as ""Operation Epic Fury."" Tehran has responded with a barrage of missiles, triggering fears of a wider regional conflict.",https://ground.news/interest/ndtv
El Periódico,Center,Iran Attacks u.s. Military Bases in the Persian Gulf in Response to Trump and Netanyahu’s Joint Offensive · Global Voices,"Iran is attacking U.S. military bases in the Persian Gulf, as reported by Al Jazeera and confirmed by some of these countries, in response to the large-scale joint attack that the U.S. and Israel have launched against Tehran and several other Iranian cities. Among the targets targeted would be Qatar, Bahrain, Kuwait, United Arab Emirates and Saudi Arabia.Continue reading....",https://ground.news/interest/el-periodico
Anadolu Ajansı,Right,Explosions heard in northern Israel after missiles launched from Iran,Israeli army says missiles launched from Iran as sirens activated across country - Anadolu Ajansı,https://ground.news/interest/anadolu-ajans
Indian Express,Lean Left,Iran-Israel war update: Dubai International Airport suspends all flights; Heathrow Airport issues passenger advisory,Iran shuts its airspace following a missile attack by Israel and the US. IndiGo advises passengers to check flight status amid possible schedule changes.,https://ground.news/interest/indian-express
The Sun,Right,Verifying Device,IRAN has launched a barrage of missiles at Israel after a coordinated US-Israeli strike hit Tehran this morning. Explosions have been heard in...,https://ground.news/interest/the-sun_dd9bb3
Xinhua,Left,"Flash: Iran launches missiles at Israel, begins counter-attack","Flash: Iran launches missiles at Israel, begins counter-attack",https://ground.news/interest/newscn
Novinky.cz,Lean Left,What an Attack on Iran Could Bring,"Israel and the United States attacked Iran on Saturday morning. The missiles hit Tehran, Isfahan and other cities. Iran has been negotiating its nuclear and missile programs, but has refused to make concessions. US President Donald Trump has given it an ultimatum until the end of February. The attack itself and what it could bring will be discussed in the podcast Zbytečná válka by editor Alex Švamberk and security analyst Milan Mikulecký.",https://ground.news/interest/novinkycz
Jerusalem Post,Center,"Woman killed in central Israel as a result of Iran missile barrage, over 20 wounded",Over 200 missiles were launched toward Israel as the joint Israel-US campaign continued to strike targets across the Islamic regime.,https://ground.news/interest/jerusalem-post
Times of India,Right,"Israel attacks Iran live updates: Iran retaliates to US, Israel strikes as Tehran launches missiles, Israelis told to stay in safe rooms - The Times of India","Israel launched a daylight strike on Saturday targeting Tehran, the capital of Iran, with plumes of smoke seen rising from the city’s downtown area.",https://ground.news/interest/times-of-india
Republic World,Right,Breaking: Iran Launches Retaliatory Missiles at Israel; IDF Confirms Detection of Incoming Projectiles,"Israeli defense systems detected the incoming missiles shortly after launch. Sirens sounded across several areas of the country, including northern Israel and the coastal city of Haifa, as alerts were issued to the public.",https://ground.news/interest/republic-world
Deutsche Welle,Center,"Missiles launched from Iran toward Israel, IDF says",,https://ground.news/interest/deutsche-welle
Zeit Online,Lean Left,War: Israel: Iran Begins Counterattack,"Here you will find information on the topic ""War."" Read now ""Israel: Iran begins counterattack.""",https://ground.news/interest/zeit-online
Firstpost News,Center,"Iran launches missile barrage toward Israel, IDF asks civilians to take shelter","Sirens have been sounded across northern Israel as officials say that an Iranian missile is headed towards the country. The Israeli military, meanwhile, has said that its air defence systems are working to intercept the missile",https://ground.news/interest/firstpost-news
Devdiscourse,Center,"Explosions heard in northern Israel as country works to intercept incoming Iranian missiles, reports AP.","Read more about Explosions heard in northern Israel as country works to intercept incoming Iranian missiles, reports AP. on Devdiscourse.",https://ground.news/interest/devdiscourse
The Korea Times,Lean Left,Explosions rock northern Israel as the country works to intercept incoming Iranian missiles,"DUBAI, United Arab Emirates — Explosions rocked northern Israel, Saturday, as the country worked to intercept incoming Iranian missiles after launc...",https://ground.news/interest/the-korea-times
NRC Handelsblad,Lean Left,"Air Raid Sirens Sound in Northern Israel, Civilians Forced to Take Shelter","Explosions were heard in northern Israel on Saturday morning. According to the AP news agency, no information is yet available about any damage or casualties. An Iranian…",https://ground.news/interest/nrc-handelsblad
Washington Top News,Center,Explosions heard in northern Israel as country works to intercept incoming Iranian missiles,JERUSALEM (AP) — Explosions heard in northern Israel as country works to intercept incoming Iranian missiles.,https://ground.news/interest/washington-top-news
조선일보,Right,"Iran Retaliates Against Israel with Missiles and drones... ""Iron Dome Intercepting""","Iran launched retaliatory airstrikes on the 28th in response to preemptive strikes by the United States and Israel. The Iranian Revolutionary Guard Corps announced that it had ""fired drones and missiles at Israel."" The Israeli military also said it had ""detected Iranian missiles launched at Israel"" and was ""activating its air defense system (Iron Dome) to intercept the missiles,"" the Times of Israel reported.",https://ground.news/interest/chosuncom
Daily Sabah,Right,Israel issues nationwide warning after Iran strikes back,Israel has issued a nationwide warning to head to shelters after Iran launched missiles. The warning came after the U.S. and Israel launched an attack on...,https://ground.news/interest/daily-sabah
The Morning Call,Lean Left,Israel Issues Nationwide Alert After Alleged Missile Launch by Iran,JERUSALEM (AP) — Israel issues nationwide alert after alleged missile launch by Iran.,https://ground.news/interest/the-morning-call
Mediapart,Lean Left,United States Launches Military Operation on Iran,"Donald Trump announced that the United States launched a ""large combat operation"" against Iran, after the Israeli Ministry of Defense said on Saturday morning that it also carried out a ""...",https://ground.news/interest/mediapart
WBAL,Center,Israel Issues Nationwide Warning After Iran Reportedly Launches Missil,JERUSALEM (AP) — Israel issues nationwide warning after Iran reportedly launches missiles.,https://ground.news/interest/wbal
Rutland Herald,Center,Israel Issues Nationwide Warning After Iran Reportedly Launches Missiles,Israel issues nationwide warning after Iran reportedly launches missiles.,https://ground.news/interest/rutland-herald
20minutos,Center,"A Complete Vacuum in the Sky Between Iran and Israel: This Is How the Closure of the Airspace After the ""Preventive Attack"" of the Israelis Is Observed","Iran announced on Saturday the closure of its airspace after several explosions were heard at various sites in Tehran and Israel reported that it has launched a pre-emptive attack against the Persian country “According to the NOTAM (notification) issued all of the country’s airspace has been closed for six hours,” announced Iran’s Civil Aviation spokesman, Mayid Ajavan, as reported by the IRNA agency. The official asked citizens to avoid going t…",https://ground.news/interest/20minutos
BioBioChile,Right,"Israel and the Us Attack Iran, in Joint Coordination","On the morning of this Saturday, the Israeli Army marked the beginning of a military operation against Iran, which has led to heavy detonations in the capital Tehran and the activation of anti-aircraft alarms in Israeli territory. The action, described by the Israeli authorities as a defensive movement, has led the government of Benjamin Netanyahu to decree a state of emergency for the next 48 hours. In this context, two strong detonations shook…",https://ground.news/interest/biobiochile
Berliner Zeitung,Lean Left,Liveticker: Israel and Usa Fly Major Attack on Iran - Tehran Apparently Starts Counterattack,Israel and the US attack several cities in Iran on Saturday morning. Trump calls on the Iranian people to take over the government. All information in the live ticker.,https://ground.news/interest/berliner-zeitung
Sud Ouest,Center,"Direct. Israel and the United States Hit Iran, Missiles Fall on the Gulf Countries, Follow the Latest News","""Preventive strikes"" launched by the United States and Israel targeted Tehran and several cities in Iran. In retaliation, Iranian missiles and drones were sent to Israel.",https://ground.news/interest/sud-ouest
The Siasat Daily,Lean Left,India asks citizens to remain alert in Israel amid strikes on Iran,"Hyderabad: India on Saturday, February 28, issued an advisory urging its citizens in Israel to stay alert and strictly follow safety directions after Israeli forces carried out strikes on Iran, heightening fears of a wider regional confrontation. The Israeli Defence Forces (IDF) launched the operation early in the morning on Saturday, February 28, prompting authorities to issue a nationwide alert and instruct residents to remain close to protect…",https://ground.news/interest/the-siasat-daily
Hot News,Lean Left,"The Second u.s. Attack on Iran, in Less than a Year. that's the End of Saturday Morning Hits - hotnews.ro","The Israeli attack launched Saturday morning on Iran was coordinated with the US. American strikes are under way and are not of ""small expansion"", U.S. officials for CNN. US President Donald Trump...",https://ground.news/interest/hot-news
sta.si,Center,"Israel Launches ""Preemptive Strike"" on Iran, Explosions in Tehran","Israel has launched a ""preemptive strike"" on Iran, the Israeli Defense Ministry said in a statement. Several American and Israeli media outlets are reporting that the United States is also involved in the attacks. Tehran is reporting that loud explosions have been heard in the city.",https://ground.news/interest/stasi
Israel Hayom,Right,Israel and US Launch Massive Joint Strikes on Iran,"10:25 Central Israel remains on high alert as the IDF confirmed a fresh barrage of missiles launched from Iran. The military urged citizens to strictly adhere to the instructions of the Home Front Command (the military body responsible for civil defense) and remain in protected spaces until further notice. ""The IDF Spokesperson reiterates the warning not to publish or share the locations or footage of impacts,"" the military said, noting that air…",https://ground.news/interest/israelhayomcom
IndexHR,Lean Left,Us and Israel Attack Iran. Iranian Revolutionary Guard Confirms: Retaliation Has Begun,ISRAEL launched this morning what it called,https://ground.news/interest/indexhr
Al Jazeera,Lean Left,Sirens sound across Israel after the country launched an attack on Iran,Sirens blared across Israel in warning of possible Iranian retaliatory missile attacks after Israel struck Iran.,https://ground.news/interest/al-jazeera_1a2e2c
adnkronos.com,Center,"Us and Israel Attack Iran, Media: ""Deleted Chief pasdaran."" Tehran Responds with Missiles: Middle East on Fire, It's Total Confrontation. a Dead in Abu Dhabi",Trump: 'We eliminate the threats of the regime',https://ground.news/interest/adnkronoscom
Welt,Right,War in the Middle East +++ Iran Fires Rocket Wave on Israel – Federal Government Summons Crisis Staff +++ Liveticker,"Israel and the US launched air strikes against Iran in the morning. The counter-attack against Israel began only a little later. In addition to US President Trump, the Federal Government is also taking the floor. More in the live ticker.",https://ground.news/interest/welt
NOS,Right,Internationally Divided Reactions to Us and Israeli Attack on Iran,Read the latest news about the Israeli attacks on Iran here.,https://ground.news/interest/nos_4ae905
Just the News,Right,Iran launches retaliatory strikes throughout Middle East after U.S. and Israel attack,"Qatar, the United Arab Emirates, Kuwait, Bahrain and Jordan said they have intercepted missiles fired from Iran at U.S. military bases located on their territory.",https://ground.news/interest/justthenewscom
India Today,Right,"US, Israel hit Iran, Tehran's retaliation plunges Mideast into crisis. What we know","Missiles criss-crossed the Middle East on Saturday as the US and Israel attacked Iran and struck its political leadership. Iran and its proxies retaliated by launching a barrage of drones and missiles towards Israel and US bases across the Middle East, plunging the region into a new conflict.",https://ground.news/interest/india-today
Independent Sentinel,Right,"US and Israel Struck Iran to ""Remove Threats""","The U.S. and Israel launched an attack on Iran on Saturday, bringing strikes to the country for the second time in eight months. There is a risk of wider regional conflict. Kahmenei’s residence in Tehran was reportedly destroyed. 🚨 Breaking: Khamenei’s residence in Tehran destroyed 👇 pic.twitter.com/PoEWcWDxcW — Dr. Eli David (@DrEliDavid) February 28, 2026 […] The post US and Israel Struck Iran to “Remove Threats” appeared first on www.indepe…",https://ground.news/interest/wwwindependentsentinelcom
Le Parisien,Right,"Direct. Iran-Israel Strikes: Bahrain, Kuwait, the United Arab Emirates, qatar... Explosions Heard in Several Countries of the Region","Israel and the United States have launched a major operation on Iran, which has responded. Explosions have been heard in several countries in the region.",https://ground.news/interest/le-parisien
Handelsblatt,Right,Middle East: Us and Israel Attack Iran – What Is Known so Far,Israel attacks Iran. Defense Minister Israel Katz announced that the State of Israel has launched a preventive strike against Iran to eliminate threats to Israel.,https://ground.news/interest/handelsblattcom
Ynet News,Lean Left,"Israel closes airspace after launching strike on Iran, flights suspended until furthe","Transportation minister orders immediate halt to civilian flights, urges public not to come to airports and warns of possible missile and drone retaliation; reopening notice to be issued 24 hours in advance",https://ground.news/interest/ynet-news
PerthNow,Center,US and Israeli forces launch missile attack on Iran,"Israel and the US have launched a ""pre-emptive"" ‌attack against Iran, plunging the Middle East into a renewed military confrontation.",https://ground.news/interest/perthnow
readingeagle,Center,Iran Closes Its Airspace as Israel Launches an Attack Against the Country,"DUBAI, United Arab Emirates (AP) — Iran closes its airspace as Israel launches an attack on the country.",https://ground.news/interest/readingeagle
abc,Right,"The u.s. and Israel Bomb Iran to Overthrow the Regime, Which Responds with Attacks on the Middle East","The offensive destroys multiple Persian political and military targets, including the palace of the Supreme Leader in Tehran, while the ayatollahs fire missiles at the Hebrews and American bases in Bahrain, Qatar, the Arab Emirates and Kuwait",https://ground.news/interest/abc_0c202e
The Statesman,Center,"Rising Middle East tensions: Israel launches strikes on Iran, declares state of emergency; Khamenei moves to secure location",The government declared a state of emergency because of the expectation of Iranian retaliation with drones and ballistic missiles.,https://ground.news/interest/the-statesman_fb6331
La Presse,Lean Left,United States and Israel Hit Iran,"On Saturday, the United States and Israel conducted a series of strikes against Iran, with the Israeli public broadcaster reporting that the supreme guide had been targeted, while the Islamic Republic responded with missiles, raising fears of regional flare-up.",https://ground.news/interest/la-presse_39d7a8
n-tv.de,Right,Explosions in Tehran: Israel and Usa Attack Iran,"The US military has launched air strikes against Iran together with Israel. Israel's Defense Minister Katz speaks of a ""preventive strike"". Several ministries have been attacked in Tehran. Iran reacts with a counterattack.",https://ground.news/interest/n-tvde
RedState,Right,Iran Strikes Back — Israel Issues Shelter in Place Order After US Operation 'Epic Fury' Targets Mullahs,US and Israel launch strikes on Iran; Israel issues shelter in place amid missile alerts and rising tensions.,https://ground.news/interest/redstate
KSBY,Center,"Iran retaliates with missile barrage following strikes by US, Israel","Hours after the U.S. and Israel conducted strikes on Iran, Irans paramilitary Revolutionary Guard said it launched a first wave of drones and missiles targeting Israel, where a nationwide warning was issued as the military said it was working to intercept incoming Iranian missiles. There was no immediate word on any damage or casualties from the ongoing attack.Meanwhile, Bahrain said that a missile attack targeted the U.S. Navys 5th Fleet headqu…",https://ground.news/interest/ksby
Corriere Della Sera,Center,"Iran, the Latest News on the Air - the Us and Israel Attack Tehran: ""a Joint and Preventive action."" the Israeli Army: ""Iran Has Launched Missiles to Our Territory"" - Explosions in Bahrain, Emirates and Kuwait",The live news of Saturday 28 February on the situation in Iran and the Middle.,https://ground.news/interest/corriere-della-sera
Fox 6 now,Center,US strikes Iran amid nuclear program tensions,The United States and Israel have conducted military strikes on Iran amid tensions over the country’s nuclear program. Iran has responded by firing drones and missiles into Israel.,https://ground.news/interest/fox-6-now
Mediaite,Lean Left,U.S. and Israel Bomb Iran Amid Peace Talks,"AP Photo/Evan Vucci U.S. and Israeli forces bombed Iran on Saturday amid ongoing peace talks between Iran and the U.S. Explosions could be heard across Tehran. In a statement, Israeli Defense Minister Israel Katz declared a “special and permanent state of emergency” across Israel. The Israeli government described its attack as “preemptive.” Several news organizations reported that Israel had carried out the strikes, but an anonymous American off…",https://ground.news/interest/mediaite
RTÉ,Center,"Israel, US launch strikes on Iran","Israel has launched a ""pre-emptive"" attack against Iran, and a major United States attack is underway, ⁠plunging the Middle East into a renewed military confrontation and further dimming hopes for a diplomatic solution to Tehran's nuclear dispute with the West",https://ground.news/interest/rte
Polsat News,Center,Iran Fired Missiles. the Israeli Military Released a Statement,"Israel has detected missiles fired from Iran, the Israeli military said. According to the state news agency, Bahrain intercepted a missile en route to the US Fifth Fleet Service Center in the country. Earlier that day, Israel launched an attack on Tehran, and Donald Trump announced that a massive operation was underway.",https://ground.news/interest/polsat-news
Radio France,Left,"Israel Leads Strikes on Iran, After Donald Trump Left Doubt on an Imminent Attack","The Israeli Ministry of Defense has announced that it has launched a ""preventive strike"" on Iran as the warning sirens sound in Jerusalem and the people of the country are being warned on their phones of an ""extremely serious alert."" The United States is about to follow.",https://ground.news/interest/radio-france
Fast Company,Lean Left,Trump's MAGA base splits as leading media figures criticize the war in Iran,"Trump loyalists Tucker Carlson, Megyn Kelly, and Matt Walsh are among those to express discontent over the war.",https://ground.news/interest/fast-company
The Intercept,Left,Trump’s Iran War Is Dividing Republicans. Pro-Palestine Groups Want Democrats to Exploit the Rifts.,A pro-Palestine group launched a $2 million ad buy aiming to exploit Republican divides over Israel. They hope Democrats will take note.,https://ground.news/interest/the-intercept
Boston Globe,Lean Left,Cracks appear in Trump’s MAGA base as leading figures criticize the Iran war - The Boston Globe,Much of the criticism has centered on Israel’s influence on President Trump’s decision to go to war.,https://ground.news/interest/boston-globe
9News,Right,Cracks appear in Trump's MAGA base as leading figures criticise the Iran war,"For US President Donald Trump, some of the sharpest criticism he's faced in the early days of the Iran war ...",https://ground.news/interest/9news
News One,Left,MAGA Is Turning On Donald Trump Over Strikes Against Iran,"Source: Anadolu / Getty Polls were already indicating that President Donald Trump is the most unpopular president of any of our lifetimes before his administration joined Israel in launching the deadly strikes against Iran that killed Iranian Supreme Leader Ali Khamenei and five other top Iranian officials, more than 150 Iranian civilians, and six U.S. service members so far. Now that the commander in chief that MAGA rubes believed would serve a…",https://ground.news/interest/news-one
The New Indian Express,Lean Left,Cracks appear in Trump's MAGA base as leading figures criticize Iran war,Much of the criticism has centered on Israel's influence on Trump's decision to go to war.,https://ground.news/interest/the-new-indian-express
The New Republic,Right,The Republican Meltdown Over Iran Is Just Beginning,Right-wing criticism of Trump’s war has mostly come from familiar MAGA cranks like Steve Bannon and Tucker Carlson. But it could quickly spiral out of control.,https://ground.news/interest/the-new-republic
Le Monde,Lean Left,How the Israel-led Iran war is shaking MAGA,"After the Republican administration gave contradictory reasons to justify launching the offensive against Tehran, some influencers within Trump's orbit are claiming Washington's hand was forced by Benjamin Netanyahu's government.",https://ground.news/interest/le-monde
Ohio Capital Journal,Lean Left,Ohio U.S. House members have mixed reactions across party lines on Trump's Iran military strikes,"The U.S. Capitol. (Photo by Jennifer Shutt/States Newsroom)  Ohio Democratic U.S. Rep. Greg Landsman, of Cincinnati, joined many Ohio Republicans in defending President Donald Trump’s decision to join Israel’s deadly attack in Iran while Ohio Republican U.S. Rep. Warren Davidson, of Troy, joined several Ohio Democrats in criticizing Trump for not seeking congressional authority.  The Iranian Red Crescent Society said the attacks on 131 cities ha…",https://ground.news/interest/ohio-capital-journal
franceinfo.fr,Lean Left,"""This Is the War of Israel, Not Ours"": in the United States, Part of the Maga Sphere Denounces Donald Trump's Decisions in the War Against Iran","Several influencers and figures of the ""Make America Great Again"" camp see the outbreak of the war against Iran as a ""treason"" of the American president.",https://ground.news/interest/franceinfofr
Associated Press News,Lean Left,Cracks appear in Trump's MAGA base as leading figures criticize the Iran war,Some of the sharpest criticism President Donald Trump has faced in the early days of the Iran war has come from once-loyal media figures more accustomed to singing his praises.,https://ground.news/interest/associated-press-news
npr,Lean Left,Former commander weighs in on the possible goals the U.S. has for the war with Iran,"NPR's Michel Martin speaks with retired Vice Admiral Kevin Donegan, former commander of the Fifth Fleet in the Middle East, about what the U.S. is trying to achieve in its war with Iran.",https://ground.news/interest/npr
Daily Kos,Left,Trump's Iran war gets cold reviews from MAGA-friendly influencers,"There’s a difference between President Donald Trump’s core MAGA base and the influencer class that amplifies him, even if the two might seem to be one and the same. Trump’s base has an emotional—not transactional—attachment to their idol, akin to...",https://ground.news/interest/daily-kos
NZ Herald,Center,How MAGA suddenly learned to love solar power,The X feed of United States right-wing firebrand and podcaster Katie Miller has all the signatures of an acolyte of US President Donald Trump. She blasts out...,https://ground.news/interest/nz-herald
Spectrum Local News,Center,Rep. Pat Ryan weighs in on U.S. goals in Iran,Support for and opposition to the conflict in Iran are split across party lines in Congress.,https://ground.news/interest/spectrum-local-news
Washington Times,Right,"'MAGA is Trump': President bashes blowback over Iranian strikes from Megyn Kelly, Tucker Carlson","As far as President Trump is concerned, he decides what it means to put America first, not the pundits on the isolationist right.",https://ground.news/interest/washington-times
Haaretz,Lean Left,"Democrats, America First GOPers blame Israel for pushing Trump into Iran war","The outrage over the American strikes in Iran has not been limited to Democrats. Some prominent voices in Trump's America First camp, like Tucker Carlson, Megyn Kelly and Steve Bannon, are questioning the administration's claim that Iran posed an imminent threat",https://ground.news/interest/haaretz
Daily Express,Right,MAGA turning on Trump as he struggles with vital question on Iran war,The US President has offered ranging explanations as to why he launched a strike on Iran last week.,https://ground.news/interest/daily-express
Vulture,Lean Left,Jon Stewart Decries Trump’s War in Iran,Jon Stewart used his platform at ‘The Daily Show’ to attack Donald Trump and Israel’s attack on Iran. ‘I can’t believe our bombs are now smarter than our president.”,https://ground.news/interest/vulture
WCBD,Center,"Trump knocks Tucker Carlson, Megyn Kelly over Iran criticism: 'MAGA is Trump'",President Trump and his allies are pushing back on a number of top conservative media figures typically loyal to him who have questioned ongoing U.S. military action in Iran amid fears of a prolonged war.,https://ground.news/interest/wcbd
The Gateway Pundit,Far Right,Trump FIRES BACK on Megyn Kelly and Tucker Carlson: “MAGA Is TRUMP — Not the Other Two!” | The Gateway Pundit | by Jim Hᴏft,President Donald Trump is striking back at critics within the MAGA movement who are lambasting the campaign as a betrayal of his long-standing America First principles.,https://ground.news/interest/the-gateway-pundit
WLTReport,Far Right,President Trump Calls Out Tucker Carlson And Megyn Kelly Over Their Remarks On The Iran Conflict,"President Trump has responded to Tucker Carlson and Megyn Kelly’s criticism over the current U.S. military operations in Iran. Trump was recently asked by a journalist his thoughts on Megyn Kelly and Tucker Carlson breaking with him over the U.S. launching strikes on Iran. Trump shared that he is MAGA, not Carlson or Kelly. Yahoo News provided the full quotes from President Trump on his thoughts on the former Fox News hosts: President Donald Tru…",https://ground.news/interest/wltreportcom
Expressen,Right,Americans Don't Know Why Trump Went to War,What exactly is Donald Trump's goal with the attack on Iran? The Americans have no idea. It could cost him dearly at home.,https://ground.news/interest/expressen
France24,Center,Trump faces MAGA mounting criticism on Iran war,"President Donald Trump on Monday pushed back against mounting criticism that he hasn't done enough to explain why it was necessary to start a war with Iran now or to articulate his vision for an endgame to the escalating conflict. The frustration is coming not just from the political left but also from his “Make America Great Again” base, as the conflict expands, energy prices surge, and the death toll in the Middle East rises.",https://ground.news/interest/france24
PJ Media,Far Right,Trump Hits Back at Megyn and Tucker,Trump responds to criticism from Megyn Kelly and Tucker Carlson amid Operation Epic Fury debates.,https://ground.news/interest/pj-media
Revolver,Right,"🚨EXCLUSIVE: Trump hits back at Tucker, Megyn Kelly in phone interview with ""The Inner Circle""",The pushback comes as the WH is moving quickly to tamp down dissent in its own coalition.,https://ground.news/interest/revolver
Variety,Lean Left,Jon Stewart Slams Trump for Keeping Press in the Dark About Iran War: ‘Our Bombs Are Now Smarter Than Our President’,Jon Stewart went after President Donald Trump for keeping the press in the dark about his goal with America's newly started war with Iran.,https://ground.news/interest/variety
The Independent (US),Lean Left,Trump dismisses Megyn Kelly and Tucker Carlson over Iran attacks: ‘MAGA loves it’,"Against dire poll numbers and criticism from leading MAGA pundits, the president insisted that he remains the only true tribune of conservative America",https://ground.news/interest/the-independentcom
Welt,Right,"Daniel-Dylan Böhmer: ""Don't Have the Impression that Donald Trump Really Thought This Situation Through""","In the WORLD interview, Daniel-Dylan Böhmer analyses the boundaries of international law in the Iran conflict and the consequences of the current escalation: ""How this would go on, I don't think Trump really thought it through,"" says Böhmer.",https://ground.news/interest/welt
Alternet,Left,MAGA infighting explodes as Trump allies rally around resurfaced Charlie Kirk comments,"Donald Trump is facing renewed backlash from his own MAGA base, with CNN reporting that several prominent voices have rallied around past comments from the late far-right activist Charlie Kirk that conflict with the president's latest military action.On Saturday, the U.S. military began conducting joint strikes against Iran alongside Israel, marking the start of another major combat operation abroad after Trump pledged on the campaign trail to a…",https://ground.news/interest/alternet
CNN,Lean Left,How the Iran war set off a MAGA fight over Charlie Kirk’s legacy,Many outspoken conservative opponents across social media have rallied around the words of one influential figure to express their concern: the late activist Charlie Kirk.,https://ground.news/interest/cnn
The Seattle Times,Lean Left,Why MAGA suddenly loves solar power,"Donald Trump has been blunt about his distaste for solar power, but a growing number of his allies are promoting it, and even the president's tone has shifted.",https://ground.news/interest/the-seattle-times
Anchorage Daily News,Center,Why conservative Republicans and MAGA suddenly love solar power,The Trump-led attack on solar eases as the right reckons with its crucial role in powering AI and keeping utility bills from spiraling.,https://ground.news/interest/anchorage-daily-news
Alabama Political Reporter,Center,Alabama politicians respond to Trump beginning a war with Iran,President Donald Trump campaigned on “no new wars.” Now Alabama Republicans are praising his decision to begin “major combat operations” in Iran.,https://ground.news/interest/alabama-political-reporter
The Washington Post,Lean Left,Why Katie Miller and other MAGA influencers suddenly love solar power,The Trump-led attack on solar eases as the right reckons with its crucial role in powering AI and keeping utility bills from spiraling.,https://ground.news/interest/the-washington-post
The Straits Times,Right,Trump presses ahead with Iran war despite warnings of political risk for midterms,"WASHINGTON, March 2 - U.S. President Donald Trump pressed ahead with military strikes against Iran despite private warnings from senior aides that the escalation could be difficult to contain and carry political risks for Republicans in November's midterm elections, according to two senior White House officials and a Republican close to the administration. Read more at straitstimes.com.",https://ground.news/interest/the-straits-times_9bb9e6
TF1 INFO,Center,"The War in Iran ""Could Cost Donald Trump the Midterms,"" Says Romuald Sciora, Director of Iris, on Lci","A few weeks after opening its Peace Council, Donald Trump embarked on a war against Iran. A decision that might well cost him voices to the midterms of November, he who for a long time ransacked the military actions of his predecessors. The director of the Iris and the U.S. Political and Geostrategic Observatory, Romuald Sciora, delivers his analysis on LCI. - The war in Iran ""could cost Donald Trump the midterms,"" says Romuald Sciora, director …",https://ground.news/interest/tf1-info
www.t-online.de,Lean Left,"""Could Trump Also Fly Around the Ears"": Expert on the Iran-Usa War","First threatened, then attacked: Donald Trump ordered the attack on Iran. Political scientist Stephan Bierling analyses what could happen now.",https://ground.news/interest/wwwt-onlinede
Der Tagesspiegel,Center,He Had Promised Peace: Does Trump's Iran War Annoy His Regular Voters?,High costs and fatalities: The conflict with Iran could take a long time. Trump had promised during the election campaign not to start new wars. First Maga leaders criticize him sharply.,https://ground.news/interest/der-tagesspiegel
HuffPost,Left,Marjorie Taylor Greene Floats ‘INSANE’ Theory About Trump And The Midterms,The former MAGA lawmaker also criticized the president for his attack on Iran.,https://ground.news/interest/huffpost
iNews,Center,Trump's big Iran move could blow up in his face in time for the midterms,Impartial news & intelligent debate,https://ground.news/interest/inews
Jyllands-Posten,Right,Maga Snarls at Trump's War Mongering. and Draws a Clear Red Line,"Donald Trump's new war on Iran is getting a mixed reception at home in the US. Trump has promised Americans anything but this. And while the majority of his MAGA supporters have so far held back on their outspoken condemnation, frustration is bubbling beneath the surface.",https://ground.news/interest/jyllands-posten
DNyuz,Right,MS NOW panel goes off the rails as MAGA Republican defends Trump’s ‘war’ with Iran,"A panel discussion on MS NOW’s “The Weekend: Primetime” went off the rails on Sunday night after a MAGA Republican defended President Donald Trump’s latest “war.” Early Saturday morning, Trump posted a nearly eight-minute video on Truth Social where he announced the U.S. and Israel would conduct coordinated strikes against several sites in Iran, an operation known as “Epic Fury” that resulted in the death of Ayatollah Ali Khamenei, the brutal di…",https://ground.news/interest/dnyuz
National Memo,Left,Greene Stokes MAGA's 'America First' Outrage Over Trump's Iran Strikes,"When former Rep. Marjorie Taylor Greene (R-GA) announced that she was resigning from Congress, she wasn't shy about expressing her disappointment with President Donald Trump — who, in her view, has betrayed his America First agenda with an aggressively interventionist foreign policy. Now, the MAGA Republican and former Trump ally is vehemently criticizing Trump's military strikes against Iran. And she isn't the only person in the MAGA movement w…",https://ground.news/interest/national-memo
USA Today,Lean Left,'Disgusting and evil.' Trump faces MAGA backlash on Iran.,"Trump campaigned as a staunch critic of previous U.S. wars in the Middle East, and some in his MAGA coalition aren't happy about the Iran operation.",https://ground.news/interest/usa-today
teleSUR,Left,Most Americans Do Not Approve of Trump's Attack on Iran,42% of Republicans considered it less likely to approve the war campaign against Iran if it causes “American troops in the Middle East to be killed or injured.”,https://ground.news/interest/telesurtvnet
New York Magazine,Left,The Risky Politics of Trump’s New War With Iran,"Most Americans will view Trump’s Iran War through a partisan lens, and his supporters are very likely to back it, but there are multiple ways it could backfire with swing voters, Ed Kilgore writes.",https://ground.news/interest/new-york-magazine
n-tv.de,Right,"Political Scientist Thomas Jäger on the War Against Iran: ""Internal Politics Will Go Wrong for Donald Trump""","No achievable goal, but already three fallen US soldiers. This war will cost US President Trump a lot of support, political scientist Thomas Jäger estimates. Especially in the MAGA movement the resistance against him is growing.",https://ground.news/interest/n-tvde
Berliner Morgenpost,Center,“What Are You Crazy People Doing?” – How the Iran Attack Is Dividing Trump’s Foot Soldiers,"Tucker Carlson calls the attack ""disgusting,"" Greene speaks of a broken promise. Polls show: The public has little trust.",https://ground.news/interest/berliner-morgenpost
Atlanta Black Star,Lean Left,"'He’s a Sociopath': Trump Faces Furious Backlash for Video Showing What He Did After Launching Iran Attack, as U.S. Troops Die and MAGA Turns on Him","Ever since President Donald Trump ordered the massive joint U.S.–Israeli military strikes on Iran on February 28,  he’s been facing serious blowback, even from parts of his own movement.  Critics from the MAGA sphere, like Tucker Carlson and others, have publicly slammed the attack, arguing it contradicts his “America First” rhetoric and could drag the country into a protracted foreign conflict.  U.S. President Donald Trump (L) speaks to White …",https://ground.news/interest/atlanta-black-star
Vanity Fair,Left,“He Could Be Impeached.” Donald Trump’s Base Revolts Over War With Iran,"MAGA leaders are expressing dismay and anger at president Donald Trump, who campaigned on isolationism and ""no new wars""",https://ground.news/interest/vanity-fair
Washington Examiner,Right,The Iran strike is about weakening China,President Donald Trump’s statement explaining the military strikes he ordered on Iran detailed how the Iranian regime has “waged an unending campaign of bloodshed and mass murder targeting the United States” for 47 years. Forty-seven years. That is a long time. But why strike now? The answer is not nuclear weapons. Trump destroyed their nuclear program in June. Trump mentioned that Iran has “long-range missiles that can now threaten our very goo…,https://ground.news/interest/washington-examiner
News.de,Lean Left,"Donald Trump: Us President Abandoned - Ex-Affiliator Declares Maga ""Dead""","After the US military strike against Iran, Donald Trump's most loyal allies turn against him. Observers believe that the US President has finally sealed the end and collapse of the Maga movement.",https://ground.news/interest/newsde
InfoWars,Far Right,Alex Jones Exclusive Analysis: Trump Just Committed The United States to Total War with Iran!,Trump‘s HUGE gamble accelerates the world‘s trajectory towards a nuclear world war.💥🚨⏰,https://ground.news/interest/infowars
Al Jazeera,Lean Left,"Despite antiwar MAGA wing, Trump gets Republican support for Iran strikes","Conservative opposition to war on Iran remains minimal as hawks heap praise on Trump for bombing, killing Khamenei.",https://ground.news/interest/al-jazeera_1a2e2c
Radio France Internationale,Center,United States: Donald Trump's Offensive Against Iran Divides the Maga Movement,"The decision of US President Donald Trump to strike Iran, alongside Israel, still makes a lot of reaction in the United States, especially in Congress. While the majority of Republicans support the President, some members of the Conservative camp have joined the Democrats in calling for limiting the President's powers of war. Nor are these strikes unanimous in the Make America Great Again (MAGA) movement and in the President's electoral base.",https://ground.news/interest/radio-france-internationale
Politiken,Lean Left,Trump Bets Everything While Maga Representatives Bite Their Nails,"Even Trump's own MAGA base is worried about Iran. It could have serious political consequences for the president in the run-up to the midterm elections if the war is prolonged, writes US correspondent Jacob Fuglsang in this analysis",https://ground.news/interest/politiken
El Pais,Lean Left,The attack on Iran opens a rift in the MAGA world for Trump,A segment of the president’s most loyal supporters lashes out against his broken promises to not get the United States involved in new foreign wars,https://ground.news/interest/el-pais
Frankfurter Allgemeine,Right,How Maga Breaks Down over Trump's Iran Decision,Two camps in Donald Trump's MAGA movement are irreconcilable after the attack on Iran. Some praise his patriotism. Others feel stupidly sold.,https://ground.news/interest/frankfurter-allgemeine
BBC News,Center,Trump's bet on Iranian regime change could be his biggest gamble yet,The US president may be forced to wage a political battle at home while presiding over a new war in the Middle East.,https://ground.news/interest/bbc-news_bf95f4
EL ESPAÑOL,Right,"Trump's Attack on Iran Causes the First Cracks on the u.s. Right: ""It's Disgusting and evil.""","Although influential Trump figures such as Tucker Carlson, Marjorie Taylor Greene, and Congressman Thomas Massie have raised their voices, the majority of Republicans have avoided criticizing the operation. Read more: Iran's supreme leader, Ali Khamenei, among the victims of the U.S. large-scale attack, according to Israel",https://ground.news/interest/el-espanol
The Independent,Lean Left,MAGA rebels Massie and MTG shred ‘America Last’ Trump as vote on Iran strike looms,Greene and Massie echoed sentiments by prominent Democrats including House minority leader Hakeem Jeffries and Senate minority leader Chuck Schumer,https://ground.news/interest/the-independent_ff73a6
Upstract,Center,Meghan McCain Fires Back at MAGA After US-Israel Iran Strikes,"Conservative commentator Meghan McCain took to X on Saturday to call out MAGA-aligned influencers and lawmakers who once condemned her father, the late Arizona Republican Senator John McCain, for his hardline stance on Iran—hours after the United States and Israel launched strikes against the…",https://ground.news/interest/upstract
"La Nación, Grupo Nación",Right,"‘Entering the Middle East Is the Worst Decision Ever,’ Trump Wrote in 2016; Today He Bombed Iran","Sectors of the MAGA movement accuse treason after the offensive against Iran, despite the Republican establishment's support for U.S. President Donald Trump.",https://ground.news/interest/la-nacion-grupo-nacion
ms.now,Left,Trump’s Iran strikes drive a wedge into the “America First” party,"Most Republican lawmakers are backing the president so far, but some are ripping him for yet another foreign attack.",https://ground.news/interest/msnow
CTV News,Center,Trump’s Iran strike tests MAGA unity ahead of midterms,"Some of the most prominent voices within U.S. President Donald Trump’s MAGA movement spoke out on Saturday against his attack on Iran, warning it could hurt Republicans in November’s midterm elections, but there was no immediate sign of outright rebellion among his supporters.",https://ground.news/interest/ctv-news
Foreign Policy,Center,Trump Is Betraying His Base By Waging War on Iran,"Voters were promised America First, not Bush-era interventions.",https://ground.news/interest/foreign-policy
The Wrap,Lean Left,"MAGA Stalwarts MTG, Tucker Carlson and More Decry Trump and Netanyahu's Iran Attack: 'Sick F--king Liars'","The surprise overnight bombing attack in Iran was blasted Saturday by both sides of the political spectrum, including MAGA stalwarts Tucker Carlson, Nick Fuentes and Marjorie Taylor Greene, with the former Georgia congresswoman calling it the work of “sick f–king liars.” The ongoing attack comes just days after Donald Trump announced his so-called Board of Peace, and marks the United States’ first new full-scale military conflict in either of hi…",https://ground.news/interest/the-wrap
Axios,Lean Left,Reluctant MAGA demands swift results from Trump in Iran,"Despite reservations, many in the MAGA sphere said a swift victory in Iran could ease their concerns.",https://ground.news/interest/axios
abc News,Lean Left,Trump's Iran decision sparks backlash from Tucker Carlson and some MAGA supporters,The Trump administration's decision to go to war with Iran has triggered an angry backlash from some of his top MAGA supporters.,https://ground.news/interest/abc-news_409efb
The Detroit News,Center,"Trump's Iran attack divides base, sparks election fears","Some of the most prominent voices within Donald Trump's MAGA movement spoke out on Saturday against his attack on Iran, warning it could hurt Republicans in November's midterm elections.",https://ground.news/interest/the-detroit-news
RadarOnline,Center,MAGA Meltdown: Trump's Base Goes Nuclear After Iran Strikes Spark War Fears,Parts of Donald Trump's MAGA base erupted in horror over the joint U.S. and Israel strikes against Iran after promising no new wars.,https://ground.news/interest/radaronline
Conservative Review,Right,‘Not What We Thought MAGA Was Supposed To Be’: America First Skeptics Blast Iran Strikes,'always a lie and it’s always America Last',https://ground.news/interest/conservative-review
The Daily Caller,Right,'Not What We Thought MAGA Was Supposed To Be': America First Skeptics Blast Iran Strikes,"Some America First advocates had harsh words for President Trump after he said the U.S. military struck Iran on Saturday, with one alleging Trump betrayed MAGA.",https://ground.news/interest/the-daily-caller
EADaily,Right,The revolt against Trump broke out on both sides of the Atlantic after the strike on Iran,"The conflict with Iran that has begun has caused a storm of indignation from anti-war politicians on both sides of the Atlantic, writes Americanist Malek Dudakov in a telegram channel.",https://ground.news/interest/eadaily
One News Page,Center,Wagging the Dog: Trump Bombed Iran and Blew Up His America First Base,Trump warned Obama not to “play the Iran card.” Now he’s bombing Iran as his America First base openly revolts over endless war and broken promises.,https://ground.news/interest/one-news-page
Political Wire,Center,Top MAGA Voices Furious Over Iran Attack,"The surprise overnight bombing attack in Iran was blasted Saturday by both sides of the political spectrum, including MAGA stalwarts Tucker Carlson, Nick Fuentes and Marjorie Taylor Greene, with the former Georgia congresswoman calling it the work of “sick fucking liars,” The Wrap reports. Carlson told ABC News the decision was “absolutely disgusting and evil.”",https://ground.news/interest/political-wire
RollingStone,Left,MAGA Reacts to Trump’s Strikes on Iran: ‘Absolutely Disgusting and Evil’,"Major MAGA figures Tucker Carlson, former Rep. Marjorie Taylor Greene, Alex Jones, and Andrew Tate decried the president's attacks on Iran.",https://ground.news/interest/rollingstone_6de571
Newsweek,Center,Donald Trump faces ‘epic fury’ from MAGA over Iran,"Perspective: The president's base isn’t anti-war, it’s anti-betrayal. Iran could turn “America First” into another family feud.",https://ground.news/interest/newsweek
Mediaite,Lean Left,Megan McCain Snipes at Dad's MAGA Critics Amid Iran Strikes,"(Carolyn Kaster/AP photos) Conservative pundit Meghan McCain lashed out at MAGA-aligned critics who chastized her father for his stance on Iran, hours after the U.S. and Israel launched strikes against the regime. Taking to X on Saturday morning, McCain fired back at the past critics of former Arizona Senator and Republican presidential candidate John McCain, who vehemently opposed a nuclear-armed Iran and backed military force against the regim…",https://ground.news/interest/mediaite
Raw Story,Left,'End of MAGA': Trump's attack on Iran sets off revolt among angry supporters,"A decision by Donald Trump to launch an assault on Iran with the help of Israel has set off a firestorm among longtime supporters who helped propel him to a second term based, in part, on his promise of no foreign military interventions.In the wee hours of the night in the US, jets pounded Tehran, w...",https://ground.news/interest/raw-story
Politico,Lean Left,"'Economic relief, not more war’: Iran tests Trump coalition ahead of midterms","Trump allies fear the Iran strikes could lead to a drawn-out conflict, sapping MAGA enthusiasm and undercutting Republicans’ midterm hopes.",https://ground.news/interest/politico
Bloomberg,Lean Left,Trump Gambles New Iran Strikes Will Save Flailing MAGA Agenda,"The US-Israeli attack on Tehran on Saturday marks a turning point for President Donald Trump, who is wagering that a war — the kind he once vowed not to start — will strengthen his second-term agenda.",https://ground.news/interest/bloomberg
Reuters,Center,Trump's Iran strike tests MAGA unity ahead of midterms,Some MAGA voices warn that Trump's Iran strike could hurt Republicans in the midterms.,https://ground.news/interest/reuters_fa2539
The Week,Lean Left,Can Democrats actually win a Texas Senate campaign this time?,"Democrats have long fantasized about winning a statewide campaign in deep-red Texas. Just as it did when Beto O’Rourke ran, the party is dreaming big, with a U.S. Senate primary election this week setting the stage for the next attempt in November.Texas Democrats are “itching for a fight” in the Senate election, said NBC News. Voters this week will decide if State Rep. James Talarico or U.S. Rep. Jasmine Crockett will be the party’s nominee. Bot…",https://ground.news/interest/the-week_fd0add
Straight Arrow News,Center,Texas-sized primary with major implications Tuesday in Lone Star State,"The stakes are high on both sides of the aisle in Texas on Tuesday as voters head to the polls for U.S. Senate primaries. Political observers say the results could signal where each party is headed heading into the November midterms — and even the 2028 presidential race. Traditional conservative vs. MAGA challenger Republican Sen. John Cornyn is seeking a fifth term, but this cycle he faces serious opposition from within his own party. Texas Att…",https://ground.news/interest/straight-arrow-news
Alternet,Left,Scambling Texas Republicans worry Trump is hurting them: report,"The Texas primary is fast approaching, and the Republican Party is now scrambling, worried that President Donald Trump is going to hurt their plot for a hostile takeover. The Wall Street Journal reported Monday that all three-way primary races are likely to head to runoffs after Tuesday's election. The infighting with so many candidates on the ballot is even more prominent in the U.S. Senate race, where Trump hasn't endorsed a candidate. Sen. Jo…",https://ground.news/interest/alternet
NBC News,Lean Left,A competitive Texas Senate race looms over Tuesday's primaries,"The potential for a competitive November election is dividing Democrats Jasmine Crockett and James Talarico as well as Republicans John Cornyn, Ken Paxton and Wesley Hunt ahead of Tuesday's Texas Senate primaries.",https://ground.news/interest/nbc-news
abc 13 Houston,Lean Left,Houston area voters tell ABC13 what's important to them ahead of Primary Day,"As Primary Day in Texas inches closer, Houston area voters tell ABC13 what issues are driving them to the polls.",https://ground.news/interest/abc-13-houston
KRQE News 13,Center,Poll shows Talarico leads Crockett; Republican runoff likely in U.S. Senate race,"AUSTIN (Nexstar) - New polling shows tight races for Democrats and Republicans in the race for U.S. Senate, less than two days before Election Day. An Emerson College Polling/KXAN survey of likely Texas primary voters shows State Rep. James Talarico narrowly leading U.S. Rep. Jasmine Crockett in the Democratic Primary, while Republican Sen. John Cornyn [...]",https://ground.news/interest/krqe-news-13
Newsmax,Right,Senate Hopefuls in Texas Make Final Pitches Before Primary,A heated U.S. Senate race in Texas entered its final stretch on Sunday with candidates on both sides of the aisle making final pitches to voters ahead of Tuesday's primary.,https://ground.news/interest/newsmax
New York Post,Right,"GOP civil war in Texas likely to lead to US Senate primary run-off, poll shows","There’s a GOP civil war brewing over the Texas US Senate seat occupied by John Cornyn, who is likely headed for a primary run-off with MAGA state Attorney General Ken Paxton, according to a new poll.",https://ground.news/interest/new-york-post
Pittsburgh Post-Gazette,Center,U.S. Senate candidates in Texas make final pitches to voters ahead of Tuesday's primary,SAN ANTONIO — A heated U.S. Senate race in Texas entered its final stretch on Sunday with candidates on both sides of the aisle making final pitches...,https://ground.news/interest/pittsburgh-post-gazette
Political Wire,Center,Talarico and Paxton Hold Edge Heading Into Primary,"The final Emerson College poll of Texas likely primary voters finds James Talarico (D) with a narrow edge over Rep. Jasmine Crockett (D) in the Democratic Primary for U.S. Senate: 52% to 47%.In the Republican primary, 40% support Ken Paxton and 36% Sen. John Cornyn, while 17% support Rep. Wesley",https://ground.news/interest/political-wire
The Western Journal,Right,"Kamala Harris Intervenes at Last Second in TX Dem Senate Race, Endorses Jasmine Crockett","Give former vice president and 2024 Democratic standard-bearer Kamala Harris some very marginal credit: She’s zagging where other establishment figures are zigging. Of course, that might not help her very […] The post Kamala Harris Intervenes at Last Second in TX Dem Senate Race, Endorses Jasmine Crockett appeared first on The Western Journal.",https://ground.news/interest/the-western-journal
The Philadelphia Tribune,Lean Left,US Senate candidates in Texas make final pitches to voters ahead of primary,"AUSTIN, Texas — A heated U.S. Senate race in Texas entered its final stretch on Sunday with candidates on both sides of the aisle making final pitches to voters ahead of Tuesday's primary, the nation's first big contest of the…",https://ground.news/interest/the-philadelphia-tribune
Washington Times,Right,U.S. Senate candidates in Texas make final pitches to voters ahead of Tuesday’s primary,"A heated U.S. Senate race in Texas entered its final stretch on Sunday with candidates on both sides of the aisle making final pitches to voters ahead of Tuesday's primary, the nation's first big contest of the 2026 midterm elections.",https://ground.news/interest/washington-times
Crooks and Liars,Left,Kamala Harris Just Endorsed Jasmine Crockett In TX Senate Primary,"Kamala Harris has endorsed Rep. Jasmine Crockett in the Democratic primary race for the Texas Senate race, her most significant endorsement since leaving office 13 months ago. Crockett is in the final days of a close contest with James Talarico, a state representative who has built a substantial following on social media. Crockett has crafted her image as a bare-knuckled partisan fighter in an era in which Democratic voters like candidates who v…",https://ground.news/interest/crooksandliarscom
Dallas News,Center,"Texas Senate primary barrels to finish amid $122 million ad barrage, Trump’s shadow","Republicans John Cornyn, Ken Paxton, Wesley Hunt are battling to avoid a runoff, while Democrats Jasmine Crockett and James Talarico look to ride an early...",https://ground.news/interest/dallas-news
CBS News,Center,The final push for votes by Texas Democrats and Republicans in the race for U.S. Senate seat,"Cornyn, who wants a fifth term, is facing Attorney General Ken Paxton and Houston Congressman Wesley Hunt in the Republican primary. In the Democratic primary, Talarico and current Congresswoman Jasmine Crockett are vying for their party&#039;s nomination.",https://ground.news/interest/cbs-news
USA Today,Lean Left,"Texas GOP identity at core of Cornyn, Paxton, Hunt's 3-way Senate race",Republican infighting could put the reliably red state in jeopardy this fall as President Trump stands on the sidelines,https://ground.news/interest/usa-today
The Free Press (Tampa),Right,Texas Showdown: Primary Tuesday Sets Stage For High-Stakes Senate Fight - Tampa Free Press,"Voters across Texas head to the polls this Tuesday to settle a series of primary battles that could reshape the state’s political landscape and determine the balance of power in Washington. With a U.S. Senate seat on the line, both parties are facing internal identity crises as they pick the candidates they believe can carry […] Texas Showdown: Primary Tuesday Sets Stage For High-Stakes Senate Fight",https://ground.news/interest/the-free-press-tampa
Boston Globe,Lean Left,US Senate candidates in Texas make final pitches to voters ahead of Tuesday’s primary - The Boston Globe,Incumbent Republican US Sen. John Cornyn is trying to hold on to the seat he has held since first being elected in 2002.,https://ground.news/interest/boston-globe
Associated Press News,Lean Left,US Senate candidates in Texas make final pitches to voters ahead of Tuesday's primary,A heated U.S. Senate race in Texas is entering its final stretch before voters decide Tuesday who will be their party's nominee in November.,https://ground.news/interest/associated-press-news
The Hill,Center,"State of Texas: Poll tracks U.S. Senate race, Trump approval in Texas","Tuesday is one of the most consequential days of the year in Texas politics. Voters will decide who appears on the November ballot - or in many cases, who advances to a May runoff.",https://ground.news/interest/the-hill
IBTimes UK,Lean Left,Donald Trump Issues 'Force Never Seen Before' Warning as US Casualties Reported in Iran Conflict,"US President Donald Trump warned Iran overnight that the United States would respond 'with a force that's never been seen before' if Tehran retaliates, as the conflict intensified into Sunday 1 March and US casualties were reported.​ The warning came after ABC's This Week opened with the claim that the US and Israel had launched 'massive strikes', with the programme also reporting the death of Iran's supreme leader Ayatollah Ali Khamenei and des…",https://ground.news/interest/ibtimes-uk
WPRI 12,Center,Iran vows revenge after the killing of its top leader,"DUBAI, United Arab Emirates (AP) — Iran vowed revenge Sunday after the killing of its supreme leader and traded strikes with Israel as part of a widening war prompted by a surprise U.S. and Israeli bombardment. The U.S. military said three service members have been killed, the first known American casualties from the conflict. Blasts in Tehran sent a [...]",https://ground.news/interest/wpri-12
Reuters,Center,Trump warns Iran of unprecedented force if it retaliates,"The United States will hit Iran ""with a force that has never been seen before,"" U.S. President Donald Trump said on Sunday, should the Middle East nation retaliate for U.S. strikes.",https://ground.news/interest/reuters_fa2539
The Daily Signal,Right,Bloodshed and Bluster: US Confirms Casualties as Iran and Trump Trade Threats,"""We will hit them with force that has never been seen before,"" President Trump says in warning Iran against retaliation.",https://ground.news/interest/the-daily-signal
WGN 9,Center,Trump threatens Iran with ‘force never seen before’ as Israel launches new strikes,President Trump said Saturday that the American bombing campaign in Iran could continue into the next week or go on for as long as “necessary.”,https://ground.news/interest/wgn-9
The Manila Times,Right,US threatens more strikes against Iran,"UNITED States President Donald Trump said Sunday the US would hit Iran with “force that has never been seen before” if the country retaliated against US and Israeli strikes that killed supreme leader Ayatollah Ali Khamenei.Iran indicated it was “going to hit very hard today, harder than they have ever hit before,” wrote Trump, who has vowed to seek regime change in the Islamic republic, on his Truth Social platform early Sunday.“THEY BETTER NOT …",https://ground.news/interest/the-manila-times
WND,Far Right,'BETTER NOT DO THAT': Trump gives fresh warning to Iran after revenge threat against U.S. * WorldNetDaily * by Joe Kovacs,President also shares his discussion with late radio giant Rush Limbaugh about Iran,https://ground.news/interest/wnd
KVIA,Center,Iran live updates: Trump warns Iran 'BETTER NOT' retaliate after vow from leader,Follow live updates on the situation in Iran and Israel through the ABC News live feed here. The post Iran live updates: Trump warns Iran ‘BETTER NOT’ retaliate after vow from leader appeared first on KVIA.,https://ground.news/interest/kvia
Fox8,Center,"Iran vows revenge, trades strikes with Israel in widening war",Trump said in an interview Sunday that he planned to speak with Iran’s new leadership.,https://ground.news/interest/myfox8com
Business Insider,Lean Left,Trump threatens Iran 'with a force that has never been seen before' if it retaliates over Khamenei killing,"Donald TrumpMary Altaffer/APPresident Trump has threatened to hit Iran ""with a force that has never been seen before.""His warning came as Iran weighs its response to the killing of Supreme Leader Ayatollah Ali Khamenei.Early today, Israel launched a ""broad wave of strikes"" against targets in the heart of Tehran.President Donald Trump has warned Iran not to retaliate after it was confirmed that the country's Supreme Leader, Ayatollah Ali Khamenei…",https://ground.news/interest/business-insider
American Lookout,Far Right,“They Better Not Do That” – Trump Warns Iran After Threat,"Donald Trump warned Iran against striking the United States. Trump wrote, “Iran just stated that they are going to hit very hard today, harder than they have ever hit before. THEY BETTER NOT DO THAT, HOWEVER, BECAUSE IF THEY DO, WE WILL HIT THEM WITH A FORCE THAT HAS NEVER BEEN SEEN BEFORE!” Truth Social: Iran just stated that they are going to hit very hard today, harder than they have ever hit before. THEY BETTER NOT DO THAT, HOWEVER, BECAUSE …",https://ground.news/interest/american-lookout
Seeking Alpha,Right,"Iran vows revenge, Trump warns it 'better not'",,https://ground.news/interest/seeking-alpha
La Tercera,Right,Trump Warns Iran if It Takes Possible Reprisals: “We Will Strike Them with a Force Never Seen Before”,"U.S. President Donald Trump issued a warning against Iran about the possibility of reprisals against the offensive that the U.S. and Israel staged on Saturday. By posting on the Truth Social platform, the White House leader said that “Iran has just declared that today (Sunday) is going to hit very hard, harder than ever.” “However, they better not, because if they do, we will strike them with a force never seen before!”, he closed. Donald Trump’…",https://ground.news/interest/la-tercera
Raw Story,Left,This sweeping Trump assault has us headed for a hellscape of unimaginable dimensions,"The first days of a bombing campaign almost always look successful. Targets are hit. Explosions dominate headlines. Leaders declare strength. But wars are judged by what follows: retaliation, escalation, unintended consequences that unfold in days, weeks, months, and years. For example, Israeli sources said on Saturday that Iran’s Supreme Leader Ayatollah Ali Khamenei was killed in the initial bombings. But if he is dead, who comes next? His dea…",https://ground.news/interest/raw-story
The Independent,Lean Left,Iran latest: Iranian drone strikes US navy base,"Fresh explosions reported in Doha, Dubai as Iran's Revolutionary Guard threatens to launch its 'most intense offensive operation' following Khamenei’s killing",https://ground.news/interest/the-independent_ff73a6
Globo,Right,Iran Suffers More Attacks After Khamenei's Death; Trump Issues New Warning.,US President warns Tehran of consequences of retaliation.,https://ground.news/interest/globo
censor.net,Lean Left,Trump Has Threatened Iran with a Strike of Unprecedented Force in Case of Escalation,"US President Donald Trump has warned Iran that in the event of further escalation or new attacks on it, a strike of unprecedented power awaits it.",https://ground.news/interest/censornet_caee9a
Le Huffington Post,Left,"""They Don't Have an Interest"": Trump Warns Iran After Khamenei's Death","The U.S. president had called the Ayatollah ""one of the most evil people in history"" to announce his death.",https://ground.news/interest/le-huffington-post
abc,Right,"Trump Returns Iran's Threats of ""Devading"" Attacks: He Will Respond ""with a Force Never Seen""","Donald Trump has warned Iran in the early morning of Sunday that if he tries to carry out a large-scale reprisal, as he has promised, the U.S. response will be even stronger, ""with a force never seen."" The U.S. president expressed the threat in a message on his social network almost 24 hours after Saturday morning he shared the video detailing the joint military operation with Israel against Iran. He warned that it was a ""massive"" campaign, with…",https://ground.news/interest/abc_0c202e
Libertad Digital,Right,Trump Threatens “Never Seen Before” Response if Iran Retaliates,Harsh warning from Washington after annihilating the Persian leadership and its nuclear facilities. The president will not tolerate aggression against allied bases.,https://ground.news/interest/libertad-digital
Malay Mail,Right,Trump warns Iran: Hit back and we’ll unleash force like never before,"WASHINGTON, March 1 — President Donald Trump said Sunday the United States would hit Iran with “force that has never been seen before” if the country retaliated against US and Israeli strikes that killed supreme leader Ayatollah Ali Khamenei.Iran indicated it was “going to hit very hard today, harder than they have ever hit before,” wrote Trump, who has vowed to seek regime change in the Islamic republic, on his Truth Social platform early Sunda…",https://ground.news/interest/malay-mail
Euronews,Center,Trump Warns Iran in Case of Escalation,"Trump warned Iran against an escalation of the attacks, while the President of the Iranian Parliament promised ""destructive blows"" in response to the assassination of Ayatollah Ali Khamenei and the continuation of the Israeli-American strikes.",https://ground.news/interest/euronews
Eldiario.es,Lean Left,"Trump Threatens Iran to Respond ""with a Force Never Seen"" if It Retaliates for Khamenei's Murder",The Iranian Revolutionary Guard has announced attacks on 27 U.S. military bases in the Middle East and targets of Israel in response to the assassination of the U.S. Ayatollah and Israel launching a new wave of bombings on Iran. Donald Trump has threatened Iran this Sunday to strike them “with a force never seen before” if Tehran fulfills its promise to attack with a historic offensive to the U.S. and Israel in revenge for the murder of Ayatolla…,https://ground.news/interest/eldiarioes
100% FED UP!,Far Right,President Trump Issues New Warning To Iran * 100PercentFedUp.com * by Danielle,President Trump said that Iran will be hit with a “force” like they’ve never seen before if they “hit very […],https://ground.news/interest/100percentfedupcom
Observador,Right,6h. Trump Notice Iran: Summary Will Never Have Force Before View,"In the social network, Truth Social, the Trump warns Iran: if they fought with force, the US will attack with power never seen before. Trump warned that the answer will be even more devastating.",https://ground.news/interest/observador
The Hindu,Lean Left,Israel-Iran Conflict: US' Trump threatens Iran with force ‘never been seen before’ if they retaliate,Iran’s Parliament Speaker labelled the leaders of the U.S. and Israel “filthy criminals” who will face “devastating blows” for their ongoing attacks on the Islamic Republic,https://ground.news/interest/the-hindu
One News Page,Center,"We will hit them with a force that has never been seen before, Trump warns Iran","Trump warned Iran against escalating attacks, while Iran’s parliamentary speaker vowed “devastating blows” in response to continued U.S.-Israeli strikes, underscoring rapidly intensifying tensions between the two sides.",https://ground.news/interest/one-news-page
romaniatv.net,Right,"Donald Trump, to Iran: ""We're Going to Hit with an Unprecedented Force so Far"" / Iran Attacked 27 American Bases in Golf","The United States will hit Iran ""with an uninterrupted force so far"", US President Donald Trump threatened Sunday, where this country in the Middle East will respond to American attacks. The Islamic Revolutionary Gas Body announced Sunday morning that it launched attacks on 27 American bases in the Middle East, Article Donald Trump, to Iran: ""We will hit with an undiscovered force so far"" / Iran attacked 27 American bases in Golf for the first t…",https://ground.news/interest/romaniatvnet
The Gateway Pundit,Far Right,President Trump Fires Warning Shot to Iran Amid Threats of New Retaliatory Strikes on US Military Bases,President Trump on Saturday evening fired a warning shot to Iran amid reports the country was going to hit US military bases in retaliatory strikes.,https://ground.news/interest/the-gateway-pundit
NewsNation,Center,Trump: Iran will be hit with 'a force never seen before' if they escalate,"“They better not do that, however, because if they do, we will hit them with a force that has never been seen before!” Trump wrote on Truth Social.",https://ground.news/interest/wgn-america_663347
WXII,Center,Trump warns Iran not to escalate attacks,The president says U.S. will strike back with force,https://ground.news/interest/wxii
Live Mint,Center,"‘They better not do that’: Trump warns Iran as Tehran strikes US bases, says ‘will hit with force never seen before…’",Trump warns Iran of retaliation with force ‘never seen before’ as tit-for-tat attacks escalate following Khamenei’s killing and a new wave of Iranian missile and drone strikes.,https://ground.news/interest/live-mint
New York Post,Right,Trump warns US will strike Iran with ‘force that has never been seen before’ if regime carries out ‘devastating’ attack,President Trump warned Iran against any further retaliatory strikes after the decimated Iranian regime announced attacks on US bases Sunday morning.,https://ground.news/interest/new-york-post
Protothema,Right,"Trump's Warning to Iran on Truth Social: if You Hit Us, We Will Respond with Force You've Never Seen Before",US president's harsh response after Iran's threats of retaliation,https://ground.news/interest/protothema
Oskaloosa Herald,Lean Left,"Trump warns Iran not to escalate attacks, saying US will strike back with force","U.S. President Donald Trump warned Iran not to escalate its attacks, writing online that America will strike back ’WITH A FORCE THAT HAS NEVER BEEN SEEN BEFORE!” Trump’s comments on Truth Social follow Iranian threats on Sunday morning after acknowledging…",https://ground.news/interest/oskaloosa-herald
Washington Top News,Center,"Trump warns Iran not to escalate attacks, saying US will strike back ‘WITH A FORCE THAT HAS NEVER BEEN SEEN BEFORE!’","WASHINGTON (AP) — Trump warns Iran not to escalate attacks, saying US will strike back 'WITH A FORCE THAT HAS NEVER BEEN SEEN BEFORE!'",https://ground.news/interest/washington-top-news
NDTV,Right,'Will Hit Iran With Force Never Seen Before': Trump's Tit-For-Tat Warning,Iran launched fresh attacks on US and Israel bases shortly after it vowed to avenge the killing of its Supreme Leader Ayatollah Khamenei.,https://ground.news/interest/ndtv
readingeagle,Center,"Trump Warns Iran Not to Escalate Its Attacks, Says the Us Would Respond ""with a Force Never Seen before.""","WASHINGTON (AP) — Trump warns Iran not to escalate its attacks, says the U.S. would respond “WITH A FORCE NEVER SEEN BEFORE.”",https://ground.news/interest/readingeagle
Hindustan Times,Center,"‘Better not do that’: Trump warns Iran against attack, vows to use ‘force that has never been seen before’","Donald Trump said that reports Iran was planning to respond “very hard” were being closely watched, but he cautioned: “They better not do that.”",https://ground.news/interest/hindustan-times
Rutland Herald,Center,"Trump warns Iran not to escalate attacks, saying US will strike back 'WITH A FORCE THAT HAS NEVER BEEN SEEN BEFORE!'","Trump warns Iran not to escalate attacks, saying US will strike back 'WITH A FORCE THAT HAS NEVER BEEN SEEN BEFORE!'",https://ground.news/interest/rutland-herald
The Washington Post,Lean Left,Iran fires missiles at Israel and Gulf states after US-Israeli strike kills Khamenei,Iran has fired missiles at targets in Israel and Gulf Arab states after vowing massive retaliation for the killing of Supreme Leader Ayatollah Ali Khamenei by the United States and Israel,https://ground.news/interest/the-washington-post
The Seattle Times,Lean Left,"Trump warns Iran not to escalate attacks, saying U.S. will strike back with force","U_S_ President Donald Trump warned Iran not to escalate its attacks, writing online that America will strike back ’WITH A FORCE THAT HAS NEVER BEEN SEEN BEFORE!”.",https://ground.news/interest/the-seattle-times
Reforma,Right,Launch Iran More Attacks; Trump Threatens,"Go n inform of new attacks against Israel and U.S. military bases, while Trump said he would respond with 'force never seen before'.",https://ground.news/interest/reformacom
VINnews,Center,Mosab Hassan Yousef Surprises Followers by Questioning Iran Strike,"NEW YORK (AP) — Mosab Hassan Yousef, the Palestinian-born author and former Israeli informant, caught many by surprise on Saturday when he questioned the impact of killing Iran’s supreme leader. In a social media post, Yousef wrote, “Killing the Ayatollah won’t kill the regime. We’re just one step closer to chaos, and maybe civil war, […]",https://ground.news/interest/vinnews
Revolver,Right,Trump: U.S. Will Hit 'With a Force Never Seen Before’ if Iran Escalates,Trump warns U.S. will respond with unprecedented force if Iran escalates conflict amid missile attacks on Israel.,https://ground.news/interest/revolver
RedState,Right,"'A Force That Has Never Been Seen Before' — Trump Warns Iran That Retaliation Would Be Very, Very Costly",Trump warns Iran of unprecedented retaliation amid escalating US-Iran conflicts in 2026.,https://ground.news/interest/redstate
vrt,Center,"Iran - Trump: ""if Iran Retaliates, We Will Strike Back with Unprecedented Force,"" Iranian State Media Confirms Khamenei's Death","Israel and the US have been carrying out attacks on Iran since yesterday, which has responded with airstrikes across the Gulf region. Follow all the updates in our live blog.",https://ground.news/interest/vrt
Publico,Right,"Iran Says Revenge Is “Right and Right”, Trump Threatens with “Force Never See”","After confirming the death of the Supreme Leader, Iran launched attacks on Abu Dhabi, Bahrain, Dubai, Israel and Qatar. Death reactions of Ali Khamenei split between tears and festivals.",https://ground.news/interest/publico_f8d3f6
One News Page,Center,Donald Trump outlines devastating response if Iran assassinates him; ‘there will be nothing left’,"After joint US–Israeli strikes reportedly killed Iran’s Supreme Leader Ayatollah Ali Khamenei, President Donald Trump issued stark warnings that any attempt on his life would result in Iran being “wiped off the face of the earth.” As retaliation fears mount, his threats of total ...",https://ground.news/interest/one-news-page
The Independent,Lean Left,Inside Mar-a-Lago’s makeshift Situation Room as Trump strikes Iran,"President Donald Trump and top members of his Cabinet watched Operation Epic Fury unfold in a curtained-off area of his club in Palm Beach, Florida",https://ground.news/interest/the-independent_ff73a6
News,Right,Trump monitored Iran strikes from Mar-a-Lago,US President Donald Trump monitored the attack on Iran from his Mar-a-Lago resort while the vice president was a thousand kilometres away in the White House.,https://ground.news/interest/news_356a3f
notus.org,Lean Left,A Potential War In Iran Is A Huge Break from Trump’s Campaign Promises. Will It Matter in November?,"This photo provided by the White House which has been partially blurred, shows President Donald Trump talking with White House chief of staff Susie Wiles as Secretary of State Marco Rubio listens at Mar-a-Lago in Palm Beach, Fla., during Operation Epic Fury on Saturday, Feb. 28, 2026. (Daniel Torok/The White House via AP) Daniel Torok/APThe MAGA base has forgiven President Donald Trump for a lot, but the latest strikes in Iran may prove to be a …",https://ground.news/interest/notusorg
Newser,Lean Left,Trump Stays Out of View After Ordering Strikes,"President Trump has remained in Florida and out of public view since announcing he'd ordered extensive strikes on Iran early Saturday, opting against the kind of formal wartime address past presidents have typically delivered. He's posted online and spoken by phone to reporters but hasn't been seen, the New York...",https://ground.news/interest/newsercom
Maryland Matters,Lean Left,"US, Israel strike Iran; Democrats call for immediate vote on Trump war powers","President Donald Trump in a video posted by the White House on social media announces a U.S. strike on Iran, on Saturday, Feb. 28, 2026. (Screenshot of White House video)WASHINGTON — Democratic lawmakers called Saturday for Congress to weigh in on President Donald Trump’s order launching “major combat operations” in Iran, while Republicans largely provided cautious support of the attacks. Trump said in a video posted to social media at 2:30 a.m.…",https://ground.news/interest/maryland-matters
CNN,Lean Left,"Hunkered at Mar-a-Lago, Trump makes his club a makeshift Situation Room","As gala-goers in gowns and tuxedos were dancing the night away inside Mar-a-Lago’s ballroom Friday evening, a very different scene was unfolding on the other side of the rambling estate in Palm Beach, Florida.",https://ground.news/interest/cnn
Daily Mirror,Lean Left,'Security breach' spotted in Donald Trump's Situation Room where he oversaw Iran attacks - The Mirror,Eagle-eyed sleuths spotted an alleged 'security risk' in images posted from Donald Trump's makeshift Situation Room while he launched his attack on Iran,https://ground.news/interest/daily-mirror
Crooks and Liars,Left,C-SPAN Caller Blasts Trump For Being At 'Rat Infested' Mar-a-Lago During Iran Strike,C-SPAN caller Willie from Georgia lays into Trump for who was surrounding him at Mar-l-Lago during the Iranian attacks and for trying to distract from the Epstein files.,https://ground.news/interest/crooksandliarscom
News.de,Lean Left,"Donald Trump: Photo of ""Kommandozentrale"" in Mar-a-Lago Causes Horror","Black curtains, maps on the wall and Donald Trump's golf club manager in the middle of it looked like the command center from which the US president monitored the air attacks on Iran.",https://ground.news/interest/newsde
Express US,Right,Inside Trump's makeshift war room at Mar-a-Lago where president ordered strikes,"President Trump monitored the strikes on Iran not from the Situation Room or the Oval Office, but rather from a makeshift war room in Mar-a-Lago",https://ground.news/interest/the-expresscom
Live Mint,Center,White House shares images of Trump monitoring US strikes ‘Op Epic Fury’ on Iran from Mar-a,"Trump has warned Iran not to escalate its attacks, writing online that America will strike back ‘WITH A FORCE THAT HAS NEVER BEEN SEEN BEFORE!’",https://ground.news/interest/live-mint
WLTReport,Far Right,Secret Service Increases Security Around The White House Following U.S. Attack On Iran,ABC News reports:,https://ground.news/interest/wltreportcom
KCRA 3,Center,Palm Beach County sheriff has extra resources to protect Trump,Officers are up to speed with everything happening at Mar-a-Lago after President Donald Trump announced early Saturday the United States and Israel attacked Iran.,https://ground.news/interest/kcra-3
VINnews,Center,"Photos Show Trump, Vance Coordinating Strikes on Iran from Separate Locations","WASHINGTON (VINnews) – Photos released by the White House show President Donald Trump and Vice President JD Vance directing U.S. military strikes on Iran while operating from different locations. Trump led the operation from Mar-a-Lago in Florida, meeting with his national security team, including Secretary of State Marco Rubio, White House Chief of Staff Susie […]",https://ground.news/interest/vinnews
100% FED UP!,Far Right,White House Releases Photos of President Trump Monitoring Iran Strikes from Mar-a-Lago * 100PercentFedUp.com * by Kaley,"The White House just dropped some epic photos of President Trump monitoring Operation Epic Fury. Last night, President Trump oversaw […]",https://ground.news/interest/100percentfedupcom
Washington Reporter,Right,EXCLUSIVE: President Trump tells us Iran strikes are a “tremendous success” — and Iran’s response is “quite weak”,"Hours after the United States and Israel launched coordinated strikes on Iranian military installations, the Washington Reporter spoke with President Donald Trump about what he is calling a decisive early victory. The operation, dubbed Operation Epic Fury, targeted key Iranian military assets in a preemptive effort to degrade Tehran’s nuclear capabilities. The president projected confidence, telling the Reporter the mission was proceeding exactl…",https://ground.news/interest/washingtonreporternews
The Gateway Pundit,Far Right,"White House Releases Photos of Trump and Rubio Monitoring Operation Epic Fury at Mar-a-Lago - JD Vance, Gabbard, and Bessent in Situation Room",The White House on Saturday released photos of President Trump and senior administration officials monitoring Operation Epic Fury in Iran in the early morning hours of Saturday.,https://ground.news/interest/the-gateway-pundit
India Today,Right,White House releases photos of Trump overseeing strikes on Iran,The images capture what the White House described as tense moments as President Donald Trump and Vice President JD Vance directed the strikes from separate locations hundreds of miles apart.,https://ground.news/interest/india-today
Protothema,Right,"Trump Watches Iran Attack From His Mar-a-Lago Home, See Photos",The White House released photos of the US president being updated on developments,https://ground.news/interest/protothema
USA Today,Lean Left,See inside White House and Mar-a-Lago as US leaders monitor attack on Iran,Photos show President Donald Trump and Vice President JD Vance in the Situation Room and at Mar-a-Lago during U.S. military operations in Iran.,https://ground.news/interest/usa-today
El Financiero,Right,Improvised Crisis Room: Trump Monitored From Mar-a-Lago Attack on Iran and Arrest of Maduro · Global Voices,"U.S. President Donald Trump oversaw with his national security team the large-scale attack on Iran launched on Saturday by the U.S. and Israel from his private residence in Mar-a-Lago, Florida. White House spokesman Karoline Leavitt reported that Trump has been following the operation all night, named by the U.S. as “Epic Furia,” and that he had a phone call with Israeli Prime Minister Benjamin Netanyahu. “The President and his national security…",https://ground.news/interest/el-financiero
Arizona Mirror,Lean Left,‘Bombs will be dropping everywhere’: Trump tells Iranians to stay home and revolt,"President Donald Trump in a video posted by the White House on social media announces a U.S. strike on Iran, on Saturday, Feb. 28, 2026. (Screenshot of White House video)WASHINGTON — Democratic lawmakers called Saturday for Congress to weigh in on President Donald Trump’s order launching “major combat operations” in Iran, while Republicans largely provided cautious support of the attacks. Trump said in a video posted to social media at 2:30 a.m.…",https://ground.news/interest/arizona-mirror
New York Post,Right,"Photos capture tense moments Trump, Vance orchestrate strikes on Iran",Chilling photos show the tense moments President Trump and Vice President Vance orchestrated the monumental strikes on Iran while hundreds of miles apart.,https://ground.news/interest/new-york-post
TrendingPolitics,Right,Top Democrat Calls President Trump A “Real Peacemaker” After Iran Strikes,"Sen. John Fetterman (D-PA) is breaking with many in his own party and forcefully defending President Donald Trump following the dramatic U.S. and Israeli strikes on Iran that may have killed Supreme Leader Ali Khamenei. Speaking after the Pentagon confirmed the launch of “Operation Epic Fury,” Fetterman dismissed criticism from lawmakers who argue the strikes were unauthorized or risk plunging the region into wider war. Instead, the Pennsylvania…",https://ground.news/interest/trendingpoliticsnewscom
CBS Austin,Center,"Protesters gather near White House, Washington Monument after strikes on Iran",Protestors have gathered around the White House after President Donald Trump announced the U.S. and Israel launched a joint attack on Iran.,https://ground.news/interest/cbs-austin
RedState,Right,Trump 47 Once Again Leaves Legacy Lapdog Media Stupefied With POTUS' New Remarks on Iran Ops,President Trump's remarks on Iran ops leave legacy media stunned amid major U.S.-Israel air strikes.,https://ground.news/interest/redstate
censor.net,Lean Left,"Trump Followed the Attacks on Iran From His Residence in Mar-a-Lago,",US President Donald Trump watched the deployment of the operation against Iran at his residence in Mar-a-Lago in Florida.,https://ground.news/interest/censornet_caee9a
조선일보,Right,"The White House: ""Trump Said He'd Be Monitoring the Situation Overnight""… Received a ""High-Risk"" Pre-Briefing.","The White House announced on the 28th that US President Donald Trump monitored the situation overnight at Mar-a-Lago, his private residence in Florida, during the large-scale attack on Iran by US and Israeli forces. Press Secretary Caroline Levitt said on her X (formerly Twitter) that day, “President Trump and members of his national security team were at Mar-a-Lago monitoring the situation overnight.” There were also calls with Israeli Prime Mi…",https://ground.news/interest/chosuncom
Washington Examiner,Right,Iran strikes erase 'space' between Trump and Netanyahu,"“Operation Epic Fury” indicates that President Donald Trump has gotten over recent frustrations with Israeli Prime Minister Benjamin Netanyahu, persons close to the White House tell the Washington Examiner. Trump largely embraced Netanyahu throughout most of his first year back in the White House, but had reportedly begun voicing concerns about the prime minister’s actions in Gaza in late 2025. Multiple outlets reported that the president person…",https://ground.news/interest/washington-examiner
Anadolu Ajansı,Right,Trump monitoring strikes on Iran from Mar-a-Lago estate in Florida: White House,"Marco Rubio called congressional Gang of Eight ahead of attacks, reached 7 members, says spokesperson - Anadolu Ajansı",https://ground.news/interest/anadolu-ajans
Hola News,Center,Trump Monitors the Attack on Iran with His Security Team From His Florida Residence,"Washington, Feb 28 (EFE).- U.S. President Donald Trump monitors with his national security team the large-scale attack on Iran launched on Saturday by the U.S. and Israel from his private residence in Mar-a-Lago, Florida. White House spokesman Karoline Leavitt reported that Trump has been following the operation all night, named by the U.S. as “Epic Furia,” and that he even held a phone call with Israeli Prime Minister Benjamin Netanyahu. “The P…",https://ground.news/interest/hola-news
Al Arabiya,Right,Trump has no plans to address nation Saturday after attacks on Iran: White House,The White House said that reports US President Donald Trump would give another address to the nation on Saturday morning were inaccurate and that it has,https://ground.news/interest/al-arabiya
WGN 9,Center,President Trump not addressing nation over Iran strikes: White House,"The White House called reports that President Trump will address the nation on Saturday following the U.S. strikes on Iran “inaccurate.” “This reporting was inaccurate, the White House has not given any guidance on an address or remarks today,” the White House said in a statement to the press pool traveling with Trump. The push [...]",https://ground.news/interest/wgn-9
WPEC,Right,"President Trump at Mar-A-Lago as U.S., Israel carry out ""major"" attack on Iran","Early Saturday morning, the United States and Israel carried out an attack on Iran.President Donald Trump was at Mar-A-Lago when the strike happened. He landed",https://ground.news/interest/wpec
NBC Miami,Lean Left,"U.S. strikes on Iran as Trump monitored from Mar-a-Lago, Leavitt says","President Donald Trump was at Mar-a-Lago when the U.S. bombed Iran in a joint operation with Israel, White House press secretary Karoline Leavitt said.",https://ground.news/interest/nbc-miami
Asharq AL-awsat,Right,"Trump Has No Plans to Address Nation Saturday After Iran Attacks, Says White House","US President Donald Trump has no plans to address the American people Saturday after the United States and Israel launched attacks on Iran, the White House said. A White House official denied reports of a planned address by Trump, who overnight posted a video to his Truth Social platform announcing the attacks and calling for regime change in Tehran, AFP reported. ""This reporting was inaccurate, the White House has not given any guidance on an a…",https://ground.news/interest/asharq-al-awsat
France24,Center,"White House releases photos of Trump, Vance during Iran ops",,https://ground.news/interest/france24
Palm Beach Post,Center,"From Mar-a-Lago, Trump announces attack on Iran","President Donald Trump announced 'major combat operations' in Iran, targeting its ballistic missile program after failed nuclear talks.",https://ground.news/interest/palm-beach-post
The Washington Post,Lean Left,"Outside White House, hundreds protest attack on Iran, urge end to conflict",,https://ground.news/interest/the-washington-post
npr,Lean Left,"As the U.S. strikes Iran, here's the White House is saying to the American public",We look at the White House's messaging to the American public on the strikes in Iran.,https://ground.news/interest/npr
The Western Journal,Right,Typical: Virginia Democrats Are Addressing Affordability Issues by Nearly Tripling Their Own Pay,"As sure as the sun rises in the east and sets in the west, if there’s one thing you can set your watch to, it’s the political elite lining their […] The post Typical: Virginia Democrats Are Addressing Affordability Issues by Nearly Tripling Their Own Pay appeared first on The Western Journal.",https://ground.news/interest/the-western-journal
Breitbart,Right,Virginia: Democrat-Majority Senate Votes to Nearly Triple Their Own Pay,"The Democrat-majority Virginia State Senate voted to up their salary significantly, even as Gov. Abigail Spanberger (D) claims she is working to make her state more affordable. The post Virginia: Democrat-Majority Senate Votes to Almost Triple Their Own Salary After Promising Affordability appeared first on Breitbart.",https://ground.news/interest/breitbart
WRIC,Center,Virginia lawmakers send bill to increase hourly minimum wage to Spanberger,"RICHMOND, Va. (WRIC) -- A raise could be on the way for hardworking Virginians. On Friday, Feb. 27, the House of Delegates passed a bill previously passed by the Senate that would raise Virginia’s minimum wage to $13.75 per hour in 2027 before increasing it to $15 per hour in 2028. The bill now heads to Governor Abigail Spanberger for her consideration. “For 421,000 Virginians, it’s gonna be a great day,” said Del. Jeion Ward (D-Hampton), who le…",https://ground.news/interest/wric
Fox News,Right,Virginia Democrats talk affordability — and vote to nearly triple their own pay,"Virginia Democratic senators vote for 278% pay raise while Governor Abigail Spanberger campaigns on affordability, drawing Republican criticism over timing.",https://ground.news/interest/fox-news_a44aba
PJ Media,Far Right,Virginians Tighten Their Budgets. Lawmakers Expand Theirs.,Virginia Democrats approve a 300% pay raise amid affordability struggles for families.,https://ground.news/interest/pj-media
abc 7 WJLA,Right,Virginia Democratic Senators vote themselves a 278% pay raise,Legislators in Virginia could see a nearly 300% pay increase if an amendment added to the budget by Democrats in the state Senate makes it to Gov. Abigail Spanb,https://ground.news/interest/abc-7-wjla
The News Virginian,Center,Virginia lawmakers plan to give themselves hefty raise,"Virginia lawmakers are planning on giving themselves a hefty raise: a base pay increase to $45,000. Delegates now make $17,640, and senators $18,000.",https://ground.news/interest/the-news-virginian
ussanews.com,Far Right,Virginia Dems Vote To Give Themselves A Pay Raise,,https://ground.news/interest/ussanewscom
