outlet,bias,headline,summary,ground_news_interest_url
workers.org,Left,What Trump’s racist video reveals,There is absolutely no denying that Donald Trump is a bonafide white supremacist whose mission is to turn back the clock to the days of enslavement and the Confederacy. He has shown this in both words and deeds with the removal of federal monuments and public artifacts acknowledging that slavery exi,https://ground.news/interest/workersorg
Longmont Times-Call,Lean Left,Letters: Who’s the racist now?,"Who’s the racist now? Les Gardinier had his letter (The left is the first to call someone a racist) published in the Times-Call Feb. 6 and I feel compelled to answer since my name is prominently used in the first paragraph. First of all, I have to agree with his description of the content of my op/ed which tried to point out the present administration’s startling relationship to many of the basic tenets of fascism. Nowhere in my article did I at…",https://ground.news/interest/longmont-times-call
AZCentral,Lean Left,Can Trump go any lower? There’s always a chance,The president's posting of a video of the Obamas as apes hits a new low for him. What will the next three years of his administration bring?,https://ground.news/interest/azcentral
Washington Monthly,Lean Left,Donald Trump Is Really Racist,“Nobody understands a word this guy is saying” was President Donald Trump’s racist reaction on his Truth Social feed to Bad Bunny’s Spanish-language Super Bowl halftime performance. The comment was a dehumanizing insult to millions of somebodies: 52 million Spanish speakers—both native and non-native bilingual—in the United States and 636 million worldwide.  If you expected Trump would be more restrained after last week’s intra-party backlash le…,https://ground.news/interest/washington-monthly
Inside Higher Ed,Lean Left,We Must Teach Young Americans That Associating Black People With Apes Is Racist,"Racial illiteracy about this and a range of other topics is guaranteed to worsen as books are banned in our nation’s K–12 schools. U.S. president Donald Trump shared a racist video on his Truth Social account in which former American president and first lady Barack and Michelle Obama were depicted as apes. I was unsurprised, yet nonetheless disgusted. U.S. senator Jon Ossoff also found the video unacceptable. He said during a rally in Atlanta th…",https://ground.news/interest/inside-higher-ed-higher-education-news-events-and-jobs
Santa New Mexican,Center,Art can uplift spirits in today's hard times,"Just when I thought the president could not be any crasser, he posts a racist meme of the Obamas. Then, exposing himself for the coward that he is, he blames a staffer. Just after this news exploded, I was touring…",https://ground.news/interest/santa-new-mexican
The spokesman-Review,Lean Left,LZ Granderson: Trump keeps reminding us why people support him. It's the racism,"The president of the United States posted a racist video Thursday night depicting Barack and Michelle Obama as apes. On Friday, the White House dismissed criticism — but the president deleted the post. Was this episode disappointing? Yes. Surprising? Not anymore. Last spring, after Pope Francis had died, Donald Trump posted an AI image of himself as the pope just days before cardinals convened ...",https://ground.news/interest/the-spokesman-review
FlaglerLive,Lean Left,David Jolly Blasts Other Gubernatorial Candidates for Not Calling Out Trump on Obama Post,Democratic gubernatorial candidate David Jolly wants to know why no other candidate for governor of Florida has condemned President Donald Trump for the video he posted on his Truth Social account depicting former President Barack Obama and First Lady Michelle Obama as apes. The post David Jolly Blasts Other Gubernatorial Candidates for Not Calling Out Trump on Obama Post appeared first on FlaglerLive.,https://ground.news/interest/flaglerlive
Cleveland,Center,“A new low:” Trump’s racist Obama video finally compels some Ohio Republicans to draw a line,"In a rare break from unwavering loyalty, some – but only some, as Today in Ohio noted Monday -- Ohio Republicans have finally drawn a line on Donald Trump’s racist behavior, condemning a deeply offensive video that appeared on his Truth Social account depicting Barack and Michelle Obama as apes.",https://ground.news/interest/cleveland
thyblackman.com,Right,Why Comparing Black Americans to Monkeys Is Not Satire but Racism.,"(ThyBlackMan.com) There are moments in American history when cruelty is not accidental—it is strategic. Recent reports that the president circulated or endorsed a video depicting former President Barack Obama and First Lady Michelle Obama as monkeys, followed by a refusal to apologize or disavow the imagery, belong to a long and poisonous tradition in this country. It is the  deliberate dehumanization of Black people to justify harm, exclusion, …",https://ground.news/interest/thyblackmancom
Atlanta Black Star,Lean Left,‘Shade Game Is Strong’: Obama Savagely Flips Trump’s Racist Video On Its Head and Its Guaranteed to Make Trump Seethe,"One of the most memorable moments of Super Bowl LX happened off the field, where former President Barack Obama delivered an unexpected master class in",https://ground.news/interest/atlanta-black-star
National Memo,Right,Massive Backlash Surging Against MAGA's 'Hard-Edged Right-Wing Culture',"President Donald Trump drew widespread criticism after forwarding, on his Truth Social platform, an overtly racist, AI-generated video depicting former President Barack Obama and former First Lady Michelle Obama as apes. Much of the criticism came from a combination of liberals, progressives, centrist Democrats and right-wing Never Trump conservatives, yet there was some outcry in MAGA World as well.Sen. Tim Scott (R-SC) called the video out, an…",https://ground.news/interest/national-memo
Media Take Out,Lean Left,Trump Blames Staffer for Offensive Obama Video & Refuses to Apologize,"Donald Trump responded to backlash after a racially offensive video depicting Barack Obama and Michelle Obama appeared on his Truth Social account, distancing himself from the post and declining to apologize. When asked about the video, Trump said it was shared by a staff member and insisted he did not see the full clip before it was reposted. “A staffer posted,” he said. “I saw the beginning and passed it on. Probably nobody reviewed the end of…",https://ground.news/interest/media-take-out
The Source,Center,Trump Addresses Racist Obama Video and Refuses to Apologize,Donald Trump addresses backlash over a racist Obama video shared on Truth Social and says he will not apologize.,https://ground.news/interest/the-source
Black America Web,Left,"Trump Refuses To Apologize For Racist Ape Video Of Obamas, Says He ‘Didn’t See’ It: ‘I Didn’t Make A Mistake’","President Donald Trump is doubling down amid bipartisan backlash for posting a racist video depicting former President Barack Obama and former first lady Michelle Obama as apes. While the late Thursday night video has since been removed, Trump insists he did not view the full clip before it was shared and has declined to apologize. Source: Chip Somodevilla / Getty What Trump Told Reporters About The Video According to ABC News, Trump addressed t…",https://ground.news/interest/black-america-web
Ohio Capital Journal,Lean Left,White House takes down racist meme of Obamas posted on Trump social media,"Chair of the Senate Committee on Banking, Housing, and Urban Affairs Sen. Tim Scott, R-S.C., on Feb. 5, 2026, in Washington, D.C.  Scott criticized President Donald Trump's use of a racist meme on social media. (Photo by Kevin Dietsch/Getty Images)WASHINGTON — The White House on Friday pulled down a social media post depicting former President Barack Obama and first lady Michelle Obama as monkeys after members of Congress from both political par…",https://ground.news/interest/ohio-capital-journal
scheerpost.com,Left,CBC Chair Rakes ‘Bigoted and Racist Regime’ as Trump Refuses to Apologize for Obama Ape Post,"In one of the scariest moments in modern history, we're doing our best at ScheerPost to pierce the fog of lies that conceal it but we need some help to pay our writers and staff. Please consider a tax-deductible donation. By Brett Wilkins for Common Dreams As President Donald Trump refuses to apologize for a now-deleted social media post in which former President Barack Obama and his wife Michelle Obama are portrayed as apes, the head of the Con…",https://ground.news/interest/scheerpostcom
RadarOnline,Center,White House Staff Say Donald Trump is 'Off His Meds' After Posting Video of Barack and Michelle Obama as Apes,White House staff say Trump is 'off his meds' after posting racist Obama video on Truth Social.,https://ground.news/interest/radaronline
Daily Express,Right,Trump facing rebellion as White House staff rage at President - 'Off his meds',Trump's biographer Michael Wolff claims Trump tweets crossed the line with many White House staff,https://ground.news/interest/daily-express
Marca,Center,Ayesha Curry shows support for Michelle Obama following Donald Trump's racist remarks,"Ayesha Curry publicly voiced her support for Michelle Obama after Donald Trump became embroiled in controversy for sharing a deeply offensive, AI-generated video that targeted the",https://ground.news/interest/marca
The New Arab,Lean Left,Trump refuses to apologise for racist clip of Obamas as monkeys,"President Donald Trump refused to apologise on Friday for a video posted on his social media account depicting Barack and Michelle Obama as monkeys, though he said he condemned the post as the White House shifted the blame to staff. The video shared on Trump's Truth Social account late Thursday night sparked censure across the US political spectrum, with the White House initially rejecting ""fake outrage"" only to then blame the post on an error b…",https://ground.news/interest/newarabcom
Malay Mail,Right,Trump refuses to apologise for video showing Obamas as monkeys,"WASHINGTON, Feb 8 — President Donald Trump refused to apologize Friday for a video posted on his social media account depicting Barack and Michelle Obama as monkeys, though he said he condemned the post as the White House shifted the blame to staff.The video shared on Trump’s Truth Social account late Thursday night sparked censure across the US political spectrum, with the White House initially rejecting “fake outrage” only to then blame the po…",https://ground.news/interest/malay-mail
The Post and Courier,Center,"Trump condemns, won't apologize for video depicting Obamas as apes","WASHINGTON - President Donald Trump condemned but did not apologize for a video on his social media account depicting Democratic former President Barack Obama and first lady Michelle Obama as apes, a post that triggered swift, bipartisan criticism for dehumanizing…",https://ground.news/interest/the-post-and-courier
Common Dreams,Left,CBC Chair Rakes 'Bigoted and Racist Regime' as Trump Refuses to Apologize for Obama Ape Post,"""Bigotry has been his brand since day 1,"" said Congresswoman Yvette Clarke.",https://ground.news/interest/common-dreams
Fox8,Center,"Trump says 'of course' he condemns racist post about Obamas, declines to apologize","Trump says he ""didn't make a mistake"" by having the video posted.",https://ground.news/interest/myfox8com
Time Magazine,Lean Left,"Trump’s Obama Video Was a Diversion, Not an Accident","""Rather than an inadvertent mistake, this episode epitomizes Trump’s approach to intentionally creating controversy as a distraction.""",https://ground.news/interest/time-magazine
Live Mint,Center,"Trump says he didn't see full Obama meme, claims he missed offensive ending","President Donald Trump said he did not see the offensive ending of a “Lion King” meme video posted to his Truth Social account that depicted Barack and Michelle Obama as apes, saying he removed it once he became aware and that Senator Tim Scott “understood” the situation.",https://ground.news/interest/live-mint
Carroll News,Lean Left,"Republicans break ranks, criticize Trump over racist post",President Donald Trump is facing rare criticism from his Republican Party over a racist video. Trump's White House removed a video that contained a racist image of former President Barack Obama and former first lady Michelle Obama after a bipartisan…,https://ground.news/interest/carroll-news
The Laconia Daily Sun,Lean Left,Trump Says He ‘Didn’t Make a Mistake’ Posting Racist Video About Obamas,Trump claimed he was the ‘least racist president you’ve had in a long time’ after sharing a video depicting Barack and Michelle Obama as apes.,https://ground.news/interest/the-laconia-daily-sun
Essence,Lean Left,"Exclusive: Sen. Raphael Warnock Condemns Trump’s Racist Post About The Obamas, Urging Lawmakers 'Not To Be Silent'","WISCONSIN DELLS, WISCONSIN – JUNE 14: Raphael Warnock speaks onstage during attends the Wisconsin Democrats 2025 Convention at Chula Vista Resort on June 14, 2025 in Wisconsin Dells, Wisconsin. (Photo by Daniel Boczarski/Getty Images for Democratic Party of Wisconsin) By Tevon Blair ·Updated February 7, 2026 Getting your Trinity Audio player ready… United States Senator Raphael Warnock of Georgia is calling for accountability from the Trump Admi…",https://ground.news/interest/essence
The Independent (US),Lean Left,Bill Maher slams Trump ‘hypocrites’ for ‘lame’ excuses about racist Obama clip,"Trump has refused to apologize for the video, which was shared from his Truth Social account",https://ground.news/interest/the-independentcom
DNyuz,Right,This Is Just Who Trump Is,"What motivates President Trump? Not what motivates Trumpism, whatever that is. Not what motivates his MAGA supporters. Not what motivates the infrequent and marginal voters who delivered him his victories in 2016 and 2024. No. What specifically motivates Donald J. Trump? What brought him into national politics? What drives him as a national political figure? His allies say a love of country, but this is betrayed by his indifference to the nation…",https://ground.news/interest/dnyuz
Entertainment Weekly,Lean Left,Trump won't apologize for posting since-deleted racist video of Obamas: 'I didn't make a mistake',Donald Trump said that he would not apologize for a since-deleted racist video posted to his Truth Social account that depicted Barack and Michelle Obama as apes.,https://ground.news/interest/entertainment-weekly
El Vocero de Puerto Rico,Right,"Chairwoman of Congressional Black Caucus Says Video Sent by Trump Is ""Racist and Prejudiced""","Since President Donald Trump posted a racist video on social media, the White House has offered inconsistent responses.",https://ground.news/interest/el-vocero-de-puerto-rico
Associated Press News,Lean Left,Congressional Black Caucus chair says Trump's post on the Obamas shows a 'bigoted and racist regime',The chair of the Congressional Black Caucus says the Trump administration has a chance to change after President Donald Trump posted a racist video depicting former President Barack Obama and former first lady Michelle Obama as primates in the jungle.,https://ground.news/interest/associated-press-news
100% FED UP!,Far Right,President Trump Refuses to Apologize for the “Obama Ape Meme” * 100PercentFedUp.com * by Kaley,"Once again, the left is up in arms over something President Trump did on social media. And this time, it wasn’t technically even President Trump who did it. If you haven’t kept up with all the drama, I’ll sum it up for you. This morning, a video about election fraud was posted on President Trump’s Truth Social account. The last few seconds of the video clicked away to a meme of Barack and Michelle Obama as apes. Here’s the full video, for refere…",https://ground.news/interest/100percentfedupcom
Sportskeeda,Center,"Andy Roddick's wife Brooklyn Decker dumbfounded by President Trump's now-removed, 'racist' attack on Barack & Michelle Obama","Andy Roddick’s wife, Brooklyn Decker, has reacted strongly to Donald Trump’s racist controversy involving Barack Obama.",https://ground.news/interest/sportskeeda
Deutsche Welle,Center,White House removes racist video of Obamas,"The White House has deleted a video depicting former US President Barack Obama and his wife, Michelle, as apes. It was posted on the Truth Social account of current President Trump.",https://ground.news/interest/deutsche-welle
thairath.co.th,Right,"Trump Frantically Tries to Justify Himself After Posting a Video Insulting Obama, Insisting He Will Not Apologize.","Donald Trump has refused to apologize for a racist video of the Obamas posted on his Truth Social account, claiming he didn't watch it completely and blaming the official who posted it.",https://ground.news/interest/thairathcoth
KOAT,Center,Trump doesn't offer apology for sharing video of Obamas,"The video, which was shared on President Donald Trump's social media account, was denounced as racist by lawmakers on both sides of the aisle.",https://ground.news/interest/koat
Wapa,Center,Trump Refuses to Apologize for Racist Video Depicting the Obamas as Apes,"The video shared on Trump's Truth Social account Thursday night drew criticism from across the political spectrum in the United States. The White House initially dismissed the reactions as ""fake outrage,"" later blaming…",https://ground.news/interest/wapa
modernity.news,Right,‘Leave It To The Leftist Media’: Leavitt Says Press Hopes Obama Monkey Video Will Distract Public,"They ""talk about this all day rather than talk about the fact that the Dow has broken over 50,000""",https://ground.news/interest/modernitynews
Palm Beach Post,Center,Trump refuses to apologize for sharing video depicting Obamas as apes,"On his way to Florida, Donald Trump refused to apologize for sharing a video depicting the Obamas as apes, claiming he didn't see the racist portion.",https://ground.news/interest/palm-beach-post
theGrio,Lean Left,'I didn't make a mistake': Trump won't apologize for posting of racist Obama meme on his social media accounts,President Donald Trump refused to apologize Friday for posting a video depicting Barack and Michelle Obama as apes.,https://ground.news/interest/thegrio
Mediaite,Lean Left,CNN Anchor Drops Pile Of ‘Racist’ Receipts On Trump in Blistering Rant At Defenders,"CNN anchor Victor Blackwell dropped a pile of receipts on President Donald Trump in a blistering commentary about the president’s racist Truth Social post and the people who still defend him. Trump posted a video to his Truth Social account at 11:44 PM on Thursday night that contains an image depicting President Barack Obama and former First Lady Michelle Obama as apes: The post drew widespread outrage including from Sen. Tim Scott (R-SC), who c…",https://ground.news/interest/mediaite
The Canary,Left,Trump admits he himself chose to post racist Obama video,"As we reported on 6 February, Donald Trump posted an explicitly racist video to his Truth Social account: BREAKING: Trump just posted an incredibly racist photo of the Obama’s faces photoshopped on to the body of apes. Every day is a new rock bottom for this ugly pig. pic.twitter.com/GlMM7Cfjoe — Dean Withers (@itsdeaann) February 6, 2026 There have been several developments since then, with the end point being that Trump admitted to being the …",https://ground.news/interest/the-canary
American Wire News,Right,"Trump condemns Obama ape video posted by White House aide, but no apology forthcoming · American Wire News","Cries of racism were echoed by the president as he set the record straight about a since-deleted “offensive and unacceptable” Truth Social post fixated on by corporate media. Friday, Democrats and Republicans alike had called on President Donald Trump to delete a social media post with an errant depiction of former President Barack Obama and former first lady Michelle Obama as apes and issue an apology. While the post was deleted, the chief exec…",https://ground.news/interest/american-wire-news
Lincoln Journal Star,Center,"Trump shares a racist video, says he will not apologize","WASHINGTON — President Donald Trump's racist social media post featuring former President Barack Obama and his wife, Michelle Obama, as primates in a jungle was deleted Friday after backlash from both Republicans and Democrats who criticized the video as offensive.",https://ground.news/interest/lincoln-journal-star
The Post Millennial,Right,"Trump refuses to apologize over Obama meme that appeared on his Truth Social: ‘No, I didn’t make a mistake’","""Nobody knew that that was in the end. If they would have looked, they would have seen it, and probably they would have had the sense to take it down.”",https://ground.news/interest/the-post-millennial
Dawn,Lean Left,‘I didn’t make a mistake’: Trump refuses to apologise for racist clip of Obamas as monkeys,"US President Donald Trump refused to apologise on Friday for a video posted on his social media account depicting Barack and Michelle Obama as monkeys, though he said he condemned the post as the White House shifted the blame to staff. The video shared on Trump’s Truth Social account late on Thursday night sparked censure across the US political spectrum, with the White House initially rejecting “fake outrage” only to then blame the post on an e…",https://ground.news/interest/dawn_a02aa2
Euronews,Center,Trump refuses to apologise for since-deleted racist post about Obamas,"A social media post by US President Donald Trump depicted former President Barack Obama and his wife, Michelle Obama, as primates in a jungle. It was deleted on Friday after a backlash from both Republicans and Democrats.",https://ground.news/interest/euronews
delo.si,Lean Left,"Trump Won't Apologize for Controversial Video with Obama: ""I'm the Least Racist President""",The White House attributed responsibility for the post on President Donald Trump's personal account to an unnamed staffer.,https://ground.news/interest/delosi
RTÉ,Center,Trump condemns but won't apologise for racist video,"US President Donald Trump condemned but did not apologise for a video on his social media account depicting Democratic former president Barack Obama and first lady Michelle Obama as apes, a post that triggered ⁠swift, bipartisan criticism for dehumanising people of African descent.",https://ground.news/interest/rte
News & Record,Lean Left,Trump shares a racist video,"WASHINGTON — President Donald Trump's social media post featuring a video about election conspiracy theories and a racist depiction of former President Barack Obama and his wife, Michelle Obama, as primates in a jungle has been deleted.",https://ground.news/interest/news-and-record
WFLD,Center,Trump won't apologize for video of Obamas as apes: What he said,"President Donald Trump says he won’t apologize and ""didn’t make a mistake"" when his Truth Social account shared a video featuring the Obamas as primates in a jungle.",https://ground.news/interest/wfld
detector.media,Lean Left,"Trump Deletes Outrageous Video About Obama Spouses, but Won't Apologize",The US president put the responsibility for the publication of the scandalous video on the assistant.,https://ground.news/interest/detectormedia
Hawaii Tribune-Herald,Center,Trump deletes racist video of Obamas after outcry,Trump deletes racist video of Obamas after outcry - Nation and World News | Hawaii Tribune-Herald,https://ground.news/interest/hawaii-tribune-herald
PJ Media,Far Right,The Truth About the ‘Racist’ Video Trump Posted That the Left Doesn’t Want You to Know,Explore the truth behind Trump's controversial video post and the media's selective outrage.,https://ground.news/interest/pj-media
Berliner Morgenpost,Center,Racist Obama Video: Donald Trump Defends Himself,Trump portrayed the Obamas as monkeys in an AI-generated video. US Democrats are outraged. Now the US president is speaking out personally.,https://ground.news/interest/berliner-morgenpost
Daily Journal,Center,Trump refuses to apologize for racist clip of Obamas as monkeys,"President Donald Trump refused to apologize Friday for a video posted on his social media account depicting Barack and Michelle Obama as monkeys, though he said he condemned the post as the White House shifted the blame to staff.",https://ground.news/interest/daily-journal_17eacc
Manchester Evening News,Center,Donald Trump declines to apologise over racist Obama video,'I didn't make a mistake',https://ground.news/interest/manchester-evening-news
24ur.com,Center,After the Release of the Video with Obama as a Monkey: Trump Did Not Apologize,"US President Donald Trump refused to apologize on Friday for the release of a video depicting former US President Barack Obama and his wife Michelle as monkeys. Asked by reporters whether he would apologize, Trump said he had done nothing wrong.",https://ground.news/interest/24urcom
The News,Right,Trump refuses apology for video depicting Obama as apes amid growing backlash,President Donald Trump addressed the mounting controversy surrounding a video that depicts former Democratic President Barack Obama and former first lady Michelle Obama as apes. The White House...,https://ground.news/interest/the-news
nationalworld.com,Lean Left,Trump declines to apologise over racist video showing Obamas as primates in jungle,"President Donald Trump has declined to apologise after a racist social media post featuring former president Barack Obama and his wife, Michelle Obama, as primates in a jungle was deleted last night.",https://ground.news/interest/nationalworldcom
9News,Right,Trump's racist post about Obamas deleted after backlash despite White House defending it,"President Donald Trump's racist social media post featuring former President Barack Obama and his wife, Mic...",https://ground.news/interest/9news
Metro News,Lean Left,Donald Trump refuses to apologise for 'incredibly racist' video of the Obamas,Open the article to view the coverage from Metro News,https://ground.news/interest/metro-news
telex.hu,Lean Left,"Trump Refuses to Apologize for Racist, Obama-Like Video",Barack and Michelle Obama were depicted as monkeys in a video that the White House refused to delete for hours.,https://ground.news/interest/telexhu
Sydney Morning Herald,Lean Left,Trump denies sharing racist video depicting Obamas as apes,"US President Donald Trump's post featuring former President Barack Obama and his wife, Michelle Obama, as primates in a jungle was deleted after backlash.",https://ground.news/interest/sydney-morning-herald
leprogres.fr,Center,"United States. ""the Least Racist President"": Trump Defends Himself After a Video Shows the Obamas Dressed as Monkeys","The US president asserted on Friday that he had not seen ""the entire"" video posted on his social network showing Barack and Michelle Obama dressed as monkeys.",https://ground.news/interest/leprogresfr
sta.si,Center,Trump Did Not Apologize for Posting a Video of Obama as a Monkey,"US President Donald Trump refused to apologize on Friday for the release of a video depicting former US President Barack Obama and his wife Michelle as monkeys. Asked by reporters whether he would apologize, Trump said he had done nothing wrong, foreign news agencies reported.",https://ground.news/interest/stasi
Townhall,Right,Would You Expect Trump to Respond Any Differently to This Controversy About This Video His Team Shared?,Trump refuses to apologize over controversial video depicting the Obamas as monkeys amid political backlash.,https://ground.news/interest/townhall
Khaleej Times,Right,'I didn't make a mistake': Trump won't apologize for video showing Obamas as apes,"Asked by reporters if he condemned the clip, Trump said,",https://ground.news/interest/khaleej-times
Politiken,Lean Left,Trump Refuses to Apologize for Racist Video of Obama Couple,Donald Trump only watched the beginning of a controversial video and believes that the staffer should have watched it to the end.,https://ground.news/interest/politiken
buckscountyherald.com,Lean Left,Fitzpatrick among Republicans to denounce racist video on Trump's Truth Social page,Swift condemnation Friday greeted the sharing of a video posted on President Trump's social media platform depicting former President Barack Obama and First Lady Michelle Obama as apes in a jungle. U.S. Rep. Brian Fitzpatrick was among those to denounce…,https://ground.news/interest/buckscountyheraldcom
Irish Independent,Right,Outrage as Donald Trump posts clip showing Barack and Michelle Obama as monkeys,US president Donald Trump has shared a video depicting Barack and Michelle Obama as monkeys in a late-night Truth Social posting spree.,https://ground.news/interest/independentie
Sky News UK,Center,Donald Trump says he didn't make a mistake over Obamas as apes video,"The White House initially defended the post before removing it hours later - blaming a member of staff for ""erroneously"" sharing the video. Donald Trump then later said ""of course"" he condemned it, but did not apologise.",https://ground.news/interest/sky-news
KTVH,Center,"Trump refuses to apologize, blames staffer for video depicting Obamas as apes","President Donald Trump said he would not apologize and that he did nothing wrong after a racist video depicting former President Barack Obama and former first lady Michelle Obama as apes appeared on his Truth Social media account late Thursday.The minute-long clip includes Trumps repeated, unfounded claims that the 2020 presidential election was rigged. It ends with the heads of the Obamas superimposed on the bodies of apes. The post was deleted…",https://ground.news/interest/ktvh
India TV News,Right,"Trump deletes racist video on Obamas after row, but refuses to apologise","US President Donald Trump on Saturday deleted a racist video of former President Barack and his wife Michelle Obama, depicting them as monkeys, following a massive outrage. Although he deleted the post, the Republican leader refused to apologise and said he had only seen the first part of the video, which he claimed was all about debunking 'false claims' about the 2020 US presidential elections.  ""I guess during the end of it, there was some kin…",https://ground.news/interest/india-tv-news
Anadolu Ajansı,Right,"Trump condemns, will not apologize for racist video posted to his account","US president maintains he 'didn't make a mistake,' blames decision to post video on staffer - Anadolu Ajansı",https://ground.news/interest/anadolu-ajans
WJBK,Center,President not apologizing for racist post about the Obamas,"President Trump is standing firm tonight, saying he will not apologize for posting a racist video of the Obamas, telling reporters he “didn’t make a mistake” as he flew to Florida on Air Force One.",https://ground.news/interest/wjbk
NZ Herald,Center,"Trump deletes racist Obama monkey video, blames 'error' by White House staffer","President Donald Trump shared a post with a racist video depicting Barack and Michelle Obama as monkeys, sparking outrage across the US political spectrum,...",https://ground.news/interest/nz-herald
Just Jared,Center,Barack & Michelle Obama Attract Attention with Simple Social Media Post After Trump’s Racist Video | Just Jared: Celebrity News and Gossip,Barack & Michelle Obama Attract Attention with Simple Social Media Post After Trump’s Racist Video The Obamas are being praised online over a post that was shared on their foundation's social media accounts in the aftermath of Donald Trump's racist video. …,https://ground.news/interest/just-jared
The Canberra Times,Lean Left,Trump won't apologise for post depicting Obamas as apes,US President Donald Trump has removed a post on Truth Social that depicted former president Barack Obama and...,https://ground.news/interest/the-canberra-times
Gulf News,Right,Trump refuses to apologise for deleted Obamas video: 'I didn’t make a mistake',"President Trump faces backlash after sharing a controversial video on Truth Social depicting the Obamas as apes, which was later deleted. Despite the uproar, Trump refuses to apologize, blaming a staffer for the post and condemning the offensive imagery.",https://ground.news/interest/gulf-news
WGN 9,Center,"Paul Lisnek on Trump’s racist social media post about the Obamas, the Epstein files latest and more","CHICAGO — WGN Political Analyst Paul Lisnek joined WGN Evening News to discuss several big political stories from the week. This week’s topics include President Donald Trump’s racist social media post depicting Barack and Michelle Obama as apes, the latest on the Epstein files, funding for the Department of Homeland Security and more.",https://ground.news/interest/wgn-9
The Hindu,Lean Left,"‘Won't apologise’, Trump says after his racist post about Obamas is deleted after backlash","Trump refuses to apologize for a deleted racist post about the Obamas, blaming staff amid bipartisan backlash.",https://ground.news/interest/the-hindu
Moneycontrol,Right,Donald Trump says he ‘didn’t make a mistake’ after racist video showing Obamas as monkeys,US President Donald Trump refused to apologise after sharing and later deleting a racist video that depicted former president Barack Obama and former first lady Michelle Obama as apes.,https://ground.news/interest/money-controlcom
ABP News,Right,'Didn’t Make A Mistake: Trump Refuses To Apologise For Sharing Video Showing Obamas As Apes,"Trump refused to apologise after sharing a racist video depicting the Obamas as Apes, blaming staff error and insisting he “didn’t make a mistake.”",https://ground.news/interest/abp-news
The Wrap,Lean Left,Trump Refuses to Apologize Over Obamas-as-Apes Post: 'I Didn't Make a Mistake',"Donald Trump refused to apologize after his Truth Social account posted a racist clip depicting Barack and Michelle Obama as apes, arguing that he wasn’t the one who made the mistake. The president addressed the controversy while speaking with reporters on Air Force One on Friday, where he admitted that he hadn’t watched the controversial video in its entirety before giving his team the go-ahead to post it on Truth Social. “I looked at it,” Trum…",https://ground.news/interest/the-wrap
RNZ,Center,US President Donald Trump condemns video showing Obamas as apes after removal,A spokesperson for former President Barack Obama and wife Michelle has declined to comment.,https://ground.news/interest/rnz
Washington Examiner,Right,Trump refuses to apologize for video depicting Obamas as monkeys,"President Donald Trump declined to apologize for a video portraying former president Barack Obama and his wife, Michelle, as gorillas shared on his Truth Social account Friday morning.  Before boarding Air Force One to head to Mar-A-Lago on Friday night, Trump explained that he did not watch the full video that was largely about election technology. “No, I didn’t make a mistake,” the president said when asked if he planned to apologize after Rep…",https://ground.news/interest/washington-examiner
Daily Mirror,Lean Left,Donald Trump declines to apologise over racist Obama video claiming 'I didn't make a mistake' - The Mirror,The US President has declined to apologise over a racist video posted on his social media platform of the Obama's faces imposed onto primates in a jungle - the video has since been deleted,https://ground.news/interest/daily-mirror
The Independent,Lean Left,Trump’s ‘racist’ post depicting Obamas as ‘apes’ is deleted amid immense backlash,"The White House dismissed the clip as harmless, though it was later deleted",https://ground.news/interest/the-independent_ff73a6
GB News,Right,'I did not see it!' Donald Trump refuses to apologise for controversial Obama family social media video,President Donald Trump has refused to apologise amid pressure from both Democrats and Republicans after,https://ground.news/interest/gbnewscom
The Hill,Center,"Trump says ‘of course’ he condemns racist post about Obamas, declines to apologize","President Trump on Friday said he “of course” condemns a since-deleted racist video posted on his social media account depicting former President Obama and former first lady Michelle Obama as apes, but declined to apologize for the post. Trump told reporters on Air Force One while heading to Palm Beach, Fla., that he “just looked…",https://ground.news/interest/the-hill
Irish Examiner,Lean Left,Trump declines to apologise over racist Obama video,"A social media post featuring former president Barack Obama and his wife, Michelle Obama, as primates in a jungle was deleted on Friday",https://ground.news/interest/irish-examiner
The Age,Lean Left,Trump’s Obama video was horrifically racist. But there was another dangerous detail,"Under this US president, the bar for standards of public discourse has plunged so low, there is no longer an expectation that such actions will trigger any consequences.",https://ground.news/interest/the-age
Raw Story,Left,'Are you for real?' GOP senator under fire for response to Trump taking down racist post,Sen. Bill Cassidy (R-LA) found himself on the receiving end of even more derision on Friday night over his comments on a racist video shared by President Donald Trump.The 79-year-old president shared a video created by the conservative Patriot News Outlet that had an image of Barack and Michelle Oba...,https://ground.news/interest/raw-story
CNN,Lean Left,‘I didn’t make a mistake’: Trump responds to racist video he posted of the Obamas,"President Donald Trump refused to apologize Friday after posting and then deleting a racist video depicting former President Barack Obama and former first lady Michelle Obama as apes in a jungle, insisting he hadn’t seen the final frames containing the offensive content and blaming a staffer for the mistake.",https://ground.news/interest/cnn
NDTV,Right,"""Didn't Make Mistake"": Trump After Racist Post On Obamas As Apes Deleted","US President Donald Trump's racist social media post featuring former President Barack Obama and his wife, Michelle Obama, as primates in a jungle was deleted Friday after a backlash from both Republicans and Democrats.",https://ground.news/interest/ndtv
cascadepbs.org,Lean Left,News Wrap: Trump’s racist post about Obamas draws backlash,"In our news wrap Friday, the White House defended and then removed a racist depiction of the Obamas from Trump’s social media, the U.S. arrested a key suspect in the 2012 Benghazi attack, a bomb blast killed Shiite worshippers at a mosque in Pakistan’s capital, authorities are investigating the authenticity of a “new message” about Nancy Guthrie, and Hall of Fame quarterback Sonny Jurgensen died.",https://ground.news/interest/cascadepbsorg
CTV News,Center,‘I didn’t make a mistake’: Trump says he won’t apologize for racist post about Obamas,"U.S. President Donald Trump refused to apologize for a now-deleted social media post featuring former president Barack Obama and his wife, Michelle Obama, as primates in a jungle after a backlash from both Republicans and Democrats who criticized the video as racist.",https://ground.news/interest/ctv-news
The New Indian Express,Lean Left,‘Won’t apologise’: Trump defiant after racist post about Obamas is deleted amid backlash,"The Republican president’s Thursday night post was removed after criticism from civil rights leaders and senior Republican senators, who condemned the video as",https://ground.news/interest/the-new-indian-express
Firstpost News,Center,'I didn't make a mistake': Trump on Obama video after White House takes it down,US President Donald Trump and the White House took down an AI-generated video showing a racist clip of former US President Barack Obama and ex-First Lady Michelle Obama following major backlash.,https://ground.news/interest/firstpost-news
KATU,Center,Trump's racist post about Obamas deleted after backlash; President says he won't apologize,"President Trump says he will not apologize for posting a racist video of the Obamas, adding, ""I didn't make a mistake.""",https://ground.news/interest/katu
KCRG,Center,Fury after racist social media post from Pres. Trump,"A Truth Social post is removed after Republicans and Democrats react with disbelief - they label a video posted by President Trump as racist. Lawmakers call the post inexcusable, but the White House blamed a staffer for the original social media post.",https://ground.news/interest/kcrg
PBS NewsHour,Lean Left,News Wrap: Trump’s racist social media post about the Obamas draws backlash,"In our news wrap Friday, the White House defended and then removed a racist depiction of the Obamas from Trump’s social media, the U.S. arrested a key suspect in the 2012 Benghazi attack, a bomb blast killed Shiite worshippers at a mosque in Pakistan’s capital, authorities are investigating the authenticity of a “new message” about Nancy Guthrie, and Hall of Fame quarterback Sonny Jurgensen died.",https://ground.news/interest/pbs-newshour
Alternet,Left,'Is the staffer in the room with us?' CNN's Tapper mocks Trump's excuse for racist video,"Since posting a racist AI-generated video to his Truth Social account on Thursday night, President Donald Trump has blamed the now-deleted post — which depicts former First Couple Barack and Michelle Obama as apes — on an unnamed staffer. But CNN host Jake Tapper remains unconvinced.In a Friday monologue on his show ""The Lead,"" Tapper noted that likening Black people to apes is an ""age-old, blatantly racist trope"" that the president and his staf…",https://ground.news/interest/alternet
RollingStone,Left,Jack White Slams Trump’s Racist Post About the Obamas: ‘Arrest This Man’,Jack White calls out President Trump after Trump shares racist video about the Obamas,https://ground.news/interest/rollingstone_6de571
Vox,Left,"Trump’s racist post, briefly explained",The president’s racism is making his party antsy.,https://ground.news/interest/vox
hartmannreport.com,Left,Trump’s FACIST ATTACK on the Obamas Shows MORAL COLLAPSE of His Presidency,"This wasn’t a joke or a mistake but a warning about how racism, silence, and abuse of power are eating away at democracy.Subscribe nowNormally I wouldn’t post such a disgusting, racist image that originated on Elon’s social media sewer, but it’s important for the historical record for Americans to see what the President of the United States reposted last night on his own site — as your and my representative — for the entire world to see.",https://ground.news/interest/hartmannreportcom
abc12/WJRT,Center,"35th State Senate candidate Greene reacts to Trump's Obama post, Tunney 'no comment'","The controversial post was at first defended by the White House, then pulled.",https://ground.news/interest/abc12-wjrt
Inquirer,Lean Left,Trump’s racist Truth Social post is meant to demean us all,Trump has chosen to use the 100th anniversary of Black History Month to send a message. It is now open season on Black people.,https://ground.news/interest/inquirer_765f9a
Daytona Beach News-Journal,Center,"Volusia, Flagler react to 'racist' Trump video depicting Obamas as apes",Volusia and Flagler County officials say a social-media post by President Donald Trump depicting the Obamas as apes is 'racist.',https://ground.news/interest/daytona-beach-news-journal
Jezebel,Left,Trump Deletes Racist Video of the Obamas After Rare Republican Backlash,"Welcome back to Barf Bag. Hours ahead of the Winter Olympics Opening Ceremony, the president of the United States reminded us and the world that he is, at his core, a gutter racist.  On Thursday night, Donald Trump reposted a video on Truth Social that depicted former President Barack Obama and former first lady Michelle Obama as apes in the jungle with their mouths hanging open. February is Black History Month and Obama was famously our first B…",https://ground.news/interest/jezebel
Crooks and Liars,Left,Three-Time Trump Voter Apologizes After Racist Obama Post,"Donald Trump’s disgusting, racist post depicting former President and First Lady Barack and Michelle Obama as apes has generated such backlash that even Trump lickspittle Sen. Tim Scott has publicly called him out over it. It seemed to be the final straw for a caller to C-Span’s Washington Journal on Friday morning. The caller, identified as John from New Mexico, said he had voted for Trump in all three elections. “But I really want to apologize…",https://ground.news/interest/crooksandliarscom
USA Today,Lean Left,Trump shared Obama ape video. Here's the dark history behind the imagery.,"President Donald Trump's Truth Social account shared, then deleted, a video depicting Barack and Michelle Obama as apes. Why is that imagery considered racist?",https://ground.news/interest/usa-today
Irish Times,Lean Left,‘I didn’t make a mistake’: Trump refuses to apologise over racist video depicting Obamas as primates,Social media post was deleted and blamed on a staffer after widespread backlash,https://ground.news/interest/irish-times
TMZ,Right,"Trump Washes Hands of Racist Obama Video, Refuses to Apologize",President Trump claims he was as surprised as anyone about the imagery in a video he shared earlier in the day of Barack and Michelle Obama as apes ... but he sure as hell isn't sorry. Here's the deal ... the president's Truth Social account posted…,https://ground.news/interest/tmz
Media Matters for America,Left,"Responding to Trump's racist post depicting Obamas as apes, Salem's Mike Gallagher lashes out at the ""Truth Social team""","As NBC News reported: Lawmakers from both sides of the aisle sharply denounced Trump this morning after he shared a video on Truth Social last night that included a clip depicting former President Barack Obama and former first lady Michelle Obama as monkeys. Only a few Republicans criticized the president, while many Democrats rebuked him, as well as other GOP colleagues for not speaking out.",https://ground.news/interest/media-matters-for-america
Eesti Rahvusringhääling,Center,Trump Shared a Video Depicting the Obamas as Monkeys,The White House has removed a video shared on US President Donald Trump's social media account that depicted former Democratic President Barack Obama and First Lady Michelle Obama as monkeys.,https://ground.news/interest/eesti-rahvusringhaaling
Newsweek,Center,Donald Trump deletes Truth Social post depicting Obamas as apes,The Republican president's Thursday night post immediately drew bipartisan backlash for its treatment of the nation's first Black president and first lady.,https://ground.news/interest/newsweek
nj,Center,MAGA reacts to Trump’s video of the Obamas as apes: I hope it’s a hoax!,Trump shared a 72-second election conspiracy video on his Truth Social account late on Thursday night that sparked immediate backlash.,https://ground.news/interest/nj
Deadline,Center,Trump Deletes Post Depicting Obamas As Apes Amid Backlash Over “Racist” Video; White House Blames Lower-Level Staffer,"Trump Deletes Post Depicting Obamas As Apes Amid Backlash Over ""Racist"" Video",https://ground.news/interest/deadline
News One,Left,Donald Trump Shares Racist Depiction Of The Obamas As Apes?,"Source: Nathan Howard / Getty In today’s episode of You MAGA Morons Elected An Incel 4Chan Troll To The White House, President Donald Trump — the so-called world leader who spends his days on social media, posting conspiracy theories, lies about the 2020 election being rigged, racism, AI videos and the Obamas — posted a conspiracy video that claimed the 2020 election was rigged and randomly ended with an AI-generated racist depiction of Barack a…",https://ground.news/interest/news-one
Latin Times,Lean Left,"After Trump Erases Video Depicting the Obamas as Apes From His Social Media, It's Creator Xerias Doubles Down with a New One","President Donald Trump deleted a video, denounced as racist, from his Truth Social account, which depicted Barack and Michelle Obama with their faces superimposed on ape bodies. However, Xerias, the AI meme creator of the video, has doubled down, releasing a new version that intensifies the same inflammatory content.",https://ground.news/interest/latin-times
CNBC,Center,"Trump condemns racist video showing Obamas as apes after removing it, but says he won't apologize","The depiction of the Obamas, posted from Trump's Truth Social account, was included in a video pushing a conspiracy theory about 2020 election voting machines.",https://ground.news/interest/cnbc
Political Wire,Center,Trump Takes Down Racist Post,"“President Trump on Friday morning removed a racist image showing former President Barack Obama and former first lady Michelle Obama portrayed as apes after outrage over the post,” CNBC reports.",https://ground.news/interest/political-wire
Axios,Lean Left,"Trump says ""I didn't make a mistake"" after racist video of Obamas ...",,https://ground.news/interest/axios
ITV,Right,Trump's 'disgusting' racist post about the Obamas is deleted after backlash,President Donald Trump has faced widespread criticism after posting a racist video with the Obama's faces on the bodies of apes.,https://ground.news/interest/itv_bbe77f
The New Republic,Left,Trump Deletes Ape Obamas Video After Claiming He Did Nothing Wrong,Is Trump finally admitting he crossed a line?,https://ground.news/interest/the-new-republic
Benzinga,Center,"Benzinga Bulls And Bears: Enphase, Super Micro, AMD — And Dow Tops 50,000 - Advanced Micro Devices (NASDAQ:AMD), Broadcom (NASDAQ:AVGO)",Benzinga examined the prospects for many investors' favorite stocks over the last week — here's a look at some of our top stories.,https://ground.news/interest/benzinga
asianjournal.com,Center,"Stocks rally as Dow crosses 50,000 for first time, underscoring market confidence in U.S. economy - Asian Journal News","The exterior of the New York Stock Exchange on Wall Street, where U.S. stocks surged as the Dow Jones Industrial Average crossed 50,000 points for the first time—an historic milestone reflecting investor confidence in large U.S. companies and expectations of continued economic stability. The milestone reflects investor optimism about corporate earnings, easing interest-rate pressures, and economic resilience, while highlighting the limits of…",https://ground.news/interest/asianjournalcom
Tagesschau,Center,"Record High: Us Stock Index Dow Jones Exceeds 50,000 Points","It's the highest level in the history of the US stock index: The Dow Jones has risen above the 50,000-point mark for the first time. According to experts, it could rise even further this year.",https://ground.news/interest/tagesschau
Newsweek,Center,"Donald Trump reacts to Dow topping 50,000 for first time ever","President Donald Trump reacted after U.S. stocks surged Friday, pushing the Dow past 50,000 as technology shares powered a market rebound.",https://ground.news/interest/newsweek
South China Morning Post,Center,"Dow breaks 50,000 for first time, as US stocks rally","The market roared back, with tech stocks recovering from AI-linked jitters and bitcoin halting its plunge.",https://ground.news/interest/south-china-morning-post
CBS News,Center,"Dow crosses 50,000 for first time as stocks enjoy strongest day since May 2025","Resurgent technology stocks drove the rebound after a volatile week, while bitcoin also recouped losses.",https://ground.news/interest/cbs-news
Anadolu Ajansı,Right,New York Stock Exchange closes higher,"Dow Jones index gains over 1,200 points, closing above 50,000 for 1st time - Anadolu Ajansı",https://ground.news/interest/anadolu-ajans
Novinky.cz,Lean Left,"The Dow Jones Stock Index Has Surpassed 50,000 Points for the First Time","Stocks in the United States are rising significantly, with the Dow Jones Industrial Average rising above 50,000 for the first time on Friday, led by a rebound in technology stocks that had recovered from a previous sell-off. Better-than-expected consumer confidence data in the United States also boosted the positive sentiment in the markets, Reuters reported.",https://ground.news/interest/novinkycz
Newser,Lean Left,Dow Closes Above 50K for the First Time,"The stock market roared back on Friday as the Dow broke 50,000 for the first time in its history, per the AP . The milestone came late in the afternoon, and the index closed above the threshold. The Dow rose 1,206 points, or 2.4%, to 50,115. The...",https://ground.news/interest/newsercom
Fortune,Center,"Dow soars by 1,200 points to top 50,000 for the first time as chips and airlines lead ferocious stock market rebound","Even with Friday’s surge, the S&P 500 still fell to its third losing week in the last four.",https://ground.news/interest/fortune
Times of India,Right,"Dow Jones hits 50,000 for first time—here’s why Trump celebrated the historic DJIA milestone","The Dow Jones Industrial Average achieved a historic milestone, surpassing 50,000 points for the first time. This surge followed a week of tech stock declines. Chip stocks rallied on AI spending expectations. President Donald Trump celebrated the achievement. This event signifies economic confidence and growth for America. The S&P 500 and Nasdaq also saw gains.",https://ground.news/interest/times-of-india
247wallst.com,Center,"Dow Jones Sets Record and Breaks Past 50,000",,https://ground.news/interest/247wallstcom
RocketNews,Lean Left,"Dow closes above 50,000 for first time to wrap rough week for U.S. stock market","The Dow Jones Industrial Average surged more than 1,200 points Friday, leading a broader stock-market rebound. Article Attribution | Read More at Article Source The post Dow closes above 50,000 for first time to wrap rough week for U.S. stock market appeared first on RocketNews.",https://ground.news/interest/rocketnews-top-news-stories-from-around-the-globe
India Today,Right,"US Stocks hit historic milestone as Dow crosses 50,000 points for first time ever","US stocks surged Friday as tech shares rebounded and bitcoin steadied, pushing the S&P 500, Dow and Nasdaq sharply higher despite lingering worries over heavy AI spending and market volatility.",https://ground.news/interest/india-today
KAKE News,Center,"Dow surges above 50,000 for first time as US stocks regain mojo","The Dow surged above 50,000 points for the first time Friday, shrugging off worries connected to artificial intelligence companies while traders focused on the prospects for US growth and Federal Reserve interest rate cuts.",https://ground.news/interest/kakecom
SWI swissinfo.ch,Lean Left,"Stocks Roar Back as Dow Average Hits 50,000 Mark: Markets Wrap",(Bloomberg) -- Stocks notched their best day since May in the wake of a technology rout fueled by worries over the billions of dollars being thrown at artificial-intelligence development. Bitcoin jumped after a 50% tumble from its peak. Silver and gold also bounced.,https://ground.news/interest/swi-swissinfoch
CTV News,Center,"Canada, U.S. stock markets rebound on Friday, with the Dow Jones topping 50K","Stock markets in Canada and the U.S. saw gains on Friday as the Dow Jones industrial average topped 50,000 for the first time to end the week.",https://ground.news/interest/ctv-news
Los Angeles Times,Lean Left,"Commentary: The Dow just broke 50,000. Here's what that means","The Dow Jones Industrial Average just crossed 50,000 points for the first time, but that doesn't mean the economy is healthy.",https://ground.news/interest/los-angeles-times
MyCentralOregon.com,Center,"Dow closes above 50,000 for the first time ever","The Dow Jones Industrial Average logo appears on the screen of a smartphone in Reno, United States, on December 1, 2024. (Photo by Jaque Silva/NurPhoto via Getty Images) (NEW YORK) — The Dow Jones Industrial Average closed above 50,000 for the first time ever on Friday. A surge in markets reversed a selloff that hammered tech stocks earlier in the week. The Dow closed up 1,206 points, or 2.4%, while the S&P 500 climbed 1.9%. The tech-heavy Nasda…",https://ground.news/interest/mycentraloregoncom
WCAX-TV,Center,"Dow tops 50,000 for the first time, US stocks soar to their best day since May",The U.S. stock market roared back on Friday.,https://ground.news/interest/wcax-tv
Globo,Right,"New York Stock Markets Recover Losses and the Dow Jones Surpasses 50,000 Points for the First Time.","At the close of trading this Friday (6), the Dow Jones rose 2.47%, to 50,115.67 points, the S&P 500 advanced 1.97%, to 6,932.27 points, and the Nasdaq rose 2.18%, to 23,031.213 points",https://ground.news/interest/globo
Rocky Mountain Outlook,Lean Left,"S&P/TSX composite rises more than 470 points, U.S. markets gain with Dow topping 50K","TORONTO — Strength in the base metals sector lifted Canada's main stock index higher, while U.S. markets rose and the Dow Jones industrial average topped 50,000 for the first time to end the week. The S&P/TSX composite index was up 476.",https://ground.news/interest/rocky-mountain-outlook
Coast Reporter,Lean Left,"US stocks soar to their best day since May as the Dow tops 50,000 and bitcoin stops plunging",,https://ground.news/interest/coast-reporter
The Hill,Center,Dow closes above 50K for the first time in history,"The Dow Jones Industrial Average closed above 50,000 points for the first time in the 140-year history of the stock index. The Dow gained more than 1,200 points Friday, rising 2.5 percent to close at 50,115 points. The S&P 500 index rose 2 percent on the day, and the Nasdaq composite closed with a gain…",https://ground.news/interest/the-hill
vrt,Center,"Dow Jones Breaks Through 50,000 Point Barrier for the First Time","The Dow Jones, the benchmark index on the New York Stock Exchange, has surpassed the symbolic 50,000-point mark for the first time in its history. Remarkably, the Dow rose from 40,000 to 50,000 points in just eighteen months.",https://ground.news/interest/vrt
USA Today,Lean Left,"Dow stuns with more than 1,200-pt gain to break 50,000 for first time","US stocks surged, with the blue-chip Dow crossing and ending above 50,000 for the first time, driven by consumer confidence and improving outlooks.",https://ground.news/interest/usa-today
Protothema,Right,"Wall Street: Dow Jones Exceeds 50,000 Points for the First Time in Its History, Trump Celebrates","Rebound after three-day losing streak - However, Nasdaq is headed for its worst week in 10 months and S&P 500 is on track for its biggest weekly drop in 4 months",https://ground.news/interest/protothema
CNBC,Center,"The Dow just hit 50,000. See the names that have come and gone over the decades",Many companies have been added and removed in the more than century of the Dow's existence.,https://ground.news/interest/cnbc
The Thinking Conservative,Far Right,"Dow Hits 50,000 for First Time Ever - The Thinking Conservative News","Equity markets rallied Friday as the Dow Jones Industrial Average crossed the 50,000 threshold at 2:30 p.m. ET for the first time ever. The post Dow Hits 50,000 for First Time Ever appeared first on The Thinking Conservative News.",https://ground.news/interest/the-thinking-conservative
abc News,Lean Left,"Dow crosses 50,000 for the first time ever",A market surge propelled the Dow to a new record high.,https://ground.news/interest/abc-news_409efb
WISH-TV,Lean Left,"Dow Jones tops 50,000 for first time; bitcoin stabilizes","NEW YORK (AP) — The U.S. stock market roared back on Friday, as technology stocks recovered much of their losses from earlier in the week and bitcoin halted its plunge, at least for now. The S&P 500 rallied 2% for its best day since May. The Dow Jones Industrial Average soared 1,206 points, or 2.5%, and topped the 50,000 level for the first time, while the Nasdaq composite leaped 2.2%. Chip companies helped drive the widespread rally, and Nvidia…",https://ground.news/interest/wish-tv
The Epoch Times,Right,"Dow Hits 50,000 for First Time Ever","Equity markets rallied Friday as the Dow Jones Industrial Average crossed the 50,000 threshold at 2:30 p.m. ET for the first time ever. President Donald Trump celebrated the news with a Truth Social post. “Congratulations America!” Trump wrote in all caps. The Dow spiked more than 1,200 points, totaling about 2.5 percent, while the tech-heavy NASDAQ climbed approximately 2.2 percent, slightly higher than the S&P 500’s nearly 2 percent gain. The …",https://ground.news/interest/the-epoch-times
The Star Kuala Lumpur,Right,"Urgent: Dow tops 50,000 in snapback of U.S. stock markets","NEW YORK, Feb. 6 (Xinhua) -- The Dow Jones Industrial Average topped 50,000 points for the first time on Friday as sentiment improved and investors bought after corrections in previous sessions.",https://ground.news/interest/the-star-kuala-lumpur
KRNV,Right,"Dow surges 1,102 points, briefly tops 50,000 as S&P 500 logs best day since May","U.S. stocks rallied Friday as chipmakers jumped, bitcoin stabilized and optimism around AI spending lifted markets despite lingering concerns.",https://ground.news/interest/krnv
Las Vegas Review-Journal,Center,"Dow tops 50,000 for 1st time as US stocks roar toward their best day since May","Chip companies helped drive the widespread rally, and Nvidia jumped 7.3% to trim its loss for the week, which came into the day at just over 10%.",https://ground.news/interest/las-vegas-review-journal
HuffPost,Left,"Dow Surges Past 50,000 As Tech Stocks Recover","The Dow Jones Industrial Average surged 1,100 points and topped 50,000 for the first time as the U.S. stock market stormed back to recover much of its losses from earlier in the week.",https://ground.news/interest/huffpost
Market Screener,Center,"Dow hits 50,000, Nvidia soars as traders focus on AI spending","Wall Street jumped on Friday and the Dow Jones Industrial Average hit a record 50,000 points, while Nvidia and other chipmakers soared and Amazon tumbled after the cloud heavyweight forecast a sharp...",https://ground.news/interest/marketscreenercom
Wral News,Center,"Dow surges past 50,000 as tech stocks recover while bitcoin stops plunging","The Dow Jones Industrial Average surged 1,100 points and topped 50,000 for the first time as the U.S. stock market stormed back to recover much of its losses from earlier in the week. The Dow jumped 2.2% in afternoon trading Friday. The S&P 500 rallied 1.7% and the Nasdaq composite climbed 1.9%. ...",https://ground.news/interest/wral-news
Fox Business,Right,"Dow hits 50,000 for first time","The Dow Jones Industrial Average surpassed 50,000 points for the first time ever on Friday as the index rebounded following a tech stock sell-off earlier in the week.",https://ground.news/interest/fox-business
Wall Street Journal,Center,Dow Jones Industrial Average Hits 50000 for First Time,,https://ground.news/interest/wall-street-journal
The Independent,Lean Left,"Dow Jones crosses 50,000 points in new record","It took approximately a year and a half for the Dow to increase from 40,000 to 50,000",https://ground.news/interest/the-independent_ff73a6
WBAL,Center,"Dow Jones Industrial Average surges 1,100 points and tops 50,000 point","NEW YORK (AP) — Dow Jones Industrial Average surges 1,100 points and tops 50,000 points as stocks rally.",https://ground.news/interest/wbal
2 News KTVN,Center,"Dow soars 1,200 points to best day since May, tops 50,000 for first time",Chip companies helped drive the gains on hopes for more big spending by Amazon and other customers building out their AI offerings.,https://ground.news/interest/2-news-ktvn
Mid Florida Newspapers,Center,"Dow Jones Industrial Average surges 1,100 points and tops 50,000 points as stocks rally","Dow Jones Industrial Average surges 1,100 points and tops 50,000 points as stocks rally.",https://ground.news/interest/mid-florida-newspapers
CNN,Lean Left,"Dow 50,000: Stocks clinch historic milestone","The Dow on Friday climbed above 50,000 points during trading. It’s the first time the blue-chip index has crossed the historic milestone.",https://ground.news/interest/cnn
New York Post,Right,Dow blows past 50K for first time ever as tech stocks bounce back from earlier losses,"The Dow Jones Industrial Average soared well past the 50,000 mark for the first time ever on Friday as Wall Street bounced back from losses across the technology sector taken earlier in the week.",https://ground.news/interest/new-york-post
Australian Financial Review,Right,"Nvidia soars, pacing Dow Jones to record high above 50,000","A powerful tech-led rally lifted the Dow past 50,000, a symbolic benchmark highlighting how concentrated gains are reshaping US market leadership.",https://ground.news/interest/australian-financial-review
WFLD,Center,"Dow Jones hits record 50,000 points for first time: What to know",The U.S. stock market is roaring back as Wall Street recovers much of its losses from earlier in the week.,https://ground.news/interest/wfld
Just the News,Right,"Dow Jones clears 50,000 for the first time","The other major indices, the S&P 500 and NASDAQ, were up 1.75% and 1.87%, respectively.",https://ground.news/interest/justthenewscom
NBC LA,Lean Left,"U.S. stocks soar to their best day since May as the Dow tops 50,000 and bitcoin stops plunging","Even with the rebound, the S&P 500 is still potentially heading toward its third losing week in the last four.",https://ground.news/interest/nbc-la
OAN,Right,"Trump says ‘CONGRATULATIONS AMERICA!’ as Dow hits 50,000","For the first time in its 129-year history, the Dow Jones Industrial Average (DJIA) has crossed the historic 50,000-point milestone.",https://ground.news/interest/oan
Bloomberg,Lean Left,"Dow Jones Industrial Average Exceeds 50,000 for First Time",,https://ground.news/interest/bloomberg
Barron's,Center,"Stock Market News From Feb. 6, 2026: Dow Crosses 50,000 Level; S&P 500, Nasdaq Rise; Amazon, Alphabet, Nvidia, More Movers","The Dow, the S&P 500, and the Nasdaq Composite rose as the stock market rebounded from recent fears about AI.",https://ground.news/interest/barrons
RedState,Right,"President Trump Refuses to Eat Crow, Faces the Press on AF-1 Following the ‘Racist’ Video","President Trump addresses media over controversial video on Truth Social, refusing to apologize amid racial accusations.",https://ground.news/interest/redstate
OpsLens,Right,"Karoline Leavitt says press hopes Obama monkey video will distract public * WorldNetDaily * by Mariane Angela, Daily Caller News Foundation","Source link White House Press Secretary Karoline Leavitt on Friday accused left-leaning media outlets of fixating on a deleted social media post while ignoring what she described as major economic developments under President Donald Trump. After a backlash, Trump deleted a late-Thursday social media video that depicted former President Barack Obama and former first lady",https://ground.news/interest/opslens
Al Bawaba,Right,A Racist Video Posted by Trump: Obama and Michelle Giardini,"Trump refuses to apologize for offensive video of Obama and his wife. US President Donald Trump said he will not apologize for posting a video depicting former President Barack Obama and his wife Michelle as monkeys, asserting: ""I did nothing wrong."" Reporter: The White House says a staff member posted the offensive video portraying President Obama as a monkey. Will you fire that staff member? Trump: ""No, I saw it, but I didn't see the whole thi…",https://ground.news/interest/albawaba
Devdiscourse,Center,Bipartisan Backlash: Trump Sparks Controversy with Racist Video,"Bipartisan Backlash: Trump Sparks Controversy with Racist Video President Donald Trump faced bipartisan outrage after posting a social media video that included a racist depiction of former President Barack Obama and First Lady Michelle Obama. Republican lawmakers, typically cautious in opposing Trump, joined Democrats in condemning the post as offensive and racially insensitive.South Carolina Senator Tim Scott described the image as 'the most r…",https://ground.news/interest/devdiscourse
Chicago Tribune,Center,Republicans rarely criticize Donald Trump in his second term. A racist post briefly changed that.,"President Donald Trump received rare blowback from Republican lawmakers over a video posted to social media that included a racist image of former President Barack Obama and his wife, Michelle Obama, depicted as primates.",https://ground.news/interest/chicago-tribune
The Washington Informer,Lean Left,"Trump Sparks Firestorm With Racist Obamas Video, Removes Post After Backlash From Allies and Critics","President Donald Trump quietly removed a racist video from his social media account after fierce condemnation from across the political spectrum, following his overnight repost of a clip depicting former President Barack Obama and former first lady Michelle Obama as apes. The post Trump Sparks Firestorm With Racist Obamas Video, Removes Post After Backlash From Allies and Critics appeared first on The Washington Informer.",https://ground.news/interest/the-washington-informer
The Free Press (Tampa),Right,White House Press Secretary Says Leftist Media Hopes Obama Monkey Video Will Distract Public,"White House Press Secretary Karoline Leavitt on Friday accused left-leaning media outlets of fixating on a deleted social media post while ignoring what she described as major economic developments under President Donald Trump. After a backlash, Trump deleted a late-Thursday social media video that depicted former President Barack Obama and former first lady Michelle Obama as apes. […] White House Press Secretary Says Leftist Media Hopes Obama M…",https://ground.news/interest/the-free-press-tampa
World Socialist Web Site,Left,Trump posts racist video depicting the Obamas as apes,President Donald Trump incited his fascist political base late Thursday by sharing a video on Truth Social that ended with a blatantly racist depiction of Barack and Michelle Obama as apes in the jungle.,https://ground.news/interest/world-socialist-web-site
Live Mint,Center,"Donald Trump refuses to apologise for racist post about Obamas as monkeys, says ‘I didn't make a mistake'","Trump acknowledged watching part of a controversial video that led to White House damage control. He claimed the initial segment was acceptable, but a staffer failed to view the entire content before posting.",https://ground.news/interest/live-mint
News,Right,Trump won’t apologise over racist Obama clip,"Donald Trump has refused to apologise after posting a video that portrayed the Obama’s as jungle animals, despite the video being removed.",https://ground.news/interest/news_356a3f
DNyuz,Right,Trump refuses to apologize over video showing the Obamas as apes,"ABOARD AIR FORCE ONE — President Donald Trump declined to apologize for sharing a social media video that depicted Barack and Michelle Obama as apes, saying he did not realize the image of the former president and first lady was tacked on to the end of the clip. The president said Friday that he had watched and passed along the video — which focused on claims of voter fraud until the final seconds of the clip — to unidentified “people” to post t…",https://ground.news/interest/dnyuz
Merco Press,Lean Left,"Trump deletes racist Obama video after backlash, including from Republicans","U.S. President Donald Trump removed a Truth Social video that depicted former President Barack Obama and former First Lady Michelle Obama with their faces superimposed on primate bodies, after a wave of criticism that included condemnation from some Republicans.",https://ground.news/interest/merco-press
読売新聞オンライン,Right,Trump Condemns Video Showing Obamas as Apes after Removal,"WASHINGTON, Feb 6 (Reuters) – President Donald Trump condemned a video posted on his social media account depicting Democratic former President Barack Obama and First Lady Michelle Obama as apes, after it drew widespread criticism — including from some Republicans — for dehumanizing people of African descent.",https://ground.news/interest/_3899b7
Stuff,Lean Left,'I didn't make a mistake': Trump won’t apologise for racist post depicting the Obamas as apes,"The deletion, a rare admission of a misstep by the White House, came hours after press secretary Karoline Leavitt dismissed “fake outrage” over the post.",https://ground.news/interest/stuff_0ae80d
yle,Center,Trump Won't Apologize for Racist Obama Video - Says He Didn't Watch It to the End,"""I didn't make a mistake,"" Trump commented on the shocking video.",https://ground.news/interest/yle
GazetteXtra,Center,"Trump says he will not apologize for posting a racist video of the Obamas, adding, 'I didn't make a mistake'","Trump says he will not apologize for posting a racist video of the Obamas, adding, 'I didn't make a mistake.'",https://ground.news/interest/gazettextra
WVTM,Center,Alabama leaders and lawmakers condemn racist post on Trump's account,"Several Alabama lawmakers have condemned the post, including Republican Senator Katie Britt, who stated on social media, “This content was rightfully removed, should have never been posted to begin with, and is not who we are as a nation.”",https://ground.news/interest/wvtm
The Epoch Times,Right,GOP Push to Pass Voter ID SAVE Act; Obama Video Part of Lion King Meme: White House,"President Donald Trump is doubling down in his push for election integrity. He’s urging Republicans to pass the SAVE Act, which would require citizenship and photo ID to vote. A meme video of the Obamas on Trump’s Truth Social account meets heavy backlash. What does the White House say about it? We discuss with Denny Salas and Katie Frost. The United States is stockpiling $12 billion of critical minerals. What signal does that send to China? Rep…",https://ground.news/interest/the-epoch-times
Palmer Report,Left,At least we’re finally allowed to call Trump a racist now,"Donate to Democratic candidate Adam Frisch. Donate to Palmer Report. ALERT: Palmer Report has now raised $1,363 for our 2026 operating expenses. Can you help us out? Donate $25 nowDonald Trump is and always has been a racist. This is simply a true statement. The way he went after the Central Park Five was all the evidence you needed. Then he piled on by insisting that President Obama was secretly born in Kenya. Then Trump went into politics and…",https://ground.news/interest/palmer-report
Our Sunday Visitor,Right,"‘Inexcusable’: Trump account posts, deletes ‘blatantly racist’ depiction of Obamas","The clip, set to music from ""The Lion King,"" depicted prominent Democrats as animals, including an image of the former president and first lady as apes.",https://ground.news/interest/our-sunday-visitor_7a5c97
Face2Face Africa,Left,Trump deletes video depicting Obamas as primates after rare bipartisan backlash,Trump removes controversial video showing the Obamas as primates after bipartisan outrage and questions over White House social media oversight.,https://ground.news/interest/face2face-africa
Deutsche Welle,Center,Trump removes racist video of Obamas after backlash,"The White House initially defended the video, calling the bipartisan backlash ""fake outrage,"" before deleting it hours later in a rare backtrack. Criticism of the post came from Republicans and Democrats alike.",https://ground.news/interest/deutsche-welle
American Faith,Right,Trump Deletes Truth Social Post Targeting Obama,"A controversial video posted to President Donald Trump’s Truth Social account that briefly included an AI-generated clip portraying former President Barack Obama and former first lady Michelle Obama as cartoon apes was deleted Friday after drawing widespread backlash. The post, which appeared late Thursday night, featured a short segment from a longer animated video depicting several Democratic figures as animals. In the clip, the Obamas and for…",https://ground.news/interest/american-faith
KSBW,Center,President Trump deletes racist video depicting Obamas as apes after bipartisan backlash,"President Donald Trump shared a racist video on his social media platform Thursday night that depicted former President Barack Obama and former first lady Michelle Obama as apes in a jungle, then removed it hours later amid bipartisan outrage.",https://ground.news/interest/ksbw
aninews.in,Right,Trump deletes racist 'ape' video mocking Obamas after bipartisan backlash,"According to CNN, the video, shared late Thursday night, depicted former President Barack Obama and former first lady Michelle Obama as apes in a jungle, invoking a longstanding racist trope.",https://ground.news/interest/aninewsin
KUTV,Right,Utah leaders react to President Trump's now-deleted post depicting Obamas as apes,Utah politicians condemned a now-deleted racist post after it was shared on President Donald Trump's social media account.The video—which depicted former Presid,https://ground.news/interest/kutv
i24NEWS,Right,"Racist video depicting Obamas as apes was posted to Trump's account by staffer, WH says","The video, now deleted, drew outrage from both sides of the aisle",https://ground.news/interest/i24news
Palm Beach Post,Center,"Trump posts, then deletes the Obamas as apes. Why is the imagery racist?","Donald Trump's Truth Social account shared, then deleted, a video depicting Barack and Michelle Obama as apes. Why is that imagery considered racist?",https://ground.news/interest/palm-beach-post
svt Nyheter,Lean Left,Trump Deletes Ai Video After Accusations of Racism,"Donald Trump posted an AI-generated video depicting the Obamas as monkeys on Friday. The post drew strong criticism and was accused of being racist. Hours after it was uploaded, the clip was taken down by the White House – after initially defending it as a joke.",https://ground.news/interest/svt-nyheter
Daily Kos,Left,"The Recap: Trump posts extremely racist video, and RFK’s fad-diet fix for schizophrenia",A daily roundup of the best stories and cartoons by Daily Kos staff and contributors to keep you in the know. Trump posts video of the Obamas as apes—and won't apologize The president’s cracks open a case of vintage racism for this one. Trump prepares...,https://ground.news/interest/daily-kos
Japan Today,Lean Left,Trump's racist post about Obamas deleted after backlash despite White House earlier defending it,"President Donald Trump’s racist social media post featuring former President Barack Obama and his wife, Michelle Obama, as primates in a jungle was deleted after a backlash from…",https://ground.news/interest/japan-today
Military.com,Center,Trump’s Racist Post About Obamas Is Deleted After Backlash Despite White House Earlier Defending It,"A racist post on President Donald Trump's social media account depicting former President Barack Obama and his wife, Michelle Obama, as primates in a jungle has been taken down.",https://ground.news/interest/militarydotcom
News One,Left,A Timeline Of Donald Trump's Insults Against Barack Obama,"Source: Anna Moneymaker / Getty Donald Trump has had a long-standing aversion to former President Barack Obama and, at times, to the first lady, Michelle Obama, dating back more than a decade. Some of his earliest attacks against the history-making POTUS began in 2011 and they appear to be going strong in 2026. Trump shared a video depicting Barack and Michelle Obama as monkeys on Feb. 5, 2026.   Source: The Washington Post / Getty On Feb. 5, 20…",https://ground.news/interest/news-one
24ur.com,Center,Trump Describes Obama and His Wife as Monkeys in a Jungle,The White House has removed a video showing former US President Barack Obama and former first lady Michelle Obama as monkeys in a jungle after fierce criticism from both Democrats and Republicans. An unnamed staffer was blamed for the late-night post on President Donald Trump's personal Truth Social account.,https://ground.news/interest/24urcom
Sportskeeda,Center,"""No one's gonna believe a staffer made an error"": Stephen A. Smith, Ryan Clark go off at Donald Trump for deleting Obama ape video on his platform",ESPN's Stephen A. Smith and Ryan Clark had strong reactions to Donald Trump's controversial AI-generated video that depicted former President Barack Obama and former First Lady Michelle Obama as apes.,https://ground.news/interest/sportskeeda
SBS News,Lean Left,'Blatantly racist': Trump deletes social media video depicting Obamas as apes after backlash,"The White House initially described the negative reaction as ""fake outrage"" before deleting the post 12 hours later.",https://ground.news/interest/sbs-news
St. Louis American,Center,Trump posts racist video of Obamas during Black History Month,"President Donald Trump ignited outrage during Black History Month after sharing a racist video depicting former President Barack Obama and former first lady Michelle Obama as apes — imagery rooted in centuries-old efforts to dehumanize Black people. Civil rights leaders swiftly condemned the post, calling it an unmistakable act of racism. “Donald Trump’s video is blatantly racist, disgusting, and utterly despicable,” said Derrick Johnson, presid…",https://ground.news/interest/st-louis-american
Pittsburgh Post-Gazette,Center,Pa. Gov. Josh Shapiro condemns racist Obama video that White House eventually removed,Pennsylvania Gov. Josh Shapiro has condemned a video shared by President Donald Trump that’s being highly criticized as racist. The video depicted...,https://ground.news/interest/pittsburgh-post-gazette
Media Matters for America,Left,"In response to Trump posting a video depicting the Obamas as apes, Ben Shapiro says the president does not have the ""attention span"" to realize what was in the video",,https://ground.news/interest/media-matters-for-america
Irish Independent,Right,Donald Trump’s racist social media post depicting Obamas as apes is deleted after backlash,"Donald Trump’s social media post featuring a video about election conspiracy theories and a racist depiction of former president Barack Obama and his wife, Michelle, as primates in a jungle has been deleted.",https://ground.news/interest/independentie
Channel 4,Lean Left,Trump takes down post with racist imagery of Obamas after outcry,"The White House claimed it was just ""an internet meme"" and dismissed critics for their ""fake outrage"".",https://ground.news/interest/channel-4
100% FED UP!,Far Right,"President Trump Sparks Controversy After Posting Video That Featured Obamas As Apes, Watch It Here * 100PercentFedUp.com * by Anthony",The outrage is a little much. President Trump has received backlash from Democrats and some Republicans after posting a video […],https://ground.news/interest/100percentfedupcom
Breitbart,Right,Video Portraying Obamas as Apes Deleted from Trump’s Truth Social,"A video post on President Donald Trump's Truth Social account featuring a snippet showing former President Barack Obama and former first lady Michelle Obama portrayed as apes, which comes from a broader AI video, has been deleted.",https://ground.news/interest/breitbart
Dagens Nyheter.,Right,Karl Dalén: the Racist Monkey Movie Was Too Much Even for Trump,"For the sake of rarity, the White House is deleting a post on the president's social media account.",https://ground.news/interest/dagens-nyheter
Entertainment Weekly,Lean Left,White House claims Trump's racist mockery of Barack and Michelle Obama is a 'Lion King' parody,"A video posted and deleted on Trump's Truth Social account depicted the former president and first lady as apes, set to the Tokens’ ""The Lion Sleeps Tonight.""U.S. President Donald Trump on June 27, 2025 in Washington, DC.; Former President Barack Obama and former first lady Michelle Obama on Aug.20, 2024 Joe Raedle/Getty; Tom Williams/Getty The White House is claiming that a racist video posted and later deleted from Donald Trump's Truth Social …",https://ground.news/interest/entertainment-weekly
Tagesschau,Center,Trump Posts Racist Video About the Obamas,"A video generated by AI depicting Barack and Michelle Obama as monkeys was posted on US President Trump's social media channel. After massive criticism, the post was deleted – allegedly because it was ""published in error"".",https://ground.news/interest/tagesschau
Cleveland,Center,Controversial video removed from President Trump’s social media account,A controversial video was posted on President Trump's Truth Social that showed Barack and Michelle Obama as monkeys.,https://ground.news/interest/cleveland
9News,Right,"Trump shares racist video depicting Obamas as apes, then removes it amid bipartisan outrage",US President Donald Trump shared a racist video on his social media platform Thursday night that depicted f...,https://ground.news/interest/9news
Deseret News,Center,"Waving goodbye to the normies, one controversy at a time","A racist post has been taken down, but it was another affront to the GOP normies who supported Donald Trump with misgivings.",https://ground.news/interest/deseret-news
WPDE,Right,Trump's post depicting Obamas as monkeys deleted despite White House defending it,"President Donald Trump’s social media post featuring former President Barack Obama and his wife, Michelle Obama, as primates in a jungle was deleted.",https://ground.news/interest/wpde_b0f2c8
Las Vegas Review-Journal,Center,Trump’s racist post about Obamas deleted despite White House earlier defending it,"President Donald Trump’s social media post featuring former President Barack Obama and his wife, Michelle Obama, as primates in a jungle was deleted after a backlash from both Republicans and Democrats who criticized the video as racist.",https://ground.news/interest/las-vegas-review-journal
IBTimes UK,Lean Left,Trump Removes Racist Obama Video as White House Claims Staffer Error,"Trump deleted a racist video depicting the Obamas as apes after bipartisan outcry, with the White House blaming a staffer for the 'erroneous' post.",https://ground.news/interest/ibtimes-uk
The Advocate,Center,President Trump posts video with racist depiction of Obamas. He’s since deleted it.,"President Donald Trump’s social media post featuring a video about election conspiracy theories and a racist depiction of former President Barack Obama and his wife, Michelle Obama, as primates in a jungle has been deleted.",https://ground.news/interest/the-advocate_30a610
Mass Live,Center,‘Vile:' Racist Obama video posted by the White House removed after bipartisan backlash,The abrupt reversal came after the White House tried to downplay the furor surrounding the video portraying Barack and Michelle Obama as apes.,https://ground.news/interest/mass-live
Otago Daily Times,Center,Outrage after Trump shares video depicting Obamas as apes,"A video shared on Donald Trump's social media account that depicted Democratic former president Barack Obama and first lady Michelle Obama as apes has been deleted, following criticism that the US president's post evoked racist imagery long used to dehumanise people of African descent.",https://ground.news/interest/otago-daily-times
Evening Standard,Center,Trump removes video depicting Obamas as monkeys,A post featured the video alongside the US president’s false claims that the 2020 election was stolen,https://ground.news/interest/evening-standard
Bossip,Left,"White House Defends Trump Posting AI Video Of Obamas As Apes 'From The Lion King' Before Backpedaling, Blaming Staffer","Source: Bill Clark / Getty ”Donald Trump is a white supremacist” -Jemele Hill (2017) White people were outraged when sista Jemele Hill made this proclamation almost a decade ago, but what will they say now amid Trump sharing a racist video of the Obamas as apes? At first, the White House waved off the incident, treating the post as inconsequential and branding the backlash “fake.” Then, amid a barrage of bipartisan criticism and calls for Trump…",https://ground.news/interest/bossip
RTV Slovenija,Lean Left,White House Removes Trump's Racist Video About Obamas,"US President Donald Trump posted a video on the social media platform Truth Social in which he depicted the first black US president, Barack Obama, and his wife Michelle as monkeys. The White House has since removed the video.",https://ground.news/interest/rtv-slovenija
AZCentral,Lean Left,Trump's racist Obama post is sick. Denial isn't an apology,"Donald Trump shared a racist video depicting Barack and Michelle Obama as apes. The White House defended it, deleted it and then blamed someone else.",https://ground.news/interest/azcentral
El Vocero de Puerto Rico,Right,Trump Deletes Racist Post About the Obamas After Criticism From Republicans and Democrats,"President Donald Trump's social media post depicting former President Barack Obama and his wife, Michelle Obama, as primates in a jungle was removed after a wave of criticism from both Republicans and Democrats, who called the video racist.",https://ground.news/interest/el-vocero-de-puerto-rico
Al Jazeera,Lean Left,Republicans condemn racist Trump video post depicting Obamas as apes,"Members of Trump’s political party called for the removal of the reposted clip, which has since been taken down.",https://ground.news/interest/al-jazeera_1a2e2c
Snopes,Lean Left,"Trump's Truth Social account posted, then deleted racist video of Obamas as monkeys","White House Press Secretary Karoline Leavitt called the clip ""an internet meme."" It disappeared from the president's profile hours later.",https://ground.news/interest/snopescom
Hollywood Life,Lean Left,What’s in the Racist Trump Video About Obama? See the President’s Truth Social Post,A video of the Obamas appearing as apes was posted then deleted to Donald Trump's Truth Social account.,https://ground.news/interest/hollywood-life
Daily Trust,Lean Left,"BREAKING: Amid Outrage, Trump Pulls Down 'racist' Video Against The Obamas","President Donald Trump has yanked off racist video he posted against the 44th President of the United States of America, Barrack Obama. Earlier on Friday, Trump posted a video depicting Barrack and Michelle Obama as apes on his Truth Social account. The action had sparked global outrage, with many mounting pressure on the American President to take it down. Apparently bowing to pressure, the video was taken down hours after it went live. Details…",https://ground.news/interest/daily-trust_1e11f1
Iowa Capital Dispatch,Lean Left,White House takes down meme of Obamas posted on Trump social media and slammed as racist,"Chair of the Senate Committee on Banking, Housing, and Urban Affairs Sen. Tim Scott, R-S.C., on Feb. 5, 2026, in Washington, D.C.  Scott criticized President Donald Trump's use of a racist meme on social media. (Photo by Kevin Dietsch/Getty Images)WASHINGTON — The White House on Friday pulled down a social media post depicting former President Barack Obama and first lady Michelle Obama as monkeys after members of Congress from both political par…",https://ground.news/interest/iowa-capital-dispatch
We Got This Covered,Lean Left,"'Disgusting behavior': Trump posts video depicting Barack and Michelle Obama as apes, and the backlash was immediate","President Donald Trump shared a video on his Truth Social account that contained racist, AI-generated images showing former President Barack Obama and former First Lady Michelle Obama as apes. The post quickly drew harsh criticism from people across the political spectrum. According to Mediaite, the 62-second video was posted around 11:44 PM ET. Most of the video focused on conspiracy theories about vote-counting machines and the 2020 election, …",https://ground.news/interest/we-got-this-covered
The Journal,Lean Left,White House deletes Trump post depicting Obamas as apes after initial defence,"The post was made in error by a staff member, the White House said.",https://ground.news/interest/the-journal_0d766b
Salon,Left,"Trump posts and deletes racist Obama video, sparking outrage across the political spectrum","Sen. Tim Scott, R-S.C., posted on X Friday morning that a video President Donald Trump shared depicting the Obamas as apes was “the most racist thing I’ve seen out of this White House,” and that he prayed it was fake. Scott is the only Black Republican in the Senate. The video in question was a short clip depicting former President Barack Obama and former First Lady Michelle Obama as apes at the end of a video promoting conspiracy theories about…",https://ground.news/interest/salon
The Daily Caller,Right,‘The Most Racist Thing I’ve Seen Out of This White House’: Tim Scott Rips Trump Over One-Second Obama ‘Ape’ Clip,Tim Scott criticized Donald Trump on for making a now-deleted Truth Social post featuring a short clip of Barack Obama and Michelle Obama depicted as apes.,https://ground.news/interest/the-daily-caller
WAPT,Center,Mississippi lawmakers respond to video shared by Trump that depicts the Obamas as primates,"President Donald Trump used his social media account to share a video about election conspiracy theories that includes a racist depiction of former President Barack Obama and his wife, Michelle Obama, as primates in a jungle.",https://ground.news/interest/wapt
Mississippi Free Press,Left,"Trump Posts Racist Video of Obamas, White House Defends It, Then Deletes It and Blames Staffer","President Trump used his social media account to share a racist video that depicted the Obamas as primates. The White House initially defended the video before deleting it and blaming a staffer following widespread backlash. The post Trump Posts Racist Video of Obamas, White House Defends It, Then Deletes It and Blames Staffer appeared first on Mississippi Free Press.",https://ground.news/interest/mississippi-free-press
Daily Post Nigeria,Center,Obama: It’s racist insult to black race – Shehu Sani slams Trump over controversial video,"Former lawmaker and human rights activist, Senator Shehu Sani, has condemned an alleged depiction of former United States President Barack Obama and his wife, Michelle, as monkeys, describing it as a racist insult to the Black race. The depiction has been linked to US President Donald Trump. In a post shared on X on Friday, Sani said such a portrayal was disrespectful and unacceptable, noting that it reflected deep-seated racism. He stated that,…",https://ground.news/interest/daily-post-nigeria
Newser,Lean Left,Video Posted by Trump Portrays Obamas as Apes,"President Trump went on a Truth Social posting spree overnight, and one of the videos he put up includes a clip of Barack and Michelle Obama depicted as apes. Democrats are incredulous, while the White House is accusing them of ""fake outrage."" The details: The video: The clip of the...",https://ground.news/interest/newsercom
New Jersey Monitor,Left,White House takes down racist meme of Obamas posted on Trump social media,"Chair of the Senate Committee on Banking, Housing, and Urban Affairs Sen. Tim Scott, R-S.C., on Feb. 5, 2026, in Washington, D.C.  Scott criticized President Donald Trump's use of a racist meme on social media. (Photo by Kevin Dietsch/Getty Images)WASHINGTON — The White House on Friday pulled down a social media post depicting former President Barack Obama and first lady Michelle Obama as monkeys after members of Congress from both political par…",https://ground.news/interest/new-jersey-monitor
La Prensa Latina Media,Center,Trump publica video donde representa a los Obama como monos,"(LPL/EN) -El presidente de Estados Unidos, Donald Trump, publicó un video conspirativo sobre las elecciones que muestra al expresidente Barack Obama y a su esposa Michelle como monos, lo que provocó la condena de destacados políticos del partido Demócrata. Al final de un video de poco más de un minuto publicado en la plataforma Truth […]",https://ground.news/interest/la-prensa-latina-media
PHL17,Center,Tim Scott calls Obamas video shared by Trump 'most racist thing I’ve seen out of this White House',"Sen. Tim Scott (S.C.), the only Black Republican senator, on Friday sharply rebuked President Donald Trump for posting a since-deleted clip depicting former President Barack Obama and former first lady Michelle Obama as apes, saying it’s “the most racist thing” he’s seen from the administration.",https://ground.news/interest/phl17com
KERO,Center,Kern County residents express outrage on video depicting the Obamas as apes,"Outrage can't begin to describe how many African American community members are feeling after President Trump first postedand then later deleted-- a video depicting former President Barack Obama and his wife as apes.""It was disturbing, it was repugnant. I tried not to take it personally. It was obviously racist, feeding into stereotypes and an attempt to dehumanize people,"" said Dr. Paula Parks, a professor at Bakersfield College and Coordinator…",https://ground.news/interest/kero
NOS,Right,Trump Removes Video He Shared of Obamas as Monkeys After Criticism,The report was initially defended by the White House.,https://ground.news/interest/nos_4ae905
Indian Express,Lean Left,White House removes Trump post after backlash over video depicting Barack and Michelle Obama as primates,The post quickly drew backlash for its treatment of the nation’s first Black president and first lady.,https://ground.news/interest/indian-express
Greenville Online,Center,SC Sen. Tim Scott slams Trump's AI video depicting Obamas as apes,South Carolina Sen. Tim Scott calls the AI video shared by Donald Trump on Truth Social 'the most racist thing I've seen' from the White House.,https://ground.news/interest/greenville-online
Tampa Bay Times,Center,Trump’s racist post about Obamas deleted. White House earlier defended it,After calls for its removal for being racist -- including by Republicans -- the White House said a staffer had posted the video erroneously and it had been taken down.,https://ground.news/interest/tampa-bay-times_03ba8e
Irish Examiner,Lean Left,White House deletes racist Donald Trump post depicting Obamas as apes,A White House official said the post was 'erroneously made' by a staff member,https://ground.news/interest/irish-examiner
PerthNow,Center,Trump deletes post with video depicting Obamas as apes,US President Donald Trump has removed a post on Truth Social that depicted former president Barack Obama and Michelle Obama ‍as primates.,https://ground.news/interest/perthnow
Blavity News & Politics,Left,"Trump Posts Racist Video Of Barack And Michelle Obama As Apes, White House Defends It Before It Is Deleted","President Donald Trump is drawing widespread outrage and condemnation for sharing a video that contains a racist depiction of Barack and Michelle Obama as apes. The White House has defended Trump’s action, the latest example of him promoting racism and targeting the Obamas. Trump shares conspiracy theory video with racist clip, receives widespread condemnation The offensive clip comes at the end of a minute-long video shared by Trump on his Trut…",https://ground.news/interest/blavity-news-and-politics
Dnevni list Danas,Lean Left,Trump Posted and Then Deleted a Video Depicting Barack and Michelle Obama as Monkeys,"Earlier today, American President Donald Trump published on the social network ""Truth Social"" a video with a conspiracy theory about the elections, in which former President Barack Obama and his wife Michelle were depicted as monkeys, which caused sharp condemnations from prominent Democrats. In the meantime, the video has been deleted, and the White House announced that an official was to blame for its release.",https://ground.news/interest/dnevni-list-danas
NRC Handelsblad,Lean Left,"Trump Removes Racist Video Featuring Obama, but Expresses No Regrets","US President Donald Trump has deleted the racist video he previously posted on his social media. The video, in which…",https://ground.news/interest/nrc-handelsblad
New York Magazine,Left,"White House Defends, Deletes Trump’s Very Racist Obamas Post",The White House defended Trump’s wildly racist Obamas post. Press Secretary Karoline Leavitt slammed the ‘fake outrage’ over a meme video depicting Barack and Michelle Obama as monkeys. Then Trump’s Truth Social post was quietly deleted.,https://ground.news/interest/new-york-magazine
NZ Herald,Center,‘The most racist thing’: Trump slammed over video showing Obamas as monkeys,"US President Donald Trump triggered outrage after he posted a video depicting Barack Obama, the first black president in American history, and his wife...",https://ground.news/interest/nz-herald
WND,Far Right,"'Fake outrage': Trump reposts video on election fraud, includes image of Obamas as monkeys * WorldNetDaily * by Bob Unruh","Democrats unleash attacks, short clip appears to be part of a longer video shared in October on X",https://ground.news/interest/wnd
The Korea Times,Lean Left,White House deletes racist Trump post depicting Obamas as apes,WASHINGTON — A video shared on Donald Trump's social media account that depicted former Democratic President Barack Obama and first lady Michelle O...,https://ground.news/interest/the-korea-times
scdailygazette.com,Left,White House takes down racist meme of Obamas posted on Trump social media • SC Daily Gazette,"Chair of the Senate Committee on Banking, Housing, and Urban Affairs Sen. Tim Scott, R-S.C., on Feb. 5, 2026, in Washington, D.C.  Scott criticized President Donald Trump's use of a racist meme on social media. (Photo by Kevin Dietsch/Getty Images)WASHINGTON — The White House on Friday pulled down a social media post depicting former President Barack Obama and first lady Michelle Obama as monkeys after members of Congress from both political par…",https://ground.news/interest/scdailygazettecom
Comic Sands,Left,Karoline Leavitt Offers Bonkers Defense Of Trump After He Shares Racist AI Video Depicting The Obamas As Apes,"White House Press Secretary Karoline Leavitt was called out for her bonkers defense of President Donald Trump's decision to share a video on Truth Social depicting former President Barack Obama and former First Lady Michelle Obama as apes.Overnight, Trump posted the same minute-long video twice, claiming of voting machine anomalies and featuring the PatriotNewsOutlet.com watermark. The video ends with a two-second clip depicting the Obamas as ap…",https://ground.news/interest/comic-sands
VINnews,Center,Trump Removes Racially Charged Video Depicting Obamas as Apes from Truth Social After Bipartisan Backlash,"WASHINGTON  D.C (VINnews) – President Trump removed a video from his Truth Social account that depicted former President Barack Obama and former First Lady Michelle Obama as apes, following widespread criticism. The post, shared Thursday, also included false claims about the 2020 election. Join our WhatsApp group Subscribe to our Daily Roundup Email The video […]",https://ground.news/interest/vinnews
WLWT,Center,President Trump shares a racist video that depicts the Obamas as primates,President Trump posted a Truth Social video depicting Barack and Michelle Obama as primates amid false 2020 election fraud claims. The White House defended the clip.,https://ground.news/interest/wlwt
Komo News,Center,White House claims 'Fake Outrage' over Trump reposting political meme,"The Trump administration is reacting to a meme video the President re-posted on Thursday night, that had AI images of the Obamas depicted as gorillas.",https://ground.news/interest/komo-news
NDTV,Right,"White House Removes Trump's Racist Post On Obamas, Blames Staff Error","The White House said Friday that a post on President Donald Trump's social media account sharing a racist video depicting Barack Obama and his wife Michelle as monkeys was made in error by a staff member, and has been removed.",https://ground.news/interest/ndtv
Boston Globe,Lean Left,‘The most racist thing I’ve seen out of this White House’: GOP Senator Tim Scott reacts to Trump post about the Obamas - The Boston Globe,"Scott, a close Trump ally and the Senate’s only Black Republican, spoke out on social media hours after Trump posted the video on Truth Social.",https://ground.news/interest/boston-globe
Mother Jones,Left,Trump posts video that depicts Obamas as apes,Republican Sen. Tim Scott called it “the most racist thing I’ve seen out of this White House.”,https://ground.news/interest/mother-jones
Eesti Rahvusringhääling,Center,Trump Shared a Video Depicting the Obamas as Monkeys,The White House has removed a video shared on US President Donald Trump's social media account that depicted former Democratic President Barack Obama and First Lady Michelle Obama as monkeys.,https://ground.news/interest/eesti-rahvusringhaaling
Star Advertiser,Center,Trump shares racist video depicting Obamas as apes | Honolulu Star-Advertiser,"WASHINGTON >> President Donald Trump shared a video on social media depicting Democratic former President Barack Obama and first lady Michelle Obama as apes, invoking racist imagery long used to dehumanize people of African descent.",https://ground.news/interest/star-advertiser
Reality Tea,Center,Republican Slams Donald Trump’s Obamas Post as ‘Most Racist Thing I’ve Seen Out of This White House',"Photo Credit: Chip Somodevilla/Getty Images Donald Trump’s latest unhinged social media post is drawing outrage from members of his own party. On his account was an AI depiction of Barack and Michelle Obama as apes. Democrats have slammed the Truth Social post, calling it a brand new low for him. Tim Scott, a Black junior United States Senator from South Carolina, took exception to the post as well. Online, he said that he hoped this was fake be…",https://ground.news/interest/reality-tea
Michigan Live,Center,White House calls backlash to Trump sharing racist Obama video ‘fake outrage’,President Trump posted a video Thursday night that depicted former President Barack Obama and his wife Michelle as apes.,https://ground.news/interest/michigan-live
Variety,Lean Left,"Trump Account Deletes AI Video Showing Obamas as Apes; White House, After Defending It, Claims Staff Member Had ‘Erroneously’ Posted Clip","After a backlash, a racist video of the Obamas posted to Trump's account on Truth Social was deleted. The White House said a staffer had erroneously posted it.",https://ground.news/interest/variety
Washington Examiner,Right,Tim Scott calls on Trump to remove Obama monkey video he reposted,"The White House removed a post from President Donald Trump’s Truth Social account showing former President Barack Obama and first lady Michelle Obama as monkeys, blaming its posting on a White House staffer. “A White House staffer erroneously made the post. It has been taken down,” a senior White House official told CNN. The post was up for around 12 hours before being deleted. The post garnered rare criticism from Republicans on Capitol Hill. S…",https://ground.news/interest/washington-examiner
westvirginiawatch.com,Left,White House takes down meme of Obamas posted on Trump social media and slammed as racist • West Virginia Watch,"Chair of the Senate Committee on Banking, Housing, and Urban Affairs Sen. Tim Scott, R-S.C., on Feb. 5, 2026, in Washington, D.C.  Scott criticized President Donald Trump's use of a racist meme on social media. (Photo by Kevin Dietsch/Getty Images)WASHINGTON — The White House on Friday pulled down a social media post depicting former President Barack Obama and first lady Michelle Obama as monkeys after members of Congress from both political par…",https://ground.news/interest/westvirginiawatchcom
ABC Australia,Lean Left,Trump posts video depicting Obamas as monkeys,The video also includes a number of debunked conspiracy theories linked to the 2020 US election which the US president believes was stolen from him.,https://ground.news/interest/abc-australia
Arizona Mirror,Lean Left,GOP senator calls Trump’s Obama meme ‘the most racist thing I’ve seen out of this White House’,"Chair of the Senate Committee on Banking, Housing, and Urban Affairs Sen. Tim Scott, R-S.C., on Feb. 5, 2026, in Washington, D.C.  Scott criticized President Donald Trump's use of a racist meme on social media. (Photo by Kevin Dietsch/Getty Images)WASHINGTON — The White House on Friday pulled down a social media post depicting former President Barack Obama and first lady Michelle Obama as monkeys after members of Congress from both political par…",https://ground.news/interest/arizona-mirror
abc News,Lean Left,"Trump says he didn't see full racist video before it was posted, says he won't apologize","President Trump shared a video that included a racist animation of Barack and Michelle Obama, prompting backlash and the White House to later take it down.",https://ground.news/interest/abc-news_409efb
Deccan Chronicle,Right,Trump Faces Backlash After Sharing Offensive Video of Obamas,"During Black History Month, Trump's post drew outrage, with critics like Republican Senator Tim Scott calling it one of the most racist acts from the White House.",https://ground.news/interest/deccan-chronicle
Just Jared,Center,White House Speaks Out After Donald Trump Shares Racist Video of Barack & Michelle Obama as Apes | Just Jared: Celebrity News and Gossip,"White House Speaks Out After Donald Trump Shares Racist Video of Barack & Michelle Obama as Apes Donald Trump is reposting a shocking video of Barack and Michelle Obama as apes. On Friday night (February 5), Trump shared a video on Truth Social that featured…",https://ground.news/interest/just-jared
KRCG,Right,Trump shares a video that depicts the Obamas as primates,President Donald Trump used his social media account to share a video about election conspiracy theories that includes a depiction of former President Barack Ob,https://ground.news/interest/krcg
The Hill,Center,Trump faces backlash over Obama post; DHS funding in limbo,"President Trump has been met with criticism Friday morning after he shared a video overnight that includes a brief clip of former President Obama and former first lady Michelle Obama depicted as apes. Lawmakers on both sides of the aisle have called out the video for its racist undertones, while the White House defended the meme as being related…",https://ground.news/interest/the-hill
Sky News UK,Center,Donald Trump accused of 'disgusting behaviour' after sharing image of Obamas as apes,"The White House defended the post, saying it was part of a longer meme depicting various politicians as different animals.",https://ground.news/interest/sky-news
The Shade Room,Center,What Was Posted?! Social Media Is Goin' OFF After Clip Shared On Trump's Truth Social Account Showed Obamas Depicted As Apes,"Social media users are livid and goin’ OFF after a clip shared on Donald Trump‘s Truth Social account showed the Obamas — Michelle and Barack — depicted as apes.RELATED: Whew! Social Media Is Goin’ OFF After Nicki Minaj Called Herself Trump’s “Number One Fan” & Held His Hand At Account Summit Post On Donald Trump Truth Social Account Shows Obamas — Michelle & Barack — Depicted As ApesAccording to Newsweek, during the late hours of Thursday, Febr…",https://ground.news/interest/the-shade-room
France24,Center,Trump video showing Obamas as monkeys sparks outrage over racist depiction,,https://ground.news/interest/france24
Los Angeles Times,Lean Left,"Trump shares, then deletes, racist image of the Obamas. White House blames a staffer","The post quickly drew fierce criticism from Democrats, some Republicans and civil rights organizations.",https://ground.news/interest/los-angeles-times
One News Page,Center,White House Speaks Out After Donald Trump Shares Racist Video of Barack and Michelle Obama as Apes,"Donald Trump is reposting a shocking video of Barack and Michelle Obama as apes. On Friday night (February 5), Trump shared a video on Truth Social that featured unsubstantiated allegations of voter fraud during the 2020 election, where he lost to Joe Biden. At the end of the clip, Barack and ...",https://ground.news/interest/one-news-page
Twitchy,Far Right,Cue the Outrage! Lefties Blow a Gasket at Trump for 'Racist' Meme (Except There's Just One Problem),"Debunking the outrage over Trump's alleged racist meme; context reveals a parody video clip, not racism.",https://ground.news/interest/twitchy
Latestly,Right,Donald Trump Shares AI Video of Barack and Michelle Obama as Apes,US President Donald Trump triggered widespread condemnation after using his social media platform to share a video promoting election conspiracy theories that included a racist depiction of former President Barack Obama and former first lady Michelle Obama as primates in a jungle. Donald Trump Shares AI Video of Barack and Michelle Obama as Apes.,https://ground.news/interest/latestly
EADaily,Right,Two monkeys — Barack and Michelle: Trump posted a racist video: EADaily,"EADaily, February 6th, 2026. US President Donald Trump posted a video on his social network Social Truth claiming fraud in the 2020 elections, and at the end of the video Barack and Michelle Obama appear in the form of monkeys.",https://ground.news/interest/eadaily
Louder With Crowder,Far Right,Donald Trump Posted Something...,"Watch Louder with Crowder every weekday at 11:00 AM Eastern, only on Rumble Premium!President Trump posted a video that contains a clip where Michelle and Barack Obama are monkeys. Get ready for the backlash. There’s already a Winter Olympics scandal. This one is nuts. Women are causing traffic problems even when they aren’t the ones driving. The messaging on immigration needs to be straightened out. And that message needs to be: deport all ille…",https://ground.news/interest/louder-with-crowder
Fox News,Right,Sen Tim Scott calls Trump post 'most racist thing I've seen out of this White House',"Sen. Tim Scott, R-S.C., called on President Donald Trump to take down a post on Truth Social that depicted the Obamas as monkeys.",https://ground.news/interest/fox-news_a44aba
India Today,Right,Trump deletes video depicting Obamas as apes after bipartisan backlash,A video posted by US President Donald Trump on social media featuring former President Barack Obama and former First Lady Michelle Obama as apes has sparked significant criticism from political figures and advisors.,https://ground.news/interest/india-today
Berliner Morgenpost,Center,Us Senator Scott Condemns Blatant Racism in Trump's Mockery of Obama,Trump portrayed the Obamas as monkeys in an AI-generated video. US Democrats are outraged – a Black Republican speaks out.,https://ground.news/interest/berliner-morgenpost
tippinsights,Right,President Trump Faces Criticism Over 'Racist Meme' Targeting Obamas,"President Donald Trump shared a controversial meme video on his Truth Social account late Thursday that depicted former President Barack Obama and former first lady Michelle Obama as apes. The clip was part of a longer meme video promoting claims about voting machines in the 2020 election. The White House defended the post, dismissing criticism as manufactured outrage. BREAKING: Trump just posted a video on Truth Social that includes a racist im…",https://ground.news/interest/tippinsights
electionlawblog.org,Lean Left,"Wall Street Journal: ""Trump Posts Video Online Depicting Obamas as Apes; Sen. Tim Scott calls it 'the most racist thing I’ve seen out of this White House'"" #ELB","WSJ: President Trump posted a video online that included imagery depicting former President Barack Obama and Michelle Obama as apes. The roughly one-minute video, which Trump posted on Truth Social at 11:44 p.m. Thursday night, features a narrator questioning… Continue reading The post Wall Street Journal: “Trump Posts Video Online Depicting Obamas as Apes; Sen. Tim Scott calls it ‘the most racist thing I’ve seen out of this White House'” appear…",https://ground.news/interest/electionlawblogorg
The Globe & Mail,Center,Trump deletes racist post depicting Obamas as primates after widespread backlash,"White House said a staffer had posted the video erroneously, hours after press secretary Karoline Leavitt said there was nothing offensive about the post",https://ground.news/interest/the-globe-and-mail
Townhall,Right,About That 'Racist' Video the Trump Team Posted Featuring the Obamas...It's a Fake News Hoax,Analysis of the Trump White House's controversial video involving the Obamas and its potential hoax status.,https://ground.news/interest/townhall
Daily Sabah,Right,"Trump shares racist video about Barack, Michelle Obama",President Donald Trump posted a video on his social media platform featuring election conspiracy theories and a racist depiction of former President Barack...,https://ground.news/interest/daily-sabah
Alternet,Left,'Most racist thing I’ve seen': Even GOP’s Tim Scott is calling out Trump’s AI Obama post,"Long-time Donald Trump loyalist, Sen. Tim Scott (R-S.C.), is questioning the president after he posted a racist meme online about former President Barack Obama and his wife that depicts them as apes. ""Praying it was fake because it’s the most racist thing I’ve seen out of this White House. The President should remove it,"" Scott posted on X. Overnight, Trump shared a video made with artificial intelligence material, including conspiracy theories …",https://ground.news/interest/alternet
Australian Financial Review,Right,Trump’s racist post about Obamas is deleted after backlash,"The deletion, a rare admission of a misstep by the White House, came hours after press secretary Karoline Leavitt said there was nothing offensive about the post.",https://ground.news/interest/australian-financial-review
Atlanta Black Star,Lean Left,'Bullsh-t!’: Karoline Leavitt Faces Calls to Be ‘Stoned’ After Dismissing Outrage Over Trump’s Most Racist Attack on Barack and Michelle Obama Yet,"White Press Secretary Karoline Leavitt is lashing out at the media for covering President Donald Trump’s latest racially offensive post, accusing",https://ground.news/interest/atlanta-black-star
Buzzfeed,Lean Left,Let's Call It What It Is — Donald Trump Is A Racist Who Just Posted A Video Depicting Barack And Michelle Obama As Apes,Y'all's president is racist. Period.View Entire Post ›,https://ground.news/interest/buzzfeed
New York Post,Right,White House deletes video showing Obamas as apes after key ally condemns meme as ‘most racist thing I’ve seen’,"The White House is dismissing backlash over a video President Donald Trump posted on Truth Social depicting former President Barack Obama and Michelle Obama as gorillas, after Sen. Tim Scott called it the “most racist thing I’ve seen.”",https://ground.news/interest/new-york-post
NBC News,Lean Left,Trump says he won't apologize for racist post depicting the Obamas as apes,"The White House initially defended Trump's post, saying it was ""from an internet meme video."" But after backlash — including from Republicans — it was removed.",https://ground.news/interest/nbc-news
The Gateway Pundit,Far Right,President Trump Sets the Internet on Fire After Posting a Very Politically Incorrect Video of Barack and Michelle Obama - White House Responds,"President Trump has set the Internet ablaze once again with maybe his most provocative video yet, involving the Obamas, with leftists accusing him of being racist for the millionth time.",https://ground.news/interest/the-gateway-pundit
Fox8,Center,Trump deletes racist video of Obamas after stark GOP criticism,"President Trump on Friday deleted a video first posted on his social media account late Thursday that included a brief clip of former President Obama and former first lady Michelle Obama depicted as apes. The video was immediately criticized as racist by Democrats, and drew a particularly forceful response from Sen. Tim Scott (R-S.C.), the only Black Republican senator and a close ally [...]",https://ground.news/interest/fox8
CBS News,Center,White House removes Trump post with racist footage of Obamas hours after defending it,The footage is included in a video that promotes false claims that the 2020 presidential election was rigged against Mr. Trump.,https://ground.news/interest/cbs-news
Hindustan Times,Center,Trump's approval rating takes a beating after racist Obamas video; ‘Who’s the monkey now?',"President Donald Trump's approval rating has fallen sharply, especially among Black voters, after he posted an AI video targeting the Obamas",https://ground.news/interest/hindustan-times
The Hindu,Lean Left,Trump shares racist video about Obamas; White House defends him,"Nearly all of the 62-second clip, which was among dozens of Truth Social posts from Mr. Trump overnight, appears to be from a conservative video alleging deliberate tampering with voting machines in battleground States as the 2020 Presidential votes were tallied.",https://ground.news/interest/the-hindu
notus.org,Lean Left,"Trump Posts, Then Removes Racist Video Depicting Obamas as Apes","Evan Vucci/APA racist video depicting former President Barack Obama and first lady Michelle Obama as apes in a jungle was removed from President Donald Trump’s Truth Social account Friday.Hours after White House press secretary Karoline Leavitt called criticism of the post “fake outrage,” officials backtracked.An official said: “A White House staffer erroneously made the post. It has been taken down.”A source close to Trump told NOTUS the presid…",https://ground.news/interest/notusorg
telex.hu,Lean Left,Trump Shares Video Depicting Obama and His Wife as Monkeys,"The American president's post has been criticized by many, with the White House saying there is nothing to see here.",https://ground.news/interest/telexhu
Syracuse NY,Center,Trump takes down election conspiracy video featuring Barack and Michelle Obama as monkeys,"“Can’t believe I voted for you Mr. President. It’s a new low everyday,” read one comment on the president's video.",https://ground.news/interest/syracuse-ny
thedailyadda.com,Lean Left,Donald Trump branded 'disgusting' after posting racist photo of Obamas as apes,"Donald Trump has sparked massive new outrage after he posted a racist video depicting the Obamas as monkeys to his social media platform. The US President, 79, shared a video on his Truth Social account early this morning containing repeatedly debunked lies about the Georgia election results in 2020, which Trump has long and falsely claimed were rigged against […]",https://ground.news/interest/thedailyaddacom
GB News,Right,Donald Trump slammed for posting social media video depicting Obamas as monkeys,"Donald Trump has been slammed after posting a social media video depicting Barack and Michelle Obama as monkeys.The minute-long video has been condemned by Democrats as racist.The final seconds of the clip show an AI-generated frame where the faces of the 44th US President and former First Lady are artificially imposed on the bodies of apes.Meanwhile, the song ""The Lion Sleeps Tonight"" plays in the background. TRENDING Stories Videos Your Say T…",https://ground.news/interest/gbnewscom
CBC News,Lean Left,Trump won't apologize after sharing social media video with racist depiction of Obamas,A post from U.S. President Donald Trump's Truth Social account in which Barack and Michelle Obama are superimposed atop the bodies of apes was taken down after an outcry on Friday.,https://ground.news/interest/cbc-news
Bucks County Beacon - News. Government. Politics.,Left,'There's No Bottom': Trump Shares a Racist Video That Depicts the Obamas as Primates in a Jungle - Bucks County Beacon,The president puts his mark on Black History Month.,https://ground.news/interest/bucks-county-beacon-news-government-politics
Helsingin Sanomat,Lean Left,United States | Trump Releases Video Depicting Obamas as Monkeys,"Trump has built his political career partly on racist statements. The White House says the video was posted by a staffer, not Trump himself.",https://ground.news/interest/helsingin-sanomat
Defiant America,Far Right,Breaking: Trump Posts Video Depicting Obamas as Apes – Political Firestorm Erupts Left and Right,"You know that moment when Trump drops a meme bomb that sends the left into full meltdown mode, while his supporters laugh it off as classic trolling? That’s exactly what happened when President Trump reposted a video on Truth Social late last night, featuring an AI clip superimposing Barack and Michelle Obama’s faces on apes from The Lion King, set to “The Lion Sleeps Tonight.” The video, from a pro-Trump X account, focused on 2020 election frau…",https://ground.news/interest/defiant-america
nj,Center,‘Incredibly racist’: Trump’s post showing the Obamas as apes sparks fierce outcry,The president shared an AI-generated video late Thursday night depicting Barack and Michelle Obama with their heads on ape bodies. California Gov. Gavin Newsom is demanding every single Republican denounce it immediately.,https://ground.news/interest/nj
iNews,Center,Trump posts racist video depicting Obamas as monkeys,Impartial news & intelligent debate,https://ground.news/interest/inews
Dawn,Lean Left,White House rejects ‘fake outrage’ after Trump posts election conspiracy video with Obamas depicted as monkeys,The White House on Friday rejected what it called “fake outrage” after US President Donald Trump posted an election conspiracy video that depicted former president Barack Obama and his wife Michelle as monkeys. “This is from an internet meme video depicting President Trump as the king of the jungle and Democrats as characters from The Lion King. Please stop the fake outrage and report on something today that actually matters to the American publ…,https://ground.news/interest/dawn_a02aa2
The Daily Boulder,Left,GOP Silent as Trump Posts Vile Obamas Video in Late-Night Freak-Out,"President Donald Trump spent his Thursday night in full meltdown mode on Truth Social, firing off a barrage of more than 60 posts that ranged from goofy TikTok dog clips to boiled-down election conspiracies—but it was one grotesque, racist bit of imagery that has Washington buzzing. In the closing seconds of a conspiracy-laden video about bogus election fraud claims, Trump’s Truth Social feed briefly cut to a clip showing former President Barack…",https://ground.news/interest/the-daily-boulder
The Washington Post,Lean Left,Trump shares a racist video that depicts the Obamas as ...,,https://ground.news/interest/the-washington-post
www.larazon.es,Right,Trump Posts Video Depicting Barack and Michelle Obama as a Pair of Monkeys,"U.S. President Donald Trump has shared on his Truth Social platform this Friday a video that represents former President Barack Obama and his wife, Michelle, as a pair of monkeys. The image appears briefly in one of the numerous conspiranoic videos that Trump usually posts on his social network. Most of it is attributed to the ultra-conservative Patriot News Outlet portal and talks about the manipulation of the 2020 elections that Trump has sinc…",https://ground.news/interest/wwwlarazones
RollingStone,Left,Trump Posts Wildly Racist Video of the Obamas,"Donald Trump posted a video that included a clip depicting Barack and Michelle Obama as apes, set to ""The Lion Sleeps Tonight.""",https://ground.news/interest/rollingstone_6de571
The National,Lean Left,Donald Trump shares 'disgusting' racist video depicting Obamas as monkeys,DONALD Trump has been condemned for sharing a racist video on social media depicting Barack and Michelle Obama as monkeys.,https://ground.news/interest/the-national_de7c84
Fria Tider,Far Right,Outcry as Trump Depicts Obamas as Monkeys,"Accused of racism – again. ""Disgusting behavior.""",https://ground.news/interest/fria-tider
Common Dreams,Left,Racist Trump Denounced for Sharing Vile Video Depicting Obamas as Monkeys,President Donald Trump sparks outrage with racist video depicting Obamas as monkeys. Condemnation swift as Trump's history of racism is well-documented.,https://ground.news/interest/common-dreams
Boston.com,Center,"Trump’s racist post depicting Obamas as apes is deleted after backlash, despite White House earlier defending it","Trump shared a video about election conspiracy theories that includes Barack Obama and his wife, Michelle Obama, as primates in a jungle.",https://ground.news/interest/bostoncom
Metro News,Lean Left,White House removes 'incredibly racist' video of Barack and Michelle Obama,"Donald Trump posted a seemingly AI-generated video of Barack and Michelle Obama as apes, which critics called racist. It has been removed.",https://ground.news/interest/metro-news
derwesten.de,Center,Obama's Portrayal as Monkeys: Donald Trump Shares Disgusting Video!,Donald Trump once again causes inconsistency! Reason: a monkey video about the Obamas he himself shared.,https://ground.news/interest/derwestende
The Political Insider,Far Right,Donald Trump sparks outrage with racist social media post of Barack and Michelle,"Last night, President Trump posted a video of former President and first lady Barack and Michelle Obama depicted as monkeys on Truth Social.",https://ground.news/interest/the-political-insider
theGrio,Lean Left,Donald Trump sparks outrage with racist social media post of Barack and Michelle Obama,"Last night, President Trump posted a video of former President and first lady Barack and Michelle Obama depicted as monkeys on Truth Social.",https://ground.news/interest/thegrio
Washington Times,Right,Trump team reverses course after posting video depicting Obamas as monkeys,The White House has taken down a widely criticized video posted to President Trump's Truth Social account that featured former President Barack Obama and former first lady Michelle Obama depicted as apes.,https://ground.news/interest/washington-times
Telegrafi,Lean Left,"Trump Shows Barack and Michelle Obama in ""Monkey"" Bodies","US President Donald Trump has posted a conspiracy theory video on the social network Truth Social, in which former President Barack Obama and his wife Michelle are depicted as monkeys, prompting a backlash from prominent Democrats. At the end of the one-minute video, the Obamas are shown for about a second with their faces superimposed on the bodies of monkeys. The video also repeats inaccurate claims that vote-counting company Dominion Voting S…",https://ground.news/interest/telegrafi
delo.si,Lean Left,Did You See How Trump Turned the Former President and His Wife Into a Monkey?,Democrats are outraged by the escalation of hateful rhetoric.,https://ground.news/interest/delosi
ANSA,Center,Trump Posted a Video with the Obamas Represented as Monkeys - North America,The Governor of California Newsom: 'Disgusting behaviour'. The EU: 'Racism and hate incitement have no space online' (ANSA),https://ground.news/interest/ansa
Geo News,Right,Trump shares racist video depicting Obamas as ‘monkeys' in election conspiracy post,"U.S. President Donald Trump started an immediate and widespread condemnation early Friday, February 6, after he posted a video on his Truth Social Platform. The video depicts former U.S. President Barack Obama and former First Lady...",https://ground.news/interest/geo-news
The Source,Center,Trump Criticized for Racist Obama Video on Truth Social,Donald Trump faces backlash after posting a racist video depicting Barack and Michelle Obama on Truth Social.,https://ground.news/interest/the-source
Zeit Online,Lean Left,Us President: Donald Trump Posts Racist Video About Obama Married Couple,"In a video posted by the US President, Barack and Michelle Obama appear as monkeys. ""Dangerous behavior,"" criticises California's Governor Gavin Newsom.",https://ground.news/interest/zeit-online
UNILAD,Center,Trump slammed for posting video on Truth Social depicting Obamas as monkeys,Donald Trump's controversial social media post focuses on his 2020 election against Joe Biden,https://ground.news/interest/uniladcom
444.hu,Lean Left,Trump's Post Depicted the Obamas as Monkeys,The racist post is receiving a flood of outraged reactions.,https://ground.news/interest/444hu
Latin Times,Lean Left,Trump Deletes Video Depicting Obamas As Monkeys After Widespread Backlash,"President Donald Trump appears to have deleted a video on his social media platform, Truth Social, depicting Barack and Michelle Obama as monkeys after receiving widespread backlash, including from Republicans.",https://ground.news/interest/latin-times
20minutos,Center,Trump Posts a Video in Which Barack and Michelle Obama Appear Characterized as Monkeys,"The president of the United States, Donald Trump, has published a controversial post on his network, Truth Social, with a video in which former President Barack Obama and his wife Michelle Obama appear momentarily characterized as monkeys.In the post, Trump has published a video in which he talks about the supposed rigging in the 2020 elections that the Republican lost to Joe Biden. The video, taken from a documentary, talks about recurrent accu…",https://ground.news/interest/20minutos
Digi 24,Center,Donald Trump Posted a Clip Where Barack and Michelle Obama Appear Represented as Monkeys,"The former U.S. President Barack Obama and his wife, Michelle, were represented as mayors in a conspirator video set by current President Donald Trump on his Social Truth network. The club is on the subject of presidential elections from...",https://ground.news/interest/digi-24
Daily Express,Right,Trump shares sick video portraying Barack and Michelle Obama as apes,The US President shared the video on his verified account.,https://ground.news/interest/daily-express
Fortune,Center,"Trump's racist post about Obamas is deleted after bipartisan backlash. The White House initially defended it, then blamed a staffer","A rare admission of a misstep by the White House, the deletion came hours after press secretary Karoline Leavitt dismissed “fake outrage” over the post.",https://ground.news/interest/fortune
Corriere Della Sera,Center,Trump and the Video with the Obamas as Monkeys on Truth. the Republicans vs. Trump.,"The US President, on his platform, posted a racist video generated with artificial intelligence in which the faces of Barack and Michelle Obama appear on bodies of monkeys. The video concerns the alleged electoral frauds of 2020, on which Trump continues to return although no evidence is missing.",https://ground.news/interest/corriere-della-sera
Lietuvos Radijas ir Televizija,Center,Trump's Conspiracy Theory Video Portrays Obamas as Monkeys,"US President Donald Trump on Thursday released a video illustrating an election conspiracy theory, depicting former President Barack Obama and his wife Michelle as monkeys.",https://ground.news/interest/lietuvos-radijas-ir-televizija
Handelsblatt,Right,"Usa: ""Racist Image"": Criticism of Trump Post with Obama's",CIA issues World Factbook +++ Two deaths in US attack on suspected drug boat +++ United States extends humanitarian aid to Cuba - Mexico seeks ways to supply oil +++ The Newsblog.,https://ground.news/interest/handelsblattcom
Showbiz411,Lean Left,Trump Posts Racist Video Showing Obamas as Laughing Monkeys - Same Thing Roseanne Barr Lost Her Career Over,"Donald Trump has reached a new low. Overnight he posted a video depicting former president Barack Obama and his wife, Michelle Obama, as laughing monkeys. He should be impeached immediately and removed from office instantly. How could any MAGA or Trump backer not be disgusted by this video? A known racist who often exclaims how […] The post Trump Posts Racist Video Showing Obamas as Laughing Monkeys — Same Thing Roseanne Barr Lost Her Career Ove…",https://ground.news/interest/showbiz411
BFM TV,Center,Donald Trump Publishes a Racist Image of Obama's husbands... in Monkeys,VIDEO - The President of the United States posted this image on his social network this Friday morning. An image preceded by a video claiming that the voting machines were rigged in favour of Joe Biden during the US election in 2020.,https://ground.news/interest/bfm-tv
la Nacion,Right,"Another Provocative Post by Trump: in a Conspiratorial Video About the Elections, He Shows the Obamas as Monkeys","WASHINGTON.– U.S. President Donald Trump released Thursday a conspiratorial video about the elections that shows former President Barack Obama and his wife Michelle as monkeys, which led to the conviction of prominent Democrats.At the end of a video of just over a minute posted on Trump's platform, Truth Social, Obama's faces appear superimposed on monkey bodies, with palm trees in the background.A video posted on President Trump's Truth Social …",https://ground.news/interest/la-nacion_7042bc
연합뉴스-Yonhap News Agency,Right,Trump Shares Video Depicting Obama as a Monkey,"(Seoul = Yonhap News) Reporter Lee Shin-young = U.S. President Donald Trump shared a video online depicting former President Barack Obama and his wife as monkeys, claiming it was a conspiracy theory...",https://ground.news/interest/_ae7d36
The New Republic,Left,Trump Torched for Racist AI Video Showing Obamas as Apes,Donald Trump is no stranger to sharing bizarre and disturbing AI-generated content.,https://ground.news/interest/the-new-republic
merkur.de,Center,"""Wrong Behavior"": Trump Shares the Obama's Contribution as a Monkey","A racist content on Trump's Truth Social account has caused indignation. In one post, former US President Obama and his wife are portrayed as monkeys.",https://ground.news/interest/merkurde
The London Economic,Left,Donald Trump posts disgusting clip of Obamas in unhinged rampage,"US President Donald Trump has posted an AI-generated video in which former president Barack Obama and his wife, former first lady Michelle, are depicted as monkeys. Trump has been labelled as “clinically insane” and “incredibly racist” for the clip, which he shared on Thursday on his platform, Truth Social. Within the space of an hour, Trump posted dozens of times on his app, while he also shared a video in which he brought back the unfounded cl…",https://ground.news/interest/the-london-economic
Bild,Right,Trump Shocked with Racist Obama Video,Indignation about AI clip on Truth Social: Obama depicted as ape.,https://ground.news/interest/bild
The US Sun,Right,White House takes down Truth Social post showing Obamas as apes,THE White House has deleted a meme shared on Donald Trump's Truth Social account depicting Barack and Michelle Obama as apes. Edited images of...,https://ground.news/interest/the-us-sun
Daily Mirror,Lean Left,Trump's Truth Social account posts racist video of Obamas depicted as apes,An AI-generated clip portraying Barack and Michelle Obama as apes has been shared on Donald Trump's Truth Social account,https://ground.news/interest/daily-mirror
South China Morning Post,Center,Trump claims he ‘didn’t see whole’ racist post showing Obamas as apes,"The White House initially defended the video clip as a Lion King meme, then blamed a staff member for posting it ‘erroneously’.",https://ground.news/interest/south-china-morning-post
The Canary,Left,Trump goes full racist and depicts the Obamas as apes,"There is no pretence with Donald Trump; he is now as openly racist as a person can be, and his supporters need to own that",https://ground.news/interest/the-canary
Daily Star,Right,Trump slammed after sharing 'disgusting' video of Obamas as apes,WARNING DISTRESSING CONTENT: US President Donald Trump has been slammed after appearing to share a video of Obamas being portrayed as apes on his Truth Social account,https://ground.news/interest/daily-star
Raw Story,Left,Trump posts racist midnight video depicting Barack and Michelle Obama as monkeys,"Donald Trump posted a racist video depicting former President Barack Obama and First Lady Michelle Obama as monkeys. The video was shared to Trump's Truth Social account at around midnight on February 6, with the current president sharing a host of posts, including this video. Said video runs for on...",https://ground.news/interest/raw-story
sta.si,Center,Trump Releases Racist Video Montage About Obama,"US President Donald Trump posted a video on his social media account Truth Social on Thursday in which he transformed the first black US president, Democrat Barack Obama, and his wife Michelle into monkeys in a montage. Prominent Democrats reacted with outrage, reports the French news agency AFP.",https://ground.news/interest/stasi
Le Monde,Lean Left,Barack and Michelle Obama Represented as Monkeys in a Racist Montage Aired by Donald Trump,"The video, dedicated to the 2020 presidential election, was originally posted by the far-right US site Patriot News Outlet, and rested twice by the US president.",https://ground.news/interest/le-monde
vrt,Center,President Donald Trump Shares Video Depicting Barack and Michelle Obama as Monkeys,"President Donald Trump shared a video that ends with racist images of Barack and Michelle Obama depicted as monkeys. He posted this on his own social media platform, Truth Social. Outrage is widespread on social media, with California Governor Gavin Newsom among those urging Republicans to condemn the post.",https://ground.news/interest/vrt
Moneycontrol,Right,Donald Trump faces backlash after posting video depicting Barack and Michelle Obama as monkeys,"The US president is facing criticism after sharing a video on Truth Social that showed offensive images and repeated false claims about the 2020 election. The post spread quickly online and drew strong reactions from politicians and social media users, raising concerns about racism.",https://ground.news/interest/money-controlcom
La Repubblica,Lean Left,Trump's Latest Shame: Turning Obama Into Monkeys Into a Truth Video,,https://ground.news/interest/la-repubblica
Firstpost News,Center,Trump shares AI-generated video showing Barack & Michelle Obama as monkeys in election conspiracy post,"Trump shares AI video depicting Obama as monkeys in election conspiracy post, sparking outrage from Democrats like Gavin Newsom and Ben Rhodes over racist imagery.",https://ground.news/interest/firstpost-news
Globo,Right,Trump Publishes Video that Shows Obama as Macaws and Causes a Reaction of Democrats: 'Ascherroso',racist publication made on the Truth Social platform repeats false claims about the 2020 elections,https://ground.news/interest/globo
The Daily Beast,Left,Trump Posts Vile Video of Obamas in Manic Late-Night Rampage,The 79-year-old president spent the night spewing out conspiracy theories.,https://ground.news/interest/the-daily-beast
Deadline,Center,White House Backtracks After Defending AI Video Of Obamas As Apes Posted On Donald Trump’s Truth Social Account,White House defends apparently AI-generated clip portraying Barack and Michelle Obama as apes shared on Donald Trump's Truth Social account.,https://ground.news/interest/deadline
The LADbible,Center,Donald Trump shared racist monkey video of Barack and Michelle Obama,Donald Trump shared a clip depicting Barack and Michelle Obama as monkeys,https://ground.news/interest/the-ladbible
Anadolu Ajansı,Right,"Trump shares video depicting Obamas as 'monkeys', also repeating election fraud claims",Clip shared by president shows Barack and Michelle Obama as monkeys while repeating widely rejected claims of voting machine manipulation - Anadolu Ajansı,https://ground.news/interest/anadolu-ajans
Penn Live,Center,Donald Trump just shared a video depicting Barack and Michelle Obama as monkeys,The president shared the video on Thursday just before midnight.,https://ground.news/interest/penn-live
La Vanguardia,Lean Left,Trump Shares an Ai-Generated Video Showing Barack and Michelle Obama as Monkeys,"Donald Trump has shared a video on his social network, Truth Social, which shows, in his final image, former President Barack Obama and his wife Michelle characterized as monkeys. The video. edited with artificial intelligence, includes that and other racist details.Continue reading...",https://ground.news/interest/la-vanguardia
keenesentinel.com,Center,"Trump shares, then deletes video clip of Obamas as apes; White House blames a staffer","WASHINGTON — President Donald Trump on Friday deleted from his social media account a video clip depicting former President Barack Obama and former first lady Michelle Obama as apes, following fierce backlash from Democrats and some Republicans who called it…",https://ground.news/interest/keenesentinelcom
De Morgen,Lean Left,"Trump Shares Video of Barack and Michelle Obama as Monkeys, Drawing Criticism: 'There Is No Bottom'",US President Donald Trump has shared a video depicting former President Barack Obama and his wife as monkeys....,https://ground.news/interest/de-morgen
charentelibre.fr,Center,Trump Shockes on Truth Social: Barack and Michelle Obama Caricatured in Monkeys,"Trump crossed a new course in humiliation. On Truth Social, he published a video denouncing alleged malfeasances during the 2020 presidential elections and caricatured the Obama couple as primates.",https://ground.news/interest/charentelibrefr
Le Parisien,Right,"""Ignoble"" : Barack and Michelle Obama Represented in Monkeys in a Video Published by Donald Trump","The current President of the United States has posted a video on Thursday's Truth Social Network, in which appears a video montage of the spouses Obama, represented in monkeys. Several political figures have condemned this publication.",https://ground.news/interest/le-parisien
Novinky.cz,Lean Left,Trump Releases Racist Video Where He Turns Obamas Into Apes,"US President Donald Trump has shared a video in which he racistly portrayed former President Barack Obama and his wife Michelle as primates. In the video, which he shared on his own Truth Social network, he again lied about the 2020 presidential election being rigged.",https://ground.news/interest/novinkycz
Le Figaro,Right,The Obama Couple Represented in Monkeys in a Video Posted on Trump's Account,"Just before the end of the publication, for two seconds, appears a video montage of the spouses Obama, the face hilarious on a primate body, with the jungle in the background.",https://ground.news/interest/le-figaro
KIVI,Center,Trump faces backlash over racist video depicting Obamas as apes,"President Donald Trump is facing backlash after posting a racist video that depicts former President Barack Obama and former first lady Michelle Obama as apes.The minute-long clip includes Trumps repeated, unfounded claims that the 2020 presidential election was rigged. It ends with the heads of the Obamas superimposed on the bodies of apes.RELATED STORY | Critics see Trump attacks on the 'Black Smithsonian' as an effort to sanitize racism in US…",https://ground.news/interest/kivi
Protothema,Right,The Obamas Are Depicted as Monkeys in a Video Released by Trump,"The video, just over a minute long, presents alleged evidence of fraud during the 2020 elections.",https://ground.news/interest/protothema
Malay Mail,Right,"Trump posts conspiracy video depicting Obamas as monkeys, drawing backlash from Democrats","WASHINGTON, Feb 6 — US President Donald Trump yesterday posted an election conspiracy video that depicted former president Barack Obama and his wife Michelle as monkeys, drawing condemnation from prominent Democrats.Near the end of a one-minute-long video posted on Trump’s Truth Social platform, the Obamas are shown with their faces on monkeys for about one second.The video repeats false allegations that ballot-counting company Dominion Voting S…",https://ground.news/interest/malay-mail
CartaCapital,Left,Trump Publishes Video with the Theory of Electoral Conspiracy that Shows the Obamas as Macacos,The post office with racist content and attacks on the former president and his family was strongly criticised by various political leaders in the country,https://ground.news/interest/cartacapitalcombr
Newsweek,Center,Trump shares post depicting Obamas as apes,The racist content in a post on Trump's Truth Social platform sparked a backlash.,https://ground.news/interest/newsweek
Crooks and Liars,Left,WH Responds To Backlash Over Trump's Racist Post Of The Obamas,"Leavitt isn't very good at this. Trump's racism has no bottom, and he doesn't even try to hide it.",https://ground.news/interest/crooksandliarscom
Political Wire,Center,Trump Posts Racist Video of the Obamas,"President Trump “fired off no fewer than 66 posts between 10:36 p.m and 12:25 a.m,” the Daily Beast reports. “That included everything from cute dog videos taken from TikTok to baiting his regular foes Joe Biden and Kamala Harris, as well as New York Mayor Zohran Mamdani.” “But one alarming video sharing conspiracy theories about rigged elections ends with doctored footage of the Obamas, their heads superimposed onto the bodies of animated apes…",https://ground.news/interest/political-wire
News.de,Lean Left,Donald Trump: Racist Obama Representation Causes Horror - Rejection of Trump Demanded,"Donald Trump once again broadcasts unencumbered electoral fraud myths with a video, but at the end of the clip follows a scene that even shocks many of his critics.",https://ground.news/interest/newsde
La Presse,Lean Left,Obama Represented as Monkeys in a Video Montage Published by Trump,"Former U.S. President Barack Obama and his wife Michelle are represented in monkeys in a conspiracy video montage, released Thursday night by President Donald Trump, dedicated to the 2020 presidential election.",https://ground.news/interest/la-presse_39d7a8
Lawyers' Committee for Civil Rights Under Law,Right,Lawyers’ Committee Statement Condemning Trump’s Racist Video of the Obamas,"WASHINGTON, D.C. — Yesterday, President Trump shared a racist video on Truth Social, depicting Barack and Michelle Obama as apes. The video remained up for over 12 hours and was removed following bipartisan backlash. President and Executive Director of the Lawyers’ Committee for Civil Rights Under Law, Damon T. Hewitt,  issued this statement: “Dehumanization is a lethal accelerant used to undermine Black political power and, too often, Black liv…",https://ground.news/interest/lawyers-committee-for-civil-rights-under-law
OpsLens,Right,FINALLY! FBI announces suspect in 2012 Benghazi terror attack in custody * WorldNetDaily * by Bob Unruh,"Source link Muslim terrorists attacked U.S. facilities in Benghazi, Libya in 2012, killing four Americans, Ambassador Chris Stevens, Sean Smith, Tyrone Woods and Glen Doherty. It happened under Barack Obama’s watch, when he appointed Hillary Clinton as secretary of State, and under questioning from Congress later she dismissed the deaths with, “What difference does it",https://ground.news/interest/opslens
American Wire News,Right,'Janitor-level': US arrests Benghazi terror suspect -- ex-CIA targeter Sarah Adams not impressed · American Wire News,"The Justice Department’s latest purported big win toward accountability wasn’t met with unanimous praise, as a Benghazi-related arrest more than a decade coming turned out to be “janitor-level.” Years removed from public hearings and the film “13 Hours,” Americans have not forgotten Ambassador Chris Stevens, former U.S. Navy SEALs Glen Doherty and Tyrone Woods, and Information Officer Sean Smith, all killed in the 2012 Benghazi attack. Friday, a…",https://ground.news/interest/american-wire-news
Buffalo News,Center,Accused militant held in '12 Benghazi attack,"WASHINGTON — A man described as a key participant in the deadly 2012 attack on the U.S.compound in Benghazi, Libya, has been taken into custody to face prosecution in connection with the rampage that killed four Americans and emerged as…",https://ground.news/interest/buffalo-news
Missoulian,Center,US authorities arrest alleged Libyan militant,"WASHINGTON — An alleged participant in the deadly 2012 attack on the U.S.compound in Benghazi, Libya, was taken into custody to face prosecution for the rampage that killed four Americans and emerged as a divisive political issue, the Justice Department…",https://ground.news/interest/missoulian
Revolver,Right,"14 Years Later, Trump Admin Delivers What Obama and Clinton Wouldn’t: A Benghazi Arrest","Attorney General Pam Bondi announced the arrest of a key suspect connected to the September 11, 2012 terrorist attack on the U.S. embassy in Benghazi,",https://ground.news/interest/revolver
The Last Refuge,Far Right,Third Member of Ansar Al Sharia Captured and Indicted for Participating in Benghazi Attack,"A lesser-known member of Ansar al Sharia, the Islamic group who conducted the attack on the U.S. consulate in Benghazi Libya, Zubayar Al-Bakoush, was captured and indicted by federal law enforcement. Attorney General Pam Bondi made the announcement earlier today. Bakoush is labeled as a leading ‘facilitator’, essentially a ground planner of Ansar al Sharia […]",https://ground.news/interest/the-last-refuge
ABC Australia,Lean Left,Accused militant in deadly 2012 Benghazi attack faces US court,"Zubayar Al-Bakoush, 58, has been wanted by the United States for more than a decade for his alleged role in the attack, which killed four Americans, including the US ambassador to Libya.",https://ground.news/interest/abc-australia
armedforces.press,Far Right,“A Complete Waste!” Benghazi Survivor Responds to the Arrest & Extradition of Zubayar al-Bakoush - Colorado Free Press,"For the families and survivors, that’s unacceptable. They deserve answers that never fully came and consequences that never fully landed — for the Americans who left them to die. One more foreign arrest does nothing to hold them accountable. That isn’t justice — it’s paperwork.",https://ground.news/interest/armedforcespress
The National Pulse,Right,The FBI Has Captured a Major Suspect in the 2012 Benghazi Attack.,"PULSE POINTSWHAT HAPPENED: The Federal Bureau of Investigation (FBI) has arrested Zubayr Al-Bakoush, a key suspect in the 2012 Benghazi terrorist attack, on charges including murder, terrorism, and arson.WHO WAS INVOLVED: Zubayr Al-Bakoush, FBI Director Kash Patel, Attorney General Pam Bondi, and U.S. Attorney Jeannine Pirro.WHEN & WHERE: Al-Bakoush landed at Andrews Air Force Base early Friday morning; the charges date back to the 2012 Benghazi…",https://ground.news/interest/the-national-pulse
Arutz Sheva,Right,Benghazi attack suspect transferred to US to face murder charges,Benghazi attack suspect Zubayr al-Bakoush transferred to the US to face charges tied to 2012 attack that killed four Americans.,https://ground.news/interest/arutz-sheva
NEWSREP,Right,"Evening Brief: Benghazi Suspect Brought to US for Prosecution, Dozens Killed in Pakistan Mosque Attack, Trump in Hot Water After His Social Media Account Depicts Obamas as Apes","From a Benghazi suspect finally landing in U.S. custody, to a suicide bomber turning Friday prayers in Islamabad into a massacre, to a president amplifying imagery many see as overtly racist, the throughline is stark and uncomfortable, justice can arrive late, violence arrives fast, and the political temperature keeps rising no matter the cost. #EveningBrief #Trump #Obamas #Apes #SOFREP #Benghazi #MSN",https://ground.news/interest/newsrep
WKYT,Center,U.S. captures suspect tied to 2012 Benghazi attack,"A suspect in the 2012 terror attack on a U.S. diplomatic compound in Benghazi, Libya is now in U.S. custody, facing terrorism-related charges in the deaths of four Americans.",https://ground.news/interest/wkyt
Straight Arrow News,Center,Key figure in deadly attack on US compound in Benghazi arrested,"A man identified as a key participant in the 2012 attack that killed four Americans in a U.S. compound in Benghazi, Libya, is in custody, the Department of Justice said Friday.  Zubayar Al-Bakoush, a member of an extremist militia in Libya, had been wanted by the U.S. for more than a decade, The Associated Press reports. DOJ officials said he joined a mob of armed men that broke into the compound during a 13-hour firefight. The attack became a m…",https://ground.news/interest/straight-arrow-news
Tagesschau,Center,"Usa Arrests ""Key Figure"" in Benghazi Attack","The attack on the US consulate in Benghazi, Libya, 14 years ago shook US politics. Secretary of State Clinton was accused of negligence. Now the Justice Department has announced the arrest of a ""key figure"".",https://ground.news/interest/tagesschau
NOS,Right,Us Arrests Suspect in 2012 Libyan Consulate Attack,"The United States has arrested a suspect in connection with the deadly 2012 attack on the US consulate in Benghazi, Justice Minister Bondi announced. Four Americans were killed in the attack in Libya, including then-ambassador Christopher Stevens. The main suspect was sentenced to nearly twenty years in prison in 2020. The newly arrested suspect, Zubayar al-Bakoush, is the third person arrested in the case, according to The New York Times. It is…",https://ground.news/interest/nos_4ae905
BBC News,Center,"Suspect in deadly 2012 Benghazi attack in custody, officials say","The man was flown into Joint Base Andrews in Maryland, after a foreign transfer of custody.",https://ground.news/interest/bbc-news_bf95f4
Mass Live,Center,"‘Key participant’ in Benghazi attack that killed 4, including Mass. man, arrested","The man, identified by officials as a member of an extremist militia in Libya, had been wanted by the United States for more than a decade.",https://ground.news/interest/mass-live
Newser,Lean Left,Key Benghazi Suspect Is in US Custody: Bondi,"A key participant in the deadly 2012 attack on the US compound in Benghazi, Libya, that killed four Americans has been taken into custody and will be prosecuted, Attorney General Pam Bondi said Friday. Bondi said in a news conference that Zubayr Al-Bakoush had landed at Joint Base Andrews at...",https://ground.news/interest/newsercom
OAN,Right,DOJ: Third suspect linked to 2012 Benghazi attack arrested after ‘foreign transfer of custody’,"The Department of Justice (DOJ) announced on Friday that a third key participant in the 2012 terrorist attack on American facilities in Benghazi, Libya, has been arrested and brought into U.S. custody to face federal charges.",https://ground.news/interest/oan
sta.si,Center,Us Arrests One of Suspects in 2012 Benghazi Consulate Attack,"US Attorney General Pam Bondi told reporters today that they have arrested one of the key participants in the attack on their consulate in Benghazi, Libya, on September 11, 2012, in which, among other things, then-US Ambassador Christopher Stevens was killed.",https://ground.news/interest/stasi
Live Mint,Center,"2012 Benghazi consulate attack in focus: Key suspect Zubayar al-Bakoush arrested, charges pressed - What we know so far","Pam Bondi said Zubayar al-Bakoush has been extradited to the United States and will face murder, arson and terrorism-related charges",https://ground.news/interest/live-mint
Dallas News,Center,"Accused militant taken into custody in deadly 2012 Benghazi attack, DOJ says","A man described as a key participant in the deadly 2012 attack on the U.S. compound in Benghazi, Libya, has been taken into custody and will be prosecuted in...",https://ground.news/interest/dallas-news
realnewsnow.com,Far Right,U.S. Captures ‘Key Participant’ In Deadly 2012 Embassy Attack - Real News Now,"The Justice Department announced Friday that Zubayr al-Bakoush, a key suspect in the 2012 Benghazi terrorist attack, has been captured overseas and brought to the United States to face justice. Al-Bakoush arrived at Andrews Air Force Base at 3:00 a.m., where he was met by Attorney General Pam Bondi, FBI Director Kash Patel, and U.S. Attorney Jeanine Pirro. “Al-Bakoush will now face American justice on American soil,” Bondi stated. “We will prose…",https://ground.news/interest/realnewsnowcom
CNN,Lean Left,"FBI arrests ‘key participant’ behind Benghazi attack, Bondi says","Attorney General Pam Bondi announced Friday that the FBI has arrested a “key participant” behind the 2012 Benghazi terror attack in Benghazi, Libya.",https://ground.news/interest/cnn
Hot Air,Right,What Difference Does It Make If We *checks notes* Finally Got a Benghazi Terrorist,"Zubayr al-Bakoush, a Benghazi attack suspect, was captured and brought to US custody after over a decade.",https://ground.news/interest/hot-air
CBS News,Center,Suspect in 2012 Benghazi attack arrested and brought to the U.S.,"The FBI has arrested &quot;one of the key participants&quot; behind the attack on U.S. facilities in Benghazi, Libya, in 2012 that killed four Americans.",https://ground.news/interest/cbs-news
PerthNow,Center,US arrests suspect in 2012 attack on consulate in Libya,"The US Federal Bureau of Investigation says it has arrested one of the ""key participants"" in a co-ordinated attack on a US consulate in Libya 13 years ago.",https://ground.news/interest/perthnow
Spectrum Local News,Center,DOJ: Accused militant taken into custody in deadly 2012 Benghazi attack,Bondi said in a news conference that Zubayr Al-Bakoush had landed at Joint Base Andrews at 3 a.m. on Friday.,https://ground.news/interest/spectrum-local-news
Globo,Right,The Us Says It Has Arrested a Suspect in the 2012 Attack on the American Consulate in Libya.,"Zubayar al-Bakoush has been extradited to the United States and will face charges of murder, arson, and terrorism-related crimes.",https://ground.news/interest/globo
tippinsights,Right,Suspect In Deadly 2012 Benghazi Attack Now In U.S. Custody,"Federal authorities have arrested and transferred to the United States a suspect accused of taking part in the 2012 terrorist attack on U.S. facilities in Benghazi, Libya, that killed four Americans. Attorney General Pam Bondi said the FBI captured Zubayar al-Bakoush overseas and brought him to the U.S. to face justice. BREAKING: Attorney General Pam Bondi announces the FBI has arrested a key participant in the Benghazi attack. Zubayr Al-Bakoush…",https://ground.news/interest/tippinsights
Breitbart,Right,VIDEO — 'American Justice': U.S. Officials Arrest Benghazi Terror Attack Suspect,"Federal officials have arrested a suspected leader of the 2012 attack on the U.S. consulate in Benghazi, Libya, and U.S. Attorney General Pam Bondi vowed he will face ""American justice."" The post VIDEO — ‘American Justice’: U.S. Officials Arrest Benghazi Terror Attack Suspect appeared first on Breitbart.",https://ground.news/interest/breitbart
One News Page,Center,"FBI, CIA Apprehend Key Suspect In 2012 Benghazi Attack, Bondi Vows To Hunt Down Others","FBI, CIA Apprehend Key Suspect In 2012 Benghazi Attack, Bondi Vows To Hunt Down Others Many mysteries still surround the 2012 attack on the American consulate and nearby CIA outpost in Benghazi, Libya which led to the deaths of four Americans, including US Ambassador to Libya Christopher…",https://ground.news/interest/one-news-page
News Addicts,Far Right,FBI Arrests Top Architect Of Benghazi Attack,"The United States has arrested Zubayr Al-Bakoush, an alleged ringleader in the 2012 terrorist attack on the U.S. consulate in Benghazi, bringing a long-running national security case back into the spotlight. Attorney General Pam Bondi, FBI Director Kash Patel and U.S. Attorney Jeanine Pirro announced the arrest Friday, saying Al-Bakoush is now in U.S. custody […] The post FBI Arrests Top Architect Of Benghazi Attack appeared first on News Addict…",https://ground.news/interest/newsaddictscom
Star Advertiser,Center,Bondi: U.S. arrests suspect in 2012 Benghazi consulate attack | Honolulu Star-Advertiser,"WASHINGTON >> The U.S. has arrested a person suspected of playing a central role in the 2012 attack on its consulate in Benghazi, Libya, Attorney General Pam Bondi said today.",https://ground.news/interest/star-advertiser
World,Right,"DOJ captures, charges suspect in 2012 Benghazi attack","WORLD is a news organization producing Biblically sound, daily coverage of global, national, and cultural current events.",https://ground.news/interest/wngorg
France24,Center,US arrests ‘key participant’ in deadly 2012 Benghazi consulate attack,"The US has arrested and extradited a ""key participant"" in the 2012 attack on its consulate in Benghazi, Libya, which killed four Americans, including Ambassador Chris Stevens, Attorney General Pam ​Bondi said Friday. The suspect will face charges in a US court. The attack was a divisive political issue, with Republicans accusing Barack Obama and Hillary Clinton of security failures.",https://ground.news/interest/france24
Raw Story,Left,Pam Bondi comment about Trump's memory leads to mockery online: 'He can barely remember',"Mockery erupted online Friday over Attorney General Pam Bondi's comment that ""Donald Trump never forgets.""Bondi was speaking at a press conference where the Department of Justice announced an arrest of a suspect in the 2012 Benghazi attack when she made the remark. The internet was quick to point ou...",https://ground.news/interest/raw-story
The spokesman-Review,Lean Left,Justice Dept. announces arrest of ‘key participant’ in 2012 Benghazi attack,"Justice Department officials on Friday announced the arrest of a man they described as “a key participant” in the 2012 attack in Benghazi, Libya, that killed a U.S. ambassador and three other Americans.",https://ground.news/interest/the-spokesman-review
The Gateway Pundit,Far Right,BREAKING: Pam Bondi Announces Arrest of Key Suspect in the 2012 Benghazi Attack,Attorney General Pam Bondi announced on Friday morning that the FBI arrested one of the key players behind the deadly terrorist attack against the US Consulate in Benghazi.,https://ground.news/interest/the-gateway-pundit
The Hill,Center,"Feds arrest suspect in 2012 Benghazi consulate attack, Bondi says","Federal authorities have arrested a suspect in connection with the 2012 attack on the U.S. consulate in Benghazi, Libya that killed four Americans, according to Attorney General Pam Bondi.  The suspect, Zubayr al-Bakoush, has been extradited to the United States to face charges related to murder, terrorism and arson, Bondi announced at a press conference…",https://ground.news/interest/the-hill
Le·gal In·sur·rec·tion,Right,"Benghazi Terror Suspect Apprehended, Extradited to U.S.","Never ever forget Ambassador Chris Stevens, Sean Smith, Glen Doherty, and Tyrone Woods.",https://ground.news/interest/le-gal-in-sur-rec-tion
The Western Journal,Right,Breaking: FBI Arrests 'One of the Key Participants Behind the Benghazi Attack',"The Justice Department said Friday that the FBI had arrested Zubayr Al-Bakoush, a ringleader in the 2012 attack on the U.S. consulate in Benghazi, Libya. The arrest was announced by […] The post Breaking: FBI Arrests 'One of the Key Participants Behind the Benghazi Attack' appeared first on The Western Journal.",https://ground.news/interest/the-western-journal
Al Jazeera,Lean Left,US attorney general says ‘key participant’ in 2012 Benghazi attack arrested,Zubayr ‌al-Bakoush facing charges related to killing of US ambassador Christopher Stevens and three other US citizens.,https://ground.news/interest/al-jazeera_1a2e2c
Action News Now,Center,"Benghazi attack suspect Al-Bakoush arrested, lands at Joint Base Andrews",U.S. Attorney Jeanine Pirro said that an eight-count indictment charged Al-Bakoush with crimes including the murders of Ambassador Chris Stevens and State Department employee Sean Smith.,https://ground.news/interest/actionnewsnowcom
NBC News,Lean Left,"Key participant in 2012 Benghazi attack has been brought to U.S. to face charges, DOJ says",A man accused in the 2012 attack on a U.S. diplomatic mission in the Libyan city of Benghazi that killed four Americans appeared before a U.S. judge on Friday to face criminal charges.,https://ground.news/interest/nbc-news
Fox 9,Center,DOJ announces arrest of alleged leader of 2012 attack on US consulate in Benghazi that left 4 Americans dead,The Department of Justice on Friday announced the arrest of one of the alleged leaders of the 2012 attack on the U.S. consulate in Benghazi that killed four Americans.,https://ground.news/interest/fox-9
HuffPost,Left,DOJ Announces Arrest Of Suspect In 2012 Benghazi Attack,"Attorney General Pam Bondi says a key participant in the attack on a U.S. compound in Benghazi, Libya, that killed four Americans is in custody.",https://ground.news/interest/huffpost
The Epoch Times,Right,"US Arrests Key Suspect in 2012 Benghazi Attack, DOJ Announces","WASHINGTON—The U.S. government has apprehended a key suspect in the Sept. 11, 2012, attack on U.S. diplomatic outposts in Benghazi, Libya, Attorney General Pam Bondi announced on Feb. 6. Speaking to reporters on Friday, Bondi identified the arrested suspect as Zubayar ⁠al-Bakoush. Bondi said the FBI apprehended Bakoush, but did not specify where he was found. “The individual was apprehended and transferred over the night and into custody early t…",https://ground.news/interest/the-epoch-times
Komo News,Center,Bondi announces the arrest of one of the key participants in Benghazi attack,Attorney General Pam Bondi announced Friday during a press conference that the U.S. has arrested a key participant in the Benghazi attack in 2012.,https://ground.news/interest/komo-news
WABC,Right,Third 2012 Benghazi Consulate Attack Suspect Arrested,"(Washington, DC) – U.S. authorities have taken a suspect into custody in connection with the deadly 2012 attack on the American consulate in Benghazi, Libya, according to Attorney General Pam Bondi. Bondi announced Friday that Zubayar al-Bakoush has been extradited to the United States and will face federal charges including murder, arson, and terrorism-related offenses. “The FBI has arrested one of the key participants behind the Benghazi attac…",https://ground.news/interest/wabc
Watauga Democrat,Center,"Benghazi attack suspect arrested, will face charges in U.S.","(The Center Square) – A suspect in a 2012 attack on a United States compound in Benghazi, Libya, that killed four Americans was arrested and will be prosecuted in the U.S., Attorney General Pam Bondi said on Friday.",https://ground.news/interest/watauga-democrat
Las Vegas Review-Journal,Center,"Accused militant is taken into custody in the deadly 2012 Benghazi attack, DOJ says","Zubayar Al-Bakoush, identified by officials as a member of an extremist militia in Libya, had been wanted by the United States for more than a decade.",https://ground.news/interest/las-vegas-review-journal
The Detroit News,Center,"U.S. arrests suspect in 2012 Benghazi consulate attack, Bondi says","Four U.S. personnel were killed in the September 11, 2012, incident.",https://ground.news/interest/the-detroit-news
WBAL-TV,Center,"'Key participant' in custody in 2012 Benghazi, Libya, attack, Bondi says","A “key participant” in the 2012 attack on a U.S. compound in Benghazi, Libya, that killed four Americans is in custody, Attorney General Pam Bondi said",https://ground.news/interest/wbal-tv
Mediaite,Lean Left,JUST IN: Justice Department Announces Arrest of Suspect in Benghazi Attack,"Attorney General Pam Bondi on Friday announced the Justice Department apprehended a suspect of the 2012 attack in Benghazi, Libya.",https://ground.news/interest/mediaite
The Independent,Lean Left,Benghazi attack suspect arrested 14 years after deadly ambush on US compound,,https://ground.news/interest/the-independent_ff73a6
Conservative Review,Right,FBI Arrests ‘Key’ Participant In 2012 Benghazi Terror Attack,The FBI has arrested a key participant in the 2012 Benghazi terrorist attack.,https://ground.news/interest/conservative-review
The Daily Caller,Right,FBI Arrests 'Key' Participant In 2012 Benghazi Terror Attack,The FBI has arrested a key participant in the 2012 Benghazi terrorist attack.,https://ground.news/interest/the-daily-caller
Live5News,Center,"‘Key participant’ in 2012 Benghazi attack is in custody, Bondi says","Attorney General Pam Bondi announced a “key participant” in the 2012 attack on a U.S. mission in Benghazi, Libya, is now in custody.",https://ground.news/interest/http-wwwlive5newscom
New York Post,Right,Mastermind behind Benghazi attack arrested and in US custody as Bondi takes dig at Hillary Clinton,"WASHINGTON — One of the architects of the 2012 attack at a US embassy in Benghazi, Libya, has been arrested and will be brought to justice, Trump administration officials announced Friday.",https://ground.news/interest/new-york-post
San Gabriel Valley Tribune,Center,"‘Key participant’ in custody in 2012 Benghazi, Libya, attack that killed 4 Americans, Bondi says","Attorney General Pam Bondi says a key participant in 2012 attack on a U.S. compound in Benghazi, Libya, that killed four Americans is in custody.",https://ground.news/interest/san-gabriel-valley-tribune
abc News,Lean Left,"Benghazi attack suspect caught, extradited to US: DOJ",A suspect in the 2012 terrorist attack on the U.S. embassy in Benghazi has been arrested and brought back to the United States.,https://ground.news/interest/abc-news_409efb
Ynet News,Lean Left,US: 'Key participant' in 2012 Libya consulate attack arrested,,https://ground.news/interest/ynet-news
Newsweek,Center,US captures suspect in 2012 Benghazi attack,"The 2012 attack on the US embassy in Benghazi left four Americans dead, including the ambassador.",https://ground.news/interest/newsweek
Reuters,Center,"US arrests suspect in 2012 Benghazi consulate attack, Bondi says","The U.S. has arrested a person suspected of playing a role in the 2012 attack on its consulate in Benghazi, Libya. Attorney General Pam Bondi said on Friday.",https://ground.news/interest/reuters_fa2539
Associated Press News,Lean Left,Accused militant is taken into custody in the deadly 2012 Benghazi attack,"The Justice Department says a key participant in the deadly 2012 attack on the U.S. compound in Benghazi, Libya, has been taken into custody and will be prosecuted in Washington in connection with the rampage that killed four Americans and became a divisive political issue.",https://ground.news/interest/associated-press-news
Fox News,Right,Benghazi terror suspect extradited to face US charges,"Zubayr Al-Bakoush, who was allegedly one of the leaders of the 2012 attack on the U.S. consulate in Benghazi, has been arrested and extradited to the U.S.",https://ground.news/interest/fox-news_a44aba
Anadolu Ajansı,Right,US announces arrest of suspect linked to 2012 Benghazi attack,"'One of the key participants' behind attack to 'face charges related to murder, terrorism, arson, among others,' Attorney General Pam Bondi says - Anadolu Ajansı",https://ground.news/interest/anadolu-ajans
Newsmax,Right,AG Bondi: Benghazi Suspect Arrested,,https://ground.news/interest/newsmax
PBS NewsHour,Lean Left,DOJ announces arrest of 'key participant' in the 2012 Benghazi attack,"A key participant in the deadly 2012 attack on the U.S. compound in Benghazi, Libya, that killed four Americans has been taken into custody and will be prosecuted in their deaths, Attorney General Pam Bondi said Friday.",https://ground.news/interest/pbs-newshour
UPI,Center,"U.S. takes custody of suspect in 2012 consulate attack in Benghazi, Libya","The United States on Friday took custody of a suspect in the 2012 attack on the U.S. consulate in Benghazi, Libya, that killed four Americans.",https://ground.news/interest/upi_0b956e
The Daily Wire,Right,BENGHAZI BOMBSHELL: U.S. Captures ‘Key Participant’ In Deadly 2012 Embassy Attack,"The Department of Justice said Friday morning that a key figure in the 2012 Benghazi attack has been brought to the United States to face justice.Attorney General Pam Bondi said that Zubayr al-Bakoush was captured overseas and flown to the United States, arriving at Andrews Air Force Base at 3:00 a.m. Friday morning, where he was greeted by FBI Director Kash Patel and U.S. Attorney Jeanine Pirro.“Al-Bakoush will now face American justice on Amer…",https://ground.news/interest/the-daily-wire
RedState,Right,Breaking: FBI/DOJ Announce Capture of Benghazi Suspect,FBI and DOJ announce capture and extradition of Benghazi terror suspect Zubayr Al-Bakoush to face US charges.,https://ground.news/interest/redstate
PJ Media,Far Right,BREAKING: Benghazi Terrorist Extradited to U.S. to Face Justice,Terrorist from 2012 Benghazi attack extradited to U.S. to face justice under Trump administration.,https://ground.news/interest/pj-media
Townhall,Right,Benghazi Terrorist Zubayr Al-Bakoush Is Now in U.S. Custody,"Zubayr Al-Bakoush, Benghazi terror suspect, captured and extradited to the U.S. to face charges.",https://ground.news/interest/townhall
The Free Press (Tampa),Right,The Long Arm Of Justice: Benghazi Terror Suspect Finally Faces American Soil,"Nearly fourteen years after the black smoke cleared over a burning compound in Libya, the silence that followed the Benghazi attacks has finally been broken by the sound of handcuffs. In a dramatic early-morning operation, federal authorities announced the arrest and extradition of a key participant in the 2012 siege that claimed the lives of […] The Long Arm Of Justice: Benghazi Terror Suspect Finally Faces American Soil",https://ground.news/interest/the-free-press-tampa
Al-Monitor,Lean Left,"US arrests Benghazi suspect, Bondi says","WASHINGTON, Feb 6 (Reuters) - The United States has arrested a person suspected of playing a role in the 2012 attack on the U.S. consulate in Benghazi, Libya. Attorney General Pam Bondi said on Friday.Bondi said Zubayar al-Bakoush has been extradited to the United States and will face murder, arson and terrorism related charges.",https://ground.news/interest/al-monitor
Just the News,Right,"Patel says alleged terrorist in 2012 Benghazi attack extradited to US, will face charges","""After more than a decade of American pursuit, Al-Bakoush landed in Virginia earlier this morning and is in custody,"" FBI Director Kash Patel said",https://ground.news/interest/justthenewscom
KVUE,Center,"Bondi says 'key participant' in custody in 2012 Benghazi, Libya, attack that killed 4 Americans","Attorney General Pam Bondi says a ""key participant"" is in custody in 2012 attack on a U.S. compound in Benghazi, Libya, that killed four Americans. The 2012...",https://ground.news/interest/kvue
abc10 News,Center,US captures key Benghazi attack suspect to face charges in 2012 killings,"A key participant in the deadly 2012 attack on the U.S. compound in Benghazi, Libya, that killed four Americans has been taken into custody and will be prosecuted in their deaths, Attorney General Pam Bondi said FridayBondi said in a news conference that Zubayr Al-Bakoush had landed at Joint Base Andrews in Maryland at 3 a.m. on Friday.We have never stopped seeking justice for that crime against our nation, Bondi said.RELATED STORY | President T…",https://ground.news/interest/abc10-news
Times of San Diego,Center,Would you or I get the same media coverage Nancy Guthrie is receiving?,"If you’re a true-crime junkie like me, there’s a good chance you have been following at least some of the coverage of missing Arizona mom Nancy Guthrie. The 84-year-old Tucson resident is best known as the mother of NBC News personality Savannah Guthrie. The elder Guthrie went missing on Feb. 1 and has not been seen or heard from since. Theories include that she was kidnapped from her home by a stranger or strangers and is being held for ransom.…",https://ground.news/interest/times-of-san-diego
SheKnows,Lean Left,"Savannah Guthrie’s Mom’s Alleged Kidnappers Issued a Terrifying Warning, Source Says","The ransom note deadlines in the search for Savannah Guthrie’s 84-year-old mother, Nancy, have come and gone, and the family is left with more questions than answers. The terror they are going through is unimaginable, and TMZ’s Harvey Levin revealed new details in the ransom note the media outlet received now that the Monday, February 9 deadline has passed. “I’ll read you one line from the ransom note we received,” he shared on the February …",https://ground.news/interest/sheknows
Times of India,Right,Nancy Guthrie update: FBI ‘not aware’ of any continued contact with kidnappers as ransom deadline passes,"The Nancy Guthrie disappearance refuses to die down anytime soon. The ransom deadline came and went Monday night, but there’s still no word from Nancy.",https://ground.news/interest/times-of-india
The Hill,Center,"FBI not aware of ‘continued’ communication between Guthrie family, suspected kidnappers as ransom deadline passes","The FBI on Monday said it was “not aware of any continued communication between” Nancy Guthrie’s family and her suspected kidnappers, with a reported ransom deadline having already passed. “For more than a week, FBI agents, analysts, and professional staff have worked around the clock to reunite Nancy Guthrie with her family,” the bureau said…",https://ground.news/interest/the-hill
India Today,Right,Savannah Guthrie appeals for public help as search for her mother enters 2nd week,"The Federal Bureau of Investigation has joined the search, placing digital billboards in several cities across Texas, California, Arizona and New Mexico. The agency is offering a reward of $50,000 for information leading to Nancy Guthrie’s recovery.",https://ground.news/interest/india-today
NZ Herald,Center,Savannah Guthrie family in ‘hour of desperation’ as mother feared kidnapped,A US TV host whose family has been at the centre of national attention for a week since her elderly mother was apparently kidnapped says she and her siblings...,https://ground.news/interest/nz-herald
South China Morning Post,Center,Mystery deepens in Guthrie case as purported ransom deadline passes,The FBI says it still has no suspects as ‘Today’ show co-host again appeals for the public’s help to find her mother.,https://ground.news/interest/south-china-morning-post
IBTimes UK,Lean Left,Savannah Guthrie Pleads for Help in Finding Missing Mom Nancy Guthrie,"Nancy Guthrie, the mother of television personality Savannah Guthrie, has been missing for an entire week. During this time, multiple demands for ransom have been made public by her abductors, and Savannah and her siblings have been responding publicly to whoever kidnapped their mother.The motive for Nancy's abduction remains unclear. However, fears for her safety continue to loom due to her health issues. Nancy is 84 years old and requires her …",https://ground.news/interest/ibtimes-uk
KTLA 5,Center,Savannah Guthrie pleads for help in new video,"""Today"" show host Savannah Guthrie took to social media on Monday afternoon, making an emotional plea right before a deadline to pay a $6 million ransom for her mom's return. The Guthrie family said they are willing to pay. She expressed her gratitude for the prayers and support she and her family have received as [...]",https://ground.news/interest/ktla-5
PBS NewsHour,Lean Left,Savannah Guthrie makes new video plea as ransom deadline for her missing mother nears,"Savannah Guthrie said in a video released Monday that her family is “at an hour of desperation” in the search for the “Today” show host's missing mother, ahead of Monday evening's looming ransom deadline set by the purported abductors.",https://ground.news/interest/pbs-newshour
WSMV Nashville,Center,Savannah Guthrie says family at ‘an hour of desperation’ in video plea for mom’s return: ‘Another week of this nightmare’,"‘Today’ co-host Savannah Guthrie has posted another video plea urging for her missing mother’s return, asking for the public’s help as the family enters “another week of this nightmare.”",https://ground.news/interest/wsmv-nashville
HuffPost,Left,Savannah Guthrie Makes New Plea As Missing Mother's Ransom Deadline Nears,Guthrie said her family is “at an hour of desperation” as the search for Nancy Guthrie continues.,https://ground.news/interest/huffpost
Fortune,Center,Nancy Guthrie family faces $6 million Bitcoin ransom demand: How such a payment would take place,Savannah Guthrie and her siblings released a video saying ‘we will pay’.,https://ground.news/interest/fortune
WACH,Right,"FBI offers $50,000 reward as police review multiple ransom notes in Guthrie case",Authorities are still searching for a suspect in the apparent kidnapping of 84-year-old Nancy Guthrie more than a week after she was reported missing.,https://ground.news/interest/wach
Fox 25 Oklahoma City,Center,Authorities try to find breakthrough with deadline nearing in Guthrie kidnapping,Authorities are still searching for a suspect in the apparent kidnapping of 84-year-old Nancy Guthrie more than a week after she was reported missing.,https://ground.news/interest/fox-25-oklahoma-city
CBN,Right,'Pray for Nancy's Rescue': Ransom Deadline Arrives for Nancy Guthrie,"As the search for Nancy Guthrie enters day nine, her community continues to pray while her family promises to pay a rans",https://ground.news/interest/cbn
Channel 4,Lean Left,Nancy Guthrie kidnapping latest: family agrees to pay ransom,"The ransom deadline is fast approaching in the kidnapping of 84-year-old Nancy Guthrie, mother of NBC host Savannah Guthrie. The FBI is offering a $50,000 reward for information and the exact ransom the kidnappers have asked for hasn’t been revealed, but some media outlets in the US have reported that it’s in the millions. The US news anchor’s mother Nancy disappeared in the middle of night from her home on the outskirts of Tucson in Arizona, au…",https://ground.news/interest/channel-4
Court TV,Center,Nancy Guthrie Search: Critical $6M Ransom Deadline Approaches,A critical deadline in the search for Nancy Guthrie approaches as an alleged ransom note demanding $6 million dollars in Bitcoin by 5:00 pm quickly approaches. Savannah Guthrie and her siblings posted a third Instagram video begging for their mother’s return. (2/9/26),https://ground.news/interest/court-tv
KDFW,Center,Savannah Guthrie releases new video in wake of Nancy's disappearance: 'We believe our mom is still out there',"Savannah Guthrie issued a desperate new plea for the return of her 84-year-old mother, Nancy, who was abducted from her Tucson home on Jan. 31 and remains without vital medication.",https://ground.news/interest/kdfw
National Post,Right,Savannah Guthrie offers to pay for mom's return in message to apparent abductor: 'We received your message',"""Today"" co-anchor Savannah Guthrie sent a public message to her missing mother's apparent kidnapper Saturday, signaling that she had received communication and offering money to secure her mother's safe return.",https://ground.news/interest/national-post
Hello!,Center,Nancy Guthrie's deadline for '$6 million' ransom looms — what we know about demand,"Savannah Guthrie's missing mom's $6 million' ransom is fast approaching as the search for the Today host's mother intensifies, here's what we know about the demand",https://ground.news/interest/hellomagazinecom
The Laconia Daily Sun,Lean Left,Why Nancy Guthrie Cops Searched Searched Septic Tank – SWAT Expert Explains,Officers were seen opening a manhole cover behind Savannah Guthrie mom's home.,https://ground.news/interest/the-laconia-daily-sun
Axios,Lean Left,"""An hour of desperation"": Savannah Guthrie asks for public's help",,https://ground.news/interest/axios
World Socialist Web Site,Left,"The Guthrie kidnapping, the US media and the thousands of ICE abductions","This is a frightening and tragic situation for the Guthrie family, no doubt affecting dozens of people at this point and perhaps for the rest of their lives.",https://ground.news/interest/world-socialist-web-site
Hawaii Tribune-Herald,Center,Nancy Guthrie ransom note demands $6 million,"A purported ransom note in Nancy Guthrie’s apparent kidnapping demanded $6 million, according to a report aired Sunday.",https://ground.news/interest/hawaii-tribune-herald
The Express Tribune,Center,Police search septic tank at Nancy Guthrie’s home as missing person inquiry continues,"On Saturday evening, Savannah Guthrie issued another public appeal to her mother’s alleged kidnappers",https://ground.news/interest/the-express-tribune
The New York Sun,Right,Search for Nancy Guthrie Reaches Second Week With No Suspects and Plenty of Questions About Local Cops,Family says it will pay ransom as new deadline looms.,https://ground.news/interest/the-new-york-sun
KGUN 9,Center,Law enforcement search continues for Nancy Guthrie,"The investigation into missing NBC Today show anchor Savannah Guthrie's mother Nancy Guthrie has dramatically escalated from initial ""concerns"" to a possible kidnapping case, according to Pima County Sheriff Chris Nanos.When KGUN9 News reporter Andrew Christiansen first reported from the Guthrie family home last Sunday, there was no crime scene tape and deputy vehicles had no emergency lights activated. A week later on Sunday, there was a PCSD v…",https://ground.news/interest/kgun-9
Arizona Daily Independent,Right,California Man Charged with Making Ransom Demand Guthrie case,"The FBI has arrested a California man, Derrick Callella, charging him for transmitting a demand for ransom in interstate commerce, and without disclosing his identity, utilizing a telecommunications device with the intent to abuse, threaten, or harass a person. The 42-year-old Callella, is accused of sending the Guthrie family a hoax ransom letter. He's accused...",https://ground.news/interest/arizona-daily-independent
The Daily News of Newburyport,Lean Left,Investigation continues a week after Savannah Guthrie's mother disappeared,"The investigation into the apparent kidnapping of Nancy Guthrie, mother of ""Today"" show host Savannah Guthrie, continues. Authorities believe she was taken last weekend. Savannah Guthrie addressed potential kidnappers in a social media video, stating the family is prepared to…",https://ground.news/interest/the-daily-news-of-newburyport
Entertainment Weekly,Lean Left,Authorities search Annie Guthrie's home in the case of missing mom Nancy,"Agents were seen at the home belonging to ""Today"" anchor Savannah Guthrie's older sister just hours after all three Guthrie siblings posted an update on the case.Nancy, Savannah, and Annie Guthrie Savannah Guthrie/InstagramLaw enforcement agents were seen searching the home of Annie Guthrie, the older sister of Today anchor Savannah Guthrie, amid the ongoing investigation into their mother Nancy's disappearance.Fox News crime reporter Sarah Rump…",https://ground.news/interest/entertainment-weekly
American Faith,Right,$6M Bitcoin Ransom Shocks Family in Guthrie Kidnapping Case,"The individuals claiming responsibility for the disappearance of Nancy Guthrie, mother of “Today” show co-anchor Savannah Guthrie, are demanding $6 million in bitcoin, according to reporting from a Tucson television station that says it received one of several ransom notes. KGUN9 reporter JJ McKinney stated that the message warned Nancy Guthrie’s life could be in danger if the payment is not delivered by a deadline set for 5 p.m. local time Mond…",https://ground.news/interest/american-faith
Revolver,Right,Authorities Spotted Searching Septic Tank Behind Savannah Guthrie's Mom's House in Latest Update,Cops are searching the septic tank behind Nancy Guthrie's Arizona home as they continue to investigate her disappearance.,https://ground.news/interest/revolver
News,Right,‘We will pay’: New plea for missing mum,"TV host Savannah Guthrie has released a second emotional video pleading with her mother’s kidnappers to return the 84-year-old, saying “we received your message”.",https://ground.news/interest/news_356a3f
Expressen,Right,Threatens to Kill Tv Personality's Missing Mother,"The suspected kidnapping of American TV personality Savannah Guthrie's mother is now entering its eighth day. According to American media, the alleged perpetrators have demanded a multi-million dollar ransom - under threat of deadly force.",https://ground.news/interest/expressen
WLTReport,Far Right,Authorities Are Searching Septic Tank Behind Nancy Guthrie's Home,"The search for Nancy Guthrie has now reached a full week. As previously reported in the WLT Report, Nancy Guthrie, 84, the mother of NBC News star Savannah Guthrie, went missing from her home in Arizona last Saturday night, and so far, authorities have no suspects. Authorities on Tuesday further revealed that Guthrie’s pacemaker stopped syncing with her iWatch on Sunday, a day after she first disappeared. Now, a new report by the Fox News Flight…",https://ground.news/interest/wltreportcom
All About Arizona News,Center,Savannah Guthrie Offers to Pay Ransom in Emotional Plea for Missing Mother,"It has been a tense and heartbreaking week for Savannah Guthrie, who took to social media this weekend to plead for the safe return of her mother, Nancy Guthrie. In a short video message, the television journalist confirmed that her family had received communications from those claiming responsibility for the abduction—and made clear they are willing to meet their demands. “We’ve heard your… Source",https://ground.news/interest/all-about-arizona-news
Vanity Fair,Left,"As Savannah Guthrie Tells Her Mother's Kidnappers ‘We Will Pay,’ Ransom Note's Monday Deadline Approaches","A week after Nancy Guthrie was abducted, daughter Savannah Guthrie has publicly announced that they will follow the demands of kidnappers to ensure her return.",https://ground.news/interest/vanity-fair
Breitbart,Right,Nancy Guthrie Ransom Demand Reaches $6 Million,The people claiming to have kidnapped Today show host Savannah Guthrie's elderly mother are reportedly demanding a $6 million ransom.,https://ground.news/interest/breitbart
delo.si,Lean Left,"Tv Star's Mother Kidnapped, Family Records Video: ""We Will Pay""",Nancy Guthrie was not present at Sunday Mass. Members of her church community noticed her absence.,https://ground.news/interest/delosi
Showbiz411,Lean Left,"Guthrie Kidnapping: Pima County Sheriff Ignores Family Ransom Announcement, Says Still No Suspects, or Even ID'd Vehicles","The Pima County Sheriff is not exactly backing up Savannah Guthrie and her siblings. The sheriff’s office has issued a new statement that tactfully ignores the video put up by the Guthrie’s last night saying they will pay the ransom for their mother, Nancy. Sheriff Nano’s statement: “The Nancy Guthrie investigation is ongoing. Follow-up continues […] The post Guthrie Kidnapping: Pima County Sheriff Ignores Family Ransom Announcement, Says Still …",https://ground.news/interest/showbiz411
Toronto Sun,Right,Savannah Guthrie tells potential kidnappers of her mother 'we will pay',The search for Savannah Guthrie's mother continued Sunday. Find out more.,https://ground.news/interest/toronto-sun
Fox 10 Phoenix,Center,"Increased activity at Nancy Guthrie's home, alleged ransom deadline looms","From investigators searching the Guthrie family home ahead of an alleged ransom deadline, to the face off between the Seattle Seahawks and the New England Patriots, here's a look at your top stories on FOX10Phoeni for Sunday, February 8, 2026.",https://ground.news/interest/fox-10-phoenix
Penn Live,Center,"‘Today’ show host provides update regarding mother’s kidnapping, ransom note: ‘We will pay’","The ""Today"" host and her siblings posted an update on Instagram saying they will pay to bring their mother home safely.",https://ground.news/interest/penn-live
444.hu,Lean Left,Kidnappers of Famous American Tv Personality Savannah Guthrie's Mother Demand Multi-Million Dollar Ransom,"Nancy Guthrie, the mother of NBC morning show host Savanna Guthrie, is believed to have been held captive for a week. According to Tucson-based KGUN 9, the kidnappers are demanding $6 million by Monday afternoon for the release of their 84-year-old hostage. Savanna Guthrie, along with her family, posted a video on social media on Saturday afternoon pleading with her captors and promising to pay the ransom. In addition to local authorities, the F…",https://ground.news/interest/444hu
The Journal,Lean Left,‘We will pay’: American broadcaster Savannah Guthrie makes plea to mother’s potential kidnappers,Investigators think Nancy Guthrie was taken against her will from her home just outside Tucson last weekend.,https://ground.news/interest/the-journal_0d766b
detector.media,Lean Left,The Mother of Nbc News Host Savannah Guthrie Was Kidnapped in the United States for Ransom,The 84-year-old woman has not been found for a week.,https://ground.news/interest/detectormedia
24ur.com,Center,Guthrie Family to Alleged Mother's Kidnappers: We Will Pay,American television host Savannah Guthrie and her family have released a new video in which they beg the alleged kidnappers of their mother Nancy to release the 84-year-old.,https://ground.news/interest/24urcom
Straight Arrow News,Center,New Instagram video released as police intensify search for Nancy Guthrie,"Authorities were back at the home of Annie Guthrie late Saturday night as the search for her missing mother, Nancy Guthrie, continues. KGUN TV reports at least three deputy sheriffs were seen at ""Today"" show anchor Savannah Guthrie’s older sister’s home for several hours.  Witnesses say flashes were seen as if photographs were being taken despite the drawn shades. According to KGUN, authorities left with one bag. One of the deputies was also see…",https://ground.news/interest/straight-arrow-news
The Western Journal,Right,'We Will Pay': Savannah Guthrie Responds to Kidnapper Demands Via Video,"In a new message posted Saturday on social media, news anchor Savannah Guthrie told the kidnappers of her 84-year-old mother that “we will pay.” Nancy Guthrie, 84, was apparently kidnapped […] The post 'We Will Pay': Savannah Guthrie Responds to Kidnapper Demands Via Video appeared first on The Western Journal.",https://ground.news/interest/the-western-journal
Washington Examiner,Right,Savannah Guthrie says 'we will pay' for 84-year-old mother's return,"Today show co-host Savannah Guthrie said on Saturday her family will pay the ransom for their missing 84-year-old mother, whom authorities believe was abducted last weekend. “We received your message, and we understand,” Guthrie said in a brief video. “We beg you now to return our mother to us, so that we can celebrate with her. This is the only way we will have peace. This is very valuable to us, and we will pay.” The video plea came as the unr…",https://ground.news/interest/washington-examiner
RollingStone,Left,Savannah Guthrie Tells Mother’s Suspected Kidnappers ‘We Will Pay’ in New Video,"Savannah Guthrie and her siblings released a new video statement telling the people who allegedly kidnapped their mother Nancy, ""We will pay.""",https://ground.news/interest/rollingstone_6de571
KATV,Right,"Savannah Guthrie posts new plea, says 'we will pay' for mother's safe return","""Today"" show host Savannah Guthrie took to Instagram Saturday night with a message for potential kidnappers of her mother, Nancy Guthrie.",https://ground.news/interest/katv
InStyle,Center,Savannah Guthrie and Her Siblings Appear in Somber Video Begging Alleged Kidnappers “to Return Our Mother to Us”,"“This is the only way we will have peace.”Nancy Guthrie and Savannah Guthrie on April 17, 2019 GettyThe GistThe three Guthrie siblings—Savannah, Camron, and Annie—released a third video pleading for their mother Nancy’s return on February 7.Nancy, 84, disappeared from her home on February 1—one week ago today.In the latest clip released on Saturday, Savannah said, “We beg you now to return our mother to us.”One week after their mother Nancy Guth…",https://ground.news/interest/instyle
Irish Times,Lean Left,"‘We will pay,’ US TV host says in plea to potential kidnappers of her mother (84)",Savannah Guthrie says return of her mother Nancy ‘is the only way we will have peace’,https://ground.news/interest/irish-times
The Washington Post,Lean Left,Savannah Guthrie offers money to secure missing mother’s return,The “Today” co-anchor said she received a message from her mother Nancy’s apparent kidnapper and signaled a willingness to pay to secure the 84-year-old’s return.,https://ground.news/interest/the-washington-post
The Columbian,Center,"‘We will pay,’ Guthrie says in plea to kidnappers of mom","TUCSON, Ariz. — Savannah Guthrie told the potential kidnappers of her mother Nancy Guthrie on Saturday that the family is prepared to pay for her safe return, as the frantic search for the 84-year-old Arizona resident has entered a seventh day. Read more...",https://ground.news/interest/the-columbian
Just the News,Right,Savannah Guthrie offers to pay potential kidnappers for safe return of her missing mother,Authorities are actively investigating the disappearance as a possible kidnapping and so far there aren't any publicly named suspects.,https://ground.news/interest/justthenewscom
Irish Independent,Right,‘We will pay’: US TV anchor Savannah Guthrie’s plea to mother’s potential kidnappers,"US TV anchor Savannah Guthrie told the potential kidnappers of her mother Nancy Guthrie on Saturday that the family is prepared to pay for her safe return, as the frantic search for the 84-year-old Arizona resident has entered a seventh day.",https://ground.news/interest/independentie
New Hampshire Union Leader,Center,"'We will pay,' TV host Savannah Guthrie says in plea for mother's return","U.S. television news host Savannah Guthrie said in a video message released ‍on Saturday that her family is willing to pay to secure her mother's return after her presumed abduction in Arizona. Law enforcement officials have concluded that Nancy Guthrie,…",https://ground.news/interest/unionleadercom
KBZK,Center,Police seen at home of Savannah Guthrie's sister as search for their mother persists,"Authorities in Arizona were seen Saturday night leaving the home of Today show co-host Savannah Guthries sister as the search for their missing 84-year-old mother, Nancy Guthrie, continues.According to KGUN, the Scripps News Group station in Tucson, authorities spent several hours inside Annie Guthries home before leaving with what appeared to be a brown paper sack and another larger item. However, the Pima County Sheriffs Department (PCSD) did …",https://ground.news/interest/kbzk
Metro News,Lean Left,Savannah Guthrie tells mother Nancy's kidnappers 'we will pay' for safe return,Today presenter Savannah Guthrie has told her mother Nancy's kidnappers that the family is willing to pay ransom for her safe return,https://ground.news/interest/metro-news
telex.hu,Lean Left,Nbc Host Agrees to Pay His Mother's Alleged Kidnapper,"Nancy Guthrie, 84, disappeared from her American home overnight a week ago. The letter was then published in newspapers demanding millions of dollars from the talk show host.",https://ground.news/interest/telexhu
BT,Right,Direct Message to Kidnappers: 'I Want My Mother Back',See more in the video.,https://ground.news/interest/bt
nationalworld.com,Lean Left,‘We will pay’: TV host Savannah Guthrie’s plea to mother’s potential kidnappers,"Savannah Guthrie told the potential kidnappers of her mother Nancy Guthrie on Saturday that the family is prepared to pay for her safe return, as the frantic search for the 84-year-old Arizona resident has entered a seventh day.",https://ground.news/interest/nationalworldcom
The Times of Northwest Indiana,Center,"AI, deepfakes complicate search for Nancy Guthrie","When Savannah Guthrie made a heart-wrenching plea to the kidnapper of her 84-year-old mother to send ""proof of life,"" she addressed the possibility of people creating deepfakes.",https://ground.news/interest/nwitimescom
The spokesman-Review,Lean Left,"Savannah Guthrie, in New Video Message, Promises to Pay for Return of Her Mother","TUCSON, Ariz. -- In a subdued and cryptic new video shared on social media Saturday evening, the children of Nancy Guthrie again addressed her purported kidnapper, pleading for the return of their mother and promising to pay for her release.",https://ground.news/interest/the-spokesman-review
RTÉ,Center,"'We will pay,' TV host says in plea for mother's return",US television news host Savannah Guthrie said in a video message released yesterday that her family is willing to pay to secure her mother's return after her presumed abduction in Arizona.,https://ground.news/interest/rte
Daily Mirror,Lean Left,"Savannah Guthrie's family 'will pay' ransom for mum, 84, in desperate plea","'We received your message, and we understand,' Savannah Guthrie said in a video posted to social media - investigators think Nancy Guthrie, 84, was taken against her will",https://ground.news/interest/daily-mirror
Daily Star,Right,Savannah Guthrie says family 'will pay' mum Nancy's ransom as they beg for release,"Today Show anchor Savannah Guthrie and her siblings issued a desperate video appeal to those who may have taken their 84-year-old mother Nancy, saying they are prepared to pay the ransom demand",https://ground.news/interest/daily-star
Daily Sabah,Right,Savannah Guthrie family offers to pay for mother’s safe return,"Savannah Guthrie told the potential kidnappers of her mother Nancy Guthrie on Saturday that the family is prepared to pay for her safe return, as the...",https://ground.news/interest/daily-sabah
Dagens Nyheter.,Right,The Tv Personality's New Appeal: We Will Pay,"A week has passed since 84-year-old Nancy Guthrie, mother of TV anchor Savannah Guthrie, disappeared without a trace in Arizona, USA. In a new video, her children once again appeal to their kidnappers. – We will pay, says Savannah Guthrie with her siblings by her side.",https://ground.news/interest/dagens-nyheter
vrt,Center,"American Presenter Begs Kidnappers to Release Mother (84): ""We Will Pay""","American TV presenter Savannah Guthrie asks the kidnapper(s) of her mother Nancy (84) in a new video message to release her. ""We will pay,"" she says, flanked by her brother and sister. Nancy Guthrie has now been missing for over a week.",https://ground.news/interest/vrt
SBS News,Lean Left,'We will pay': US TV host Savannah Guthrie's plea for missing mother's safe return,Savannah Guthrie has told her mother's kidnappers the family is prepared to pay for her safe return of the 84-year-old.,https://ground.news/interest/sbs-news
Jerusalem Post,Center,"'We received your message,' says Savannah Guthrie, offering to pay for her mother's return","“We beg you now to return our mother to us so that we can celebrate with her. This is the only way we will have peace. This is very valuable to us,” said news anchor Savannah Guthrie.",https://ground.news/interest/jerusalem-post
100% FED UP!,Far Right,Savannah Guthrie Has Six Fingers! WHY? * 100PercentFedUp.com * by Noah,"Earlier today, I brought you a report on a brand new video posted by Savannah Guthrie. In case you missed it: Savannah Guthrie Posts New Video: “We’ve Received Your Message…We Will Pay” What you might not have noticed from that video, and what I didn’t catch right away, is that Savannah has 6 fingers. Yes, really. See here: New conspiracy coming soon…@SavannahGuthrie has six fingers. pic.twitter.com/MwmIDRiw8a — Brick Suit (@Brick_Suit) Februa…",https://ground.news/interest/100percentfedupcom
7NEWS Australia,Right,‘We will pay’: Savannah Guthrie addresses mum’s alleged kidnapper in new video,‘We received your message and we understand.’,https://ground.news/interest/7news-australia
realnewsnow.com,Far Right,"Guthrie Says Family Received Message, Will Pay Ransom For Mother Nancy - Real News Now","Savannah Guthrie said in an emotional video posted Saturday night that her family has received a message from the people responsible for abducting her 84-year-old mother, Nancy Guthrie, and that they are prepared to pay ransom to secure her safe return. “We received your message and we understand,” Guthrie said while holding hands with her siblings, Annie and Camron. “We beg you now to return our mother to us, so we can celebrate with her. This …",https://ground.news/interest/realnewsnowcom
The Last Refuge,Far Right,"""We will pay"": NBC's Savannah Guthrie Begs Kidnappers to Release Their Mother","Apparently, the mother of NBC reporter Savannah Guthrie has been kidnapped by someone or some group.  The strange, weird, and rather odd events surrounding the issue have been unfolding for several days.  Tonight, Savannah Guthrie and her siblings released a weird video saying, “we will pay,” in what appears to be a statement about a […]",https://ground.news/interest/the-last-refuge
NDTV,Right,"""We Will Pay, Return Our Mother"": US News Anchor Appeals To Kidnappers","Savannah Guthrie told the potential kidnappers of her mother Nancy Guthrie on Saturday that the family is prepared to pay for her safe return, as the frantic search for the 84-year-old Arizona resident has entered a seventh day.",https://ground.news/interest/ndtv
GB News,Right,‘We will pay!’ US TV host issues fresh plea for kidnapped mother’s return and ‘sign of life’,"Savannah Guthrie and her siblings have released a second video pleading for the safe return of their missing mother, with the Today show presenter confirming they are prepared to pay a ransom",https://ground.news/interest/gbnewscom
One News Page,Center,Savannah Guthrie says 'we will pay' for mother's return in video plea to potential abductor,"Savannah Guthrie posted a cryptic video on Instagram, stating that the family had received a 'message' and that they 'will pay' for mother's return.",https://ground.news/interest/one-news-page
Sky News UK,Center,Savannah Guthrie tells mother's potential kidnappers 'we will pay' in video plea for her return,"Joined by her siblings Cameron and Annie, US TV host Savannah Guthrie posted a video on Instagram where she urged those believed to be holding her mother Nancy Guthrie to return her.",https://ground.news/interest/sky-news
News Addicts,Far Right,"Guthrie Family Addresses Suspected Kidnappers, Agrees To Pay Ransom","Longtime NBC News anchor Savannah Guthrie and her siblings released a second video statement in which they agreed to pay a requested ransom to the suspected kidnappers who are believed to have abducted their mother, Nancy. The latest video features Savannah Guthrie, co-anchor of NBC’s “Today” show, alongside her siblings Camron Guthrie and Annie Guthrie. […] The post Guthrie Family Addresses Suspected Kidnappers, Agrees To Pay Ransom appeared fi…",https://ground.news/interest/newsaddictscom
TrendingPolitics,Right,"NEW: Guthrie Family Addresses Suspected Kidnappers, Agrees To Pay Ransom","Longtime NBC News anchor Savannah Guthrie and her siblings released a second video statement in which they agreed to pay a requested ransom to the suspected kidnappers who are believed to have abducted their mother, Nancy. The latest video features Savannah Guthrie, co-anchor of NBC’s “Today” show, alongside her siblings Camron Guthrie and Annie Guthrie. The siblings had previously released a video earlier this week in which they pleaded for the…",https://ground.news/interest/trendingpoliticsnewscom
DR,Lean Left,American Tv Host in Video to Potential Kidnappers: We Are Ready to Pay,TV host Savannah Guthrie's mother has been missing for seven days.,https://ground.news/interest/dr
Latestly,Right,"Nancy Guthrie Missing Case: Savannah Guthrie Agrees to Ransom Demand in Mother’s Disappearance, Says ‘This Is Very Valuable to Us and We Will Pay’","Recently, Savannah Guthrie issued a video plea agreeing to pay a ransom for her mother, Nancy Guthrie, who has been missing for one week. The family responded to a message reviewed by the FBI after evidence, including blood on the porch, suggested the 84-year-old was abducted from her Tucson home. Her health remains a critical concern. Nancy Guthrie Missing Case: Savannah Guthrie Agrees to Ransom Demand in Mother’s Disappearance, Says ‘This Is V…",https://ground.news/interest/latestly
NOS,Right,Nbc Anchor to Kidnappers' Mother: 'Willing to Pay',"Earlier, letters were sent to media outlets demanding millions of dollars in bitcoin for the 84-year-old woman's release.",https://ground.news/interest/nos_4ae905
DNyuz,Right,Savannah Guthrie Pleads With Kidnappers in New Video,"Savannah Guthrie is willing to negotiate with the people who kidnapped her 84-year-old mother. In a heartbreaking new video posted to the Today host’s Instagram account on Saturday evening, Guthrie spoke directly to the alleged abductors, offering to meet their demands in exchange for the safe return of her mother, Nancy Guthrie. “We received your message, and we understand,” Guthrie said in the video while supported by her siblings, Annie and C…",https://ground.news/interest/dnyuz
9News,Right,US TV anchor willing to pay ransom for safe return of mother,"US television presenter Savannah Guthrie claims she will pay a ransom in exchange for the safe return of her missing mother Nancy.The anchor of prominent NBC News program Today shared a video on social media on Saturday (Sunday morning AEDT) alongside her two siblings Annie and Camron.She said they had received a message from the potential captors of her 84-year-old mother, who has been missing for a week.READ MORE: ﻿Coalition reunion expected s…",https://ground.news/interest/9news
Live Mint,Center,"Nancy Guthrie kidnapping: ‘We will pay' — Savannah Guthrie, siblings issue new appeal to kidnappers","In a plea, Savannah Guthrie asks her mother's kidnappers to return her for a family celebration.",https://ground.news/interest/live-mint
Sydney Morning Herald,Lean Left,Savannah Guthrie willing to pay ransom for safe return of mother,Savannah Guthrie said she is willing to pay a ransom for the safe return of her mother in a video message to the potential kidnappers of Nancy Guthrie.,https://ground.news/interest/sydney-morning-herald
The Hindu,Lean Left,"’We will pay,’ Savannah Guthrie says in desperate video plea to potential kidnappers of her mother",Savannah Guthrie has told the potential kidnappers of her mother Nancy Guthrie that the family is prepared to pay for her safe return,https://ground.news/interest/the-hindu
CBC News,Lean Left,Savannah Guthrie says 'we will pay' for missing mother's return,Savannah Guthrie told the potential kidnappers of her mother Nancy Guthrie on Saturday that the family is prepared to pay for her safe return.,https://ground.news/interest/cbc-news
Star Advertiser,Center,"‘We will pay,’ Savannah Guthrie says in plea for mother’s return | Honolulu Star-Advertiser",Television news host Savannah Guthrie said in a video message released today that her family is willing to pay to secure her mother’s return after her presumed abduction in Arizona.,https://ground.news/interest/star-advertiser
The Detroit News,Center,"'We will pay,' Savannah Guthrie says in plea for mother's return","Investigators are examining a newly surfaced message in the case, the FBI and Pima County Sheriff's Department said on Friday.",https://ground.news/interest/the-detroit-news
The US Sun,Right,Savannah Guthrie begs mom's 'kidnappers' to return Nancy & says 'we will pay',SAVANNAH Guthrie has said she will agree to pay a ransom to the people who are believed to have kidnapped her 84-year-old mom. The Today Show...,https://ground.news/interest/the-us-sun
Devdiscourse,Center,Family's Heartfelt Plea: Savannah Guthrie Fights for Mother's Safe Return,"Family's Heartfelt Plea: Savannah Guthrie Fights for Mother's Safe Return Amid heightened emotions, U.S. television host Savannah Guthrie released a video on Saturday, urging for her mother's safe return. Nancy Guthrie, 84, is suspected to have been abducted in Arizona. The family is offering to pay for her return, underscoring their dire need for closure.In a heartfelt plea shared on Instagram, Guthrie, alongside her siblings, emphasized the em…",https://ground.news/interest/devdiscourse
WTVB,Center,"‘We will pay,’ US TV host Savannah Guthrie says in plea for mother’s return","By Jasper Ward Feb 7 (Reuters) – U.S. television news host Savannah Guthrie said in a video message released on Saturday that her family is willing to ‍pay to secure her mother’s return after her presumed abduction in Arizona. Law enforcement officials have concluded that Nancy Guthrie, 84, was kidnapped, but the Pima County Sheriff’s Department said on Saturday it has not identified any suspects or people ‌of interest in the case. In Saturday’s…",https://ground.news/interest/wtvb
Montana Standard,Center,"'We will pay,' Savannah Guthrie says in video plea to her mother's potential kidnappers",The frantic search for the 84-year-old Nancy Guthrie entered a seventh day.,https://ground.news/interest/montana-standard
Hindustan Times,Center,"Savannah Guthrie says they have agreed to pay ransom as she addresses mom Nancy's kidnappers in new video, 'We beg you…'","Savannah Guthrie has released a new video message on Instagram, saying they have agreed to pay ransom for her mother Nancy Guthrie’s release.",https://ground.news/interest/hindustan-times
Fox8,Center,"Savannah Guthrie agrees to pay ransom, pleads for mother's safe return","""We beg you now to return our mother to us so that we can celebrate with her.""",https://ground.news/interest/myfox8com
Fox8,Center,'We will pay': Savannah Guthrie says in desperate video plea to potential kidnappers of her mother,"Savannah Guthrie told the potential kidnappers of her mother, Nancy Guthrie, on Saturday that the family is prepared to pay for her safe return.",https://ground.news/interest/fox8
RadarOnline,Center,'We Will Pay': Heartbroken Savannah Guthrie Releases New Video Begging Mom Nancy's 'Kidnapper' to Release Her One Week After 'Abduction',"Savannah Guthrie revealed she and her family received a message from her mom's captor, saying that they will 'pay' in order to get her home.",https://ground.news/interest/radaronline
The Free Press (Tampa),Right,"Savannah Guthrie Offers Ransom In High-Stakes Search For Missing Mother Nancy ""We Will Pay""","In a raw and deeply personal video released Saturday, “TODAY” show co-anchor Savannah Guthrie directly addressed the person or group potentially holding her mother captive, making a public promise to pay for her safe release. Seated between her siblings, Camron and Annie, a visibly shaken Guthrie spoke into the camera to acknowledge a recent communication […] Savannah Guthrie Offers Ransom In High-Stakes Search for Missing Mother Nancy “We Will …",https://ground.news/interest/the-free-press-tampa
E! News,Center,Savannah Guthrie Shares Apparent Response to Mom Nancy Guthrie's Possible Captors,"Savannah Guthrie shared a new message Feb. 7 amid the search for her mom Nancy Guthrie, seemingly acknowledging communication from the 84-year-old's possible captors.",https://ground.news/interest/e-news
Los Angeles Times,Lean Left,"'We will pay,' Savannah Guthrie says in latest video plea to mother's potential kidnappers","Savannah Guthrie has told the potential kidnappers of her mother, Nancy Guthrie, that the family is prepared to pay for her safe return.",https://ground.news/interest/los-angeles-times
ABC Australia,Lean Left,Savannah Guthrie says she will pay ransom for return of her mother,"In a video posted to Instagram, the host of NBC's Today Show appears to directly address her mother's kidnappers, telling them she and her siblings have ""received your message, and we understand"".",https://ground.news/interest/abc-australia
Las Vegas Review-Journal,Center,Savannah Guthrie in desperate plea to potential kidnappers of her mother: ‘We will pay’,"The frantic search for 84-year-old Nancy Guthrie, Savannah’s mother, has entered a seventh day. Authorities think she was taken against her will from her home just outside Tucson.",https://ground.news/interest/las-vegas-review-journal
The Daily Caller,Right,Savannah Guthrie Announces 'We Will Pay' For Missing Mother's Return,'We will pay',https://ground.news/interest/the-daily-caller
Stuff,Lean Left,"'We will pay,' US TV host says in desperate plea to potential kidnappers of her mum","“We received your message, and we understand. We beg you now to return our mother to us so that we can celebrate with her,” Savannah Guthrie pleads.",https://ground.news/interest/stuff_0ae80d
KATU,Center,"'We will pay,' Savannah Guthrie says desperate video plea to mother's potential kidnappers",Savannah Guthrie told the potential kidnappers of her mother Nancy Guthrie on Saturday that the family is prepared to pay for her safe return.,https://ground.news/interest/katu
AZ Family - Phoenix,Center,‘We will pay’: Guthrie family releases new video begging for mother’s safe return,"The Guthrie family posted another video to social media Saturday evening, begging for their mother’s safe return.",https://ground.news/interest/az-family-phoenix
Raw Story,Left,Savannah Guthrie communicates with mom's kidnappers in new vid: 'We received your message',"There has been a new development in the abduction of Nancy Guthrie, the 84-year-old mother of ""Today"" show co-host Savannah Guthrie, as Savannah released a new video promising to ""pay"" to have her mom returned to the family.Days after TMZ dropped details about a purported ransom letter, a new video ...",https://ground.news/interest/raw-story
The Post Millennial,Right,BREAKING: Law enforcement are now investigating the home of Savannah Guthrie’s sister,"""Law enforcement appear to be at Annie Guthrie’s house. Camera flashes are coming from inside windows. Will upload video soon.""",https://ground.news/interest/the-post-millennial
Associated Press News,Lean Left,"'We will pay,' Savannah Guthrie says in desperate video plea to potential kidnappers of her mother",Savannah Guthrie has told the potential kidnappers of her mother Nancy Guthrie that the family is prepared to pay for her safe return.,https://ground.news/interest/associated-press-news
The Epoch Times,Right,Guthrie Family Says It Received a Message and ‘We Will Pay’ for Mother’s Return,"The family of Nancy Guthrie has offered to pay the alleged kidnapper or kidnappers to return their 84-year-old mother, who vanished from her home in the Tucson, Arizona area one week ago. “We received your message and we understand,” long-time “Today” show co-host Savannah Guthrie, the daughter of Nancy, announced in an Instagram video on Feb. 7. “We beg you now to return our mother to us so that we can celebrate with her. This is the only way w…",https://ground.news/interest/the-epoch-times
Deadline,Center,"Savannah Guthrie Says They Received Message From Mother’s Suspected Kidnappers, Say She And Siblings Will Pay For Her Return","In a new video, Guthrie said that ""we will pay"" a ransom",https://ground.news/interest/deadline
Today,Lean Left,"Savannah Speaks Out in Second Video with Siblings, Says They ‘Will Pay’ For Mother’s Return","Savannah Guthrie posted a new video on Sunday, Feb. 7 seeming to address her mother Nancy Guthrie's kidnappers, saying, ""We will pay.""",https://ground.news/interest/today
WBAL-TV,Center,"Savannah Guthrie and family acknowledge ransom demands, beg for safe return of their mother","""Today"" show host Savannah Guthrie and her siblings released a video Saturday evening as the frantic search for 84-year-old Nancy Guthrie has entered a seventh day.",https://ground.news/interest/wbal-tv
Newsweek,Center,"Savannah Guthrie responds to ransom letter: ""We will pay""","Savannah Guthrie, along with her siblings, posted a video saying ""we will pay"" in response to a ransom letter for their mother.",https://ground.news/interest/newsweek
arcamax.com,Right,'We will pay...' Savannah Guthrie makes desperate new plea for missing mom Nancy's safe return,"Your source of celebrity gossip, entertainment news and movie reviews",https://ground.news/interest/arcamaxcom
CBS News,Center,"Savannah Guthrie says ""we will pay"" in new plea for mother's safe return","Savannah Guthrie released a new video​ on Saturday, saying her family is willing to pay for the safe return of their mother.",https://ground.news/interest/cbs-news
The Gateway Pundit,Far Right,"BREAKING: Savannah Guthrie Releases New Video, Addresses Her Mother's Kidnappers: ""We Beg You to Return Our Mother to Us...We Will Pay""",Savannah Guthrie is vowing to pay whatever ransom the alleged abductors of her mom demand.,https://ground.news/interest/the-gateway-pundit
Aftonbladet,Left,"The Tv Star's Plea Last Night: ""We Will Pay""","TV star Savannah Guthrie speaks directly to the kidnappers in a new video last night. She says the family ""got the message."" - We will pay.",https://ground.news/interest/aftonbladet
CNN,Lean Left,‘We will pay’: Guthrie family post new video pleading for mother’s return,Savannah Guthrie and her family posted a new video to Instagram saying “we will pay” and pleading for their mother’s return.,https://ground.news/interest/cnn
USA Today,Lean Left,Savannah Guthrie releases third video pleading for missing mom's return,"""Today"" show host Savannah Guthrie and her siblings released a new video as the search continues for their missing mom, Nancy Guthrie.",https://ground.news/interest/usa-today
Page Six,Right,Savannah Guthrie offers to pay mom’s ransom in emotional plea to...,Savannah Guthrie took to to social media with another plea on Saturday.,https://ground.news/interest/page-six
NewsNation,Center,Savannah Guthrie Instagram message: ‘We will pay’,News anchor Savannah Guthrie posted a brief statement on Instagram Saturday telling her mother’s presumed captors the family has “received your message … and we will pay.”,https://ground.news/interest/wgn-america_663347
US Magazine,Center,Savannah Guthrie Tells Mom's Kidnappers 'We Received Your Message',"Savannah Guthrie and her siblings addressed her mom's alleged kidnapper or kidnappers in a new social media video, saying they'll ""pay"" for her return",https://ground.news/interest/us-magazine
The Wrap,Lean Left,Savannah Guthrie Says Family Heard 'Message' From Suspected Kidnappers in Plea to Bring Mother Home: 'We Will Pay',"Savannah Guthrie shared a new video message saying her family has been contacted by people claiming to have kidnapped her mother, Nancy Guthrie. The family also acknowledged possible ransom demands and said they will pay for their 84-year-old mother’s return. “We received your message and we understand. We beg you now to return our mother to us so that we can celebrate with her,” Savannah said next to her brother, Camron Guthrie, and her sister,…",https://ground.news/interest/the-wrap
Variety,Lean Left,Savannah Guthrie Says ‘We Will Pay’ for Safe Return of 84-Year-Old Mother Nancy: ‘This Is the Only Way We Will Have Peace’,"Savannah Guthrie shared another video message with her mother's kidnapper, saying she and her siblings 'will pay' for the safe return of their mom.",https://ground.news/interest/variety
The Hollywood Reporter,Lean Left,"Savannah Guthrie Acknowledges “Message” From Suspected Kidnappers of Mother Nancy Guthrie in New Video, Says “We Will Pay” to Bring Her Home","Savannah Guthrie has shared a video message acknowledging her family has received a message from a suspected kidnapper of her mother, Nancy Guthrie.",https://ground.news/interest/the-hollywood-reporter
New York Post,Right,Savannah Guthrie eerily echoed exact ‘Silence of the Lambs’ line in plea video,Savannah Guthrie eerily uttered the exact same words used in the hostage negotiation scene from the iconic suspense film “Silence of the Lambs” in the gut-wrenching plea video published earlier this week.,https://ground.news/interest/new-york-post
Mediaite,Lean Left,Savannah Guthrie Begs for Mom’s Return In Agonizing New Video: ‘We Will Pay’,"NBC star Savannah Guthrie posted a new video on Saturday night begging those suspected of kidnapping her 84-year-old mom Nancy Guthrie to bring her home, nearly one week after she disappeared from her Tucson, Arizona home. The Today host said her family is willing to pay to facilitate the return of Nancy Guthrie in the heart-wrenching video posted to her Instagram. She was flanked by her brother Camron Guthrie and her sister Annie Guthrie in the…",https://ground.news/interest/mediaite
KPNX,Center,'We will pay': Guthrie family releases new video about their missing mother,The siblings responded to alleged ransom notes received in the case.,https://ground.news/interest/kpnx
TMZ,Right,"Savannah Guthrie Tells Mother's Abductors Family Will Pay Ransom, on Video","Savannah Guthrie and her family say they will pay the ransom for the return of their mother, Nancy.",https://ground.news/interest/tmz
Just Jared,Center,Savannah Guthrie Shares New Video Responding to Nancy Guthrie’s Alleged Abductor: ‘We Will Pay’ | Just Jared: Celebrity News and Gossip,"Savannah Guthrie Shares New Video Responding to Nancy Guthrie’s Alleged Abductor: ‘We Will Pay’ Savannah Guthrie and her siblings Camron and Annie Guthrie have posted a new video, seemingly directed at their mother Nancy Guthrie's alleged kidnappers. On…",https://ground.news/interest/just-jared
AZCentral,Lean Left,'We will pay.' Guthrie children post 3rd video asking for mom's return,,https://ground.news/interest/azcentral
FTVLive,Center,I Don't Want the Be The Center of the Story...BUT,"Speaking of the Nancy Guthrie story, let’s turn to the social media posts of KOLD (Tucson) Anchor Mary Coleman.Coleman and her station, like all the other local stations have been covering the Guthrie story and all the developments. Coleman made a post in which she starts off by saying, “One of the top rules of being a journalist is never becoming the story.”The post then goes on to talk about her, her feelings and includes a selfie of her as th…",https://ground.news/interest/ftvlive
Ars Technica,Center,New critique debunks claim that trees can sense a solar eclipse,"Controversial 2025 study ""represents the encroachment of pseudoscience into the heart of biological research.""",https://ground.news/interest/ars-technica
IFLScience,Lean Left,"Can Trees ""Predict"" A Solar Eclipse? Sadly, Scientists Just Debunked The Idea","When something sounds too good to be true… well, you know the rest.",https://ground.news/interest/iflscience
Science Alert,Center,Forest's Strange Response to an Eclipse May Have a More Mundane Explanation,"In a controversial study published in April last year, researchers described an astonishing phenomenon: a forest of Norway spruce trees (Picea abies) appeared to 'sync' their electrical signaling ahead of a partial solar eclipse.",https://ground.news/interest/science-alert
Phys.org,Center,"Did trees in the Dolomites anticipate a solar eclipse? Not quite, say researchers","Around 14 hours before a partial solar eclipse passed over the Dolomites in Northern Italy, a group of spruce trees showed a sudden, synchronized increase in electrical activity. Previous research by Alessandro Chiolerio and others claimed that the trees were anticipating and preparing for the impending solar eclipse.",https://ground.news/interest/phys
Discover Magazine,Center,"Trees May Not Anticipate Solar Eclipses, Calling Past Research Into Question","Can trees anticipate solar eclipses? Previous research supported the idea, but a new paper argues that it's not possible after all.",https://ground.news/interest/discover-magazine
NRC Handelsblad,Lean Left,Dark Statistics with Trees Warning Each Other of an Eclipse in the Italian Violin Forest,"Are trees preparing for a solar eclipse? Or is this ""a blatant case of excessive speculation""? Norway spruce trees in the Italian Dolomites…",https://ground.news/interest/nrc-handelsblad
The Business Journals,Center,Demolition begins on Florissant homes with radioactive waste found underneath - St. Louis Business Journal,"The U.S. Army Corps of Engineers has stated that this demolition would be a first in the nation, marking the first time residential properties are removed under the Formerly Utilized Sites Remedial Action Program.",https://ground.news/interest/the-business-journals
Patch,Center,🌱 Patch AM: How six Coldwater Creek homes ended up slated for demolition,And on the Florissant Patch calendar - Ribbon Cutting Celebration for Three Lions Roofing & Construction,https://ground.news/interest/patch
Fox 2 Now St Louis,Center,Demolition to begin in Cades Cove after radioactive contamination discovered,Demolition is scheduled to begin Monday in the Cades Cove subdivision after radioactive contamination was discovered in Coldwater Creek.,https://ground.news/interest/fox-2-now-st-louis
St Louis Post-Dispatch,Lean Left,Demolition of homes on top of radioactive soil starts Monday near Coldwater Creek,The U.S. Army Corps of Engineers on Friday said houses would be taken down one at a time in a demolition process that's expected to last less than a month.,https://ground.news/interest/st-louis-post-dispatch
St. Louis Public Radio,Lean Left,Army Corps will start demo on homes near Coldwater Creek built on top of radioactive contamination,"New federal funds for people who are sick after living near radioactive waste are a win for advocates, but now they are turning their focus to cleanup. As part of the ongoing cleanup effort, the U.S. Army Corps of Engineers is demolishing some homes.",https://ground.news/interest/stlprorg
Spectrum Local News,Center,Six homes being demolished in Florissant due to radioactive contamination,Parts of the creek have been contaminated for decades because of Manhattan Project-era nuclear waste that seeped into the waterway,https://ground.news/interest/spectrum-local-news
KSDK,Center,Demolition begins on Florissant homes with radioactive waste found underneath,"The USACE has stated that this demolition would be a first in the nation, marking the first time residential properties are removed under the FUSRAP program.",https://ground.news/interest/ksdk
KELO,Center,SD Cattlemen's thoughts on more Argentine beef,President Donald Trump has signed an executive order that quadruples the amount of beef imported into the U-S from Argentina.,https://ground.news/interest/kelo
1010 WCSI,Right,U.S. to Quadruple Beef Imports from Argentina,"The U.S. will temporarily expand the amount of beef it can import from Argentina, thanks to an executive order signed by President Trump last week. Fox Business said the move is intended to help lower the price",https://ground.news/interest/1010-wcsi
KX NEWS,Center,ND Farmers Union criticizes Trump beef deal with Argentina,"Last week, President Donald Trump signed a proclamation temporarily allowing an additional 80,000 metric tons of lean beef trimmings per year to be imported tariff-free from Argentina. The North Dakota Farmers Union (NDFU) criticized the deal, calling it the ""wrong approach to growing our beef supply.""",https://ground.news/interest/kx-news
Jamestown Sun,Right,NDFU issues statement on Argentine beef imports,"JAMESTOWN — North Dakota Farmers Union President Matt Perdue said Monday, Feb. 9, increasing beef imports from Argentina is the wrong approach to growing the U.S. beef supply. Perdue responded to President Donald Trump’s Feb. 6 proclamation on Friday, Feb. 6, titled “Ensuring Affordable Beef for the American Consumer,” which increases imports of Argentine beef quotas from 20,000 tons to roughly 100,000 tons in 2026. “While the administration cla…",https://ground.news/interest/jamestown-sun
AM 1100 The Flag WZFG,Center,N.D. Farmers Union calls Trump’s agreement to buy more Argentine beef ‘the wrong approach’,"WASHINGTON – President Donald Trump has signed an executive order quadrupling the amount of beef imported from Argentina. Argentina’s Foreign Ministry said this will “grant an unprecedented expansion of preferential access for Argentine beef to its market by 100,000 tons,” which is an increase of $800 million in Argentine beef exports. “While the administration claims this move will lower grocery bills, history and economists tell us otherwise: …",https://ground.news/interest/am-1100-the-flag-wzfg
Fortune,Center,"America's cattle chief rips into Trump's Argentine beef bailout, saying it 'does nothing to lower grocery store prices'",National Cattlemen’s Beef Association CEO Colin Woodall said Trump’s idea to buy Argentine beef “only creates chaos at a critical time of the year.”,https://ground.news/interest/fortune
Bloomberg,Lean Left,Argentina Says It Signed US Trade Deal With Trump,"Argentina and the US agreed to scrap hundreds of tariffs on each other’s goods in a trade and investment deal inked Thursday, a major step in President Javier Milei’s push to open up the historically protectionist South American economy.",https://ground.news/interest/bloomberg
Straight Arrow News,Center,Why are US ranchers so upset about Trump plan to lower beef prices?,"President Donald Trump signed an executive order Friday that dramatically expands U.S. beef imports from Argentina — a move he says aims to relieve historically high domestic beef prices, but that has drawn sharp criticism from cattle producers and some lawmakers.  The proclamation, titled “Ensuring Affordable Beef for the American Consumer,” temporarily increases the tariff-rate quota for lean beef trimmings by 80,000 metric tons — allowing Arg…",https://ground.news/interest/straight-arrow-news
dtnpf.com,Center,Trump Announces Plan to Boost Imports of Beef Trimmings from Argentina,"In a proclamation Friday, President Donald Trump announced the U.S. would lower the tariff rate quota to increase imports of lean beef trimmings and all of the increased quota would come from Argentina.",https://ground.news/interest/dtnpfcom
USA Today,Lean Left,Trump allows more tariff-free Argentinian beef in bid to lower prices,"Trump signed a proclamation that allows an additional 80,000 metric tons of Argentinian beef to be imported tariff-free to the U.S. annually.",https://ground.news/interest/usa-today
New Hampshire Union Leader,Center,Trump signs proclamation increasing Argentine beef imports,"U.S. President Donald Trump on Friday signed a proclamation to hike the country’s low-tariff imports of Argentine beef, though economists have said the attempt to lower costs for American consumers will likely have little impact on prices.",https://ground.news/interest/unionleadercom
AgUpdate,Center,Trump Boosts Argentina Beef Imports in Affordability Push,"(Bloomberg) --President Donald Trump signed a directive on Friday further increasing the amount of beef imported into the US from Argentina, his latest move to address Americans’ concerns about affordability.",https://ground.news/interest/agupdate
KEYT,Center,Argentina y Estados Unidos firman un acuerdo para promover el comercio y las inversiones. ¿Qué implica?,"Por Emiliano Giménez Se había anunciado el 13 de noviembre de 2025, unos días después de que el presidente Javier Milei consiguiera un triunfo en los comicios legislativos de octubre. En ese contexto, ambos países comunicaron haber llegado a un entendimiento en materia comercial, en medio de la batería de medidas del Tesoro de Estados Unidos para rescatar a la economía argentina, sacudida por las turbulencias del año electoral. Casi tres meses d…",https://ground.news/interest/keyt
KIFI,Center,Argentina and the United States Sign an Agreement to Promote Trade and Investment. What Does It Entail?,"By Emiliano Giménez. It had been announced on November 13, 2025, a few days after President Javier Milei's victory in the October legislative elections. In that context, both countries announced they had reached an agreement on trade, amidst a series of measures by the U.S. Treasury to rescue the Argentine economy, shaken by the turbulence of the election year. Almost three months later, the governments finally signed the agreement.",https://ground.news/interest/kifi
Just the News,Right,Trump signs order boosting Argentinian beef imports as part of new trade deal,"Trump said the order comes after domestic production capacity of beef has failed to keep pace with increasing demand for the meat in recent years, leading to higher prices for American consumers.",https://ground.news/interest/justthenewscom
CBS News,Center,Trump signs executive order quadrupling beef imports from Argentina,President Trump signed an executive order Friday that increases the amount of beef imported into the U.S. from Argentina.,https://ground.news/interest/cbs-news
KTVH,Center,"Trump boosts Argentine beef imports to 80,000 metric tons","President Donald Trump signed an order Friday expanding the amount of Argentine beef that can be imported into the United States.The order increases the 2026 tariff-rate quota for Argentine beef from 20,000 metric tons to 80,000 metric tons.The proclamation was issued a day after the United States and Argentina finalized a broader trade agreement.Under that agreement, Argentina will remove trade barriers on more than 200 categories of U.S. goods…",https://ground.news/interest/ktvh
Washington Times,Right,Americans in line for more beef from Argentina,"President Trump is allowing Argentina to send an additional 80,000 tons of beef to U.S. markets in an attempt to reduce sky-high consumer prices.",https://ground.news/interest/washington-times
Breitbart,Right,U.S. Signs Reciprocal Trade and Investment Agreement with Argentina,The United States and Argentina signed a trade deal granting U.S. goods preferential market access to the South American nation.,https://ground.news/interest/breitbart
Il Sole 24 Ore,Right,"Argentina Signs Agreement with Usa, Open Market in Exchange for Duty Relief",Argentina has signed a trade and investment agreement with the US for which it will open its market to US products in exchange for a US duty relief on...,https://ground.news/interest/il-sole-24-ore
Zeit Online,Lean Left,"The Us Morning Roundup: Usa Concludes Agreement with Argentina, Us Attack on Boat in the Pacific",Goods from the US are to be preferentially directed to the Argentinian market. The US State Department is increasing aid to Cuba during the oil blockade. The night,https://ground.news/interest/zeit-online
Il Post,Lean Left,Argentina and the United States Will Remove the Reciprocal Duties on Many Products,"They have signed a very important trade agreement, which also strengthens the political link between Trump and Milei",https://ground.news/interest/il-post
Fox Business,Right,"US, Argentina strike sweeping trade deal cutting tariffs, opening markets to US exports","Argentina and the United States have signed a reciprocal trade and investment agreement that will give U.S. exports preferential market access, reduce tariffs on a wide range of goods and deepen cooperation on economic and national security issues, according to the U.S. Trade Representative’s (USTR) office and President Javier Milei.The agreement, signed Thursday, is designed to cut or eliminate tariff and non-tariff barriers, facilitate trade i…",https://ground.news/interest/fox-business
npr,Lean Left,Argentina and US sign a major trade deal to slash tariffs and boost political alliance,The deal slashes hundreds of reciprocal tariffs between the two countries.,https://ground.news/interest/npr
Santa Maria Times,Center,"Argentina and the Us Sign Free Trade Agreement, a Key Advance for Milei",BUENOS AIRES (AP) — Argentina and the United States agreed on Thursday to ease the restrictions on the goods of the two countries in a comprehensive trade and investment agreement that boosts President Javier Milei's initiative to open the...,https://ground.news/interest/santa-maria-times
Los Angeles Times,Lean Left,Argentina and U.S. sign free trade deal in breakthrough for Milei,"Argentina's foreign minister, Pablo Quirno, posted a selfie of him and colleagues beaming after a meeting in Washington where he said they'd signed the pact.",https://ground.news/interest/los-angeles-times
insidetrade.com,Center,"Argentina trade deal: 10 percent U.S. tariffs, cooperation on export controls",Open the article to view the coverage from insidetrade.com,https://ground.news/interest/insidetradecom
El Financiero,Right,"Trump and Milei, in Financial ‘Honeymoon’: Trade and Investment Agreement Signed","Argentina announced that it signed a trade and investment agreement with the Trump administration, fulfilling President Javier Milei's commitment to open the South American economy. Foreign Minister Pablo Quirno reported on the signing of the pact in a social media publication this Thursday, although he did not give details about the final text. Both countries had already agreed in November a framework agreement that envisaged Argentina making s…",https://ground.news/interest/el-financiero
El Pais,Lean Left,United States and Argentina Sign Unequal Trade and Investment Agreement,"The rapprochement between Argentina and the U.S. is progressing by leaps and bounds under the administrations of Javier Milei and Donald Trump. Only one day after announcing a critical mineral pact, both governments signed a trade and investment agreement on Thursday that had been announced three months ago. Supported by the ideological affinity of the presidents—the same one that propitiated the Republican’s recent economic bailout to Milei—the…",https://ground.news/interest/el-pais
Buenos Aires Times,Right,Argentina signs US trade deal that cuts hundreds of tariffs,"US agrees to eliminate over 1,600 reciprocal tariffs on Argentine goods while Milei’s government will terminate more than 220 levies on US products. 1 month ago · Buenos Aires, Argentina",https://ground.news/interest/buenos-aires-times
voz.us,Right,Argentina Seals Strategic Trade and Investment Agreement with United States,"Argentina signed a trade and mutual investment agreement with the United States, reported on Thursday the Foreign Minister of the South American country, Pablo Quirno, giving some details about its content, said the AFP. Read more 1 month ago",https://ground.news/interest/vozus
Associated Press News,Lean Left,Argentina and US sign a major trade deal to slash tariffs and boost a political alliance,"Argentina and the United States have reached an expansive trade deal, a win for Argentine President Javier Milei as he moves to open up the South American nation’s notoriously protectionist economy and a reflection of the close alliance between the radical libertarian and U.S. 1 month ago · United States",https://ground.news/interest/associated-press-news
WKMG,Center,Argentina and US sign free trade deal in breakthrough for Milei,"Argentina and the United States said they reached an expansive trade deal on Thursday, boosting Argentine President Javier Milei as he moves to open up the South American nation's notoriously protectionist economy and reflecting the close alliance between the radical libertarian and U.S. President Donald Trump.Argentina's foreign minister, Pablo Quirno, posted a selfie on social media showing him and several Argentine diplomats beaming after eme… 1 month ago · Orlando, United States",https://ground.news/interest/wkmg
La Tercera,Right,Argentina and Usa Sign Trade and Investment Agreement,"“We have just left the signing of the Reciprocal Trade and Investment Agreement between Argentina and the United States.” With these words, Argentine Foreign Minister Pablo Quirno announced through his X account that Argentina and the United States sealed a trade and investment agreement. The agreement, of which specific details are not yet known, had already been announced in November last year by the White House, in the midst of bilateral meet… 1 month ago · Chile",https://ground.news/interest/la-tercera
Transport Topics,Center,"Argentina, US Sign Trade Agreement","Argentina and the U.S. agreed to scrap hundreds of tariffs on each other’s goods in a trade and investment deal, a major step in President Javier Milei’s push to open up the country's economy. 1 month ago",https://ground.news/interest/transport-topics
El Universo,Right,Argentina and the United States Seal a New Trade and Investment Agreement,"Argentina signed a reciprocal trade and investment agreement with the United States, reported on Thursday the Foreign Minister of the South American country, Pablo Quirno, without giving details about its content. 1 month ago",https://ground.news/interest/el-universo
BioBioChile,Right,Argentina and Us Seal Trade and Investment Agreement: Joins Treaty on Critical Minerals,"Argentina and the United States signed an agreement on trade and investment on Thursday, according to Argentine Foreign Minister Pablo Quirno. This after the signing of an agreement on critical minerals, signed on Wednesday in Washington. “We have just come out of the signing of the Reciprocal Trade and Investment Agreement between Argentina and the United States,” said Quirno, who is travelling in Washington, through social network X. His publi… 1 month ago · Chile",https://ground.news/interest/biobiochile
Globo,Right,Argentina and the United States Sign Mutual Trade and Investment Agreement,The agreement to deepen bilateral cooperation in trade and investment has already been announced by the White House in November. 1 month ago · Brazil,https://ground.news/interest/globo
Infobae,Lean Left,The Government Announced the Signing of the Trade Agreement with the United States,"Foreign Minister Pablo Quirno communicated the information through his X account. The official text is not yet known, but it is a strong proof of the strategic alliance between Javier Milei and Donald Trump. 1 month ago · Buenos Aires, Argentina",https://ground.news/interest/infobae_343f97
la Nacion,Right,The Trade Agreement Between Argentina and the United States Was Signed,"It was sealed by Foreign Minister Quirno with a Trump official; the document with the details is expected to be published 1 month ago · Buenos Aires, Argentina",https://ground.news/interest/la-nacion_7042bc
The Epoch Times,Right,Argentina Signs Critical Mineral Supply Agreement With United States,"Argentina and the United States signed an agreement on the supply of critical minerals on Feb. 4, the Argentine foreign minister has announced. 1 month ago · New York, United States",https://ground.news/interest/the-epoch-times
The Rio Times,Right,Argentina Signs Critical Minerals Deal With the U.S. in Washington’s Biggest Move Yet to Break China’s Grip,"Key Points Every lithium battery in your phone, laptop, and electric car depends on minerals that China controls at every stage — from mine to magnet — and Argentina just signed a deal with the United States to change that. Argentina’s mining exports hit a record $6 billion in 2025, but the country sits on […] 1 month ago · Brazil",https://ground.news/interest/the-rio-times
Pittsburgh Post-Gazette,Center,Argentina and U.S. sign a major trade deal to slash tariffs and boost a political alliance,"BUENOS AIRES, Argentina — Argentina and the United States agreed Thursday to ease restrictions on each other's goods in an expansive trade and investment... 1 month ago · Pittsburgh, United States",https://ground.news/interest/pittsburgh-post-gazette
Anadolu Ajansı,Right,"US, Argentina reach deal on critical minerals","Two countries reaffirm their commitment to developing a 'secure, resilient and competitive' supply chain, says Argentine Foreign Ministry - Anadolu Ajansı 1 month ago · Ankara, Türkiye",https://ground.news/interest/anadolu-ajans
Reuters,Center,"Argentina signs critical minerals deal with US, foreign ministry says","Argentina and the United States signed an agreement on critical minerals on Wednesday to strengthen and secure supply chains, the Argentine foreign ministry said. 1 month ago · United Kingdom",https://ground.news/interest/reuters_fa2539
RedState,Right,New: Threats on VP Vance Expose a Sick Secret As Feds Close In,Federal charges against Ohio man for threatening VP Vance and possession of child sexual abuse materials.,https://ground.news/interest/redstate
Tulsa World,Center,Ohio man charged with threatening to kill vice president,"An Ohio man was charged with threatening to kill Vice President JD Vance while he was visiting his home state last month, but the man's lawyer said his health makes it unlikely he would have been able to carry out…",https://ground.news/interest/tulsa-world
The Epoch Times,Right,Ohio Man Charged Over Alleged Threat to Kill JD Vance,"An Ohio man has been charged with threatening to kill Vice President JD Vance when the Republican visited his home state. Shannon Mathre, 31, of Toledo, Ohio, was arrested on Feb. 6 by the Secret Service after a federal grand jury returned a two-count indictment against him, according to the Department of Justice (DOJ). Mathre is accused of threatening to kill Vance during the vice president’s trip to northwestern Ohio in January. Prosecutors al…",https://ground.news/interest/the-epoch-times
Protothema,Right,33-Year-Old Arrested in Ohio for Making Death Threats Against Us Vice President j.d. Vance,The case file also includes charges for possession and trafficking of child sexual abuse material.,https://ground.news/interest/protothema
CNN,Lean Left,Ohio man charged with Vance death threat amid rising US political violence,"A federal grand jury indicted a 33-year-old Ohio man on Friday with threatening to kill Vice President JD Vance with an automatic weapon, the Justice Department said in a news release, as the US grapples with rising political violence and threats.",https://ground.news/interest/cnn
NY Daily News,Lean Left,Accused Ohio child predator charged with threatening to kill JD Vance,A 33-year-old Ohio man is charged with threatening to kill Vice President Vance and trafficking in child pornography materials.,https://ground.news/interest/ny-daily-news
Sydney Morning Herald,Lean Left,Ohio man charged with threatening to kill US Vice President JD Vance,Prosecutors also charged Shannon Mathre with possessing digital files depicting child sexual abuse that were allegedly discovered during the investigation.,https://ground.news/interest/sydney-morning-herald
UPI,Center,Grand jury indicts suspect for threatening V.P. JD Vance’s life,"A federal grand jury indicted Shannon Mathre, 33, for threatening to kill Vice President JD Vance and receiving and distributing child pornography.",https://ground.news/interest/upi_0b956e
The Post and Courier,Center,Ohio Man Is Charged With Threatening to Kill JD Vance,"An Ohio man was charged with threatening to shoot and kill Vice President JD Vance, federal prosecutors said Friday.",https://ground.news/interest/the-post-and-courier
100% FED UP!,Far Right,Man ARRESTED For Threatening to K*ll VP JD Vance & Possessing Child S*x Abuse Materials * 100PercentFedUp.com * by Kaley,"Yet another deranged leftist man has been arrested for threatening to assassinate Vice President JD Vance. On Friday, 33-year-old Shannon Mathre of Ohio was taken into custody after saying he was planning on shooting and killing the vice president. But, it gets even worse. While federal agents were investigating his computer, they also discovered several digital files depicting child sex abuse. What a sicko. This clip from Fox News shared the de…",https://ground.news/interest/100percentfedupcom
Breitbart,Right,Grand jury indicts suspect for threatening V.P. JD Vance's life,"Feb. 7 (UPI) -- A federal grand jury indicted Shannon Mathre, 33, for threatening to kill Vice President JD Vance and receiving and distributing child",https://ground.news/interest/breitbart
Syracuse NY,Center,Ohio man charged with threatening to kill VP JD Vance,An Ohio man has been charged with threatening to kill Vice President JD Vance while he was visiting his home state last month. But the man’s lawyer said his health makes it unlikely he would have been able to carry out the threat.,https://ground.news/interest/syracuse-ny
Fox News,Right,Ohio man ARRESTED for allegedly threatening to KILL JD Vance,U.S. Secret Service agents arrested a 33-year-old Ohio man after he allegedly threatened to shoot and kill Vice President JD Vance.,https://ground.news/interest/fox-news_a44aba
Live5News,Center,"Man charged with threatening to kill JD Vance, possessing child abuse files","A man from Toledo, Ohio, was indicted by a federal grand jury earlier this week for threatening to kill Vice President JD Vance.",https://ground.news/interest/http-wwwlive5newscom
Newsweek,Center,Ohio man charged with threatening to kill JD Vance: What to know,Shannon Mathre faces charges for threatening VP JD Vance and possessing child abuse materials found during the threat investigation.,https://ground.news/interest/newsweek
CBS News,Center,"Ohio man charged with threatening to kill Vance, processing child abuse files",An Ohio man has been charged with threatening to kill Vice President JD Vance​ while he was visiting his home state last month.,https://ground.news/interest/cbs-news
WLTReport,Far Right,Man ARRESTED For Threatening to K*ll VP JD Vance & Possessing Child S*x Abuse Materials,"Yet another deranged leftist man has been arrested for threatening to assassinate Vice President JD Vance. On Friday, 33-year-old Shannon Mathre of Ohio was taken into custody after saying he was planning on shooting and killing the vice president.",https://ground.news/interest/wltreportcom
LancasterOnline,Center,Ohio Man Accused of Threatening to Kill Jd Vance Possessed Child Abuse Files,"An Ohio man was charged with threatening to assassinate U.S. Vice President JD Vance when he visited his home state last month. However, his lawyer said his client's health condition makes it unlikely…",https://ground.news/interest/lancasteronline
El Vocero de Puerto Rico,Right,Man Charged with Threatening to Assassinate Us Vice President Jd Vance,"A 33-year-old man was charged with threatening to kill U.S. Vice President JD Vance during his visit to Northwest Ohio in January, the U.S. Attorney's Office said Saturday.",https://ground.news/interest/el-vocero-de-puerto-rico
The Hill,Center,Ohio man charged with allegedly threatening to kill Vance,"A federal grand jury on Friday indicted an Ohio man over alleged threats to kill Vice President Vance when the Republican made a trip to his home state last month. Shannon Mathre, 33, was charged with making a threat to kill or inflict bodily harm to a presidential successor, the Department of Justice (DOJ) said…",https://ground.news/interest/the-hill
The Seattle Times,Lean Left,Ohio man charged with threatening to kill VP Vance and possessing child abuse files,An Ohio man has been charged with threatening to kill Vice President JD Vance while he was visiting his home state last month.,https://ground.news/interest/the-seattle-times
Associated Press News,Lean Left,Ohio man charged with threatening to kill Vice President JD Vance and possessing child abuse files,An Ohio man has been charged with threatening to kill Vice President JD Vance while he was visiting his home state last month.,https://ground.news/interest/associated-press-news
abc News,Lean Left,Man charged with threatening to kill Vance and possessing child abuse files,An Ohio man has been charged with threatening to kill Vice President JD Vance while he was visiting his home state last month,https://ground.news/interest/abc-news_409efb
The Daily Caller,Right,Federal Agents Investigating Suspect Who Allegedly Threatened To Kill JD Vance Discover Heineous Criminal Materials,"Federal agents investigating a Toledo man who threatened to kill Vice President JD Vance discovered child sexual abuse material in his possession, DOJ says.",https://ground.news/interest/the-daily-caller
The Political Insider,Far Right,Man arrested for allegedly threatening to kill JD Vance was in possession of,Ohio man allegedly threatened to kill Vice President JD Vance during January visit. Federal agents also found that he had child sexual abuse materials.,https://ground.news/interest/the-political-insider
NBC Dallas-Fort Worth,Lean Left,Ohio man charged with threatening to kill Vice President JD Vance,"An Ohio man has been charged with threatening to kill Vice President JD Vance and with receiving and distributing child sexual abuse material, which was uncovered during the threat investigation. According to the Justice Department, Shannon Mathre, 33, was arrested Friday by Secret Service agents after he was indicted by a grand jury. Mathre allegedly stated, “I am going to find out where [Vance] is going to be and use my M14 automatic gun and k…",https://ground.news/interest/nbc-dallas-fort-worth
NewsNation,Center,Ohio man charged for allegedly threatening to kill VP JD Vance,"“You can hide behind a screen, but you cannot hide from this Department of Justice,"" Attorney General Pam Bondi said.",https://ground.news/interest/wgn-america_663347
American Wire News,Right,Secret Service arrest OH man for threatening to KILL VP Vance — agents find child sexual abuse materials · American Wire News,"The Secret Service has apprehended a man who threatened the life of the vice president, but what they allegedly found was much worse. Shannon Mathre, 33, was arrested in Ohio after being indicted by a grand jury for allegedly “making a threat to take the life of, and to inflict bodily harm upon, a successor to the presidency,” according to a Department of Justice (DOJ) statement. According to the indictment, he allegedly said, “I am going to fin…",https://ground.news/interest/american-wire-news
Cleveland 19 News,Center,"Toledo man charged for threatening to kill Vice President of the United States, possessing child abuse materials",A Toledo man was arrested Friday on federal charges for allegedly threatening to kill Vice President JD Vance and found with child sexual abuse materials.,https://ground.news/interest/http-wwwcleveland19com
News Addicts,Far Right,Alleged Child Predator Arrested For Threatening To Kill VP Vance,"The U.S. Justice Department announced Friday that an Ohio resident had been arrested and charged with making threats against Vice President JD Vance and his family during a recent visit to his home state. U.S. Secret Service agents arrested Shannon Mathre, a 33-year-old resident of Toledo, Ohio, following a federal grand jury indictment charging him […] The post Alleged Child Predator Arrested For Threatening To Kill VP Vance appeared first on N…",https://ground.news/interest/newsaddictscom
TrendingPolitics,Right,NEW: Alleged Child Predator Arrested For Threatening To Kill VP Vance,"The U.S. Justice Department announced Friday that an Ohio resident had been arrested and charged with making threats against Vice President JD Vance and his family during a recent visit to his home state. U.S. Secret Service agents arrested Shannon Mathre, a 33-year-old resident of Toledo, Ohio, following a federal grand jury indictment charging him with making threats against the vice president. The indictment stems from statements Mathre alleg…",https://ground.news/interest/trendingpoliticsnewscom
The Gateway Pundit,Far Right,NEW: Depraved Ohio Man Busted After Threatening to Assassinate VP JD Vance and for Possessing Several Files of Child Sexual Abuse Material,"A truly sick individual has been arrested after claiming he was going to assassinate Vice-President JD Vance, and that’s not all.",https://ground.news/interest/the-gateway-pundit
BT,Right,American Man Charged with Making Death Threats Against j.d. Vance,"When the police searched the accused's home, they also found several files of child pornography on his computer.",https://ground.news/interest/bt
The Free Press (Tampa),Right,Ohio Man’s Threat To Assassinate Vice President Leads Feds To Hidden Cache Of Child Abuse Files,"An Ohio man is behind bars today after federal agents say a routine investigation into a death threat against Vice President JD Vance led them to a disturbing stash of illegal materials. Shannon Mathre, 33, of Toledo, was hauled into custody by U.S. Secret Service agents on Friday following a grand jury indictment that paints […] Ohio Man’s Threat To Assassinate Vice President Leads Feds To Hidden Cache Of Child Abuse Files",https://ground.news/interest/the-free-press-tampa
The Blade,Right,Toledo man charged in threat to kill JD Vance,"A federal grand jury has charged a Toledo man with threatening to kill Vice President JD Vance during his Jan. 22 visit to the city. Shannon Mathre, 33, ...",https://ground.news/interest/the-blade
OAN,Right,Ohio: Man charged with threatening to assassinate VP Vance also accused of having child sex abuse materials,"A federal grand jury has indicted an Ohio man for threatening to kill Vice President JD Vance, but added charges of possessing child pornography, according to the Department of Justice (DOJ).",https://ground.news/interest/oan
Spectrum News,Center,Toledo man charged over alleged threats to Vice President JD Vance,"During the investigation, the DOJ states that child sexual abuse materials (CSAM) were also found in his possession.",https://ground.news/interest/spectrum-news
The Post Millennial,Right,JUST IN: Ohio man arrested for threatening to kill Vice President JD Vance—was in possession of child sexual abuse material,"Shannon Mathre, 33, of Toledo, has been charged with threatening to kill the Vice President of the United States. He was also in possession of child pornography when he was arrested.",https://ground.news/interest/the-post-millennial
Malay Mail,Right,Man charged with threatening to kill US vice president,"WASHINGTON, Feb 7 — A federal grand jury charged a 33-year-old man with threatening to kill US Vice President JD Vance during his visit to Ohio in January, the Justice Department said yesterday.Shannon Mathre, a resident of Toledo, Ohio, is accused of “making a threat to take the life of, and to inflict bodily harm upon” the vice president, the department said in a statement.Mathre reportedly said he was “going to find out where he (the vice pre…",https://ground.news/interest/malay-mail
The Straits Times,Right,Man charged over threat to kill US V-P Vance,Shannon Mathre was arrested by US Secret Service agents on Feb 6. Read more at straitstimes.com.,https://ground.news/interest/the-straits-times_9bb9e6
Globo,Right,"Man Accused of Threatening to Kill Jd Vance, Says u.s. Department of Justice.","Shannon Mathre, of Toledo, Ohio, is accused of threatening to kill Vance and causing him bodily harm, the Justice Department said in a statement.",https://ground.news/interest/globo
Benzinga,Center,"Man Accused Of Threatening To Assassinate JD Vance Arrested By Secret Service, Faces Multiple Federal Charges","A federal grand jury indicted an Ohio man who was arrested by the Secret Service for allegedly threatening to kill Vice President JD Vance, with investigators also uncovering child sexual abuse material that could expose him to decades in prison amid rising concerns over political violence. Importance Rank:  2",https://ground.news/interest/benzinga
PerthNow,Center,Ohio man charged over threat to kill JD Vance,"A 33-year-old man from Toledo, Ohio is accused of making a threat to ⁠take the life of, and to inflict bodily harm upon, US Vice President JD Vance.",https://ground.news/interest/perthnow
Reuters,Center,"Ohio man charged over threat to kill JD Vance, US Justice Department says","A federal grand jury returned an indictment charging a 33-year-old man with threatening to kill U.S. Vice President JD Vance during his visit to the Ohio region in January, the Justice Department said on Friday.",https://ground.news/interest/reuters_fa2539
Ynet News,Lean Left,US: Ohio resident charged with threatening to murder VP Vance,,https://ground.news/interest/ynet-news
Cleveland,Center,Toledo man charged with threatening Vice President JD Vance,"Shannon Mathre, 33, was indicted earlier this week for threatending the life of JD Vance. Mathre has also been accused of possessing visual images of minors engaging in sexually explicit conduct.",https://ground.news/interest/cleveland
Townhall,Right,Toledo Man Indicted for Threatening to Kill Vice President JD Vance During Ohio Visit,Toledo man indicted for threatening Vice President JD Vance during Ohio visit; also charged with child abuse material offenses.,https://ground.news/interest/townhall
KTHV,Center,Toledo man arrested for threatening to kill JD Vance during northwest Ohio visit,"Shannon Mathre, 33, allegedly stated he was going to find Vance's location and fatally shoot him, according to an indictment filed earlier this week.",https://ground.news/interest/kthv
WirePoints Illinois Financial News,Right,"Judge blocks Trump’s $10B child care funding freeze that targeted blue states, including Illinois – Capitol News IL","The freeze, first announced in January, affected about $1 billion for Illinois. The administration said it was because of suspicions about fraud — including providing benefits to immigrants lacking permanent legal status — but provided no details or proof.",https://ground.news/interest/wirepoints-illinois-financial-news
The Southern,Center,"Judge blocks Trump’s $10B child care funding freeze that targeted blue states, including Illinois","A federal judge on Friday granted a preliminary injunction in the case concerning the Trump administration’s freeze on $10 billion in child care and family planning funding to five blue states, including Illinois.",https://ground.news/interest/the-southern
The Hill,Center,Judge extends block on Trump admin’s bid to slash social services funds to 5 states,"A New York judge on Friday extended a preliminary injunction blocking the Trump administration from slashing funds to social service programs in five Democrat-led states. U.S. District Judge Vernon Broderick made his ruling at the request of Minnesota, California, Illinois, New York and Colorado. The states receive a total of over $10 billion a year…",https://ground.news/interest/the-hill
Colorado Public Radio,Lean Left,Feds ordered to release child care funds to Colorado and four other states,It's the third time a judge has told the federal government to release the funds.,https://ground.news/interest/colorado-public-radio
The Morning Call,Lean Left,Judge Rules that the Us Government Cannot Withhold Social Funds From 5 Democratic States,"By Geoff Mulvihill - A federal judge ruled Friday that the Trump administration must maintain the flow of funds for childcare subsidies and other social service programs in five Democratic-run states, at least for now. U.S. District Judge Vernon Broderick in New York, a nominee of former President Barack Obama, granted the states' request for a preliminary injunction and stay against the administration to prevent it from withholding the money wh…",https://ground.news/interest/the-morning-call
DNyuz,Right,Judge Extends Block on Trump Officials Slashing Funds to Democratic States,"A federal judge on Friday extended an order blocking the Trump administration from withholding funds for child care and social services in five Democratic-led states, keeping at bay for now cuts that the states say are politically motivated and would harm hundreds of thousands of people. The order from Judge Vernon S. Broderick in New York stops the administration from carrying out its threat to restrict as much as $10 billion in funding for Min…",https://ground.news/interest/dnyuz
Chicago Tribune,Center,Judge rules Trump administration can’t withhold child care and social service funds to Illinois and 4 other states,"A federal judge ruled Friday that President Donald Trump’s administration must keep funds flowing to child care subsidies and other social service programs in five Democratic-controlled states — at least for now. U.S. District Judge Vernon Broderick in New York, who was nominated by former President Barack Obama, granted the states’ request for a preliminary injunction and a stay against the administration to bar it from withholding the money wh…",https://ground.news/interest/chicago-tribune
Lockport Union-Sun & Journal,Lean Left,"Feds can't withhold social service funds from NY, judge rules",A federal judge ruled Friday that President Donald Trump's administration must keep funds flowing to child care subsidies and other social service programs in five Democratic-controlled states — at least for now.,https://ground.news/interest/lockport-union-sun-and-journal
Pasadena Star News,Center,"Feds can’t withhold social service funds from 5 Democratic states amid fraud claims, judge rules",By GEOFF MULVIHILL A federal judge ruled Friday that President Donald Trump’s administration must keep funds flowing to child care subsidies and other social service programs in five Democratic-controlled states — at least for now. Related Articles Justice Department will allow lawmakers to see unredacted versions of released Epstein files Judge strikes down old Arizona abortion restrictions that clash with voter-b…,https://ground.news/interest/pasadena-star-news
Denver Post,Center,"Feds can’t withhold social service funds from 5 Democratic states, including Colorado, amid fraud claims, judge rules","The affected states include California, Colorado, Illinois, Minnesota and New York.",https://ground.news/interest/denver-post
WBAL,Center,Feds can't withhold social service funds from 5 Democratic states,"A federal judge ruled Friday that President Donald Trump’s administration must keep funds flowing to child care subsidies and other social service programs in five Democratic-controlled states — at least for now. U.S. District Judge Vernon Broderick in New York, who was nominated by former President Barack Obama, granted the states’ request for a preliminary injunction and a stay against the administration to bar it from withholding the money wh…",https://ground.news/interest/wbal
Associated Press News,Lean Left,"Feds can't withhold social service funds from 5 Democratic states amid fraud claims, judge rules",A federal judge in New York says the Trump administration must keep the money flowing for now for programs aimed at helping low-income families with children in five states.,https://ground.news/interest/associated-press-news
Colorado Sun,Lean Left,"Trump's freeze of $10B in funds for low-income families in Colorado, 4 other states blocked by federal judge","$300 million will continue to flow to Colorado's child care and safety net programs, per a preliminary injunction issued Friday",https://ground.news/interest/colorado-sun
