outlet,bias,headline,summary,ground_news_interest_url
WBMA,Right,Florida caregiver accused of suffocating 97-year-old mother after assisted suicide denied,"Deputies say a woman made a bizarre confession after investigators determined her 97-year-old mother did not die naturally, but was instead suffocated. 2 months ago",https://ground.news/interest/wbma
Conservative Daily News,Far Right,Trump Optimistic For ‘Very Close’ Russia-Ukraine Peace Deal After Zelenskyy Meeting,"by Harold Hutchison at CDN - President Donald Trump expressed his continuing hope during a Sunday press conference at Mar-a-Lago that a peace deal could be reached between Russia and Ukraine. Ukrainian President Volodymyr Zelenskyy met Sunday with Trump in Florida, during which the two discussed a proposed 20-point peace plan. Trump later told reporters during a joint press conference he and … Click to read the rest HERE-> Trump Optimistic For ‘… 2 months ago",https://ground.news/interest/conservative-daily-news
Bild,Right,Ukraine: Bitter Expert Balance! as Long as Trump Doesn't Go Into Putin's Arms,"Three top experts explain what the Ukraine meeting in Mar-a-Lago has brought – and warn against too high expectations. 2 months ago · Berlin, Germany",https://ground.news/interest/bild
PHL17,Center,3 takeaways from the Trump-Zelensky meeting at Mar-a-Lago,"After their meeting, Zelensky and Trump said at a joint press conference that progress was made on a 20-point peace proposal backed by the Ukrainian leader, but both noted that more work is needed to end the conflict. 2 months ago",https://ground.news/interest/phl17com
saarbruecker-zeitung.de,Center,War in Ukraine: What Happens After the Trump and Selensky Meeting?,Is Russia's war coming to an end in Ukraine? US President Trump thinks the negotiations are on a good path. A solution is now to be found at various levels. 2 months ago,https://ground.news/interest/saarbruecker-zeitungde
merkur.de,Center,Trump Suddenly Baffled After Meeting Selensky: He Doesn't Say Three Crucial Things,"Following the new Ukraine negotiations in Mar-a-Lago, Trump and Selenskyy were optimistic, but significant is what the US President did not say. An analysis. 2 months ago",https://ground.news/interest/merkurde
Deccan Chronicle,Right,"Zelenskyy Shares Details Of Trump Talks, Seeks 50-year Security Guarantees","Zelenskyy made the remarks after meeting Trump at the US President's Mar-a-Lago Club in Palm Beach, Florida, on Sunday, December 28, where the two leaders discussed possible ways to bring the war to an end 2 months ago · Hyderabad, India",https://ground.news/interest/deccan-chronicle
NewsNation,Center,Trump confident war in Ukraine is nearing an end,"President Trump met with Zelenskyy on Sunday, before welcoming Israeli Prime Minister Benjamin Netanyahu to Mar-a-Lago later today. 2 months ago · Chicago, United States",https://ground.news/interest/wgn-america_663347
West Hawaii Today,Lean Left,"Trump and Zelenskyy meet to iron out peace plan, but deal remains elusive","WEST PALM BEACH, Fla. — President Donald Trump said while hosting President Volodymyr Zelenskyy of Ukraine on Sunday that he believed Russia and Ukraine were “maybe very close” to ending a nearly four-year war, even as Russia rejected some terms sought by Ukrainian negotiators. 2 months ago",https://ground.news/interest/west-hawaii-today
Buffalo News,Center,Trump meets 'brave' Zelenskyy at Mar-a-Lago,"WEST PALM BEACH, Fla. — President Trump said Sunday he believes both Ukrainian President Volodymyr Zelenskyy and Russian President Vladimir Putin truly want peace, as he welcomed the ""brave"" Ukrainian leader for talks at his Florida resort. 2 months ago · Buffalo, United States",https://ground.news/interest/buffalo-news
The Daily Caller,Right,'I'm On The Side Of Peace': Trump Optimistic For 'Very Close' Russia-Ukraine Peace Deal After Zelenskyy Meeting,"President Donald Trump expressed continuing hope during a Sunday press conference at Mar-a-Lago that a peace deal could be reached between Russia and Ukraine. 2 months ago · Washington, United States",https://ground.news/interest/the-daily-caller
Benzinga,Center,"Trump Says Ukraine 'Lot Closer' To Peace Deal, Zelenskyy Thanks President For A 'Great Meeting,' Says 'Significant Results' Were Achieved","Trump says US and Ukraine close to peace deal after meeting with Zelenskyy at Mar-a-Lago. Security guarantees and territory remain key issues. 2 months ago · New York, United States",https://ground.news/interest/benzinga
The Hill,Center,Three takeaways from Trump-Zelensky meeting at Mar-a-Lago,"President Trump met with Ukrainian President Volodymyr Zelensky at Mar-a-Lago on Sunday, as negotiations on ending Russia’s war in the eastern European nation continue. Upon greeting Zelensky at the entrance to the club, Trump projected optimism, telling reporters that the sides “have the makings of a deal” to end the war.  After their meeting, Zelensky… 2 months ago · Washington, United States",https://ground.news/interest/the-hill
Kyiv Post,Lean Left,"Inside Trump’s Mar-a-Lago Ukraine Push: Peace Deal ‘Very Close,’ He Claims, But Final 5% Looms Large","US President dangles security guarantees, teases Kyiv visit as Zelensky claims major breakthroughs and Europe braces for the hardest decisions. 2 months ago · Kyiv, Ukraine",https://ground.news/interest/kyiv-post
KIFI,Center,Takeaways from Trump’s meeting with Zelensky in Florida,"By Kevin Liptak, CNN West Palm Beach, Florida (CNN) — Ukrainian President Volodymyr Zelensky traded freezing, missile-tormented Kyiv on Sunday for the frescoed dining room at Mar-a-Lago, where he hoped to gain President Donald Trump’s sign-off on a revised 20-point peace plan to end the war in his country. Emerging after more than three hours of talks, neither man announced any major breakthrough in the grinding effort to end the conflict starte… 2 months ago · Idaho Falls, United States",https://ground.news/interest/kifi
The Gateway Pundit,Far Right,"Trump at Zelenskyy Presser: 'If the 2020 Election Weren't RIGGED and STOLEN, You Wouldn't Have Had This War'","President Donald Trump hosted Ukrainian President Volodymyr Zelenskyy at Mar-a-Lago on Sunday to discuss ongoing peace negotiations aimed at ending the Russia-Ukraine war. Flanked by American and Ukrainian flags, Trump delivered a no-holds-barred assessment of the conflict, tying its origins directly to the stolen 2020 election. Trump didn’t mince words, stating, “I’ve said and nobody’s disputed it: If the election weren’t rigged and stolen in 2… 2 months ago · United States",https://ground.news/interest/the-gateway-pundit
DNyuz,Right,"Trump, 79, Slathers on Makeup After Bruising Spotted on Both Hands","President Donald Trump slathered a fresh coat of makeup on his hand for another round of peace talks with Ukraine on Sunday. Trump, 79, welcomed Ukrainian President Volodymyr Zelensky to his Mar-a-Lago estate as he continues to chase down an end to the Russia-Ukraine war, which he promised to end on his first day back in office. Ukrainian President Volodymyr Zelensky joined President Donald Trump in Mar-a-Lago on Sunday. Joe Raedle/Getty Images … 2 months ago",https://ground.news/interest/dnyuz
RocketNews,Lean Left,U.S. ramps up Ukraine diplomacy as Zelensky meets Trump,President Trump hosts Zelensky amid intensified U.S. diplomacy aimed at ending Russia’s war in Ukraine. Article Attribution | Read More at Article Source The post U.S. ramps up Ukraine diplomacy as Zelensky meets Trump appeared first on RocketNews. 2 months ago,https://ground.news/interest/rocketnews-top-news-stories-from-around-the-globe
USA Today,Lean Left,Trump and Zelenskyy work on Ukraine peace plan at Mar-a-Lago,Trump invited Zelensky to his private club to work on the U.S.-proposed peace plan to end the war in Ukraine as the conflict approaches four years. 2 months ago · United States,https://ground.news/interest/usa-today
abc News,Lean Left,Trump says Russia and Ukraine are 'maybe very close' to peace deal after Zelenskyy meeting,"Trump said teams are ""getting a lot closer, maybe very close"" to achieving a Ukraine-Russia peace deal, following his conversation with Putin and meeting with Zelenskyy. 2 months ago · United States",https://ground.news/interest/abc-news_409efb
Neue Zürcher Zeitung,Right,"Trump and Selenski in Mar-a-Lago: ""Have Everything You Need for a Deal""","The Ukrainian President had pushed to the summit in Mar-a-Lago, and the talks are ongoing. 2 months ago · Zürich, Switzerland",https://ground.news/interest/neue-zurcher-zeitung
Spiegel,Lean Left,Donald Trump and Wolodymyr Selenskyj Hold Press Conference in Mar-a-Lago,Donald Trump and Wolodymyr Selenskyj come to the press after their meeting in Mar-a-Lago. Have they made a breakthrough in the peace talks? See their statements here. 2 months ago · Germany,https://ground.news/interest/spiegel
UPI,Center,Ukraine's Zelensky meets with Trump at Mar-a-Lago,"Ukrainian President Volodymyr Zelensky on Sunday arrived at Mar-a-Lago in Palm Beach, Florida, to meet with U.S. President Donald Trump about a proposal for a cease-fire and end to Russia's war in Ukraine. 2 months ago · Washington, United States",https://ground.news/interest/upi_0b956e
realnewsnow.com,Far Right,Zelensky Vows to ‘Do Whatever It Takes’ to End War Ahead of Trump Mar-a-Lago Summit - Real News Now,"Ukrainian President Volodymyr Zelensky said Saturday that he is prepared to make major concessions to secure peace with Russia, just hours before meeting with President Donald Trump at Mar-a-Lago. Zelensky said Ukraine “did not start this war” but is willing to end it by any means necessary. “Ukraine supported President Trump’s proposal for a ceasefire. Ukraine has agreed to many different compromises,” he posted to X. “Ukraine is willing to do … 2 months ago",https://ground.news/interest/realnewsnowcom
TF1 INFO,Center,Trump-Zelensky: a High-Voltage Encounter,"Donald Trump has been talking to Volodymyr Zelensky in Florida for over an hour. The two leaders are discussing the contours of a probable peace plan in Ukraine. Kiev proposes to freeze the front line, but Vladimir Putin refuses to do so. Yesterday, he continued to bomb the opposing capital. Another important point is that Ukrainians do not want to give up the Zaporijia power station and want to keep themselves from being able to join NATO one d… 2 months ago",https://ground.news/interest/tf1-info
delo.si,Lean Left,"Zelensky and Trump Talks Underway, World Awaits Outcome of Meeting","Upon the arrival of the Ukrainian president at the Mar-a-Lago estate, the US president said that both Zelensky and Putin are serious about peace. 2 months ago",https://ground.news/interest/delosi
Meduza,Left,"Trump's Meeting with Zelensky Has Begun, and It's Taking Place at the u.s. President's Residence in Florida.","Donald Trump and Vladimir Zelensky met at the residence of American President Mar-a-Lago in Florida. 2 months ago · Riga, Latvia",https://ground.news/interest/meduza
7NEWS Australia,Right,‘We have the makings of a deal’: Zelensky and Trump hold peace talks,The talks come after a massive Russian bombing campaign over the weekend. 2 months ago · Australia,https://ground.news/interest/7news-australia
ABC Australia,Lean Left,"Zelenskyy says progress made on peace deal, but Trump says 'thorny issues' remain","Volodymyr Zelenskyy says a security guarantee between Ukraine and the US as part of a peace deal is ""100 per cent agreed"", while Donald Trump says there are still one or two ""thorny issues"" to finalise in the deal. 2 months ago · Australia",https://ground.news/interest/abc-australia
Sydney Morning Herald,Lean Left,"Trump, Zelenskyy meet in US","US President Donald Trump and Ukrainian President Volodymyr Zelenskyy are meeting in the US to discuss a peace plan to end the war with Russia. 2 months ago · Sydney, Australia",https://ground.news/interest/sydney-morning-herald
The Post Millennial,Right,"BREAKING: Trump says ‘we have the makings of a deal’ on Russia-Ukraine war, says talks are in ‘final stages’","Trump told reporters he believed both sides want the war to end and said the negotiations are in their final stages. 2 months ago · Toronto, Canada",https://ground.news/interest/the-post-millennial
Dnevni list Danas,Lean Left,Trump Welcomed Zelenski in Florida Before the Meeting on the Truce with Russia and Territorial Concessions,"The President of the United States of America (USA) Donald Trump received the President of Ukraine Volodymyr Zelenskiy in Florida today, with whom he is supposed to discuss the truce with Russia and ending the war. 2 months ago · Belgrade, Serbia",https://ground.news/interest/dnevni-list-danas
United24,Lean Left,Zelenskyy and Donald Trump Meet in Mar-a-Lago for High-Stakes Ukraine Peace Talks,"Ukrainian President Volodymyr Zelenskyy arrived in Florida as high-level talks with US President Donald Trump began at Mar-a-Lago, marking a potentially decisive moment in diplomatic efforts to end the war in Ukraine, according to The Guardian on December 26. Supporters carrying Ukrainian flags gathered along the road to Mar-a-Lago to welcome Zelenskyy, expressing public backing as the Ukrainian leader arrived for what both sides described as a … 2 months ago",https://ground.news/interest/united24mediacom
Raw Story,Left,Trump casually lays blame for ‘explosions’ across Russia on Ukraine to Zelenskyy’s face,"Standing alongside Ukrainian President Volodymyr Zelenskyy ahead of their high-stakes meeting Sunday, President Donald Trump casually laid blame for “explosions in various parts of Russia” on Ukraine, presumably including a recent bombing in Moscow that killed two police officers and a bystander.Standing next to Zelenskyy at the Mar-a-Lago resort in Palm Beach, Florida, Trump was asked by a reporter whether he thought President Vladimir Putin wa… 2 months ago · United States",https://ground.news/interest/raw-story
La Tercera,Right,“There Are No Deadlines for Delivery”: Trump and Zelensky Meet in Mar-a-Lago to Discuss Possible Peace Agreement Between Russia and Ukraine,"This Sunday, U.S. President Donald Trump and his Ukrainian pair Volodymyr Zelensky are holding a bilateral meeting in Mar-a-Lago, Florida. Both presidents would have met around 1:30 p.m. local time, with Zelensky holding a handshake to Trump. After that, both presidents held a brief press conference before starting the talks. Trump stressed that they were in “a decisive phase” of the negotiations, in addition to Putin’s “very serious” assessment… 2 months ago · Chile",https://ground.news/interest/la-tercera
GB News,Right,Donald Trump insists ‘we have the makings of a deal’ as Voldoymyr Zelensky arrives at Mar-a-Lago,"Volodymyr Zelensky has arrived at President Trump's Mar-a-Lago residence ahead of crunch talks about a potential peace deal between Russia and Ukraine.Mr Trump revealed he has held talks with Vladimir Putin earlier today and he feels optimistic about the prospect of a deal.Speaking to reporters outside his Florida residence, Mr Trump refused to give a deadline.“I don’t have deadlines. My deadline is having the war ended”, he asserted. TRENDING … 2 months ago · London, United Kingdom",https://ground.news/interest/gbnewscom
HuffPost,Left,Zelenskyy Shares Hopeful Message Ahead Of Trump Meeting To End War With Russia,"The Ukrainian president noted that “these are some of the most active diplomatic days of the year right now"" in an X post. 2 months ago · United States",https://ground.news/interest/huffpost
detector.media,Lean Left,Zelensky and Trump Appeared Before Discussing Peace Plan in Florida,The briefing was broadcast live. 2 months ago,https://ground.news/interest/detectormedia
Lietuvos Radijas ir Televizija,Center,Trump and Zelensky Had a Meeting Behind Closed Doors.,"Donald Trump received the President of Ukraine, Vladimir Zelensky, at his residence in the state of Florida. 2 months ago · Vilnius, Lithuania",https://ground.news/interest/lietuvos-radijas-ir-televizija
thairath.co.th,Right,Trump Spoke with Putin on the Phone Before Zelenskyy's Visit to Florida to Discuss a Peace Plan.,Donald Trump revealed he spoke on the phone with Vladimir Putin before the Ukrainian leader met with him in Florida to discuss a revised peace plan. 2 months ago,https://ground.news/interest/thairathcoth
연합뉴스-Yonhap News Agency,Right,"Trump Begins Meeting with Zelensky… ""Negotiations in Final Stage""",( 2 months ago · Korea (the Republic of),https://ground.news/interest/_ae7d36
CGTN,Lean Left,Zelenskyy arrives at Mar-a-Lago Club for Trump meeting,"Ukrainian President Volodymyr Zelenskyy has arrived at US President Donald Trump’s Mar-a-Lago Club for talks.Ahead of the meeting, Trump said he had a “very productive” phone call with Russian President Vladimir Putin.Putin and Trump are scheduled to 2 months ago · Beijing, China",https://ground.news/interest/cgtncom
Origo,Right,Location of Trump-Zelensky Meeting Revealed,"Zelensky meets with Donald Trump at his Mar-a-Lago estate in Florida, in front of the press. The public meeting has sparked new diplomatic speculation. 2 months ago · Budapest, Hungary",https://ground.news/interest/origohu
Political Wire,Center,Trump Hails ‘A Lot of Progress’ in Talks With Zelensky,"President Trump said he made “a lot of progress” in talks with Ukrainian President Volodymyr Zelenskiy over a possible peace deal, but that it might take a few weeks to get it done and there’s no set timeline, Bloomberg reports. Asked what happens if no deal is reached, Trump replied: “They keep fighting and they keep dying.” 2 months ago · New York, United States",https://ground.news/interest/political-wire
WPEC,Right,Supporters rally in WPB urging US backing for Ukraine ahead of key Mar-a-Lago meeting,"WPEC CBS 12 provides local news, weather, sports, traffic and entertainment for West Palm Beach and nearby towns and communities in South Florida including the Palm Beaches and Treasure Coast, serving Stuart, Royal Palm Beach, Fort Pierce, Vero Beach, Port St. Lucie, Okeechobee, Jupiter, Palm Beach Gardens, Wellington, Delray Beach, Boca Raton, Lake Worth, Boynton Beach, Greenacres, Belle Glade, Palm Beach, and Riviera Beach. 2 months ago",https://ground.news/interest/wpec
Le Monde,Lean Left,"In Direct, War in Ukraine: Donald Trump Assures Ukraine Will Have ""Strong"" Security Guarantees in the Event of a Peace Plan; Bilateral Meeting Has Begun","This meeting must be followed by a call with European leaders. Donald Trump should then talk to Russian President Vladimir Putin, according to Moscow. 2 months ago · Paris, France",https://ground.news/interest/le-monde
svt Nyheter,Lean Left,Zelensky and Trump Meet - Discuss Peace Plan,"Ukrainian President Volodymyr Zelensky has arrived at Trump's Mar-a-Lago estate. Top of the agenda are US security guarantees, according to Zelensky. ""These are some of the most active diplomatic days of the year, and a lot can be decided before the New Year,"" he writes on X. ""There will be a security agreement,"" Donald Trump said before the meeting. 2 months ago · Stockholm, Sweden",https://ground.news/interest/svt-nyheter
tz.de,Center,Before Trump Meeting: Russia Accuses Europe of Preparing for War,Lavrov accuses Europe of preparing for a war. The Kremlin calls the EU the main obstacle to peace. Trump meets Selensky in Florida. 2 months ago,https://ground.news/interest/tzde
BFM TV,Center,"Direct. War in Ukraine: Trump Said He Had a ""Very Productive"" Call with Putin, Before Meeting Zelensky","The President of Ukraine and his American counterpart are scheduled to meet this Sunday, December 28 in Florida, in Donald Trump's residence in Mar-a-Lago. On the agenda of these discussions include: the latest version of the peace plan with Russia and the security guarantees that could be provided by... 2 months ago · France",https://ground.news/interest/bfm-tv
NDTV,Right,Zelensky To Pitch Territorial Concessions To Trump In Today's Meet,"President Volodymyr Zelensky will push a new peace plan for Ukraine when he sits down with Donald Trump in Florida on Sunday, bolstered by the backing of European leaders but with his capital Kyiv... 2 months ago · New Delhi, India",https://ground.news/interest/ndtv
Tagesschau,Center,Treffen von Trump und Selenskyj,"Treffen von Trump und Selenskyj 2 months ago · Hamburg, Germany",https://ground.news/interest/tagesschau
Channel 4,Lean Left,Zelenskyy ‘open to dimilitarised zone’ amid Mar-a-Lago Trump talks,"President Zelenskyy is said to have told European leaders that Ukraine would be willing to withdraw troops to create a demilitarised zone along the front line - as long as Russia does the same. 2 months ago · London, United Kingdom",https://ground.news/interest/channel-4
abc,Right,"Trump-Zelenski Meeting for the Ukraine-Russia Peace Agreement, Live: Statements and Last Minute From Mar-a-Lago Today","The final hour of the meeting between Donald Trump and Volodimir Zelenski to conclude a peace agreement to end the war between Ukraine and Russia, with the declarations and everything that happens in Mar-a-Lago today, continues live. 2 months ago · Spain",https://ground.news/interest/abc_0c202e
RedState,Right,"'Final Stages': Trump Meets With Zelensky to End War, Spars With the Media","Trump and Zelensky meet at Mar-a-Lago to discuss ending the Ukraine-Russia war. 2 months ago · Washington, United States",https://ground.news/interest/redstate
il Giornale,Right,Zelensky From Trump to Mar-a-Lake: How to Follow the Bilateral Live,"From TG4 to Zona Bianca, the news and analysis of the meeting that could mark a turning point in the Ukrainian conflict 2 months ago · Italy",https://ground.news/interest/ilgiornaleit
El Pais,Lean Left,Trump Meets with Zelenski in Florida: “There Will Be a Solid Security Agreement”,"Everything was ready this Sunday in Mar-a-Lago, Donald Trump’s private residence in Florida, his “Winter White House,” to welcome Ukrainian President Volodimir Zelenski, when the Republican president reintroduced a last-minute twist of script. There was little left for the quote, when he announced in a message in Truth, his social network, that he had spoken on the phone with his Russian counterpart, Vladimir Putin. Trump defined it as a so-call… 2 months ago · Spain",https://ground.news/interest/el-pais
Firstpost News,Center,"Zelenskyy arrives in Miami, to meet Trump at Mar-a-Lago amid push for peace deal","Zelenskyy has arrived in the US for talks with US President Donald Trump, as Washington steps up efforts to explore a possible peace deal to end the Russia-Ukraine war. 2 months ago · Mumbai, India",https://ground.news/interest/firstpost-news
Komo News,Center,"Trump, Zelenskyy to discuss Ukraine peace talks amid Russian attacks at Mar-a-Lago","President Donald Trump is scheduled to meet Sunday with Ukrainian President Volodymyr Zelenskyy as diplomatic efforts to end Russia’s war in Ukraine. 2 months ago · Seattle, United States",https://ground.news/interest/komo-news
Palm Beach Post,Center,Trump says he sees 'the makings of a deal' to end Ukraine-Russia war,President Trump met with Ukraine leader Volodymyr Zelenskyy at Mar-a-Lago on Dec. 28 to discuss a proposal to end the four-year-old conflict. 2 months ago,https://ground.news/interest/palm-beach-post
kreiszeitung.de,Center,Ukraine War up-to-Date: Trump Selensky Meeting in Mar-a-Lago – Wrestling for Ukraine Peace Plan Begins,Current news about the Ukraine war in the ticker: Selenskyi meets Trump – it's about the Ukraine peace. Russia's losses in the conflict are rising. 2 months ago,https://ground.news/interest/kreiszeitungde
Vatican News,Right,Zelenskyy seeks security guarantees as peace talks continue,"Ukrainian President Volodymyr Zelensky is holding talks with former U.S. President Donald Trump at his Florida residence, as part of renewed efforts to end Russia’s war against Ukraine. Read all 2 months ago",https://ground.news/interest/vatican-news
CartaCapital,Left,Trump Says Negotiations to End War in Ukraine Are in the Final Phase,"The President of the United States, however, refused to set a time limit for signing the agreement. Shortly thereafter, he spoke on his phone with Putin and later met personally with Zelensky. 2 months ago · São Paulo, Brazil",https://ground.news/interest/cartacapitalcombr
wz.de,Center,Selenskyy Meets Trump - Ukraine Promotes Pressure on Russians,Peace in Ukraine is not yet in sight. Ukrainian President Selensky once again meets US President Trump to talk about the end of the war. Russia is continuing to attack. 2 months ago,https://ground.news/interest/wzde
The Independent,Lean Left,Trump and Zelensky to meet at Mar-a-Lago for crunch peace talks,"2 months ago · London, United Kingdom",https://ground.news/interest/the-independent_ff73a6
Berliner Morgenpost,Center,Zelenskyy Meets Trump: It's Still About Ten Percent,"The US president will receive the Ukrainian in Florida. This is contingent on preliminary negotiations having progressed. 2 months ago · Berlin, Germany",https://ground.news/interest/berliner-morgenpost
Il Post,Lean Left,What to Expect From Trump's Meeting with Zelensky,"They will talk mainly about three things: Donbas, security guarantees and Zaporizhzhia 2 months ago · Italy",https://ground.news/interest/il-post
www.t-online.de,Lean Left,Security Guarantees and Territories: that's What Selenskyj's Visit to Florida Is All About,"In Florida, Ukrainian President Wolodymyr Selenskyj meets US President Donald Trump. It's about security guarantees, territories – and how serious Washington is about peace. 2 months ago",https://ground.news/interest/wwwt-onlinede
Sueddeutsche Zeitung,Lean Left,Ukraine: Selensky Meets Trump in Mar-a-Lago,"Prior to the start of talks in Florida with US President Donald Trump, Ukrainian leader Selensky tried to dampen expectations. The Russian army overlaid Ukraine with rocket and drone attacks on the weekend. 2 months ago · Munich, Germany",https://ground.news/interest/sueddeutsche-zeitung
The Epoch Times,Right,Trump to Meet With Zelenskyy in Florida on Sunday,"President Donald Trump will meet with Ukrainian President Volodymyr Zelenskyy in Florida on Dec. 28 to discuss a plan to end the years-long war with Russia. “These are some of the most active diplomatic days of the year right now, and a lot can be decided before the New Year,” Zelenskyy wrote in an X post on Dec. 28. “We are doing everything toward this, but whether decisions will be made depends on our partners—those who help Ukraine, and those… 2 months ago · New York, United States",https://ground.news/interest/the-epoch-times
Eldiario.es,Lean Left,Trump and Zelenski Meet in Mar-a-Lago Awaiting Progress on the Peace Plan for Ukraine,"European and US security assurances for Ukraine are the key to a meeting that takes place in the midst of Russian attacks on Kiev and other cities Russia launches a massive attack on Ukraine the day before the meeting between Trump and Zelenski Donald Trump and Volodimir Zelenski meet this Sunday to address the plan to end the war in Ukraine, amid the harsh Russian attacks of the last hours on Kiev and other Ukrainian cities, and doubts as to wh… 2 months ago · Spain",https://ground.news/interest/eldiarioes
Modern Diplomacy,Right,The 20-Point Ukraine Peace Proposal Zelenskiy Brings to Trump,"A draft 20-point peace proposal will be the main topic of discussions between Ukrainian President Volodymyr Zelenskiy and U. S. President Donald Trump in Florida on Sunday. Zelenskiy believes this plan could help end the war with Russia. While many positions have improved, Ukraine and the U. S. still disagree on territory control and the […] The post The 20-Point Ukraine Peace Proposal Zelenskiy Brings to Trump appeared first on Modern Diplomacy. 2 months ago",https://ground.news/interest/modern-diplomacy
Radio Free Europe/ RadioLiberty,Center,Zelenskyy Calls On Allies To Cement Peace Ahead Of High-Stakes Talks With Trump,"Ukrainian President Volodymyr Zelenskyy, who is set to hold talks with US President Donald Trump in what could be the most consequential meeting in the country's recent history, said securing peace with Russia depends on Kyiv's allies. 2 months ago · Czechia",https://ground.news/interest/radio-free-europe-radioliberty
Digi 24,Center,"Russia Found that ""the Main Obstacle to Peace"": Europe. Lavrov's Reaction While Zelenski Meets Trump","The European Union is ""the main obstacle to peace"" in Ukraine, Russian Foreign Minister Sergei Lavrov said Sunday before a new round of peace negotiations between Ukrainian President Volodimir Zelenski and US President... 2 months ago · Romania",https://ground.news/interest/digi-24
apollo-news.net,Right,Meeting in the Usa: Selenskyy and Trump Want to Discuss Possible Peace in the Ukraine War,"This Sunday, US President Donald Trump and Ukrainian President Wolodymyr Selenskyj will meet in Mar-a-Lago, Florida. ... The post meeting in the USA: Selenskyj and Trump want to discuss possible peace in the Ukraine war appeared first on Apollo News. 2 months ago",https://ground.news/interest/apollo-newsnet
Mediaite,Lean Left,‘What a Dumb Question!’ Trump Scolds Reporter Pressing Him While Greeting Zelensky at Mar-a-Lago,"President Trump got upset with a reporter for asking a ""dumb question"" less than two minutes after greeting Ukraine’s President Volodymyr Zelensky on Sunday 2 months ago · United States",https://ground.news/interest/mediaite
La Libre,Center,"Schedule, Participants, Expectations, themes...: How Should the Trump-Zelensky Meeting Take Place?","The Ukrainian president is expected in a few hours at Donald Trump's residence in Mar-a-Lago. ... 2 months ago · Brussels, Belgium",https://ground.news/interest/la-libre
Zeit Online,Lean Left,Usa-Ukraine Meeting: Selenskyj Sees Partners in Conflict Resolution as a Duty,"The Ukrainian President has called on Ukraine's partners to put more pressure on Russia to end the war. In the evening, he will meet Donald Trump in Palm Beach. 2 months ago · Germany",https://ground.news/interest/zeit-online
Schweizer Radio und Fernsehen (SRF),Lean Left,Selenski Meets Trump – that's What Mar-a-Lago Is All About,"The aim is to end the war in Ukraine. The problem is that representatives of Moscow are not involved. 2 months ago · Zürich, Switzerland",https://ground.news/interest/schweizer-radio-und-fernsehen-srf
Zero Hedge,Right,Zelensky Meets With Trump At Mar-a-Lago As Ukrainian Capital Pounded By Russia,"ZeroHedge - On a long enough timeline, the survival rate for everyone drops to zero 2 months ago · United States",https://ground.news/interest/zero-hedge
Washington Examiner,Right,Trump and Zelensky to meet in Mar-a-Lago over peace deal,"President Donald Trump and Ukrainian President Volodymyr Zelensky are set to meet on Sunday at the Mar-a-Lago resort in Palm Beach, Florida, at a high-stakes moment in Trump’s quest to end the Russia-Ukraine war. The end of the nearly four-year battle would mark a key achievement in Trump’s quest to be known as a global negotiator for peace deserving of the Nobel Peace Prize, after helping negotiate a ceasefire deal between Israel and Hamas. Zel… 2 months ago · Washington, United States",https://ground.news/interest/washington-examiner
NRC Handelsblad,Lean Left,Zelenskyy Arrives at Mar-a-Lago with New Peace Proposal: What Are the Main Points of Contention?,Ukrainian President Volodymyr Zelensky and US President Donald Trump will meet at Mar-A-Lago on Sunday evening at 7 p.m. Dutch time (1 p.m.… 2 months ago · Netherlands (Kingdom of the),https://ground.news/interest/nrc-handelsblad
Libertad Digital,Right,Fourth Meeting of the Year Between Zelenski and Trump to Close a Peace Plan,This is the fourth meeting of the year between the two leaders to discuss the Russian invasion of Ukraine and will try to close a 20-point peace plan 2 months ago,https://ground.news/interest/libertad-digital
Kronen Zeitung,Right,Selenskyj Draws Clear Boundaries Before Trump Meetings,"This evening, the two heads of state of the United States and Ukraine, Donald Trump and Wolodymyr Selenskyj meet. While the Ukrainian president is on his way to Palm Beach, he makes clear what is ""not possible"" for him at the meeting. The meeting between US President Donald Trump and his Ukrainian colleague Wolodymyr Selenskyj in Florida on Sunday about a possible end of the Ukraine war is somewhat preferred. The bilateral meeting is now schedul… 2 months ago · Vienna, Austria",https://ground.news/interest/kroneat
Deutsche Welle,Center,"Ukraine updates: Trump, Zelenskyy to meet in Florida","The leaders are set to discuss economic ties and a plan for peace with Russia. DW has the latest. 2 months ago · Bonn, Germany",https://ground.news/interest/deutsche-welle
yle,Center,Zelenskyi Meets Trump Today at Mar-a-Lago – These Are the Starting Points for the Negotiations,The talks at Mar-a-Lago are intended to agree on the details of a new peace plan. Russia's commitment to the plan is uncertain. 2 months ago · Finland,https://ground.news/interest/yle
Infobae,Lean Left,Zelensky Will Meet Trump in Florida to Discuss the u.s.-Led Ukraine Peace Plan,"The meeting in Mar-a-Lago will take place one day after the fierce Russian attack with missiles and drones against Kiev. The axes of the conversation will be territorial concessions, security guarantees and the creation of demilitarized zones 2 months ago · Buenos Aires, Argentina",https://ground.news/interest/infobae_343f97
20minutos,Center,Trump and Zelenski See Their Faces at a Key Summit to Curb a War Where Putin Continues to Punish Ukraine with Force,"The presidents of the United States and Ukraine, Donald Trump and Volodimir Zelenski, look at their faces this Sunday for the fourth time this year, and on this occasion, the positions seem closer than ever before to give an impetus to a peace plan that Russia continues to torpedo, and never better said, with a resurgence of destruction over the country that Putin decided to invade in February 2022.The previous three meetings of Trump and Zelens… 2 months ago · Madrid, Spain",https://ground.news/interest/20minutos
Observador,Right,7h. Ursula Von Der Leyen Met with Several European Leaders in Preparation for a Meeting Between Zelensky and Trump,"The President of the European Commission, Ursula von der Leyen, gave support to Ukraine in 2026. 2 months ago · Portugal",https://ground.news/interest/observador
Euronews,Center,Zelenskyy and Trump to discuss Ukraine’s territories and US security guarantees,"The US president repeatedly said he would only meet Volodymyr Zelenskyy when the diplomatic peace process is at its final stage. According to Ukraine’s president the peace plan is 90% complete. When the two leaders meet in Florida on Sunday, can they agree on the final and the most sensitive issues? 2 months ago · France",https://ground.news/interest/euronews
der Standard AT,Lean Left,"Is Selenskyj Threatening Another ""Oval Office"" Scandal at Trump in Mar-a-Lago on Sunday?","The memory of the ultimate humiliation of the Ukrainian President is still fresh – yet he wants to make progress on peace settlement with Russia 2 months ago · Vienna, Austria",https://ground.news/interest/der-standard_389fff
franceinfo.fr,Lean Left,"Territorial Concessions, Security Guarantees, elections... What Topics Could Be Invited to the Negotiating Table Between Volodymyr Zelensky and Donald Trump?","The two presidents planned to meet at Donald Trump's residence in Florida, including the latest version of the peace plan proposed by the United States at the end of November. 2 months ago",https://ground.news/interest/franceinfofr
n-tv.de,Right,Ukraine Draws Red Line: Selenskyj Meets Trump in Florida Earlier than Planned,An agreement of the warring parties is not to be expected at the meeting of the heads of state of Ukraine and the USA in Florida. But it is all about Ukraine. The Ukrainian President Selenskyi makes clear what is not possible for him at all. 2 months ago,https://ground.news/interest/n-tvde
censor.net,Lean Left,Zelensky and Trump Postponed Meeting: It Will Take Place Earlier,The meeting of President of Ukraine Volodymyr Zelensky with US leader Donald Trump in Florida will take place 2 hours earlier than originally planned. 2 months ago,https://ground.news/interest/censornet_caee9a
Boston Globe,Lean Left,Trump says Ukraine and Russia are ‘closer than ever’ to peace after talks with Zelensky - The Boston Globe,"President Trump insisted Ukraine and Russia are “closer than ever before” to a peace deal as he hosted Ukrainian President Volodymyr Zelensky at his Florida resort. 2 months ago · Boston, United States",https://ground.news/interest/boston-globe
Devdiscourse,Center,U.S. and Ukraine Leaders Tackle Peace Plan Amid Escalating Russian Attacks,"U.S. and Ukraine Leaders Tackle Peace Plan Amid Escalating Russian Attacks On Sunday, Ukrainian President Volodymyr Zelenskiy and U.S. President Donald Trump are scheduled to meet in Florida to discuss strategies for ending the war in Ukraine, despite significant differences and ongoing Russian air attacks. Over the weekend, Russia launched numerous missiles and drones across Kyiv, disrupting power and heating in certain areas of the capital. Ze… 2 months ago · India",https://ground.news/interest/devdiscourse
NBC Miami,Lean Left,Zelenskyy to meet with Trump as efforts to end Russia-Ukraine war remain elusive,"President Donald Trump says Ukraine and Russia are “closer than ever before” to a peace deal, but he acknowledges that negotiations could still break down and leave the war dragging on for years. Trump spoke Sunday as he hosted Ukrainian President Volodymyr Zelenskyy at his Florida resort. Earlier Trump had what he described as an… 2 months ago · Miami, United States",https://ground.news/interest/nbc-miami
EADaily,Right,The White House announced the postponement of Trump's meeting with Zelensky: EADaily,"EADaily, December 28th, 2025. The White House announced the postponement of Sunday's meeting in Florida between US President Donald Trump and Vladimir Zelensky, the event will begin at 21.00 Moscow time. 2 months ago",https://ground.news/interest/eadaily
El Financiero,Right,"On the Eve of the Meeting of Zelenski and Trump, Russian Attacks in Ukraine Are Reported","Russia launched heavy attacks on Kiev and regions in the north-east and south of Ukraine, which caused at least five injuries, amid the expectation generated by the upcoming meeting between Ukrainian President Volodimir Zelenski and U.S. President Donald Trump.The mayor of Kiev, Vitali Klichko, reported five injuries in the city, while in other regions there were fires and explosions.The Russian attacks, which also had as white electrical infras… 2 months ago · Mexico",https://ground.news/interest/el-financiero
WPBF,Center,Zelenskyy's visit to Mar-a-Lago is the latest of foreign leaders to visit Trump on Palm Beach,"With Ukrainian President Volodymyr Zelenskyy headed to South Florida this weekend, the popular spot for state visits is at Mar-a-Lago. 2 months ago",https://ground.news/interest/wpbf
Live Mint,Center,‘I think we’ll get it done’: Trump optimistic on Ukraine peace ahead of Zelensky's Mar-a-Lago visit,"Donald Trump said that Ukraine negotiations are difficult, noting, “I settled eight wars, and this is the most difficult of them all. But I think we’ll get it done.” 2 months ago · New Delhi, India",https://ground.news/interest/live-mint
The New York Sun,Right,Zelensky Floats Referendum on Territorial Concessions Ahead of Mar-a-Lago Summit With Trump,"The Ukrainian president says his primary goal at the American president’s Palm Beach retreat will be to secure “legally binding security guarantees” against a future Russian invasion. 2 months ago · New York, United States",https://ground.news/interest/the-new-york-sun
charter97.org,Lean Left,Zelensky Told Me Who Else Is Gonna Be Meeting Trump From Ukraine.,The presidents will meet tomorrow at Trump Mar-a-Lago residence in Florida. 2 months ago,https://ground.news/interest/charter97org
Politiken,Lean Left,"Trump Waltzes From Side to Side About Ukraine. Before Meeting at Mar-a-Lago, He Now Waltzes in Zelensky's Direction","Russia's anger shows that Zelensky has learned to handle Trump with plenty of praise, explains one expert. America's amateurism diminishes the chance for peace, points out another. 2 months ago · Copenhagen, Denmark",https://ground.news/interest/politiken
REALITATEA.NET,Right,Donald Trump Will Meet with Volodimir Zelenski at Mar-a-Lago. Security Guarantees Are Ready to Be Sent to Congress.,"Zelenski: ""The peace plan to end the war is 90% ready!"" Zelenski's visit to the United States shows that negotiations are progressing, since Donald Trump clearly said he will meet with his Ukrainian counterpart only if he feels close to it. The Ukrainian leader said he will discuss with US Presidents about security guarantees and aspects that can only be established at the level of leaders.The meeting takes place after the last negotiations in F… 2 months ago",https://ground.news/interest/realitateanet
Politico,Lean Left,Zelenskyy focuses on security guarantees ahead of Trump visit,The presidents will meet Sunday in Florida for peace talks. 2 months ago,https://ground.news/interest/politico
Liberation,Lean Left,"No National Tribute for Brigitte Bardot, Le Pen Goes to Saint-Tropez","The President of the Republic offered a national tribute to the deceased actress's family on Sunday 28 December. His relatives did not follow up. Eric Ciotti had launched a petition asking Emmanuel Macron to organize a republican ceremony. 2 months ago · Paris, France",https://ground.news/interest/liberation
Le Huffington Post,Left,"A National Tribute to Brigitte Bardot? the Élysée Proposed It, His Family Did Not Follow Up","It is traditional for national tributes to be organized by mutual agreement with the family. 2 months ago · Paris, France",https://ground.news/interest/le-huffington-post
Distractify,Right,Chappell Roan’s Brigitte Bardot Tribute Didn’t Sit Right with Fans,"After outlets reported that Brigitte Bardot had passed away, Chappell Roan took to Instagram Stories to post a tribute. Here's why people are upset. 2 months ago",https://ground.news/interest/distractify
UNILAD,Center,Chappell Roan deletes Brigitte Bardot tribute after discovering late star's 'insane' beliefs,"Chappell Roan has deleted her tribute to Brigitte Bardot, who passed away at the age of 91. 2 months ago · London, United Kingdom",https://ground.news/interest/uniladcom
People,Lean Left,"Billy Joel Listed 59 People in His Single, 'We Didn't Start the Fire.' After Brigitte Bardot's Death, Only 3 Remain Alive","Brigitte Bardot, who recently died at 91, was one of the 59 people mentioned by name in Billy Joel's 1989 single, ""We Didn't Start the Fire,"" Just three of those people, cited as newsy figures from the first 40 years of Joel's life, are still living. 2 months ago · United States",https://ground.news/interest/people
BoredPanda,Lean Left,“There’s Still Time To Delete This”: Chappell Roan Faces Backlash Over Brigitte Bardot Post,"Singer Chappell Roan found herself at the center of controversy after making a post about French cinema icon Brigitte Bardot. Bardot passed away on Sunday (December 28) at the age of 91. She was best known for portraying liberated women in films such as And God Created Woman and Contempt during the 1950s and 1960s. After she retired from acting in 1973, she drew attention for her far-right views and hateful remarks, targeting members of the LGBT… 2 months ago · Boston, United States",https://ground.news/interest/boredpanda
Breitbart,Right,French Socialists Reject National Tribute to Film Icon Brigitte Bardot,"French Socialist leader Olivier Faure has rejected calls for a national tribute to the late film icon Brigitte Bardot, arguing Tuesday such homages are for ""exceptional services to the nation."" 2 months ago · United States",https://ground.news/interest/breitbart
US Magazine,Center,Chappell Roan Deletes Brigitte Bardot Tribute After Learning Political Views,Chappell Roan deleted her Instagram homage to Brigitte Bardot after learning Bardot held right wing political views 2 months ago · United States,https://ground.news/interest/us-magazine
Ynet News,Lean Left,Brigitte Bardot’s political death: from film icon to warnings of France’s ‘Islamizati,"The film legend who died at 91 is also remembered for her views on immigration, railing against a ‘Muslim invasion,’ condemning Eid al-Adha rituals and backing the far right, including Le Pen, while critics said she ignored migrant deaths 2 months ago · Tel Aviv-Yafo, Israel",https://ground.news/interest/ynet-news
Complex,Lean Left,Chappell Roan Responds After Her Brigitte Bardot Tri...,The singer spoke out after fans criticized her Brigitte Bardot tribute and its connection to 'Red Wine Supernova.' 2 months ago,https://ground.news/interest/complex
Vulture,Lean Left,Chappell Roan and Apple Martin Recant Their Bardot Tributes,"Chappell Roan, Apple Martin, and Odessa A’zion have all realized in real time what Brigitte Bardot “stood for.’ The “It” girls are all recanting tributes to the recently deceased French actress. 2 months ago · United States",https://ground.news/interest/vulture
Times of India,Right,Bardot controversy: Why did Chappell Roan walk back her Brigitte Bardot tribute?,"Brigitte Bardot, the legendary French actress and global style icon, died Sunday at age 91. While celebrated for her 1950s cinema roles, her death sparked immediate backlash due to her history of hate speech convictions. Pop star Chappell Roan recently retracted a tribute to the star after learning of Bardot's controversial far-right politics and anti-immigrant rhetoric. 2 months ago · India",https://ground.news/interest/times-of-india
Metro News,Lean Left,Chappell Roan backtracks on Brigitte Bardot tribute branding her views 'insane',"Open the article to view the coverage from Metro News 2 months ago · London, United Kingdom",https://ground.news/interest/metro-news
The News,Right,Chappell Roan walks back Brigitte Bardot tribute after backlash,"Chappell Roan has changed her stance after honouring late French film icon Brigitte Bardot and then learning about her controversial remarks.For those unversed, Roan had posted a tribute via... 2 months ago · Pakistan",https://ground.news/interest/the-news
Just Jared,Center,"Chappell Roan Clarifies Her Brigitte Bardot Statement, Says She Didn’t Know | Just Jared: Celebrity News and Gossip","Chappell Roan is now responding to her post about the death of Brigitte Bardot. If you don’t know, the 27-year-old “Pink Pony Club” singer posted a message mourning the loss of the 91-year-old, saying, “She was my inspiration for red wine supernova. Rest in peace Ms. Bardot ♡.” However, it quickly gained backlash. Bardot was not without major controversy, some of which includes: in 2018, she denounced the #MeToo movement. The BBC reports that sh… 2 months ago",https://ground.news/interest/just-jared
Jezebel,Left,Chappell Roan Was Today-Years-Old When She Learned About Brigitte Bardot's Racism,"Brigitte Bardot was a famous French film star whose free-spirited and sex positive roles challenged and pushed the culture (and feminism) forward; an animal lover who stepped away from the limelight at the height of her fame to become an animal rights activist; and a raging racist who was several times convicted and fined by French courts for her horrific comments about minorities. Women can really do anything they set their minds to. On Sunday,… 2 months ago · Atlanta, United States",https://ground.news/interest/jezebel
BroBible,Center,Almost Everyone Mentioned In Billy Joel's Iconic 'We Didn't Start' The Fire Is Now Dead,"Billy Joel Legendary singer and songwriter Billy Joel has a laundry list of hits on his resume, from “Piano Man,” to “Only The Good Die Young,” “Movin’ Out” and many more. But perhaps the most famous of those songs is his 1989 hit, “We Didn’t Start the Fire” from the album Storm Front. The song reached No. 1 on the Billboard Hot 100 and remained there for a pair of weeks. The list song notes 119 different political, cultural, scientific, and spo… 2 months ago",https://ground.news/interest/brobible
Buzzfeed,Lean Left,Chappell Roan Is Getting Serious Backlash Over Her Brigitte Bardot Post,"""why are yall surprised...""View Entire Post › 2 months ago · New York, United States",https://ground.news/interest/buzzfeed
Il Primato Nazionale,Right,"Brigitte Bardot, a Disruptive and Combative Femininity. but Above All Politics","Rome, December 29, 2025 opened with the death of Jean-Marie Le Pen and closed with that of Brigitte Bardot. Between the two there was much closer to what s'immagini. And this beyond an old relationship that many give for granted and that I consider natural exactly as the mythological adventures of the divine figures of antiquity. Because Brigitte Bardot was a woman of scandal and harmony, of revolt and orderly correction, just like the . Menhir.… 2 months ago",https://ground.news/interest/il-primato-nazionale
Billboard,Center,"Chappell Roan Amends Tribute to Brigitte Bardot After Learning About Her ‘Insane,’ ‘Disappointing’ Beliefs","Chappell Roa honored Brigitte Bardot, whom she called her ""inspiration,"" following the French icon's death at the age of 91. 2 months ago · United States",https://ground.news/interest/billboard
TrendingPolitics,Right,Legendary Actress Known For Conservative Views Passes Away,"Brigitte Bardot spent her final days devoted to animals, but her life and legacy were also defined by unapologetic conservatism and decades of outspoken support for France’s nationalist right. The French screen icon and animal-rights activist died at age 91, the Brigitte Bardot Foundation for the Welfare and Protection of Animals confirmed Sunday in a statement shared with Agence France-Presse. The announcement came a day after the foundation po… 2 months ago",https://ground.news/interest/trendingpoliticsnewscom
cicero.de,Right,The Death of Brigitte Bardot - the Last Rebellin,"When Brigitte Bardot entered the stage of international film in 1956, a new type of film star was born. She provoked by her naturalness and therefore offered herself as a projection surface. However, her authenticity was never played, but until the very last expression of a stubborn rebelry. 2 months ago",https://ground.news/interest/cicerode
therogersvillereview.com,Lean Left,Brigitte Bardot to be buried in Saint-Tropez cemetery,"Cinema icon Brigitte Bardot is to be buried in a graveyard in her hometown of Saint-Tropez, an official said Monday, as France wrestles with how to pay tribute to a cultural legend who in later years championed far-right views. 2 months ago",https://ground.news/interest/therogersvillereviewcom
Daily Express,Right,Death of Brigitte Bardot means just 3 people named in 80s 'banger' remain alive,"In the wake of Brigitte Bardot's passing, the tapestry of history woven by Billy Joel's 'We Didn't Start The Fire' becomes ever more poignant. 2 months ago · United Kingdom",https://ground.news/interest/daily-express
brusselssignal.eu,Right,France split over Bardot tribute,"French politicians were divided today over how to pay tribute to the late Brigitte Bardot, who despite her screen legend courted controversy and convictions in… 2 months ago · Belgium",https://ground.news/interest/brusselssignaleu
News.ro,Lean Left,"Brigitte Bardot Will Be Buried in Saint-Tropez, Along with His Animals.","Brigitte Bardot ""will be drowned in her great garden,"" said Wendy Bouchard, a close friend for FranceInfo. She will rest in Saint-Tropez, surrounded by her dogs. ""So she wanted and her will be respected. ""To be buried with her loved ones, her animals,"" Bouchard explained. 2 months ago",https://ground.news/interest/newsro
IOL,Center,Brigitte Bardot dies at 91: remembering the French legend and animal rights advocate,"The world mourns the passing of Brigitte Bardot, the iconic actress and animal rights pioneer who redefined 20th-century cinema. 2 months ago · South Africa",https://ground.news/interest/iol
sta.si,Center,Several Politicians React to the Death of Film Icon Brigitte Bardot,"The death of French film icon Brigitte Bardot, who died on Sunday at her home La Madrague in Saint-Tropez, was responded to by far-right politician Marine Le Pen and Italian Deputy Prime Minister Matteo Salvini, as well as the city authorities of Saint-Tropez, who described her as the city's ""most brilliant ambassador"". 2 months ago",https://ground.news/interest/stasi
New Strait Times,Center,Media on Bardot: France's biggest 'sex symbol' or 'crazy cat lady',"PARIS: International and French media on Monday paid tribute to Brigitte Bardot following her death at the age of 91, with some highlighting her reputation as “the biggest sex symbol of French cinema” and others her role as a “controversial activist.” 2 months ago · Malaysia",https://ground.news/interest/new-strait-times
saarbruecker-zeitung.de,Center,People: Mario Adorf: Meet My Wife About Brigitte Bardot,Film icon Brigitte Bardot has died. Now Mario Adorf comes to the floor. He has a special connection with the French woman. 2 months ago,https://ground.news/interest/saarbruecker-zeitungde
laverita.info,Right,"Erotic Icon, Rebel Diva, Right-Handed. the Unreachable Goddess Exits the Scene","Planetary star with ""Pleasant to too many"" (1956) and interpreter of 49 films, B.B. goes away at the age of 91. Sensual and controversial, he witched the world by deboning the bikini. At the apex of his career, he retired to dedicate himself to animals.A Parisian, Female, The girl of sin A loose bridle Likes too many, but if The bride too beautiful lives Famous loves, private life is betrayed and if he says The truth attracts contempt.You could … 2 months ago",https://ground.news/interest/laveritainfo
Independent Sentinel,Right,"A Beautiful Woman, Brigitte Bardot, Right-Wing Heroine, Dies at 91","Brigitte Bardot, known as the “sex kitten,” has died at age 91, and the world lost a fighter for her country. She had a minor surgery two months ago, and there were reports of her death. She mocked the idea, but a month later, she was hospitalized with a serious illness. French President Charles de […] The post A Beautiful Woman, Brigitte Bardot, Right-Wing Heroine, Dies at 91 appeared first on www.independentsentinel.com. 2 months ago",https://ground.news/interest/wwwindependentsentinelcom
WLTReport,Far Right,Legendary Actress & Anti-Immigration Activist Brigitte Bardot Passes Away at Age 91,"Legendary old-school movie star Brigitte Bardot has passed away at the age of 91. In the 1970s, the French actress became an icon for her talent, style, and beauty. 2 months ago",https://ground.news/interest/wltreportcom
Sydney Morning Herald,Lean Left,Screen icon and animal rights activist Brigitte Bardot has died,"Look back at the life of Brigitte Bardot, the French 1960s sex symbol who became one of the greatest screen sirens of the 20th century and later a militant and controversial animal rights activist. 2 months ago · Sydney, Australia",https://ground.news/interest/sydney-morning-herald
The Express Tribune,Center,Cinema legend Brigitte Bardot dies,"Brigitte Bardot, the French screen legend whose barefoot mambo in the 1956 film 'And God Created Woman' helped redefine womanhood on screen and propelled her to global fame, has died at the age of 91, her foundation announced. The cause of death was not immediately known, but the news prompted tributes across France for a woman who embodied rebellious glamour, shifting social attitudes, and later an uncompromising defence of animal rights that c… 2 months ago · Pakistan",https://ground.news/interest/the-express-tribune
Semafor,Lean Left,"Brigitte Bardot, 91, ‘personified France’","Brigitte Bardot, the French actress and international sex symbol who later renounced movies and embraced animal rights activism and far-right views, has died at 91. Bardot’s sultry 1956 breakthrough in made her one of the world’s most desirable women. Simone de Beauvoir hailed her in 1959 as the face of a changing France. Bardot “personified France in a literal way,” The New York Times wrote: She was the first official face for Marianne, the sym… 2 months ago · New York, United States",https://ground.news/interest/semaforcom
20 Minutes,Far Right,"Brigitte Bardot, a Long Proximity to the Far Right","Brigitte Bardot saw in Marine Le Pen, patron of the National Front now RN, ""the Joan of Arc of the 21st century"" 2 months ago · France",https://ground.news/interest/20-minutes
Mediapart,Lean Left,"""With Bardot, We Move From a Faded Society, Percluse of Moralism, to May 68""","Brigitte Bardot died at the age of 91. Émilie Giaime, teacher of conferences in history, explains why the superstar embodied a model of ""powerful woman"" in the Corsican France of the Thirty Glorious. Before seeing her image damaged by her support for the far right and her racist statements. 2 months ago · Paris, France",https://ground.news/interest/mediapart
TF1 INFO,Center,"""The Most Beautiful of Diamonds"": the Tribute of the World of Cinema to Brigitte Bardot","The icon of French cinema Brigitte Bardot, with a worldwide reputation, died this Sunday, 28 December. Over the hours, the tributes of the actors and directors followed to greet an actress who ""marked our time"". A ""total myth"", which embodied ""France"", according to several great voices of the 7th Art. - ""The most beautiful of diamonds"": the tribute of the world of cinema to Brigitte Bardot (Culture, media and entertainment). 2 months ago",https://ground.news/interest/tf1-info
Hollywood Life,Lean Left,Brigitte Bardot’s Cause of Death Updates: How Did the French Movie Star Die?,"Brigitte Bardot died at the age of 91 on December 28, 2025. Here is what we know so far about her death and her final days. 2 months ago · Los Angeles, United States",https://ground.news/interest/hollywood-life
SBS News,Lean Left,French film icon Brigitte Bardot dies aged 91,"The 1960s sex symbol and later a militant animal rights activist died at her home in southern France on Sunday. 2 months ago · Sydney, Australia",https://ground.news/interest/sbs-news
ladepeche.fr,Lean Left,"Brigitte Bardot Died: ""at 5:50 She Was Still breathing""... the Last Moments of Life of the World Icon","Following the announcement of the death of Brigitte Bardot at the age of 91 this Sunday, 28 December, one of his relatives told about his last moments of life in his home in Saint-Tropez. 2 months ago",https://ground.news/interest/ladepechefr
Sueddeutsche Zeitung,Lean Left,"Reactions to Brigitte Bardot's Death: How Often Can One Say ""Icon"" Unpunished?","France is united in the grief of Brigitte Bardot – in a excitement and strange contempt for the present, which unites to the right and to the left. 2 months ago · Munich, Germany",https://ground.news/interest/sueddeutsche-zeitung
Capital Journal,Center,Brigitte Bardot Last Spotted in Rare Public Outing for Milestone Celebration Before Death,The legendary actress hadn't been seen in public since 2024. 2 months ago,https://ground.news/interest/capital-journal
Cleveland,Center,"‘50s film icon, animal activist dies at 91","Brigitte Bardot, the French actress who became an international sensation in the 1950s cinema before dedicating her life to animal welfare advocacy, has died at 91. 2 months ago · Cleveland, United States",https://ground.news/interest/cleveland
leprogres.fr,Center,Loire. Death of Brigitte Bardot: the Veterinarian of Saint-Martin-La-Plaine Had Treated Her Animals at Home,Brigitte Bardot had strong links with the zoological area of Saint-Martin-la-Plaine and the Tonga association. The veterinarian of the site had the chance to meet her. 2 months ago,https://ground.news/interest/leprogresfr
The European Conservative,Right,And God Created Brigitte Bardot,"AAfter CC (Claudia Cardinale), it is now BB’s (Brigitte Bardot) turn. The year 2025 ends sadly for millions of French people and admirers around the world: the delightfully insolent Brigitte Bardot is no longer with us. She passed away on the morning of December 28th, at the age of 91, following a few weeks, a few months after her illustrious companions of a bygone age, the handsome Alain Delon and the luminous Claudia Cardinale. In her final we… 2 months ago",https://ground.news/interest/the-european-conservative
CTV News,Center,French actor Brigitte Bardot remembered in Canada for fighting seal hunt,"French actor Brigitte Bardot who died Sunday at the age of 91, was also an animal rights activist and a vocal opponent of Canada’s seal hunt. 2 months ago · Canada",https://ground.news/interest/ctv-news
charter97.org,Right,"Sex Symbol, Zoe Protector and Advocate of the Right: Which Brigitte Bardot Was",A legendary French actress died today at the age of 91. 2 months ago,https://ground.news/interest/charter97org
El Financiero,Right,"Brigitte Bardot, a French Actress Who Left Her Career to Fight for Animal Rights, Dies at the Age of 91","The actress Brigitte Bardot, an icon of French cinema and erotic symbol of the 1950s and 1960s, died at the age of 91, reported the foundation that bears her name on social networks on Sunday, December 28.The protagonist of ‘And God created the woman’ (1956), ‘The truth’ (1960) and ‘The contempt’ (1963) was one of the last great legends of French cinema still alive, after the death of Alain Delon in 2024 at the age of 88.Where did Brigitte Bardo… 2 months ago · Mexico",https://ground.news/interest/el-financiero
actu.fr,Center,"Died of Brigitte Bardot : After the Life of Actress, Back on His Fierce Defense of Animals","Brigitte Bardot, a renowned actress, is also widely known for her defense of the animal cause. Sometimes to the outside. 2 months ago",https://ground.news/interest/actufr
The Gateway Pundit,Far Right,Iconic French Actress and Conservative Firebrand Brigitte Bardot Dies Aged 91,"The iconic french film actress Brigitte Bardot, best known for her films and right-wing activism, has died aged 91. 2 months ago · United States",https://ground.news/interest/the-gateway-pundit
Time Magazine,Lean Left,"Brigitte Bardot, Icon and Provocateur, Dead at 91","Some months before her death, Brigitte Bardot gave an interview with BFMTV. Eleven years had passed since she’d last appeared on screen, the journalist Steven Bellery remarked. Why step in front of a camera now? Bardot, small but stately on a sofa in her home in Saint-Tropez, replied: “I’m going to war.” Bardot, who leapt to global stardom as a nubile rebel in the 1956 film And God Created Woman, wanted the French government to outlaw hunting wi… 2 months ago · United States",https://ground.news/interest/time-magazine
Hartford Courant,Center,"Brigitte Bardot, Movie Icon Who Renounced Stardom, Dies at 91","Brigitte Bardot, Movie Icon Who Renounced Stardom, Dies at 91 2 months ago · Hartford, United States",https://ground.news/interest/hartford-courant
Alabama Live,Center,Legendary actress dead at 91,"The former sex symbol and star of ""And God Created Woman"" retired from acting in 1973 to dedicate her life to animal welfare through her foundation. 2 months ago · Alabama, United States",https://ground.news/interest/alabama-live
Dnevni list Danas,Lean Left,France Pays Tribute to Brigitte Bardot,"Today, France is saying goodbye to Brigitte Bardot, who passed away at the age of 92, with tributes on social networks showing her from politicians, celebrities from the world of cinema, as well as ordinary citizens. 2 months ago · Belgrade, Serbia",https://ground.news/interest/dnevni-list-danas
toofab,Left,Brigitte Bardot Posts Plea for Rescue Animals Just One Day Before Death at 91,"The one-time sex symbol and French screen icon continued her advocacy for animals through her Brigitte Bardot Foundation until her death at 91, which was announced by her foundation on Sunday. 2 months ago",https://ground.news/interest/toofab
USA Today,Lean Left,French film legend Brigitte Bardot dies: Her life in photos,"Brigitte Bardot, legendary French actress, icon of the 1960s and fervent animal rights activist, has died at the age of 91. See her career in photos. 2 months ago · United States",https://ground.news/interest/usa-today
delo.si,Lean Left,"France Mourns Film Goddess: ""We Have Lost the Legend of the Century""","Tributes are pouring in after news broke of the death of the French film icon, who has died at the age of 91. 2 months ago",https://ground.news/interest/delosi
Le Parisien,Right,"""It Would Be Time to Create a Bb Museum"": After the Death of Brigitte Bardot, Saint-Tropez in Shock","The star's disappearance was in all conversations this Sunday in the commune of Var where she had lived for more than fifty years. 2 months ago · Paris, France",https://ground.news/interest/le-parisien
abc News,Lean Left,A muse for musicians: 11 songs inspired by Brigitte Bardot,"The 1960s French sex symbol, actor, singer and animal welfare activist Brigitte Bardot has died 2 months ago · United States",https://ground.news/interest/abc-news_409efb
ANSA,Center,"Brigitte Bardot's Star Is Extinguished, Farewell in His Saint-Tropez","Two admissions, then the end at 91 in his 'Mandrague' near the beloved animals. Photos - The movies - Fashion - The defense of animals (ANSA) 2 months ago · Italy",https://ground.news/interest/ansa
SheKnows,Lean Left,"Brigitte Bardot, Rob and Michele Reiner, & More Stars Who Tragically Passed Away in 2025","Celebrities deaths 2025: Peter Greene, June Lockhart, D'Angelo, Diane Keaton, Jane Goddall, Robert Redford, Charlie Kirk, and more. 2 months ago",https://ground.news/interest/sheknows
Meduza,Left,"And God Created Brigitte Bardot Anton Dolin, the Memory of a Famous French Actress.","On December 28, at the age of 91, she died as a French actress, singer and model Brigitte Bardot. She was almost by accident in the film and never admired the profession that brought her glory. In many ways, she decided to complete her career at 39, despite the promising roles offered by the best directors and producers. Anton Dolin recalls the main films with Brigitte Bardo and tries to figure out who the actress eventually became for the world… 2 months ago · Riga, Latvia",https://ground.news/interest/meduza
OPB,Center,"Brigitte Bardot, sex goddess of cinema, has died","Brigitte Bardot, the international sex goddess of cinema in the 1950s and ’60s, has died aged 91. Bardot’s animal rights foundation announced her death in a statement to news agency Agence France-Presse on Sunday, without specifying the time or place of death.Stylish and seductive, Bardot exuded a kind of free sexuality, rare in the buttoned-up 1950s. She modeled, made movies, influenced fashion around the world and recorded albums. She married … 2 months ago · Portland, United States",https://ground.news/interest/opb
NRC Handelsblad,Lean Left,Reactions to Bardot's Death: 'the Woman Who Lived a Thousand Lives',"During her lifetime, Brigitte Bardot was convicted five times for hate speech and incitement to racial hatred, but politicians of various persuasions have embraced her wholeheartedly since her death. 2 months ago · Netherlands (Kingdom of the)",https://ground.news/interest/nrc-handelsblad
TVN,Center,"Brigitte Bardot, the Legendary French Actress, Dies at the Age of 91","Nothing predestined the young Brigitte to that fame: born into a bourgeois family in 1934, she was passionate about dance and tried her luck in modeling. 2 months ago",https://ground.news/interest/tvn
Entertainment Weekly,Lean Left,"Brigitte Bardot, model and French New Wave actress, dies at 91","The French actress became a controversial figure later in life due to her criticisms of the #MeToo movement and several instances of ""inciting racial hatred.""Hulton Archive/Getty Images Brigitte Bardot dies at 91Brigitte Bardot, the controversial French actress who became one of the most popular screen icons to come out of the French New Wave, has died. She was 91.On Sunday, the Brigitte Bardot Foundation announced the news in a statement shared… 2 months ago · United States",https://ground.news/interest/entertainment-weekly
The Daily Caller,Right,"Iconic French Femme Fatale Turned Outspoken Activist, Dead At 91","Brigitte Bardot, the French actress who dazzled the world with her beauty and later devoted her life to animal welfare, died Sunday at 91. 2 months ago · Washington, United States",https://ground.news/interest/the-daily-caller
Los Angeles Times,Lean Left,"Brigitte Bardot, France's prototype of liberated female sexuality, dies","Brigitte Bardot, actress, muse and prototype of liberated female sexuality, dies 2 months ago · Los Angeles, United States",https://ground.news/interest/los-angeles-times
Newser,Lean Left,"Brigitte Bardot, '60s Sex Symbol and Activist, Dies at 91","Brigitte Bardot, the French 1960s sex symbol who became one of the greatest screen sirens of the 20th century and later a militant animal rights activist and far-right supporter, has died at age 91. Bardot died Sunday at her home in southern France, according to Bruno Jacquelin, of the Brigitte... 2 months ago · Miami, United States",https://ground.news/interest/newsercom
The Epoch Times,Right,Iconic French Actress Brigitte Bardot Dies at 91,"Brigitte Bardot, one of France’s most famous film stars, has died at 91. Known simply as “B.B.,” she shaped cinema and culture in the 1950s and 1960s. A 6.6-magnitude earthquake has struck just off the coast of Taiwan on Dec. 27. The earthquake was felt in Taipei, the capital of Taiwan. The Taipei city government said there were no immediate reports of major damage. President Donald Trump on Dec. 28 will meet with Ukrainian President Volodymyr Z… 2 months ago · New York, United States",https://ground.news/interest/the-epoch-times
Salon,Left,"Brigitte Bardot, French Film icon, dead at 91","Bardot rose as a cinematic sex symbol before retreating from fame to become an animal advocate and far-right patron 2 months ago · San Francisco, United States",https://ground.news/interest/salon
JONATHAN TURLEY,Right,French President Macron Praises Brigitte Bardot’s “Life of Freedom” After Unrelenting Censorship,"This week, the world lost one of the most iconic actresses in history: Brigitte Bardot. It was a terribly sad moment for many moviegoers. However, for the free speech community, the death also brought one of the most bitter and hypocritical moments as French President Emmanuel Macron heralded Bardot as someone who “embodied a life of freedom.” As discussed repeatedly on this blog, Bardot was repeatedly prosecuted by the French government for exe… 2 months ago",https://ground.news/interest/jonathan-turley
Page Six,Right,"Brigitte Bardot, French actress dubbed the original 'sex kitten,'...","Brigitte Bardot, the French actress who was named the original ""sex kitten,"" died at her home in southern France. She was 91. 2 months ago",https://ground.news/interest/page-six
il Giornale,Right,"Brigitte Bardot, the Tribute of Politics. Santanché: ""It Was Much More than an Icon""","The minister recalled the actress not only as an icon of beauty, but as a free and charismatic woman, capable of imposing herself on the screen and in life without ever denying her own ideas 2 months ago · Italy",https://ground.news/interest/ilgiornaleit
FOX 28 Spokane,Center,The film that created the Bardot ‘sex kitten’ myth,"Her hair was a wild mess and her skirt slit to the waist, but the mambo dance that Brigitte Bardot performed in ""And God Created Woman"" became an overnight sensation in the staid 1950s. Bardot created a ""sex kitten"" myth that outraged French censors. The scene, both innocent and provocative, was the embodiment of a 2 months ago",https://ground.news/interest/fox-28-spokane
SDPnoticias.com,Lean Left,Who Was Brigitte Bardot? the Actress and Symbol of French Women’s Liberation Died at the Age of 91,"Brigitte Bardot, one of the most influential figures in the performance and symbol of French women’s liberation, died at the age of 91. This 28th of December the death of Brigitte Bardot, an actress who surprised several figures of French culture with his death, such as French President Emmanuel Macron himself, was confirmed. Who was Brigitte Bardot?Brigitte Bardot was one of the most influential figures of French world culture and performance, … 2 months ago",https://ground.news/interest/sdpnoticiascom
Capital.fr,Right,Brigitte Bardot Died: How This Anti-Star Gave Everything to Her Foundation for Animals,"Brigitte Bardot died this Sunday morning in Saint-Tropez, at the age of 91. French actress was a world icon, but had chosen to set aside her career in cinema in 1973. BB wanted to devote itself exclusively to the protection of animals. 2 months ago",https://ground.news/interest/capitalfr
Newsweek,Center,"Brigitte Bardot Dies. Tributes pour in for actor, sex symbol, Activist","French President Emmanuel Macron said, ""Brigitte Bardot embodied a life of freedom."" 2 months ago · United States",https://ground.news/interest/newsweek
RollingStone,Left,"Brigitte Bardot, French Actress Who Embodied the Sexual Revolution, Dead at 91","Brigitte Bardot, one of cinema’s most iconic sex symbols who quit the business to focus on activism, has died at age 91. 2 months ago · Los Angeles, United States",https://ground.news/interest/rollingstone_6de571
Berliner Morgenpost,Center,You Redefined St. Tropez: Brigitte Bardots Special Love for Gunter Sachs,"Brigitte Bardot's death casts a spotlight on the moving life of the film icon – and thus also on her special love for Gunter Sachs. 2 months ago · Berlin, Germany",https://ground.news/interest/berliner-morgenpost
InStyle,Center,"Brigitte Bardot, Legendary Actress of the French New Wave, Dies at 91 After ""Sudden Illness""","The actress and symbol of French glamour died at her home in southern France following a ""serious illness.""GettyThe GistFrench actress and 1960s fashion icon Brigitte Bardot has died at the age of 91.Bardot was known for her work in French cinema as well as her work as an animal rights activist.She died following a sudden illness in her home in southern France.Brigitte Bardot, the renowned French actress known for her work in films of the French… 2 months ago · United States",https://ground.news/interest/instyle
Radio France Internationale,Center,"After the Death of the Cinema Legend Brigitte Bardot, the Tributes Multiply","The tributes flowed after the announcement on Sunday 28 December of the death of Brigitte Bardot at the age of 91. First of all in the world of French politics, which illustrated the polemics around the positions of the world star of the 1960s. French President Emmanuel Macron greeted a ""gende of the century"" which ""incarnates a life of freedom"", while the far right party National Rally paid tribute to a ""fiery patriot"" who had often expressed h… 2 months ago · Paris, France",https://ground.news/interest/radio-france-internationale
Protothema,Right,Macron: Brigitte Bardot Embodied a Life of Freedom,Emotion in France over the death of the legendary actress at the age of 91 2 months ago,https://ground.news/interest/protothema
KAKE News,Center,Bardot: the screen goddess who gave it all up,"She was the ultimate sex symbol whose voluptuous figure and libertine lifestyle sent tremors through the straitlaced 1950s, but Brigitte Bardot soon tired of the male gaze and walked away from it all to care for animals. 2 months ago",https://ground.news/interest/kakecom
tz.de,Center,Brigitte Bardot Is Dead: Perhaps Her Biggest Mistake She Regretted Late,Brigitte Bardot died at the age of 91. She followed an equally tragic and subsequent chapter of her life to the last. 2 months ago,https://ground.news/interest/tzde
El Mundo,Right,"Brigitte Bardot, the French Marilyn Who Was More Star than Actress","When we fantasized about what Marilyn Monroe would be like if she were still alive, we often compared her to Brigitte Bardot. The American and the French only took 8 years. Bardot, of course, has lived 55 years more Read 2 months ago · Madrid, Spain",https://ground.news/interest/el-mundo
Clarin,Right,Grief over the Death of Brigitte Bardot: the Senses Messages of President Emmanuel Macron and Marine Le Pen,"""French existence, universal splendour,"" the French president described through social networks. Meanwhile, the leader of the French ultra-right defined it ""free, indomitable, whole"". 2 months ago · Buenos Aires, Argentina",https://ground.news/interest/clarin_5fa6ca
Corriere Della Sera,Center,"The Loves of Brigitte Bardot, From the Four Weddings to the Flirt with the Playboy Gigi Rizzi",The French diva is also famous for its romantic life 2 months ago · Italy,https://ground.news/interest/corriere-della-sera
Vanity Fair,Left,"Brigitte Bardot, French Star and Sex Symbol, Dies at 91","At the height of her fame, Bardot’s last name was as indelible as Marilyn Monroe’s first. 2 months ago · United States",https://ground.news/interest/vanity-fair
The Hollywood Reporter,Lean Left,"Brigitte Bardot, Sultry Sex Kitten of French Cinema, Dies at 91","Brigitte Bardot, the French starlet who became a carefree icon of sexuality after her performance in And God Created Woman, has died. She was 91. 2 months ago · Los Angeles, United States",https://ground.news/interest/the-hollywood-reporter
Irish Mirror,Lean Left,Hollywood icon Brigitte Bardot dies after 'sudden illness' days after hospital admission,The model and actress previously had surgery 2 months ago · Ireland,https://ground.news/interest/irish-mirror
vrt,Center,"""A Legend of the Century"": France Mourns the Death of Brigitte Bardot","""Brigitte Bardot embodied a life of freedom. We mourn a legend of the century."" These are the words of praise from French President Emmanuel Macron in response to the death of Brigitte Bardot. Reactions have been mixed in France. Among others, the far-right politician Marine Le Pen described Bardot as ""free, unyielding, and full of dedication."" 2 months ago · Antwerp, Belgium",https://ground.news/interest/vrt
Pittsburgh Post-Gazette,Center,"Brigitte Bardot, legendary French actor and animal rights activist, dies at 91","PARIS — Brigitte Bardot, the French 1960s sex symbol who became one of the greatest screen sirens of the 20th century and later a militant animal... 2 months ago · Pittsburgh, United States",https://ground.news/interest/pittsburgh-post-gazette
Boing Boing,Left,Famed actress Brigitte Bardot dead at 91,"Legendary French actress, animal rights activist and racist crank Brigitte Bardot is dead at 91, according to reports in French media. ""The Brigitte Bardot foundation announces with immense sadness the death of its founder and president, Madame Brigitte Bardot, a world-renowned actress and singer, who chose to abandon her prestigious career to dedicate her life and energy to animal welfare and her foundation,"" her foundation announced. — Read th… 2 months ago · United States",https://ground.news/interest/boing-boing
Zeit Online,Lean Left,The Icon of Self-Confident Femininity,Brigitte Bardot founded a new image of women – and retired young from the public sphere. Now she died at the age of 91. A review of pictures 2 months ago · Germany,https://ground.news/interest/zeit-online
9News,Right,"Brigitte Bardot, 1960s sultry sex symbol turned militant animal rights activist, dies at 91","Brigitte Bardot, the French 1960s sex symbol who became one of the greatest screen sirens of the 20th century and later a militant animal rights activist, has died. She was 91.Bardot died Sunday at her home in southern France, according to Bruno Jacquelin, of the Brigitte Bardot Foundation for the protection of animals.Speaking to The Associated Press, he gave no cause of death, and said no arrangements have yet been made for funeral or memorial… 2 months ago · Australia",https://ground.news/interest/9news
News 4 JAX,Center,"Hounded by photographers for years, Bardot identified with the animals she later set out to save","Brigitte Bardot, who has died at 91, often said that the hounding she received from the world's press in her years as a sex symbol of the 1960s made her identify with hunted and abused animals. 2 months ago · Jacksonville, United States",https://ground.news/interest/news-4-jax
Helsingin Sanomat,Lean Left,Photo Compilation | Photos From Past Decades Show How Brigitte Bardot Is Remembered,"French actress and singer Brigitte Bardot died on Sunday at the age of 91. Photographs from the 1950s and 1960s show why she became the sex symbol of her time. 2 months ago · Helsinki, Finland",https://ground.news/interest/helsingin-sanomat
Coventry Telegraph,Center,Massive Hollywood star dies after 'sudden illness' days after hospital admission,"Brigitte Bardot, the world-renowned French actress and activist, has died 2 months ago · Coventry, United Kingdom",https://ground.news/interest/coventry-telegraph
Latestly,Right,French Legendary Actress Brigitte Bardot Passes Away at 91,Get latest articles and stories on Entertainment at LatestLY. French Film legend Brigitte Bardot has passed away at the age of 91. Entertainment News | French Legendary Actress Brigitte Bardot Passes Away at 91. 2 months ago,https://ground.news/interest/latestly
voz.us,Right,"Brigitte Bardot, the Eternal Myth of French Cinema, Died at the Age of 91","Brigitte Bardot, one of the most luminous and contradictory figures of the 20th century, died at the age of 91, definitively closing the chapter of a life that marked cinema, fashion and popular culture far beyond the screen. The news was confirmed this Sunday by the foundation that bore his name, without specifying the exact place or date of his death.Read more]]> 2 months ago",https://ground.news/interest/vozus
AS,Center,How many children did Brigitte Bardot have? Who is son Nicolas-Jacques Charrier?,"Bardot, whose death at 91 was announced today, was notoriously outspoken about her resentment of her pregnancy. 2 months ago · Spain",https://ground.news/interest/as_6e66a4
lancs.live,Center,Icon and actress Brigitte Bardot dies days after being rushed to hospital,The model previously had surgery 2 months ago,https://ground.news/interest/lancslive
La Vanguardia,Center,These Are Brigitte Bardot's Five Essential Films.,"Brigitte Bardot, the French actress who became a symbol of an era and cultural myth of European cinema, has died at the age of 91, as announced this Sunday its foundation. Her career was relatively brief and radiating, starring in films from 1952 to 1973, when she retired from the big screen. “I am tired of being beautiful every day,” Bardot then said. It’s no less: she marked a before and after in the female representation in the cinema, since … 2 months ago · Granada, Spain",https://ground.news/interest/la-vanguardia
La Presse,Lean Left,"1934-2025, Brigitte Bardot Is No Longer","Planetary star, mythical incarnation of total freedom then pasionaria of the customary animal cause of polemic statements: Brigitte Bardot died on Sunday at the age of 91, long after drawing a line on celebrity and the world of cinema. 2 months ago · Montreal, Canada",https://ground.news/interest/la-presse_39d7a8
Bild,Right,Brigitte Bardot Is Dead: Film Icon Became 91 Years Old,"French film legend Brigitte Bardot is dead. That's what her foundation said on Sunday. The actress became 91 years old. 2 months ago · Berlin, Germany",https://ground.news/interest/bild
Infobae,Lean Left,"Brigitte Bardot: the Muse that Defied Morality, Broke Molds and Changed Focus for Animal Struggle","He attracted his talent in unforgettable classics, revolutionized fashion and, after leaving everything, turned his name into synonymous activism and passion for freedom until his last days 2 months ago · Buenos Aires, Argentina",https://ground.news/interest/infobae_343f97
abc,Right,"Brigitte Bardot, the Muse Who Not only Wanted to Be Beautiful: From Her Defense of Animals to Her Crusade Against Islam","The actress, an icon of French cinema and also of the whole country, was a fierce activist of the animal cause and in recent years had asked for the vote for Marine Le Pen 2 months ago · Spain",https://ground.news/interest/abc_0c202e
El Huffington Post,Left,"Actress, Global Phenomenon and Fashion Icon: 10 Milestones that Turned Brigitte Bardot Into a Myth","Some notes that explain why Brigitte Bardot went from cinema to myth: key films, personal life, fashion, activism and a historic retreat. 2 months ago · Madrid, Spain",https://ground.news/interest/el-huffington-post
Birmingham Mail,Center,Hollywood icon Brigitte Bardot dies after 'sudden illness' - Birmingham Live,"The original 'sex siren' has died days after being rushed to hospital 2 months ago · Birmingham, United Kingdom",https://ground.news/interest/birmingham-mail
24ur.com,Center,Film Icon Brigitte Bardot Has Died,"Film icon Brigitte Bardot has died. The star, who left her acting career early to devote herself to animal welfare, passed away at the age of 92. Bardot was considered a sex symbol of the 1950s and 1960s. She was better known by her initials B. B., and although she quickly retired from the film industry, she remained an important icon of both French and global pop culture. 2 months ago · Ljubljana, Slovenia",https://ground.news/interest/24urcom
la Nacion,Right,"Brigitte Bardot, an Untamed, Wild and Challenging Beauty Queen","French sexual symbol of the 1960s, he became one of the great figures of the cinema of the 20th century and later an activist for the rights of animals; he died at the age of 91 2 months ago · Buenos Aires, Argentina",https://ground.news/interest/la-nacion_7042bc
Libertad Digital,Right,"Loves of the Explosive Brigitte Bardot: Four Husbands, One Son and More than 100 Lovers",The actress died at the age of 91 after several seasons entered. 2 months ago,https://ground.news/interest/libertad-digital
Le Télégramme,Center,"""A Legend of the Century"", ""Fiery patriot""... Rain Tributes to the Announcement of the Death of Brigitte Bardot","Icon of cinema and animal defense, Brigitte Bardot died this Sunday at the age of 91. This announcement sparked a wave of tributes from many politicians as well as from the world of cinema. 2 months ago",https://ground.news/interest/le-telegramme
La Libre,Center,"Death of Brigitte Bardot: ""I've Never Been an Actress in the Bottom of My Guts""","Disappeared on 28 December, the sex symbol wanted to break his image very soon: against the death penalty, protecting animals, close to the Le Pen,... 2 months ago · Brussels, Belgium",https://ground.news/interest/la-libre
Origo,Right,Brigitte Bardot Has Died – the Ageless Diva and Eternal Sex Symbol of the Film World,"Brigitte Bardot, one of the most famous sex symbols in the film world, has died at the age of 91. She was an actress and a dedicated animal rights activist. 2 months ago · Budapest, Hungary",https://ground.news/interest/origohu
The Straits Times,Right,Reactions to the death of French film icon Brigitte Bardot,"Dec 28 - Tributes to Brigitte Bardot, an icon of French cinema, poured in on Sunday following the announcement of her death at the age of 91. Below are a selection. Read more at straitstimes.com. 2 months ago · Singapore",https://ground.news/interest/the-straits-times_9bb9e6
Euro Weekly News,Lean Left,"Brigitte Bardot - actress, singer & fervent animal rights activist, dies at 91","Brigitte Bardot, the legendary French actress, singer, and fervent animal rights activist whose sultry screen presence redefined femininity in the 20th century, has passed away at the age of 91. Her foundation confirmed the news today, Sunday, December 28, marking the end of an era for cinema and advocacy. Bardot, often celebrated as the epitome of liberated womanhood, died peacefully after a… Source 2 months ago · Spain",https://ground.news/interest/euro-weekly-news
Devdiscourse,Center,Farewell to Brigitte Bardot: Icon of Cinema and Animal Advocacy,"Farewell to Brigitte Bardot: Icon of Cinema and Animal Advocacy The world mourns the loss of Brigitte Bardot, the legendary French actress who passed away at 91, leaving an indelible mark on both cinema and animal advocacy. Her contributions to the film industry and her fervent devotion to animal rights are celebrated by leaders and organizations globally.French President Emmanuel Macron paid tribute, acknowledging Bardot's remarkable life, char… 2 months ago · India",https://ground.news/interest/devdiscourse
Al Jazeera,Lean Left,"Brigitte Bardot, French film icon turned far-right provocateur, dies at 91",Actor reshaped French cinema before retreating from global fame into animal rights activism and far-right politics. 2 months ago · Qatar,https://ground.news/interest/al-jazeera_1a2e2c
Neue Zürcher Zeitung,Right,Obituary on Brigitte Bardot: Legacy and Contradictions of Filmicomes,"The French icon died at the age of 91. She ended her career as a not quite forty-year-old and subsequently became particularly discredited with political manifestations. But Brigitte Bardot has written film history. 2 months ago · Zürich, Switzerland",https://ground.news/interest/neue-zurcher-zeitung
ga.de,Center,Death: Film Legend Bardot Is Dead: Sex Symbol and Myth,Brigitte Bardot became a star overnight with her sex appeal. But at the height of her career she celebrated her farewell. Now the film legend has died. 2 months ago,https://ground.news/interest/gade
Sapo,Right,"He Died Brigitte Bardot at the Age of 91, Icon of French Cinema and Symbol of Sexual Liberation","Born in Paris on 28 September 1934, Brigitte Bardot became world-known in 1956 with the polemic film ""And God created the Woman"", by Roger Vadim, who was censored in several countries and some North American states by his explicit sexuality. 2 months ago · Portugal",https://ground.news/interest/sapo
Variety,Lean Left,"Brigitte Bardot, Star of ‘And God Created Women’ and ‘Contempt,’ Dies at 91","Actor, singer, sex symbol and style icon Brigitte Bardot, known for 'And God Created Women' and 'Contempt,' died Dec. 28. 2 months ago · Los Angeles, United States",https://ground.news/interest/variety
ledauphine.com,Center,"A Single Son, Nicolas : Brigitte Bardot, the Mother in the Distance","Brigitte Bardot left us. She was the mother of one ill-loved son, Nicolas, born on January 11, 1960. A motherhood experienced as a tragedy. Nine months after the birth of her son, she tried to commit suicide. 2 months ago",https://ground.news/interest/ledauphinecom
Daily News Hungary,Lean Left,Brigitte Bardot dies at 91: Her crusade for Hungarian animal welfare,Open the article to view the coverage from Daily News Hungary 2 months ago,https://ground.news/interest/daily-news-hungary
Manchester Evening News,Center,Actress Brigette Bardot dies aged 91 - latest tributes,"The world-renowned actress dedicated her life to animal welfare and her foundation 2 months ago · Manchester, United Kingdom",https://ground.news/interest/manchester-evening-news
News.de,Lean Left,Grief for Brigitte Bardot: Film Legend Died After Severe Illness at the Age of 91,"After months of fighting a serious illness, the French film legend Brigitte Bardot died in Saint-Tropez at the age of 91. This was officially announced by her foundation. 2 months ago",https://ground.news/interest/newsde
Malvern Gazette,Center,"Legendary actress, Brigitte Bardot, dies age 91","The film star earned worldwide fame as one of the most recognisable faces of post-war cinema but later withdrew from the showbusiness world to… 2 months ago · Great Malvern, United Kingdom",https://ground.news/interest/malvern-gazette
Schweizer Radio und Fernsehen (SRF),Lean Left,Brigitte Bardot Is Dead: All of France Clung to Her Lips,"She was Diva, dream woman, actress and up to the last committed animal protector. An obituary on canvas icon «BB». 2 months ago · Zürich, Switzerland",https://ground.news/interest/schweizer-radio-und-fernsehen-srf
The Conversation,Center,Brigitte Bardot defined the modern woman and defied social norms,"Herbert Dorfman/Corbis via Getty ImageBrigitte Bardot’s death, at the age of 91, brings to a close one of the most extraordinary careers in post-war French cultural life. Best known as an actress, she was also a singer, a fashion icon, an animal rights activist and a symbol of France’s sexual liberation. Famous enough to be known by her initials, B.B. symbolised a certain vision of French femininity – rebellious and sensual, yet vulnerable. Her … 2 months ago",https://ground.news/interest/the-conversation
detector.media,Lean Left,French Actress Brigitte Bardot Has Died,"Bardot, who completed her film career nearly 50 years ago, has died at the age of 91. 2 months ago",https://ground.news/interest/detectormedia
lindependant.fr,Center,Black Notebook: Legendary French Actress and Fervent Animal Protector Brigitte Bardot Died at 91,"Brigitte Bardot, an icon of the cinema and animal defender, died at the age of 91. She had left the big screen more than fifty years ago to devote herself to her foundation. Her passion for the animal cause... 2 months ago",https://ground.news/interest/lindependantfr
rp-online.de,Right,Movie Star Died: Bye-Bye Brigitte!,"She had the most famous Schmollmund in the world. On Sunday, the French film icon Brigitte Bardot died at the age of 91. 2 months ago",https://ground.news/interest/rp-onlinede
EADaily,Right,The icon of French cinema is gone: EADaily,"EADaily, December 28th, 2025. Actress Brigitte Bardot has died. It is reported by Le Parisien with reference to the foundation founded by the actress. 2 months ago",https://ground.news/interest/eadaily
Glasgow Times,Center,French screen legend Brigitte Bardot has died aged 91,"French actress Brigitte Bardot has passed away at the age of 91. 2 months ago · Glasgow, United Kingdom",https://ground.news/interest/glasgow-times
The Washington Post,Lean Left,"Brigitte Bardot, French femme fatale and cultural phenomenon, dies at 91",The actress and singer was a symbol of sexual revolution. She later became an animal-welfare campaigner and incendiary right-wing commenter. 2 months ago,https://ground.news/interest/the-washington-post
Vogue,Left,"Brigitte Bardot, French Screen Legend and Style Icon, Dies at 91","The French actor and animal activist Brigitte Bardot fixated the world with her insouciant, smoky-eyed sensuality. Read Vogue’s obituary of the screen legend here. 2 months ago",https://ground.news/interest/vogue
Sud Ouest,Center,Portrait. Death of Brigitte Bardot: a Living Myth Disappears,"Brigitte Bardot, legendary French actress with Romanesque private life, who aroused as much desire as rejection, tireless defender of the animal cause, died at the age of 91 2 months ago · France",https://ground.news/interest/sud-ouest
CNN,Lean Left,"Brigitte Bardot, legendary French actress and animal rights activist, dies at age 91","Brigitte Bardot, legendary French actress and animal rights activist, has died at age 91, according to a statement from her foundation obtained by CNN. 2 months ago · Atlanta, United States",https://ground.news/interest/cnn
REALITATEA.NET,Right,"The Death of Brigitte Bardot, Symbol of French Cinematography and Women's Freedom","Brigitte Bardot died around the world under the early “BB”, Brigitte Bardot marked deeply the French and international film between 1950 and 1970, becoming a symbol of the emancipation of women and sexual freedom in a time dominated by strict conventions. Its inconsistencies, its rebellious beauty and nature that challenged the rules have transformed it into a global image, followed constantly by paparazzi and admired by millions of fans.For abo… 2 months ago",https://ground.news/interest/realitateanet
Hereford Times,Center,Legendary actor Brigitte Bardot dies aged 91,LEGENDARY actor and animal rights activist Brigitte Bardot has died. 2 months ago,https://ground.news/interest/herefordtimescom
ilmessaggero.it,Center,"Brigitte Bardot Died, She Was 91 Years Old: From Actress to Animal Activist, Farewell to a World Icon","The cinema loses one of the last myths. At 91, Brigitte Bardot left. Actress, costume icon, symbol of seduction and sexual freedom, icon of France... 2 months ago",https://ground.news/interest/ilmessaggeroit
Kronen Zeitung,Right,French Filmdiva Brigitte Bardot Is Dead,"Brigitte Bardot's grief: The French film diva passed away at the age of 91. In the 1950s, she had had sensual roles such as in ""And always attracts the woman to world fame. The icon of French cinema died at the age of 91, according to AFP on Sunday. Several times in the hospitalBardot had to be treated several times in the last months, most recently in November. At that time, nothing was known about the reason for her hospital stay. The actress … 2 months ago · Vienna, Austria",https://ground.news/interest/kroneat
La Tercera,Right,"Brigitte Bardot, an Icon of French Cinema and a World Leader in Animal Activism, Dies at the Age of 91","The Brigitte Bardot Foundation confirmed the death of the actress and singer, who achieved international fame in the 1950s and left the cinema to dedicate her life to the defense of animal rights. 2 months ago · Chile",https://ground.news/interest/la-tercera
La Repubblica,Lean Left,"Anthology of Brigitte Bardot Style, the Costume and Clothes that Made Her Famous","A striped shirt, a pair of dancers, the capri trousers to the calf. As BB has made immortal his way of dressing (and not only) 2 months ago · Turin, Italy",https://ground.news/interest/la-repubblica
ABC Australia,Lean Left,Breaking: Iconic French star Brigitte Bardot dies aged 91,The French actor and singer was a screen siren of the 1950s and 1960s who in later life became a prominent animal rights campaigner. 2 months ago · Australia,https://ground.news/interest/abc-australia
South China Morning Post,Center,"Brigitte Bardot, French icon and animal rights activist, dies at 91","Bardot became a global star in “And God Created Woman” in 1956, starred in 50 other films, then left acting to focus on animal rights advocacy. 2 months ago · Hong Kong",https://ground.news/interest/south-china-morning-post
RocketNews,Lean Left,Brigitte Bardot: The blonde bombshell who revolutionised cinema in the 1950s,"44 minutes agoShareSaveSam WoodhouseShareSaveHulton Archive/Getty ImagesBrigitte Bardot, who has died at the age of 91, swept away cinema’s staid 1950s’ portrayal of women – coming to personify a new age of sexual liberation.On screen, she was a French cocktail of kittenish charm and continental sensuality. One publication called her “the princess of pout and the countess of come hither”, but it was an image she grew to loathe.Ruthlessly markete… 2 months ago",https://ground.news/interest/rocketnews-top-news-stories-from-around-the-globe
Associated Press News,Lean Left,"Brigitte Bardot, 1960s French sex symbol turned militant animal rights activist, dies at 91",French 1960s sex symbol Brigitte Bardot has died at age 91. Bardot became one of the greatest screen sirens of the 20th century and later a militant animal rights activist. 2 months ago · United States,https://ground.news/interest/associated-press-news
Irish Independent,Right,"Brigitte Bardot, the French screen siren who quit fame, dies aged 91",French actor Brigitte Bardot has died aged 91. 2 months ago · Ireland,https://ground.news/interest/independentie
Hello!,Center,Brigitte Bardot passes away aged 91 following lengthy health battle,"Brigitte Bardot has passed away aged 91, leaving behind a remarkable legacy in French cinema and in the world at large. See details. 2 months ago · United Kingdom",https://ground.news/interest/hellomagazinecom
Le Figaro,Right,Should France Pay a National Tribute to Brigitte Bardot?,"2 months ago · Paris, France",https://ground.news/interest/le-figaro
BioBioChile,Right,"Legendary Actress Brigitte Bardot Dies, Symbol of the Sexual Liberation of the 1960s","The iconic French actress Brigitte Bardot died at the age of 91, reported this Sunday the ... 2 months ago · Chile",https://ground.news/interest/biobiochile
The LADbible,Center,Legendary actor and model Brigitte Bardot dies aged 91,"The French actress and model featured in 47 films across her career 2 months ago · Manchester, United Kingdom",https://ground.news/interest/the-ladbible
India Today,Right,"Brigitte Bardot, French icon and global cinema legend, dies at 91","Iconic French actor and singer Brigitte Bardot has died at the age of 91. The global cinema legend was known for her transformative impact on cinema and popular culture. Her legacy includes film stardom, a significant music career, and outspoken political activism. 2 months ago · India",https://ground.news/interest/india-today
RTV Slovenija,Right,Famous French Actress and Animal Rights Activist Brigitte Bardot Has Died,"Brigitte Bardot, the French actress and singer who became a 20th-century film icon before giving up the film industry to become an animal rights activist, has died at the age of 91. 2 months ago",https://ground.news/interest/rtv-slovenija
Welt,Right,According to Foundation Data: French Film Star Brigitte Bardot Died at the Age of 91,"The French film icon Brigitte Bardot is dead. The former actress died at the age of 91 in Saint-Tropez, their foundation announced on Sunday to the news agency AFP. 2 months ago · Dortmund, Germany",https://ground.news/interest/welt
www.larazon.es,Right,"The Five Essential Films of Brigitte Bardot, the Woman Who Revolutionized a Country in Her Bikini","In honor of the death of ""miss Saint-Tropez"", we bring a repertoire of the key works of his career 2 months ago · Spain",https://ground.news/interest/wwwlarazones
The Independent,Lean Left,Brigitte Bardot death latest: French film star and cultural icon dies aged 91,"The Parisian star worked with directors including Jean-Luc Godard and duetted with Serge Gainsbourg 2 months ago · London, United Kingdom",https://ground.news/interest/the-independent_ff73a6
GB News,Right,French film icon Brigitte Bardot dies aged 91 as tributes flood in for actress,"Brigitte Bardot, the French actor and singer who became one of cinema's most celebrated sex symbols, has died at the age of 91 2 months ago · London, United Kingdom",https://ground.news/interest/gbnewscom
Marca,Right,"Brigitte Bardot Dies at the Age of 91, an Icon of Cinema and a Well-Known Animal Rights Activist","The legendary French actress dies after months of hospitalization and recovery in Saint-Tropez, according to her Foundation. 2 months ago · Barcelona, Spain",https://ground.news/interest/marca
El Pais,Lean Left,"Actress Brigitte Bardot, a French Film Muse and Controversial Activist, Dies at the Age of 91",The performer was one of the most emblematic figures of her country's culture and fashion icon in the 1950s and 1960s. 2 months ago · Spain,https://ground.news/interest/el-pais
Deutsche Welle,Center,French actress and activist Brigitte Bardot dies aged 91,"The French screen legend appeared in 56 films before ending her career in 1973 and dedicating herself to animal rights activism. 2 months ago · Bonn, Germany",https://ground.news/interest/deutsche-welle
France24,Center,French cinema legend Brigitte Bardot dead at 91,"French film legend Brigitte Bardot has died at 91, according to the Bardot foundation on Sunday. Bardot stared in over 50 movies during her career. 2 months ago · France",https://ground.news/interest/france24
charentelibre.fr,Center,Death of Brigitte Bardot: the Icon of French Cinema Dies at the Age of 91,"The Brigitte Bardot Foundation announces the disappearance of the legendary actress, a symbol of the 1960s and a figure committed to the animal cause, after more than 50 years away from the filming trays. 2 months ago",https://ground.news/interest/charentelibrefr
The Herald Scotland,Lean Left,French cinema icon Brigitte Bardot dies at the age of 91,"The Brigitte Bardot Foundation announced the news of her death in a statement released on Sunday. 2 months ago · Scotland, United Kingdom",https://ground.news/interest/the-herald-scotland
Euronews,Center,French legendary actress Brigitte Bardot dies at 91,"French movie star Brigitte Bardot dies at 91, as Foundation Brigitte Bardot announced on Sunday 2 months ago · France",https://ground.news/interest/euronews
Marianne,Lean Left,And God Took over the Woman: Actress Brigitte Bardot Died at the Age of 91,"Sex-symbol and incarnation of female emancipation in the fifties and 60s. A tireless defender of the animal cause and, alas, other indefensible causes afterwards... All his life, Brigitte Bardot has aroused passions and controversies. 2 months ago",https://ground.news/interest/marianne
Irish Times,Lean Left,"Brigitte Bardot, French screen legend and animal rights activist, dies aged 91","French actress shot to fame in the 1950s, subsequently retiring and becoming active politically 2 months ago · Dublin, Ireland",https://ground.news/interest/irish-times
OKDIARIO,Right,"Die Brigitte Bardot, Muse of the French Cinema of the Sixties, at Age 91","Brigitte Bardot died at the age of 91, as confirmed by her Foundation this Sunday. The legendary actress was one of the great icons of cinema, both in France and worldwide, in the sixties. In the last few months, she was admitted to the hospital several times because of a serious illness. The film performer such as Una parisina, Le Mépris, El scorno o Y Dios created the woman, his most valued title, passed away on Saturday. Last October, the act… 2 months ago",https://ground.news/interest/okdiario
Daily Mirror,Lean Left,Beloved actress and style icon Brigitte Bardot dies at 91,"Brigitte Bardot became a celebrated sex symbol in 1950s and 60s, but later embraced animal rights activism 2 months ago · London, United Kingdom",https://ground.news/interest/daily-mirror
Sky News UK,Center,"Brigitte Bardot Dies Aged 91, French Media Say","Brigitte Bardot dies aged 91, French media say 2 months ago · United Kingdom",https://ground.news/interest/sky-news
yle,Center,"Raised in a Catholic Family, Brigitte Bardot Became a Symbol of Sexual Liberation",Brigitte Bardot became a global sex symbol in the 1950s and 60s. She retired from films in the 1970s and devoted herself to animal rights activism. 2 months ago · Finland,https://ground.news/interest/yle
Digi 24,Center,Brigitte Bardot Died at 91 Years of Age. He Left the World of Cinematography 50 Years Ago and Dedicated His Energy to Protecting Animals.,"The most beautiful woman of the 20th century, as many have appreciated, Brigitte Bardot, a real symbol of French cinema, died on Sunday, at the age of 91, announced the Brigitte Bardot Foundation in a press release quoted by BFM TV... 2 months ago · Romania",https://ground.news/interest/digi-24
The US Sun,Right,Film icon Brigitte Bardot dies at 91 as tributes pour in for 60s sex symbol,"BRIGITTE Bardot has died aged 91 just weeks after undergoing surgery and battling a ""sudden illness"". The iconic French film star became an... 2 months ago · New York, United States",https://ground.news/interest/the-us-sun
romaniatv.net,Right,She Died Brigitte Bardot. the Actress Was 91 Years Old.,"The famous actress Brigitte Bardot stopped from her life on Sunday, December 28, at the age of 91. The sad news of her death was given by representatives of the foundation that bears her name. Article A died Brigitte Bardot. The actress was 91 years old when she first appeared in Romania TV. 2 months ago",https://ground.news/interest/romaniatvnet
EFE,Center,French Actress Brigitte Bardot Dies at Age 91,"The actress and singer Brigitte Bardot, an icon of French cinema and erotic symbol of the 1950s and 1960s, died at the age of 91. 2 months ago",https://ground.news/interest/efe
Die Presse,Right,French Actress Brigitte Bardot Is Dead,"The French actress Brigitte Bardot died at the age of 91. An obituary to one of the great, contradictory female icons of the 20th century. 2 months ago · Vienna, Austria",https://ground.news/interest/die-presse
Spiegel,Lean Left,Brigitte Bardot: French Star Actress Is Dead,"She was a cinema legend, France's biggest star and animal protector: Brigitte Bardot died at the age of 91, according to media reports. 2 months ago · Germany",https://ground.news/interest/spiegel
연합뉴스-Yonhap News Agency,Right,French Actress Brigitte Bardot Dies <Afp>,"(Berlin = Yonhap News) Correspondent Kim Gye-yeon = French veteran actress Brigitte Bardot has died at the age of 91, AFP reported on the 28th (local time). 2 months ago · Korea (the Republic of)",https://ground.news/interest/_ae7d36
The Times,Center,Brigitte Bardot obituary: French film star and sex symbol,"Heir to Marilyn Monroe’s crown in the Fifties and Sixties who left the limelight to become an animal rights activist, who has died aged 91 2 months ago · United Kingdom",https://ground.news/interest/thetimescom
www.t-online.de,Lean Left,Brigitte Bardot: French Film Legend Died at the Age of 91,"Grief for Brigitte Bardot. The French actress was known for films like ""And always attracts the woman"". Now she passed away at the age of 91. 2 months ago",https://ground.news/interest/wwwt-onlinede
NOS,Right,"Actress, Model and Singer Brigitte Bardot (91) Has Passed Away",In recent weeks she has been admitted to hospital several times. 2 months ago · Netherlands (Kingdom of the),https://ground.news/interest/nos_4ae905
DR,Lean Left,Actress Brigitte Bardot Has Died,"One of France's most famous cultural figures gave up his film career to become an animal rights activist. 2 months ago · Copenhagen, Denmark",https://ground.news/interest/dr
Observador,Right,"The Icon of the Movie Brigitte Bardot Died at the Age of 91, ""a Legend of the Century""","Brigitte Bardot died at 91 years of age, ahead of Le Figaro. Emmanuel Macron, President of France, laments the death of “a legend of the century”. 2 months ago · Portugal",https://ground.news/interest/observador
Novinky.cz,Lean Left,Brigitte Bardot Has Died.,"French actress and film legend Brigitte Bardot has died at the age of 91, the actress's foundation said on Sunday, according to BFM TV. Bardot was one of the stars of French cinema. She achieved her greatest fame in the 1960s, when she became an icon and sex symbol. 2 months ago",https://ground.news/interest/novinkycz
n-tv.de,Right,Breaking News: Brigitte Bardot Is Dead,Breaking News 2 months ago,https://ground.news/interest/n-tvde
franceinfo.fr,Lean Left,"Brigitte Bardot, World Film Star and Tireless Animal Activist, Died at the Age of 91","The Fondation Brigitte-Bardot announced on Sunday the death of the icon of the femininity of the 1950s, cinema actress, singer, agerie and muse of great artists, but also defender of animal rights. 2 months ago",https://ground.news/interest/franceinfofr
CartaCapital,Left,"Brigitte Bardot, Movie Icon, Dead at 91 Years of Age","She participated in almost 50 films and helped establish the fame of Saint-Tropez, France, and of Buzios, Brazil. 2 months ago · São Paulo, Brazil",https://ground.news/interest/cartacapitalcombr
Just the News,Right,"Brigitte Bardot, French actress and animal rights activist, passes away at age 91","Over the course of her acting career, she appeared in dozens of films that contributed to making her one of France’s most recognizable cultural exports. 2 months ago · Washington, United States",https://ground.news/interest/justthenewscom
in.gr,Right,"Brigitte Bardot's Funeral - Macron Is Unwanted, Far-Right Leader Le Pen Is Present","The film star's animal foundation announced that Brigitte Bardot's funeral will take place in a church in her hometown of Saint-Tropez on January 7, followed by a private burial, but did not specify where. 2 months ago · Greece",https://ground.news/interest/ingr
noz.de,Right,Funeral of Brigitte Bardot: Right-Wing Populist Le Pen Comes – President Macron Does Not,"For the funeral of the French film legend Brigitte Bardot, prominent guests from politics and society are expected – such as the right-wing populist Marine Le Pen. France's President Emmanuel Macron does not come. 2 months ago",https://ground.news/interest/nozde
uInterview,Right,"French Actress Brigitte Bardot, Who Became Animal Rights Champion & Controversial Right-Wing Political Figure, Dies At 91","French actress and activist Brigitte Bardot died on Sunday in her home in southern France at the age of 91. Her death was announced by Fondation Brigitte Bardot, which she established in 1986 to protect animals.  >IN MEMORIAM: 50 GREAT CELEBRITIES WHO DIED IN 2025 The foundation posted a tribute video on Instagram, captioning it [translated to English], “The Brigitte Bardot Foundation announces with immense sadness the passing of its Founder and… 2 months ago",https://ground.news/interest/uinterview
"Reporterre, le quotidien de l'écologie…",Right,"Far-Right Extremism, Racism, Anti-Feminism: Brigitte Bardot, an Unsettling Legacy for the Animal Rights Movement","Proximity to the far right, racist and homophobic remarks, support for actors convicted of sexual assault... Brigitte Bardot, who died on December 28, leaves an embarrassing legacy for the animal rights movement. ""I'm not unhappy with the life I've led. One day, when my name is mentioned, I'd like people to say: 'She was the fairy godmother of animals,'"" Brigitte Bardot told Paris Match in 2018. The former actress and tireless animal rights acti… 2 months ago",https://ground.news/interest/reporterre-le-quotidien-de-lecologie
elDiarioAR,Right,"Actress Brigitte Bardot, an Icon of Film and Fashion, and Animal Rights Activist, Died","The artist was one of the key figures of French cinema in the 1950s and 1960s, especially after her participation in films such as Viva Maria!, in addition to participating in several musicals. For the society of the moment she became an icon of sensuality and beauty. She acted in 47 films and recorded more than 60 songs. She retired in 1973 and dedicated herself to the defense of animal rights. Brigitte Bardot, the French actress and singer, di… 2 months ago",https://ground.news/interest/eldiarioarcom
En Linea Noticias,Right,Brigitte Bardot Died: Farewell to the Mythical Actress and Fervent Animal Rights Defender,"Internationals Buenos Aires, 28 December (NA) — France and the world today dismiss Brigitte Bardot, the woman who transformed European cinema and revolutionized the codes of femininity before abandoning glory to become the voice of the animals. The news of her death, which occurred at the age of 91, was confirmed this Sunday through an official communiqué of the Fondation Brigitte Bardot, an entity that expressed its “immense sadness” for the de… 2 months ago",https://ground.news/interest/en-linea-noticias
L'Informateur.,Right,"France: the Light Has Gone Out for One of the Most Iconic Women of the 20th Century. Brigitte Bardot, Film Icon and Pioneer of Animal Rights, Has Passed Away at the Age of 91 - L'informateur","The light has gone out for one of the most iconic women of the 20th century. Brigitte Bardot, film icon and pioneer of animal rights, has passed away at the age of 91. Listen to the article here Play Pause Stop /* Modernized button reduced */ .modern-btn { padding: 8px 16px; font-size: 14px; border: none; border-radius: 4px; background-color: #0073aa; color: #fff; cursor: pointer; transition: background-color 0.3s ease; } .modern-btn:hover { bac… 2 months ago",https://ground.news/interest/linformateur
Las noticias más importantes de Chaco,Right,"Brigitte Bardot, French Film Legend and Global Animal Rights Activist, Has Died - La Voz Del Chaco Newspaper","French actress Brigitte Bardot, an icon of European cinema and one of the most influential figures in 20th-century culture, died on Sunday at the age of 91. The news was confirmed by the Brigitte Bardot Foundation, an institution she founded and chaired for decades. “The Brigitte Bardot Foundation announces with immense sadness the passing of its founder and president, Ms. Brigitte Bardot, a world-renowned actress and singer, who decided to aban… 2 months ago",https://ground.news/interest/las-noticias-mas-importantes-de-chaco
elpopular.pe,Right,The Movie of Mourning! Die Recognized and Beloved Actress Who Left His Career to Fight for the Rights of Animals,"The iconic French actress Brigitte Bardot, a symbol of world cinema and a fierce defender of animal rights, passed away on Sunday, December 28, at the age of 91, as officially announced by the Brigitte Bardot Foundation, an organization she herself created for animal protection. Bardot, internationally known as “BB”, achieved global fame in the 1950s after starring in the film Y Dios creado a la mujer (1956), which made her an icon of women’s li… 2 months ago",https://ground.news/interest/elpopularpe
3 Quarks Daily,Right,"Brigitte Bardot (1934 - 2025) Actor, Singer, Animal Rights Activist",https://www.youtube.com/watch?v=FRhYSrSQGtw&list=RDFRhYSrSQGtw&start_radio=1 2 months ago,https://ground.news/interest/3-quarks-daily
L'essentiel,Far Right,The Long Proximity of Brigitte Bardot with the Far Right,"Brigitte Bardot, who died at the age of 91, has always affirmed her commitment to the animal cause while assuming her closeness to the far right. 2 months ago",https://ground.news/interest/lessentiel
L'Humanité,Far Right,"""The Pen, a Charming Man"" : Bardot, the Icon of the French Who Became that of the Far Right","Several figures on the right and the far right paid tribute to the actress who died at the age of 91, highlighting her figure as an animal activist and her fights against the... 2 months ago",https://ground.news/interest/lhumanite
Screen Realm,Right,"Brigitte Bardot, Screen Star and Animal Rights Campaigner, Dies Aged 91","French actress and outspoken animal rights activist Brigitte Bardot has died at the age of 91... The post Brigitte Bardot, Screen Star and Animal Rights Campaigner, Dies Aged 91 appeared first on Screen Realm. 2 months ago",https://ground.news/interest/screen-realm
juventudrebelde.cu,Right,"Brigitte Bardot, Legendary French Actress and Animal Rights Activist Dies","PARIS, December 28.- Symbol of rebellious youth and beauty, Brigitte Bardot helped drive the sexual revolution in cinema with her sensual and uninhibited interpretations in films such as Jean-Luc Godard’s Contempt. Then, in the second half of her life, she forged an unconventional path as a fierce animal rights advocate. The legendary French actress died at the age of 91, according to a statement from her foundation provided to CNN this Sunday. … 2 months ago",https://ground.news/interest/juventudrebeldecu
El Comercio,Right,Who Was Brigitte Bardot? Actress and Animal Rights Defender,The legendary Brigitte Bardot died at the age of 91. 2 months ago,https://ground.news/interest/elcomerciocom
Tv Shows Ace,Right,"Brigitte Bardot Dead At 91, Details","News has come out that French actress, singer, and activist Brigitte Bardot has passed away. Known for her illustrious career, Bardot continued to be a pop culture icon, even after retiring from the entertainment industry. Since the news has come out, various figures have also shared tributes in honor of the star. She was reportedly 91 at the time of her death. The Tragic News Was Shared By Brigitte Bardot’s Animal Rights Charity Born and raised… 2 months ago",https://ground.news/interest/tv-shows-ace
#BorderPeriodismo,Right,Who Was Brigitte Bardot: From Movie Star to Women's Rights Activist,"Brigitte Bardot died at the age of 91 leaving an indelible mark marked by turbulent loves, activism and controversies.The entry Who was Brigitte Bardot: from movie star to animal rights activist was first published in #BorderPeriodism. 2 months ago",https://ground.news/interest/borderperiodismo
Pudahuel,Right,Legendary Actress Dies at Age 91: She Was an Animal Rights Activist and Pioneer of Women's Liberation,"The world of culture and the seventh art today dismisses a legendary actress. It is one of the greatest and most controversial figures: Brigitte Bardot. The maximum symbol of French cinema and an icon of the beauty of the twentieth century, died this Sunday at 91 years. The Fla news confirmed its foundation through an official statement. The actress was in recovery after a recent surgery, the second in a few months. The trajectory of the legenda… 2 months ago",https://ground.news/interest/pudahuel
elCanciller,Right,Brigitte Bardot Died at Age 91: From Film Icon to Animal Rights Activist,"The actress and singer emblem of the French cinema Brigitte Bardot died at the age of 91, according to the foundation that bears her name. The star, who moved away from the lights to dedicate herself to animal welfare, was fired by the entertainment world and those who followed her for the passion that accompanied her in her last stretch. ""We announced with immense sadness the death of the founder and president"", indicated from the charity in a … 2 months ago",https://ground.news/interest/elcanciller
Aktuálně.cz,Right,French with a Capital F and Right-Wing Fury. Media From Right to Left Evaluate Bb's Legacy,"An actress who was a global icon, a radiant idol and the embodiment of French style has passed away. This is how the French media is reacting to the death of actress Brigitte Bardot today. 2 months ago",https://ground.news/interest/aktualnecz-vite-co-se-prave-deje
Laminute.info,Far Right,"Brigitte Bardot and the Far Right, a Non-Official but Difficult to Hide Connection","ERIC FEFERBERG / AFP via Getty Images Brigitte Bardot, here in 2007 at the Élysée, supported Marine Le Pen for several years. ""I judge the politics of what they propose for the animal cause. It's as simple as that. And so I sailed. I supported Giscard, who was great; Chirac, then Jospin against Chirac, then Sarko.""In 2018, in Le Monde, Brigitte Bardot again rejects the label of a frontist that is him... CLICK HERE TO READ THE SOURCE ARTICLE ON w… 2 months ago",https://ground.news/interest/laminuteinfo
Il Quotidiano d'Italia,Left,"Brigitte Bardot, the Icon of Cinema, Has Left Us","Brigitte Bardot has died at the age of 91, as announced by her foundation and reported by many international media outlets. Brigitte Bardot: the film legend and animal rights activist has died. The news of Brigitte Bardot's passing has shocked the entertainment and animal rights worlds. The Brigitte Bardot Foundation announced with immense sadness that its founder and president, the world-famous actress and singer, has passed away at the age of … 2 months ago",https://ground.news/interest/il-quotidiano-ditalia
cambio21.cl,Right,"Videos of Her Life. Die Brigitte Bardot, French Actress, Symbol of Sexual Liberation in the 1960s, Singer and Activist for Animal Rights, at 91 Years of Age",2 months ago,https://ground.news/interest/cambio21cl
Oise Hebdo,Left,"Brigitte Bardot: the Icon of French Cinema, Which Has Forever Changed the Fate of Animals, Has Left Us","Brigitte Bardot, the icon of French cinema, died. She was 91 years old. – Photo: Facebook / Vogue France. Brigitte Bardot had left the cinema in 1973. But her films will forever remain in collective memory. ""And God created... the woman"", in 1956, ""The rest of the warrior"", in 1962, ""Le défi"", in 1963, ""Une ravisante idiote"", in 1964, ""Boulevard du rum"", in 1970, or even ""Les oilesuses"", in 1971, are so many films that will have marked the minds… 2 months ago",https://ground.news/interest/oise-hebdo
El Sol de Iquique,Right,"Brigitte Bardot, Icon of French Cinema and Key Figure in Animal Rights Activism, Has Died.","Brigitte Bardot, one of the great legends of 20th-century European cinema and a cultural symbol of an era, died at the age of 91, as confirmed by her own foundation, the Fondation Brigitte Bardot. The actress passed away at her home in the south of France, after a year marked by health problems and several hospitalizations. Her death closes a fundamental chapter in the history of French cinema: Bardot was one of the most influential figures of t… 2 months ago",https://ground.news/interest/el-sol-de-iquique
Perfil,Left,"The Last Years of Brigitte Bardot: Left the ""Surface Life"" to Dedicate Itself to Animals","The most beautiful woman in France was 38 years old when she renounced cinema, at the height of her success, to devote herself to her passion for the defense of wildlife. They are ""innocent victims of human cruelty,"" she said. Read more 2 months ago · Buenos Aires, Argentina",https://ground.news/interest/perfil
Dorset Eye,Right,"Brigitte Bardot Dead at 91: Actor, Animal Rights Campaigner and Bigot","Brigitte Bardot remains one of the most recognisable figures of 20th-century cinema: an actor whose image came to symbolise post-war freedom, sexual autonomy and a rupture with conservative morality, yet whose later years have been marked by repeated controversy and public censure. Born in Paris in 1934, Bardot rose to international fame in the 1950s, most notably through And God Created Woman (1956), a film that scandalised audiences and transf… 2 months ago",https://ground.news/interest/dorset-eye
Prensa Libre,Right,"Brigitte Bardot Dies in France: Actress, Cultural Icon and Animal Rights Activist","Brigitte Bardot, the star of *And God Created Woman* and *Contempt*, died on Sunday, December 28. She made some fifty films, established a simple yet sensual style of dress, and forged the legend of Saint-Tropez, France, and Buzios, Brazil. “The Brigitte Bardot Foundation announces with immense sadness the passing of its founder and president,” the institution said in a statement, specifying that she died that Sunday morning at her residence, “L… 2 months ago",https://ground.news/interest/prensa-libre
Télérama.fr,Right,"Brigitte Bardot and Politics, Right All","The actress died at the age of 91. The one who founded the Brigitte Bardot Foundation in 1986 and fought for the defense of animals, did not hide her closeness to the far right and was even condemned for incitement to racial hatred. 2 months ago",https://ground.news/interest/teleramafr
Lincoln Journal Star,Center,Russia strikes Ukraine capital,"KYIV, Ukraine — Russia attacked Ukraine's capital with ballistic missiles and drones Saturday, killing at least one person and wounding 27, a day before talks between the leaders of Ukraine and the United States, authorities said. 2 months ago · Cherokee County, United States",https://ground.news/interest/lincoln-journal-star
Novinky.cz,Lean Left,40 Percent of Kiev Residents Are without Heat After a Ten-Hour Attack. Shelling Hits Kherson,"In Kiev, more than 40 percent of the population was without heat on Sunday night. A million people in and around the city were without electricity, and restoring power is difficult. The attack ultimately left two dead and 44 injured. Ukrainian President Volodymyr Zelensky called Russian President Vladimir Putin a man of war. Russia continued its attacks on Ukraine on Sunday. 2 months ago",https://ground.news/interest/novinkycz
The Express Tribune,Center,Zelensky visits Canada en route to US amid Russia attacks,"Ukraine’s President Volodymyr Zelensky arrived in Canada Saturday for talks on his way to a meeting with US President Donald Trump, hours after Russia pummelled Kyiv with drones and missiles in its latest attack on the capital. Later Saturday, Russia also claimed fresh gains on the ground with the capture of two towns at different spots along the frontlines. Zelensky said the Russian onslaught showed Moscow had no intention of ending the invasio… 2 months ago · Pakistan",https://ground.news/interest/the-express-tribune
NBC News,Lean Left,Russia stages massive attack on Ukraine ahead of Trump-Zelenskyy meeting,Russia staged a massive drone and missile bombardment on Kyiv overnight ahead of a high-stakes meeting set for Sunday between President Trump and Ukrainian President Zelenskyy. NBC News’ Daniele Hamamdjian reports. 2 months ago · United States,https://ground.news/interest/nbc-news
Sydney Morning Herald,Lean Left,Russia strike Ukraine as Zelenskyy prepares to meet Trump,"Russia has conducted strikes against Ukraine as Volodymyr Zelenskyy prepares to meet Donald Trump. 2 months ago · Sydney, Australia",https://ground.news/interest/sydney-morning-herald
The Daily Progress,Center,"Russia strikes Ukraine's capital, kills at least 1 person before Zelenskyy-Trump meeting","Authorities said several residential buildings were struck, wounding 27, a day before talks aimed at ending the nearly four-year war. 2 months ago",https://ground.news/interest/the-daily-progress
Australian Financial Review,Right,Russia bombards Kyiv as Zelensky heads to Florida for talks,"Ukrainian President Volodymyr Zelensky will meet with Donald Trump in Florida for peace talks but said the Russian strikes show Putin does not want peace; ALP to address internal antisemitism. Follow live. 2 months ago · Sydney, Australia",https://ground.news/interest/australian-financial-review
RTV Slovenija,Lean Left,Woman Killed in Russian Attacks on Kiev. Putin: Russian Army Captures Mirnograd and Gulyaypole.,"A woman has been killed and 19 others, including two children, have been injured in large-scale Russian attacks on Kiev. More than a million homes in and around Kiev are without electricity. 2 months ago",https://ground.news/interest/rtv-slovenija
PerthNow,Center,"Drones, missiles pound Kyiv as Zelenskiy, Trump to meet","Russia hammered Kyiv with air strikes just as Ukraine President Volodymyr Zelenskiy prepares to sit down with US President Donald Trump to discuss a peace plan. 2 months ago · City of Perth, Australia",https://ground.news/interest/perthnow
Time Magazine,Lean Left,Russia Bombards Kyiv as Zelensky Prepares for Talks With Trump,"Missile and drone strikes pummeled Kyiv for nearly 10 hours on Saturday, targeting civilian infrastructure and the capital’s energy grid a day before Ukrainian President Volodymyr Zelensky is set to meet with President Donald Trump for peace talks. “They do not want to end the war and seek to use every opportunity to cause Ukraine even greater suffering and increase their pressure on others around the world,” Zelensky wrote on X following the at… 2 months ago · United States",https://ground.news/interest/time-magazine
KAKE News,Center,Zelensky stops in Canada en route to US as Russia pummels Ukraine,"Ukraine's President Volodymyr Zelensky arrived in Canada Saturday for talks on his way to a meeting with US President Donald Trump, hours after Russia pummelled Kyiv with drones and missiles in its latest attack on the capital. 2 months ago",https://ground.news/interest/kakecom
Washington Examiner,Right,Russia attacks Kyiv ahead of Ukraine-US talks,"KYIV, Ukraine (AP) — Russia attacked Ukraine’s capital with missiles and drones early Saturday morning, killing one person and wounding 27, a day before talks between Ukraine and the U.S., authorities said. Explosions boomed across Kyiv for hours as ballistic missiles and drones hit the city. The attack began in the early morning hours Saturday and was continuing as day broke. Ukrainian President Volodymyr Zelensky prepared to meet with U.S. Pre… 2 months ago · Washington, United States",https://ground.news/interest/washington-examiner
"La Nación, Grupo Nación",Right,Russia Bombs Kiev on the Eve of Donald Trump's Meeting with Volodimir Zelenski,"Kiev.- On the eve of the meeting in Florida between Donald Trump and Volodimir Zelenski, Russia launched a new drone and missile attack against Kiev this Saturday, which left two dead and hundreds of thousands without light or heating.The anti-aircraft alert was activated for hours after heavy explosions during the night, AFP reporters noted.The capital was targeted by 519 drones and 40 missiles, of which 474 and 29, respectively, were killed, a… 2 months ago",https://ground.news/interest/la-nacion-grupo-nacion
Pittsburgh Post-Gazette,Center,"Russia attacks Kyiv with missiles and drones, killing 1 and wounding many ahead of Ukraine-U.S. talks","KYIV, Ukraine — Russia attacked Ukraine's capital with missiles and drones early Saturday morning, killing one person and wounding 27, a day before... 2 months ago · Pittsburgh, United States",https://ground.news/interest/pittsburgh-post-gazette
The Independent (US),Lean Left,Zelensky prepares for peace talks with Trump as Putin bombards Kyiv with drones,Volodymyr Zelensky said Russia’s latest bombardment revealed Vladimir Putin’s ‘true attitude’ towards peace 2 months ago · United States,https://ground.news/interest/the-independentcom
GB News,Right,Ukrainian MP says Russian attack 'felt like Armageddon' after Moscow launched air strikes on Kyiv,"A Ukrainian MP and the leader of political party Holos told GB News Russia's attack on Kyiv ""felt like Armageddon"".Kira Rudik, who serves as a People's Deputy of Ukraine, opened up about the reality of the devastating attack on her nation's capital that left a third of the city powerless in the early hours of this morning.The attack came just hours after Ukrainian President Volodymyr Zelensky announced he would be visiting President Donald Trump… 2 months ago · London, United Kingdom",https://ground.news/interest/gbnewscom
El Universo,Right,Kiev Suffers Russian Bombing on the Eve of Trump-Zelenski Meeting,"Prior to the meeting in Florida between Donald Trump and Volodimir Zelenski, a drone and missile attack against Kiev by Russia was recorded on Saturday, leaving two fatalities and hundreds of thousands of people without light. 2 months ago",https://ground.news/interest/el-universo
France24,Center,Russia pummels Kyiv ahead of Zelensky-Trump meeting,"Russia pummelled Ukraine's capital with drones and missiles on Saturday, killing a woman and cutting power to hundreds of thousands, ahead of President Volodymyr Zelensky's latest talks with US leader Donald Trump. Zelensky said Russia’s attack on Ukraine shows that Russia does “not want to end the war”. FRANCE 24's Douglas Herbert gives us his analysis. 2 months ago · France",https://ground.news/interest/france24
WBAL,Center,Kyiv hit by some of the heaviest overnight attacks in months ahead of Trump-Zelenskyy meeting,"A private residential building in the Darnytskyi district lies partially destroyed by a Russian drone strike on December 27, 2025 in Kyiv, Ukraine. (Andrii Khodkov/Apostrophe/Global Images Ukraine via Getty Images) (KYIV and LONDON) — Russia has carried out one of the biggest attacks on Kyiv in months, using an estimated 500 drones and 40 missiles, including powerful Kinzhal missiles, according to Ukrainian President Volodymyr Zelenskyy. The str… 2 months ago · Baltimore, United States",https://ground.news/interest/wbal
One News Page,Center,"Russia Pummels Kiev, Hundreds Of Thousands Without Power, Ahead Of Trump-Zelensky Meeting","Russia Pummels Kiev, Hundreds Of Thousands Without Power, Ahead Of Trump-Zelensky Meeting Russia launched a wave of attacks on Ukraine early Saturday, killing at least one person and injuring many others, and leaving hundreds of thousands without power. Already the electricity grid has long… 2 months ago",https://ground.news/interest/one-news-page
Birmingham Mail,Center,One dead as Russia attacks Ukraine ahead of US talks - Birmingham Live,"Explosions boomed across Kyiv for hours early on Saturday as ballistic missiles and drones hit the city 2 months ago · Birmingham, United Kingdom",https://ground.news/interest/birmingham-mail
The Free Press (Tampa),Right,‘Russia’s Response’: Kyiv Burns Under Massive Barrage Hours Before Florida Trump-Zelenskyy Summit,"Just hours before Ukrainian President Volodymyr Zelenskyy was set to depart for high-stakes peace negotiations in Florida, Russia launched one of its most intense aerial assaults on the Ukrainian capital in months. The timing of the Saturday morning attack, which officials say involved hundreds of drones and hypersonic missiles, cast a grim shadow over the […] ‘Russia’s Response’: Kyiv Burns Under Massive Barrage Hours Before Florida Trump-Zelen… 2 months ago · Tampa, United States",https://ground.news/interest/the-free-press-tampa
Modern Diplomacy,Right,Ukraine Under Fire Ahead of Critical Zelenskiy-Trump Summit,"Russia launched a major attack on Kyiv and other areas of Ukraine on Saturday, firing hundreds of missiles and drones just before a significant meeting between Ukrainian President Volodymyr Zelenskiy and U. S. President Donald Trump aimed at negotiating peace after nearly four years of conflict. Zelenskiy described the overnight assault, which involved around 500 […] The post Ukraine Under Fire Ahead of Critical Zelenskiy-Trump Summit appeared f… 2 months ago",https://ground.news/interest/modern-diplomacy
CartaCapital,Left,Russia Kiev Bombing on the Evening of the Meeting Between Trump and Zelensky,"Zelensky said this Saturday, before travelling to the United States, that the Russian attack against Kiev proves that Moscow ""does not want the end of the war"". 2 months ago · São Paulo, Brazil",https://ground.news/interest/cartacapitalcombr
WGN 9,Center,Russia strikes Ukraine ahead of Trump-Zelensky meeting,"(The Hill) - Russia carried out a series of strikes on Ukraine early Saturday, with at least one person dead and many others injured. The latest attack comes a day ahead of expected peace talks between Ukrainian President Volodymyr Zelensky and President Trump. Air raid sirens blared at around 1:30 a.m. local time as the [...] 2 months ago · Chicago, United States",https://ground.news/interest/wgn-9
Dnevni list Danas,Lean Left,"The Meeting Between Zelensky and Trump on the End of the War, the Russians Attack Kiev","The Ukrainian president announced that he will meet with his American counterpart in Florida, while the mayor of Kyiv announced that Russia had carried out new airstrikes on the capital. 2 months ago · Belgrade, Serbia",https://ground.news/interest/dnevni-list-danas
Welt,Right,Ukraine War ++ Dead and Injured After Russian Air Strikes – One Million People in Kiev without Electricity ++,"The Ukrainian anti-corruption office is investigating members of parliament for suspicion of bribery. Selenskyy talks about security guarantees before his meeting with US President Trump. Russia is taking over Kiev with a new wave of attacks. More in the live ticker. 2 months ago · Dortmund, Germany",https://ground.news/interest/welt
Fox News,Right,"Zelenskyy says Ukraine, ahead of Trump meeting, is 'willing to do whatever it takes' to end war with Russia","Kyiv faces massive Russian drone and missile attack as Ukrainian President Volodymyr Zelenskyy prepares to meet President Donald Trump in Florida on Sunday. 2 months ago · New York, United States",https://ground.news/interest/fox-news_a44aba
Wapa,Center,Russia Bombs Kyiv on the Eve of the Meeting Between Trump and Zelensky,"One of the projectiles set fire to a residential building, causing one death and 28 injuries. 2 months ago",https://ground.news/interest/wapa
WV News,Center,Russia pummels Kyiv ahead of Zelensky's US visit,"Russia pummelled Ukraine's capital with drones and missiles on Saturday, killing a woman and cutting power to hundreds of thousands, ahead of President Volodymyr Zelensky's latest talks with US leader Donald Trump. 2 months ago",https://ground.news/interest/wv-news
RedState,Right,New Attacks Shake Kyiv Ahead of Zelensky's High-Stakes Trump Meet,"New attacks on Kyiv complicate Zelensky's meeting with Trump over peace talks. 2 months ago · Washington, United States",https://ground.news/interest/redstate
Bloomberg,Lean Left,Zelenskiy Heads to US to Meet Trump as Russia Bombards Kyiv,2 months ago · United States,https://ground.news/interest/bloomberg
20minutos,Center,Russia Ragingly Attacks Ukraine’s Heart Hours Before Trump and Zelenski Meet to Unleash the Peace Plan,"Russia has launched heavy attacks on Kiev and regions in the north-east and south of Ukraine, causing at least one death and 19 injuries, amid the expectation generated by the upcoming meeting between Ukrainian President Volodirmir Zelenski and the U.S. President Donald Trump.The mayor of Kiev, Vitali Klichko, has reported one woman has died and there are at least 19 injured in the city, while in other regions fires and explosions have been reco… 2 months ago · Madrid, Spain",https://ground.news/interest/20minutos
The Washington Post,Lean Left,Russian attack pummels Kyiv as Zelensky prepares to meet Trump,2 months ago,https://ground.news/interest/the-washington-post
9News,Right,Russia launches mass attack on Kyiv ahead of Trump-Zelenskyy peace talks,Russia launched a large-scale overnight attack on Kyiv after Ukraine's President Volodymyr Zelenskyy said h... 2 months ago · Australia,https://ground.news/interest/9news
Tehran Times,Right,Russia launches ‘massive strike’ on Kyiv ahead of Zelensky-Trump meeting,"Russia struck Kyiv with missiles and drones early Saturday, killing one and wounding 27, AP reported. Explosions hit energy and civilian infrastructure, leaving districts without power or heat. 2 months ago · Tehran, Iran (Islamic Republic of)",https://ground.news/interest/tehran-times
Stars and Stripes,Center,Russia strikes Ukraine’s capital and kills at least 1 person a day before Zelenskyy-Trump meeting,"2 months ago · Washington, United States",https://ground.news/interest/stars-and-stripes
Firstpost News,Center,Zelensky says Russia has ‘no intention to end war’ as Kyiv reels from deadly drone strike,"Zelensky on Saturday accused Russia of having “no intention to end the war” after a massive drone and missile attack struck Kyiv. 2 months ago · Mumbai, India",https://ground.news/interest/firstpost-news
La Tercera,Right,Florida Meeting Ports Between Zelensky and Trump: Russia Bombs Kiev with Drones and Missiles · Global Voices,"Ad-ports of the meeting that will be held this Sunday Volodimir Zelensky with the President of the United States, Donald Trump, Russia carried out a series of drone and missile attacks on the capital of Ukraine, Kiev.“Another Russian attack is still ongoing: since last night, almost 500 drones have been launched—a large number of shaheds—and 40 missiles, including Kinzhals. The main objective is Kiev: energy facilities and civil infrastructure,”… 2 months ago · Chile",https://ground.news/interest/la-tercera
Sky News UK,Center,Moment Russia attacks Kyiv with '500 drones',Russia attacked Ukraine's capital overnight ahead of Trump's meeting with Zelenskyy in Florida. 2 months ago · United Kingdom,https://ground.news/interest/sky-news
Hot News,Lean Left,"Zelenski Burned After the Russian Attack with 40 Rockets, Including Kinjal, Iskander and Kalibr, and 500 Drones: “Poverty Activity” - hotnews.ro","The mass attack, with Russian drones and rockets, which targeted Kievul on Friday night to Saturday, shows that Moscow ""does not want to end the war"", said Ukrainian President Volodimir Zelenski on Saturday, according to AFP.... 2 months ago · Romania",https://ground.news/interest/hot-news
Deutsche Welle,Center,Massive Power Failure in Kyiv After Russian Attacks,"More than 320,000 people were cut off from the power supply during ice cold. In addition, there was at least one fatality. The attacks took place shortly before new talks on the Ukraine war. 2 months ago · Bonn, Germany",https://ground.news/interest/deutsche-welle
OKDIARIO,Right,Russia Runs Out of Electricity for One-Third of Kiev with a Massive Attack Before the Zelenski-Trump Meeting,"Russia has launched a heavy mass attack on Kiev this Saturday morning that has left one third of the city without electricity, just a few hours after Volodimir Zelenski announced a new meeting with Donald Trump. In addition, the Ukrainian president also confirmed this week that he sent Vladimir Putin the draft peace plan drawn up by Ukraine and the United States, an agreement that the Kremlin has rejected. The Russian Army has not only attacked … 2 months ago",https://ground.news/interest/okdiario
Radio France Internationale,Center,Russia Launches Large-Scale Drone Attack on Kiev Before a Zelensky-Trump Meeting,"Kiev was the target of a Russian drone and missile attack that killed one in the night from Friday 26 to Saturday 27 December. The wave of attacks took place on the eve of a scheduled meeting in Florida on Sunday between Ukrainian Presidents Volodymyr Zelensky and US President Donald Trump to discuss the sensitive issue of Russia's occupied territories, as part of negotiations to end the war. 2 months ago · Paris, France",https://ground.news/interest/radio-france-internationale
Liberation,Lean Left,"As a Prelude to the Meeting Between Zelensky and Trump in Florida, Putin Pilonne Kyiv","While the Ukrainian and American presidents are scheduled to meet on Sunday 28 December, Moscow gave an idea of its response to the peace plan that will be discussed on the night of Friday to Saturday by bombing Kyiv, immersed largely in the dark and cold. 2 months ago · Paris, France",https://ground.news/interest/liberation
actu.fr,Center,"Zelensky-Trump Meeting: Fatal Attack in Ukraine, Russia ""Does Not Want to End the War""","Kiev was attacked by drones and missiles on the eve of a meeting between Volodymyr Zelensky and Donald Trump, Florida, to end the war. 2 months ago",https://ground.news/interest/actufr
Al Jazeera,Lean Left,Two killed as Russia hammers Ukraine before Trump-Zelenskyy meeting,Zelenskyy accuses Russia’s leadership of using ‘every opportunity’ to inflict ‘greater suffering’ on Ukraine. 2 months ago · Qatar,https://ground.news/interest/al-jazeera_1a2e2c
Meduza,Left,"The War of the Thousand Four Hundred and Three Days, Russia Launched a Massive Attack on Kiev on the Eve of the Trump and Zelensky Talks.","""Meduza"" has been on the air since February 24, 2022 about the Russian-Ukrainen war. In our daily material, we publish your letters because we are convinced that the war must continue. Share with us the thoughts that you have from the war. What feelings do you feel? How does the war affect you, your life, the lives of your loved ones, and your attitude towards the world? The form for feedback — at the end of this article. You can read here the r… 2 months ago · Riga, Latvia",https://ground.news/interest/meduza
Globo,Right,Moscow 'Does Not Want to End the War' Says Zelensky After Attacking Kiev Before Meeting Trump in the United States,"At the evenings of the meeting between Donald Trump and Volodimir Zelenssky, Russia launched a new attack on drones and missiles against Kiev this Saturday, leaving at least one dead and hundreds of thousands of people without light or heat. Meet Trump: Zelensky and reports progress in peace negotiations mediated by the US 'Chases': Trump also demands that Justice also exposes democracies linked to Epstein after publication of documents The anti… 2 months ago · Brazil",https://ground.news/interest/globo
Eldiario.es,Lean Left,Russia Launches a Massive Attack on Ukraine on the Day Before Trump Meets Zelenski,"Russian attacks have left at least one person dead and 19 others injured, plus 320,000 Ukrainian homes without heating when temperatures are around zero degrees 2 months ago · Spain",https://ground.news/interest/eldiarioes
Mediapart,Lean Left,Ukraine Undergoes Drone and Missile Attack on the Eve of a Zelensky-Trump Meeting,"The capital Kyiv and its region were the targets of a drone and missile attack that killed two people on the night of Friday to Saturday, on the eve of a meeting scheduled for Sunday in Florida between Volodymyr Zelensky and Donald Trump, as part of the peace negotiations. 2 months ago · Paris, France",https://ground.news/interest/mediapart
The New Indian Express,Lean Left,Zelensky says Kyiv attack shows Russia does 'not want to end the war',Zelensky made the comments ahead of his departure for talks in the United States with President Donald Trump on a plan to halt the Russian invasion. 2 months ago · India,https://ground.news/interest/the-new-indian-express
Digi 24,Center,"Zelenski, Warning After the Drone Attack in Kiev: Russia Does Not Want to End the War","The Russian drone and rocket attack which he had directed Kievul on Friday night to Saturday shows that Russia ""does not want to put an end to the war"", Ukrainian President Volodimir Zelenski said on Saturday. 2 months ago · Romania",https://ground.news/interest/digi-24
South China Morning Post,Center,Zelensky says Kyiv strike proves Russia does ‘not want to end war’,"Moscow hit the Ukrainian capital with nearly 500 drones and 40 missiles a day ahead of US-Ukraine talks, leaving a third of Kyiv without heat. 2 months ago · Hong Kong",https://ground.news/interest/south-china-morning-post
NOS,Right,'A Third of Kyiv in the Cold After Massive Russian Attack',The attack comes a day before Zelenskyy's meeting with Trump tomorrow in Florida. 2 months ago · Netherlands (Kingdom of the),https://ground.news/interest/nos_4ae905
i24NEWS,Right,"Russia pummels Kyiv with drones, killing at least 1, wounding dozens",The offensive took place two days before a meeting Zelensky is due to hold in the U.S. with President Donald Trump to thrash out details of an accord for settling the war 2 months ago,https://ground.news/interest/i24news
El Pais,Lean Left,Russia Launches Big Bombing on Kiev on the Eve of Trump-Zelenski Meeting · Global Voices,"Russia has struck Ukraine again this Saturday with a huge night bombing. The attack has lasted 10 hours and has had Kiev as the main target. In the capital and its region at least two people have died and about thirty have been injured. Russian drones and missiles have brought back destruction throughout the country, this time on the eve of the meeting to be held on Sunday in Florida between the President of the United States, Donald Trump, and … 2 months ago · Spain",https://ground.news/interest/el-pais
BBC News,Center,"Zelensky says Russia 'doesn't want peace', ahead of Florida meeting with Trump",The pair are expected to discuss territorial concessions and security guarantees during the negotiations. 2 months ago · United Kingdom,https://ground.news/interest/bbc-news_bf95f4
Newcastle Herald,Lean Left,Russia attacks Ukraine before Zelenskiy Trump meeting,"Kyiv has been bombarded by Russian missiles and drones ahead of Ukraine's leader meeting with US President Donald... 2 months ago · Newcastle, Australia",https://ground.news/interest/newcastle-herald
Evening Standard,Center,Russia pounds Kyiv hours before Zelensky-Trump showdown on ending Ukraine war,"Explosions rang out across Kyiv overnight as Ukraine's air defence units went into action 2 months ago · London, United Kingdom",https://ground.news/interest/evening-standard
franceinfo.fr,Lean Left,Direct. War in Ukraine: Russia Hits the City of Kiev on the Eve of a Meeting Between Volodymyr Zelensky and Donald Trump,The Ukrainian president is expected to meet with Donald Trump on Sunday in Florida to discuss the plan to end the Russian-Ukrainian conflict. 2 months ago,https://ground.news/interest/franceinfofr
ladepeche.fr,Lean Left,"Direct. War in Ukraine: Kiev Targeted by Attacks, Russia ""Does Not Want to End the War"", Says Zelensky",Follow the news about the war in Ukraine on Saturday 27 December with us and live on LaDépêche.fr. 2 months ago,https://ground.news/interest/ladepechefr
The US Sun,Right,Putin unleashes hell on Kyiv day before Trump & Zelensky's crunch peace summit,"RUSSIAN forces launched a massive attack on Ukraine just a day before Donald Trump's meeting with Volodymyr Zelensky to discuss peace plans.... 2 months ago · New York, United States",https://ground.news/interest/the-us-sun
romaniatv.net,Right,Russia Bombes Kievul with Rockets and Drones Before Zelenski's Visit to the United States. They Have New Peace Negotiations,"Russia launched a series of attacks with ballistic missiles and drones on Kiev, in the spring to Saturday. The bombings took place before Zelenski's visit to the United States. Russia's article bombed Kiev with rockets and drones before Zelenski's visit to the United States. They held new peace negotiations for the first time in Romania TV. 2 months ago",https://ground.news/interest/romaniatvnet
stern.de,Center,Victims of Death and Massive Blackout From Russian Attacks on Kiev Region,"Russian drone and rocket attacks on the Ukrainian capital region of Kiev killed one person on Saturday and injured about 20 others. In addition, more than 320,000 people in the region were cut off from the power supply at icy temperatures, said the Kiev governor Mykola Kalashnyk. According to Kyiv's mayor Vitali Klichko, the heating went out in 2600 residential buildings as well as hundreds of kindergartens, schools and other social facilities.A… 2 months ago · Germany",https://ground.news/interest/sternde
Radio Free Europe/ RadioLiberty,Center,Thousands Freezing As Russian Barrage Pummels Kyiv Ahead of Zelenskyy-Trump Peace Talks,Nearly a third of the Ukrainian capital was left without heat amid freezing temperatures after Russian drones knocked out municipal heating plants. More than two dozen people were wounded in the overnight barrage. 2 months ago · Czechia,https://ground.news/interest/radio-free-europe-radioliberty
La Vanguardia,Center,Hard Russian Attacks in Ukraine Before the Expected Encounter Between Trump and Zelenski,"Russia launched a new wave of drone and missile attacks on Ukraine this Saturday, reaching Kyiv and other regions of the country, on the eve of the meeting between Ukrainian President Volodimir Zelenski and U.S. President Donald Trump, to try to move towards an agreement that will end almost four years of war.Continue reading... 2 months ago · Granada, Spain",https://ground.news/interest/la-vanguardia
Express US,Right,Christmas hell in Kyiv as Russian drones pummel city with Zelensky set for talks,"Vladimir Putin's forces bombarded Kyiv with savage strikes on residential towers injuring 11 people including two children, as NATO jets were scrambled for the second consecutive day 2 months ago",https://ground.news/interest/the-expresscom
delo.si,Lean Left,"Violent Strikes on Kyiv, Poland Scrambled Planes: ""Stay in Shelters!""","The attack on Ukrainian territory occurred as the Ukrainian president prepares to travel to Florida, where he will meet with the US president on Sunday. 2 months ago",https://ground.news/interest/delosi
Daily Journal,Center,"Russian barrage on Kyiv kills one, leaves hundreds of thousands without power","A Russian drone and missile barrage on Kyiv and its suburbs Saturday killed one person, wounded two dozen and cut off heating and electricity for hundreds of thousands of people left in freezing temperatures. 2 months ago · Cherokee County, United States",https://ground.news/interest/daily-journal_17eacc
lindependant.fr,Center,"War in Ukraine: Drones, missiles... Russia Launches a Large-Scale Attack on the Ukrainian Capital","Russia has intensified its airstrikes on Kyiv. Explosions have damaged several neighbourhoods, causing at least eight injuries. 2 months ago",https://ground.news/interest/lindependantfr
Le Figaro,Right,"War in Ukraine: Moscow Doesn't Want to End the Conflict, Says Zelensky Before He Meets Trump","THE SITUATION POINT - Several series of heavy explosions sounded in Kiev on the night of Friday to Saturday, which caused at least 19 injuries and one death. Moscow reportedly sent nearly 500 drones and 40 missiles, according to Zelensky. 2 months ago · Paris, France",https://ground.news/interest/le-figaro
Al Bawaba,Right,Kyiv targeted before high-stakes Zelensky-Trump meeting,"ALBAWABA -  On Saturday, Russia unleashed missile and drone strikes across Kyiv and other regions of Ukraine, just hours before Ukrainian President Volo 2 months ago · Amman, Jordan",https://ground.news/interest/albawaba
Dagens Nyheter.,Right,Kyiv Under Attack Ahead of Trump-Zelensky Meeting,"The Ukrainian capital Kiev was subjected to extensive missile attacks on Saturday night. All residents were urged to take cover while more different types of missiles were fired. No deaths have been reported yet. – The enemy is purposefully attacking critical infrastructure and housing, writes Kyiv region governor Mykola Kalashnyk on Telegram. 2 months ago · Stockholm, Sweden",https://ground.news/interest/dagens-nyheter
politika.rs,Right,Death Toll in Russian Attack on Kiev Rises to 11,"Death toll in Russian attack on Kiev rises to 11 2 months ago · Belgrade, Serbia",https://ground.news/interest/politikars
KIFI,Center,Russia Launches Mass Attack on Kyiv Before Trump-Zelensky Peace Talks · Global Voices,"By Christian Edwards, Svitlana Vlasova, Laura Sharman and Victoria Butenko, CNN Russia launched a large-scale night attack against Kyiv after Ukrainian President Volodymyr Zelensky said he plans to meet with his US counterpart Donald Trump in Florida this Sunday as part of efforts to end the nearly four-year war in Eastern Europe. The air attack killed at least one person and injured about 28, including 13 who were hospitalized, according to Kiy… 2 months ago · Idaho Falls, United States",https://ground.news/interest/kifi
Daily Express,Right,NATO fighter jets scrambled as Putin launches horror attack on Ukraine,The latest large-scale attacks from Vladimir Putin's forces come on the eve of high stakes peace talks between Donald Trump and Volodymyr Zelensky. 2 months ago · United Kingdom,https://ground.news/interest/daily-express
India Today,Right,Russia bombards Kyiv ahead of Zelenskyy–Trump meet on Ukraine war breakthrough,Ukraine's Air Force said Russian drones were targeting the capital and regions in the northeast and south. Kyiv remained under an air raid alert for some four hours. 2 months ago · India,https://ground.news/interest/india-today
24ur.com,Center,"Explosions in Kiev, Polish Fighters in the Air","The Ukrainian capital was hit by a new large-scale airstrike in the early hours of this morning. Russia fired several guided missiles into Kiev, injuring at least five people. Poland scrambled fighter jets along the border with Ukraine in response to the attack, which came on the eve of a key meeting between the Ukrainian and American leaders. 2 months ago · Ljubljana, Slovenia",https://ground.news/interest/24urcom
Just the News,Right,Russian missile and drone strike hits Kyiv ahead of key Ukraine-U.S. talks,"The overnight assault targeted multiple districts across Kyiv, including residential areas and critical energy infrastructure, Ukrainian officials say 2 months ago · Washington, United States",https://ground.news/interest/justthenewscom
Tagesschau,Center,Russian Missile Attacks on Ukraine Resume,"Ahead of a meeting between Ukrainian President Zelensky and US President Trump on Sunday, Russia launched another air attack on Ukraine. Explosions and injuries have been reported in the capital, Kyiv. 2 months ago · Hamburg, Germany",https://ground.news/interest/tagesschau
Associated Press News,Lean Left,Russia strikes Ukraine's capital and kills at least 1 person a day before Zelenskyy-Trump meeting,Russia struck Ukraine's capital with missiles and drones in an attack that killed at least one person. 2 months ago · United States,https://ground.news/interest/associated-press-news
Il Post,Lean Left,"Russia Attacked Kiev Again, Before the Trump-Zelensky Meeting","In the night the Russian army hit the Ukrainian capital with missiles and drones, killing at least one person 2 months ago · Italy",https://ground.news/interest/il-post
The Independent,Lean Left,Ukraine live: Zelensky warns Kyiv strikes are Putin’s ‘answer to peace’,"Volodymyr Zelensky will meet with Donald Trump on Sunday for key peace talks 2 months ago · London, United Kingdom",https://ground.news/interest/the-independent_ff73a6
CNN,Lean Left,Reporter describes what happened during latest wave of Russian attacks in Kyiv,"Russia launched a fresh wave of attacks in Kyiv, Ukraine, ahead of peace talks between President Donald Trump and Ukrainian President Volodymr Zelensky. CNN speaks with Oleksiy Sorokin. 2 months ago · Atlanta, United States",https://ground.news/interest/cnn
Le Parisien,Right,War in Ukraine: Strong Explosions in Kiev on the Eve of the Meeting Between Zelensky and Trump,"In the Ukrainian capital, the night of Friday to Saturday was marked by the noise of several explosions. At around 0030 hours then half an hour later, French time, series of heavy explosions sounded in Kiev. Earlier, the authorities had indicated that Ukraine was threatened by Russian missiles. Thus, at certain moments of the night, aerial alerts touched all Ukrainian territory. On its social networks, the Ukrainian air force evoked movements of… 2 months ago · Paris, France",https://ground.news/interest/le-parisien
Svenska Dagbladet,Right,Zelenskyy Talks to Europeans – Ahead of Trump Meeting,"Ukrainian President Volodymyr Zelensky is expected to hold meetings with senior European leaders on Saturday, ahead of his upcoming personal meeting with US President Donald Trump in Florida. 2 months ago · Stockholm, Sweden",https://ground.news/interest/svenska-dagbladet
The Canberra Times,Lean Left,Russia strikes Ukraine before Zelenskiy Trump meeting,"Talks between the US and Ukrainian leaders on a peace plan to end almost four years of war... 2 months ago · Canberra, Australia",https://ground.news/interest/the-canberra-times
REALITATEA.NET,Right,"Russian Wars - Ukraine, Day 1403: Attacks with Cracian Drones, Alerts and Diplomatic Pressure Before the Us Talks","UPDATE 09:15 - Kievul was subjected to a massive attack with ballistic missiles on Friday night to Saturday, after Russia launched more passenger Kinjal missiles, four Iskander ballistic missiles and a group of Kalibr cruise missiles on the capital, announced monitoring channels, according to The Kyiv Independent. And other Ukrainian regions were attacked with rockets and drones in the morning, one day before President Volodimir Zelenski catalog… 2 months ago",https://ground.news/interest/realitateanet
Mehr News Agency,Right,Russia bombards Kyiv ahead of Zelensky-Trump talks,"TEHRAN, Dec. 27 (MNA) – Russia launched missile and drone attacks on Kyiv and other parts of Ukraine on Saturday, just ahead of what President Volodymyr Zelensky described as a crucial meeting with U.S. President Donald Trump. 2 months ago · Tehran, Iran (Islamic Republic of)",https://ground.news/interest/mehr-news-agency
La Libre,Center,War in Ukraine: Loud Explosions Heard in Kiev,"Several series of heavy explosions sounded in Kiev during the night of Friday to Saturday, observed an AFP journalist, the authorities having reported that Ukraine was threatened by Russian missiles. ... 2 months ago · Brussels, Belgium",https://ground.news/interest/la-libre
Expressen,Right,Heavy Explosions in Kiev,"At least five people have been injured in Kiev, Ukraine, where residents are being urged to take shelter after Russia launched rocket and missile attacks, triggering several powerful explosions in the capital. 2 months ago · Stockholm, Sweden",https://ground.news/interest/expressen
der Standard AT,Lean Left,Serious Russian Airstrikes on Ukraine Shortly Before Meeting Selenskyi–Trump,"U.S. President receives Ukrainian head of state in Florida on Sunday. Kyyiv may be ready for referendum on Trump plan. Putin continues to insist on whole Donbass 2 months ago · Vienna, Austria",https://ground.news/interest/der-standard_389fff
wz.de,Center,National Attacks in Ukraine - Injured in Kiev,"Once again, the Russian military is attacking the capital Kiev. There are damage and injuries. 2 months ago",https://ground.news/interest/wzde
Le Monde,Lean Left,"In Direct, War in Ukraine: at Least Five Wounded in Kiev During a Night Attack by the Russian Army in Several Areas","This attack occurred on the eve of the scheduled meeting on Sunday between Ukrainian President Volodymyr Zelensky and his American counterpart, Donald Trump, in Florida to discuss efforts to end the Russian invasion. 2 months ago · Paris, France",https://ground.news/interest/le-monde
Latestly,Right,"Russia Strikes Kyiv With Missiles, Drones Ahead of Donald Trump-Volodymyr Zelenskyy Meeting as Peace Talks Continue","The capital of Kyiv came under a large-scale missile and drone attack overnight on December 27, with multiple explosions reported across the Ukrainian capital and surrounding regions, one day ahead of the meeting between US President Donald Trump and his Ukrainian counterpart, Volodymyr Zelenskyy, as diplomatic efforts continue to end the four-year-long running war. 2 months ago",https://ground.news/interest/latestly
Times of India,Right,Poland temporarily closes two airports due to Russian strikes on Ukraine,"​Rzeszow ⁠and Lublin airports in southeastern ‌Poland ‌have ‌been temporarily closed after the Polish ​armed ​forces scrambled ‌fighter ‍jets ‍due to Russian strikes on ‌Ukraine, the Polish Air ‍Navigation Services Agency posted ‍on ⁠X ⁠on Saturday. 2 months ago · India",https://ground.news/interest/times-of-india
Kyiv Post,Lean Left,Ukraine War Latest Update: Russia Bombards Kyiv Ahead of Trump–Zelensky Peace Talks,"Missile strikes rock Ukraine’s capital hours before a high-stakes Florida meeting, highlighting how Moscow continues to press the war even as diplomatic efforts gain momentum. 2 months ago · Kyiv, Ukraine",https://ground.news/interest/kyiv-post
आज तक,Right,Russia Launches Major Attack on Kyiv Ahead of Trump-Zelensky meeting... Ukrainian Capital Rocked by Missiles and Drones,"Amid diplomatic efforts to end the Ukrainian war, Russia has once again flexed its muscles, launching a major military attack on Kyiv just before a planned meeting between US President Donald Trump and Ukrainian President Volodymyr Zelensky. 2 months ago",https://ground.news/interest/_421d90
Malay Mail,Right,Kyiv rocked by powerful blasts as air defences intercept drones and missiles,"KYIV, Dec 27 — Several powerful explosions rocked Kyiv on Saturday as authorities warned that the Ukrainian capital was under threat of missile attack.“Explosions in the capital. Air defence forces are operating. Stay in shelters!” Kyiv’s mayor Vitali Klitschko said on Telegram.Ukraine’s air force also announced a countrywide air alert in the early hours of Saturday and said on social media that drones and missiles were moving over several Ukrai… 2 months ago · Selangor, Malaysia",https://ground.news/interest/malay-mail
Tribune India,Right,Explosions heard in Kyiv day ahead of Trump-Zelenskyy meeting - The Tribune,"Zelenskyy says the meeting with Trump could move peace efforts closer to end four years of the Russia-Ukraine war. 2 months ago · Chandigarh, India",https://ground.news/interest/tribune-india
aninews.in,Right,"Russia strikes Kyiv with missiles, drones ahead of Trump-Zelenskyy meeting as peace talks continue","The capital of Kyiv came under a large-scale missile and drone attack overnight on December 27, with multiple explosions reported across the Ukrainian capital and surrounding regions, one day ahead of the meeting between US President Donald Trump and his Ukrainian counterpart, Volodymyr Zelenskyy, as diplomatic efforts continue to end the four-year-long running war. 2 months ago · India",https://ground.news/interest/aninewsin
Deutschlandfunk,Center,Before the Trump-Selensky Meeting - Moscow Expresses Its Opposition to the Western Plan for Peace Agreements in the Ukraine War,Russia's leadership has expressed its opposition to the recent Western efforts to reach a peace agreement. 2 months ago · Germany,https://ground.news/interest/deutschlandfunk
TVA Nouvelles,Lean Left,Ukraine: Strong Explosions Heard in Kiev,"Several series of heavy explosions rang in Kiev on the night of Friday to Saturday. 2 months ago · Montreal, Canada",https://ground.news/interest/tva-nouvelles
news24online.com,Center,"Ukraine hit by massive Russian missile attack, explosions rock Kyiv",Russia on Saturday launched massive missile attacks on Ukraine’s capital Kyiv. The explosions were heard across the city. 2 months ago,https://ground.news/interest/news24onlinecom
Otago Daily Times,Center,Kyiv under massive Russian attack,"The Ukrainian capital Kyiv is under a massive Russian attack, with explosions sounding in the city and air defences in operation. 2 months ago · Otago, New Zealand",https://ground.news/interest/otago-daily-times
NZ Herald,Center,Explosions rock Kyiv as missiles and drones target capital amid new peace plan,"Several powerful explosions rocked Kyiv as authorities warned that the Ukrainian capital was under threat of missile attack. “Explosions in the capital. Air... 2 months ago · Auckland, New Zealand",https://ground.news/interest/nz-herald
breakingthenews.net,Center,Blasts sound in Kiev amid hypersonic missile attack,"Several explosions were heard in the Ukrainian capital, Kiev, in the early hours on Saturday, local time, according to the local media. It was said that Russian forces targeted the city with hypersoni... 2 months ago",https://ground.news/interest/breakingthenewsnet
Deccan Herald,Lean Left,Kyiv Under Attack: Russian Assault on Ukrainian Capital,"Kyiv Conflict: Massive Russian attack hits Kyiv with missiles and air defenses active, military warns of further threats. 2 months ago · Karnataka, India",https://ground.news/interest/deccan-herald
Reuters,Center,"Ukrainian capital Kyiv under massive Russian attack, officials say","The Ukrainian capital Kyiv came under a massive Russian attack early on Saturday, with explosions sounding in the city, air defences in operation and the Ukrainian military saying missiles were being deployed. 2 months ago · United Kingdom",https://ground.news/interest/reuters_fa2539
NDTV,Right,Ukrainian Capital Kyiv Under Massive Russian Attack: Officials,"Several powerful explosions rocked Kyiv on Saturday, according to an AFP journalist, as authorities warned that the Ukrainian capital was under threat of missile attack. 2 months ago · New Delhi, India",https://ground.news/interest/ndtv
Zeit Online,Lean Left,Russian Invasion: National Attacks in Ukraine,"Here you can find information on the topic ""Russian Invasion"". Read now ""Landwide Attacks in Ukraine"". 2 months ago · Germany",https://ground.news/interest/zeit-online
ABC Australia,Lean Left,"Ukrainian capital Kyiv under Russian attack, officials say","Explosions have been heard, air defences are in operation and the military is on alert for impending missile attacks. 2 months ago · Australia",https://ground.news/interest/abc-australia
Reforma,Right,Russian Mass Attack Reported in Kiev · Global Voices,"Authorities report a massive Russian attack across Ukraine, while in the capital, Kiev, strong explosions are heard. 2 months ago · Mexico City, Mexico",https://ground.news/interest/reformacom
Protothema,Right,"Massive Missile Attack on Kyiv, Watch Video","""Air defense systems have been activated,"" says the mayor of the Ukrainian capital - Appeal to citizens to stay in shelters 2 months ago",https://ground.news/interest/protothema
Devdiscourse,Center,Kyiv Targeted: Intensified Russian Missile Assault Ahead of Crucial U.S. Meeting,"Kyiv faced a significant Russian missile attack, prompting air defenses to engage. The assault occurred just days before Ukrainian President Zelenskiy’s meeting with U.S. President Trump to discuss resolving the conflict with Russia. Unofficial reports and eyewitnesses confirmed the use of cruise and ballistic missiles in the attack. 2 months ago · India",https://ground.news/interest/devdiscourse
The Kyiv Independent,Lean Left,Russia's mass missile attack targets Kyiv ahead of upcoming Trump-Zelensky meeting,"Several explosions were heard across the capital, according to Kyiv Independent reporters on the ground, as well as in Kyiv Oblast, where power outages were reported in the town of Brovary and surrounding areas following the strikes. 2 months ago · Kyiv, Ukraine",https://ground.news/interest/the-kyiv-independent
Hindustan Times,Center,"Ukraine's Kyiv faces Russian assault ahead of Trump-Zelensky meet, air force issues countrywide alert","Several powerful explosions rocked Kyiv on Saturday as authorities warned that the Ukrainian capital was under threat of missile attack. 2 months ago · New Delhi, India",https://ground.news/interest/hindustan-times
BioBioChile,Right,Ukraine Reports Wave of Missiles Coming From Russia and Zelenski Accelerates Diplomacy for Peace,"Strong explosions shook Kiev and other Ukrainian regions during the early hours of Saturday, 27 December 2025. Air alerts sounded throughout the country and authorities asked the population to stay in the shelters. The Ukrainian Air Force reported that Russian forces launched another wave of missile attacks targeting several regions. Among the affected areas are Chernihiv, Mykolaiv, Járkov and Zhytomyr. In the capital, Kiev, Mayor Vitali Klitsch… 2 months ago · Chile",https://ground.news/interest/biobiochile
censor.net,Lean Left,Rashists Attack Drones and Missiles: Explosions Rang Out in Kyiv (Updated),"On the night of Saturday, December 27, Russian troops attack Ukraine with attack drones. 2 months ago",https://ground.news/interest/censornet_caee9a
La Presse,Lean Left,Prior to a Meeting in Florida: Interview Between Mark Carney and Volodymyr Zelensky,"Prime Minister Mark Carney met on Friday with Ukrainian President Volodymyr Zelensky, as he is about to travel to the United States for a crucial meeting in the ongoing negotiations to end the war with Russia. 2 months ago · Montreal, Canada",https://ground.news/interest/la-presse_39d7a8
BT,Right,Nigeria: Gave Trump the Green Light to Attack Islamic State,"Trump has claimed that there is a mass killing of Christians in Nigeria. The reality, however, is more complicated. ""It's not about religion,"" says Nigeria's foreign minister. 2 months ago · Denmark",https://ground.news/interest/bt
The American Spectator,Right,Protecting Nigeria’s Christians: Trump’s Strike Against ISIS – The American Spectator | USA News and Politics,"Trump’s Christmas strike and the long-overdue answer to Nigeria’s Christian slaughter. 2 months ago · Alexandria, United States",https://ground.news/interest/the-american-spectator
Zero Hedge,Right,Nigerians Applaud Trump's Military Strikes On Islamic Terrorists,"ZeroHedge - On a long enough timeline, the survival rate for everyone drops to zero 2 months ago · United States",https://ground.news/interest/zero-hedge
Owensboro Messenger-Inquirer,Right,US launches strikes against Islamic State group in Nigeria,"President Donald Trump says the U.S. launched a deadly strike against Islamic State forces in Nigeria, after spending weeks accusing the West African country's government of failing to rein in the persecution of Christians. Trump posted news of the strike… 2 months ago",https://ground.news/interest/owensboro-messenger-inquirer
Irish Independent,Right,US strikes Islamic State targets in Nigeria after Trump warnings,"US forces struck Islamic State targets in north-western Nigeria on Thursday night, the US and Nigerian governments said, acting after threats by US president Donald Trump to attack the country in an effort to stop what he has said are the killings of Christians. 2 months ago · Ireland",https://ground.news/interest/independentie
The Christian Post,Right,US conducts 'powerful and deadly strike' against ISIS in Nigeria on Christmas Day,"U.S. military forces conducted airstrikes against ISIS militants in northwest Nigeria on Christmas Day, marking a symbolically timed military action. 2 months ago",https://ground.news/interest/christianpostcom
Blavity News & Politics,Left,"Trump Launches Military Strikes In Nigeria, Says He's Targeting ISIS As Country Rejects His Christian Persecution Narrative","The Trump administration has followed up on the president’s rhetoric about Christian persecution in Nigeria by launching military strikes against Islamic militants in the country. The attacks, justified by a misleading narrative about the nature of the Nigerian conflict, illustrate the Trump administration’s increasing use of military action in aggressive ways, often based on dubious justifications. Trump launches missile strikes against Islamis… 2 months ago",https://ground.news/interest/blavity-news-and-politics
Task & Purpose,Lean Left,US targets ISIS with multiple strikes in Nigeria,The Christmas day attacks in the country’s northwestern Sokoto state are the first direct strike against militants in Nigeria by the U.S. 2 months ago,https://ground.news/interest/task-and-purpose
Washington Examiner,Right,Trump brags US gave ISIS 'very bad Christmas present' with Nigeria strikes,"President Donald Trump praised the U.S. military strikes against Islamic State terrorists in northwest Nigeria as a “very bad Christmas present,” during a surprise Friday appearance on WABC 770 AM. “I told Nigeria, and I told the people around Nigeria that if you do it, you’re going to get hit. And I said yesterday, I said, hit him on Christmas Day. It’ll be a Christmas present,” Trump told John Catsimatidis, host of WABC’s Sid & Friends in the … 2 months ago · Washington, United States",https://ground.news/interest/washington-examiner
CatholicVote org,Right,US carries out ‘deadly’ strike against Nigerian ISIS camps over Christian persecution,"The U.S. launched a strike against ISIS terrorist camps in northwest Nigeria late Christmas Day in response to ongoing Christian persecution in the country, President Donald… The post US carries out ‘deadly’ strike against Nigerian ISIS camps over Christian persecution appeared first on CatholicVote org. 2 months ago",https://ground.news/interest/catholicvote-org
TF1 INFO,Center,Today in 24h Presented by Yves Calvi: International - Trump Hits Islamic State in Nigeria,REPLAY 24H : In the summary of Friday 26 December 2025 : International - Trump strikes the Islamic State in Nigeria. Russia - Putin 的offresto the Zaporijia power station in Trump. War - NATO intercepts nuclear bombers. - Today in 24H presented by Yves Calvi : International - Trump strikes the Islamic State in Nigeria (International). 2 months ago,https://ground.news/interest/tf1-info
Liberation,Lean Left,"In Nigeria, What Was the Target of Donald Trump's Christmas Bombing?","The missiles fired on Thursday from an American warship reached the state of Sokoto, a territory marked by insecurity, but far from the fief of the jihadists of Boko Haram and where Christians do not appear to be particularly threatened. 2 months ago · Paris, France",https://ground.news/interest/liberation
Salon,Left,"Trump orders Christmas Day airstrikes against Islamic State in Nigeria with ""more to come""","The exact militant group targeted and the effectiveness of the strikes are unknown 2 months ago · San Francisco, United States",https://ground.news/interest/salon
Alternet,Center,Military expert schools Fox News reporter who cheered missiles sent into Nigeria,"President Donald Trump sent bombs into Nigeria Thursday, but one military expert was forced to school a Fox News host who cheered the expensive weaponry. Fox News correspondent Lucas Tomlinson cheered, ""U.S. Navy destroyer launching Tomahawk cruise missile into Nigeria targeting Islamic State on Christmas.""Thomas Karako, the director of the Missile Defense Project and a senior fellow with the Defense and Security Department at the Center for Str… 2 months ago · Washington, United States",https://ground.news/interest/alternet
The Globe & Mail,Center,Nigeria disputes Trump claim that U.S. missile strike aimed to protect Christians,Foreign ministry says strikes were a joint operation aimed at protecting ‘all citizens’ 2 months ago · Canada,https://ground.news/interest/the-globe-and-mail
CGTN,Lean Left,Expert: Military action alone cannot defeat terrorism in Nigeria,"A security expert has raised doubts about the effectiveness of recent joint U.S.-Nigeria strikes on militants in Sokoto state, despite officials describing the operation as a success. Dr. Oluwole Ojewale noted that although the action reflects strong bilateral security cooperation, military force alone is insufficient. 2 months ago · Beijing, China",https://ground.news/interest/cgtncom
The Morning News,Center,US Targets Islamic State With Airstrikes In Nigeria,"Just after Christmas, the skies over north-western Nigeria lit up — but not with celebration. The United States confirmed it carried out airstrikes on camps linked to the Islamic State group. This signalled a sharp escalation in a region militants are trying to turn into their next base.The targets were in Sokoto state, near Nigeria’s border with Niger. According to the US military, the strikes hit IS-linked camps and likely killed “multiple” fi… 2 months ago",https://ground.news/interest/the-morning-news
UnHerd,Center,US strikes in Nigeria will not turn tide against Isis,"The US airstrikes against Islamic State fighters in Sokoto State in north-west Nigeria last night are unlikely, on their own, to alter the trajectory of the country’s Islamist insurgency. This is true even if they did kill “multiple Isis terrorists”, as US Africa Command claims. But the strikes could still matter in another sense: if they signal a shift in US policy, they may yet improve the security outlook in West Africa. When 13 Christians we… 2 months ago",https://ground.news/interest/unherd
Protothema,Right,Trump's Strike on Isis and the Narrative of Persecuted Christians - Nigeria Says It Approved the Attack,The US strike against Islamists in Nigeria was accompanied by strong religious rhetoric from Donald Trump 2 months ago,https://ground.news/interest/protothema
The New York Sun,Right,Nigeria’s Government Trumpets Its Role in American Airstrikes on ISIS Insurgents,"A Nigerian source is quoted as saying the military had learned of a ‘massive convergence’ of armed terrorists planning coordinated attacks. 2 months ago · New York, United States",https://ground.news/interest/the-new-york-sun
The Savage Nation,Far Right,"MichaelSavage.com – Trump Launches ‘Powerful, Deadly Strike Against ISIS Terrorist Scum’ in Nigeria","The silent nights are over, according to President Donald Trump, who announced ""a powerful and deadly strike against ISIS Terrorist Scum in Northwest Nigeria"" on Christmas night. ""Tonight, at my direction as Commander in Chief, the United States launched a powerful and deadly strike against ISIS Terrorist Scum in Northwest Nigeria, who have been targeting… 2 months ago",https://ground.news/interest/the-savage-nation
Metro News,Lean Left,Why has Trump ordered ‘powerful strikes’ in Nigeria?,"Missiles are shown erupting from a US warship in a video accompanying words by Donald Trump hailing a strike on ISIS in Nigeria (Picture: US Department of War) Donald Trump has hailed ‘powerful and deadly’ US strikes carried out on Christmas Day against an Islamic State branch in Nigeria.  The US president said ‘perfect’ hits had been carried out against ‘ISIS terrorist scum’ in the operation targeting camps run by the group in the country’s nor… 2 months ago · London, United Kingdom",https://ground.news/interest/metro-news
Sapo,Right,u.s. Attacks by the Islamic State in Nigeria,Nigeria's Foreign Minister Yusuf Tuggar confirmed that it was Abuja who provided intelligence information to the United States and revealed direct contacts with Washington 2 months ago · Portugal,https://ground.news/interest/sapo
Corriere Della Sera,Center,Why Is Nigeria a Clay-Footed Giant? What Really Prompted Trump to Intervene?,Behind the US raid in defense of African Christians there would be mainly reasons for internal politics: the great evangelical component of its electorate has been pushing for a long time in this direction. Beginning with Charlie Kirk 2 months ago · Italy,https://ground.news/interest/corriere-della-sera
iNews,Center,Why Trump has launched attacks on Isis in Nigeria,"Following repeated accusations that Nigeria’s government has failed to stop violence against Christians in the country, Donald Trump announced a series of airstrikes on targets in the west African nation on Christmas Day. The strikes, which targeted Islamic State (IS) militants in Nigeria’s northwestern Sokoto state, mark one of Trump’s most recent uses of military force abroad. The move comes weeks after the US President threatened action amid … 2 months ago · London, United Kingdom",https://ground.news/interest/inews
NEWSREP,Right,"Morning Brief: US Launches Christmas-Day Strikes on Islamic State Targets in Nigeria, Yemen Separatists Accuse Saudi Arabia of Airstrikes","US hits IS in Nigeria, Yemen tensions rise, and Japan boosts defense spending. Here’s your Friday morning brief for December 26th, 2025. #MorningBrief #Nigeria #MiddleEast #UkraineRussiaWar 2 months ago",https://ground.news/interest/newsrep
NewsBusters,Right,Networks Continue To Downplay Killing Of Christians As Trump Bombs ISIS In Nigeria,"This past November President Trump instructed the Pentagon to, ""prepare for possible action in Nigeria"", saying the U.S. could go in ""guns-a-blazing"" and halt aid if the government there ""continues to allow the killing of Christians."" He also refused to rule out the possibility of U.S. troops boots on the ground, and declared Nigeria, ""a country of particular concern"" for violating religious freedoms, all of which sent the left  into a frenzy, w… 2 months ago · Washington, United States",https://ground.news/interest/newsbusters
Straight Arrow News,Center,US strikes ISIS in Nigeria on Christmas Day; California battles flooding,"The U.S. launched Christmas Day airstrikes on ISIS targets in Nigeria. President Donald Trump said more could follow. Plus, flooding threats linger across Southern California, even as a holiday storm begins to ease. And a massive oil tanker defies the Coast Guard, forcing a rare and risky U.S. pursuit in the Caribbean Sea. These stories and more highlight your Unbiased Updates for Friday, December 26, 2025. US strikes ISIS in Nigeria, Trump orde… 2 months ago",https://ground.news/interest/straight-arrow-news
The Killeen Daily Herald,Center,Nigeria signals more strikes likely in 'joint' US operations,"Nigeria on Friday signalled more strikes against jihadist groups were expected after a Christmas Day bombardment by US forces against militants in the north of the country, which it said was a joint operation with its military. 2 months ago",https://ground.news/interest/the-killeen-daily-herald
naked capitalism,Lean Left,US Launches Christmas Strikes on Nigeria—the 9th Country Bombed by Trump,"With Nigeria, Trump—who calls himself “the most anti-war president in history”—has now bombed more countries than any president in history. 2 months ago",https://ground.news/interest/naked-capitalism
romaniatv.net,Right,His Video Opens a New Front in Africa. the u.s. Army Launched an Attack on More Isis Positions in Nigeria,"The United States launched an air attack against the military of the Islamic State (ISIS) in northern Nigeria, an operation that marks a new scale of American involvement in the fight against the Jihadist groups in West Africa. The action was confirmed by both US President Donald Trump and US military in a context marked by recent violence and deep religious tensions. The US Video article opens a new front in Africa. The US Army launched an atta… 2 months ago",https://ground.news/interest/romaniatvnet
La Presse,Lean Left,"u.s. Strikes in Nigeria, Lagos Provided Information to Washington Upstream","Nigeria stated on Friday that it had provided the United States with information on Islamic State activists in the north-western part of the country before the Christmas-day strikes that President Donald Trump described as ""powerful and murderous"". 2 months ago · Montreal, Canada",https://ground.news/interest/la-presse_39d7a8
Al Arabiya,Right,Nigeria gave US intelligence for strikes on militants: FM,2 months ago · Saudi Arabia,https://ground.news/interest/al-arabiya
5Pillars,Center,Trump confirms U.S. strikes on ISIS in Nigeria,"FacebookLikeShareTweetEmail U.S. President Trump has confirmed the U.S. carried out strikes against ISIS fighters in north-western Nigeria and warned that there is “more to come” amid false allegations of a “Christian genocide.” Camps run by the group in Nigeria’s Sokoto state, which lies on the border with Niger, were hit, the U.S. military said, adding […] 2 months ago",https://ground.news/interest/5pillars
Pittsburgh Post-Gazette,Center,What to know about the militants targeted by U.S. airstrikes in Nigeria,"The United States airstrikes targeting militants affiliated with the Islamic State in northwestern Nigeria are a major escalation of an offensive that Nigeria’s overstretched military has struggled with for years. 2 months ago · Pittsburgh, United States",https://ground.news/interest/pittsburgh-post-gazette
WABC,Right,The U.S. Gives Terrorists an Unwelcome Xmas Present,"President Donald Trump announced that the United States carried out airstrikes against Islamic State militants in northwest Nigeria on Christmas Day, saying the operation targeted extremists he accused of attacking civilians, particularly Christians. The strikes come shortly after separate U.S. military action against ISIS positions in Syria, launched in response to an attack earlier this month that killed American service members and an interpr… 2 months ago",https://ground.news/interest/wabc
Modern Diplomacy,Right,US Carries Out Strike Against ISIS Militants in Nigeria,"The United States conducted a strike against Islamic State militants in northwest Nigeria at the request of the Nigerian government. President Donald Trump announced this action, highlighting that the group had been targeting and killing mostly Christians in the area. The U. S. military’s Africa Command confirmed that the strike in Sokoto state killed several […] The post US Carries Out Strike Against ISIS Militants in Nigeria appeared first on … 2 months ago",https://ground.news/interest/modern-diplomacy
Omaha World-Herald,Center,Trump says US struck IS targets in Nigeria,"WEST PALM BEACH, Fla. — President Donald Trump said Thursday night that he ordered a ""powerful and deadly"" U.S. strike against Islamic State forces in Nigeria, after spending weeks accusing the West African country's government of failing to rein in… 2 months ago · Omaha, United States",https://ground.news/interest/omaha-world-herald
stern.de,Center,Usa Attack Is Jihadists in Nigeria at Christmas,"The U.S. forces attacked targets of the Islamic State (IS) jihadist militia in Nigeria at Christmas, killing several suspected ISIS fighters. US President Donald Trump spoke on Thursday on his online platform Truth Social of ""numerous perfect attacks"" on IS targets in northwestern Nigeria. To justify the attacks, the U.S. President led the killing of ""innocent Christians"" in the African country. The Nigerian government reportedly supported the U… 2 months ago · Germany",https://ground.news/interest/sternde
World,Right,"U.S. strikes Islamic State group in Nigeria, president says","WORLD is a news organization producing Biblically sound, daily coverage of global, national, and cultural current events. 2 months ago · Asheville, United States",https://ground.news/interest/wngorg
El Vocero de Puerto Rico,Right,Trump Confirms “Deadly” Attack Against Islamic State in Nigeria,"President Donald Trump claimed on Thursday that the United States launched a “powerful and deadly attack” against Islamic State forces in Nigeria, after spending weeks accusing the African government of failing to curb the persecution of Christians. 2 months ago",https://ground.news/interest/el-vocero-de-puerto-rico
Dnevni list Danas,Lean Left,'Vicious Killing of Christians': Trump Announces Us Has Carried Out 'Powerful and Deadly Strikes' Against Islamic State in Nigeria,"US President Donald Trump said the United States had carried out ""powerful and deadly strikes"" against Islamic State targets in Nigeria, following weeks of accusations against the West African country's government that it was failing to curb the persecution of Christians. 2 months ago · Belgrade, Serbia",https://ground.news/interest/dnevni-list-danas
Sueddeutsche Zeitung,Lean Left,Usa Attacks Targets in Nigeria – Fight Against Is Terrorists,"The U.S. forces have attacked targets in northwestern Nigeria, and the U.S. President said they were Islamic terrorists. 2 months ago · Munich, Germany",https://ground.news/interest/sueddeutsche-zeitung
Die Presse,Right,Usa Attack Is Fighters in Nigeria – Several Dead,"The military strike in the sub-state of Sokoto had been carried out at the request of the Nigerian authorities. Nigerian Foreign Ministry stressed that the fight against terrorists had been at the centre, that it was not about certain religions. 2 months ago · Vienna, Austria",https://ground.news/interest/die-presse
Mason City Globe Gazette,Center,US hits IS targets in Nigeria,"WEST PALM BEACH, Fla. — President Donald Trump said Thursday night that he ordered a ""powerful and deadly"" U.S. strike against Islamic State forces in Nigeria, after spending weeks accusing the West African country's government of failing to rein in… 2 months ago",https://ground.news/interest/mason-city-globe-gazette
Merco Press,Lean Left,US launches second strike against ISIS in less than a week,"US President Donald Trump said Thursday that his country had conducted 'deadly' precision airstrikes against ISIS (Islamic State) targets in northwestern Nigeria, which was later corroborated by local authorities. The operation marked a significant escalation in Washington's involvement in Africa to stop what the Republican leader acknowledged was a 'massacre of Christians.' The second major US offensive against the terror group this month follow 2 months ago · Caracas, Venezuela (Bolivarian Republic of)",https://ground.news/interest/merco-press
valeursactuelles.com,Right,The United States Is Carrying Out Strikes Against Jihadists in Nigeria,"Donald Trump announced on Thursday, December 25, that the United States armed forces had carried out “numerous” deadly strikes against Islamic State positions in northwestern Nigeria. In a message published on his Truth Social network, the American president assured that these operations were aimed at sanctioning the violence committed by the jihadist group against Christian populations, reports BFMTV. “I warned these terrorists that if they did… 2 months ago",https://ground.news/interest/valeursactuellescom
The Journal,Lean Left,The 9 at 9: Stephen's Day,"Cancelling online subscriptions, Trump launches strikes in Nigeria and what to do with unwanted gifts… 2 months ago · Ireland",https://ground.news/interest/the-journal_0d766b
Hot Air,Right,Trump Orders Strikes on Nigerian 'Terrorist Scum' – Nigeria Cheers,"Trump orders military strikes on ISIS in Nigeria, receiving support from the Nigerian government. 2 months ago · Arlington, United States",https://ground.news/interest/hot-air
Al Bawaba,Right,"""Deadly"" Us Strikes Against Isis in Nigeria","US forces carried out ""several powerful and lethal strikes"" against ISIS in northwestern Nigeria, while US President Donald Trump vowed on Thursday to launch more strikes ""if the militants continue to kill Christians""... 2 months ago · Amman, Jordan",https://ground.news/interest/albawaba
Telegrafi,Lean Left,Why Did Trump Order Attacks in Nigeria?,"After weeks of accusing the Nigerian government of failing to stop the persecution of Christians, Donald Trump announced on Christmas Day that the United States had carried out a series of attacks on the West African country. The attacks, directed against so-called Islamic State (ISIS) militants in northern Nigeria, constitute the latest American military intervention abroad under the leadership of the American president, who during the 2024 pre… 2 months ago",https://ground.news/interest/telegrafi
Daily Post Nigeria,Center,Trump's airstrikes: Terrorists now getting 'wotowoto' in Northern Nigeria,"A Chieftain of the All Progressives Congress, APC, Joe Igbokwe, has lauded President Donald Trump’s move to bomb terrorists in Sokoto State. DAILY POST reports that the US military, acting on Trump’s directive, bombed some terrorists in Sokoto State on Christmas night. The operation has been generating mixed reactions as some netizens expressed relief while others are claiming that the sovereignty of the nation was violated. Reacting, Igbokwe in… 2 months ago · Nigeria",https://ground.news/interest/daily-post-nigeria
Neue Zürcher Zeitung,Right,Trump Announces the Attack on Is Terrorists in Nigeria on Christmas Day,"On Christmas Day Donald Trump announces attacks against terrorists who are said to have murdered Christians. It is not the first time that the US is attacking Islamist terrorists in Africa. 2 months ago · Zürich, Switzerland",https://ground.news/interest/neue-zurcher-zeitung
cicero.de,Right,Us Deployment in Nigeria - Military Strike Against Persecutors of Christians,"On Christmas Day, US President Donald Trump announces attacks on Islamist terrorists in the West African country who are said to have persecuted and murdered Christians. Nigeria's government now says that the attack has been decided and carried out jointly. 2 months ago",https://ground.news/interest/cicerode
PressTV,Right,"US launches airstrikes on Nigeria, citing unsubstantiated claims of anti-Christian violence","US President Donald Trump said the US conducted airstrikes against terrorists in Nigeria in response to alleged anti-Christian violence. 2 months ago · Tehran, Iran (Islamic Republic of)",https://ground.news/interest/presstv
Kronen Zeitung,Right,Usa Attacked Isis Fighters in Nigeria: Several Dead,"According to President Donald Trump, the U.S. airstrikes on the positions of the terrorist militia Islamic State (IS) flown in northwestern Nigeria on Thursday. According to a U.S. government representative, there were deaths. ""Today the U.S. carried out a powerful and deadly blow on my orders as commander-in-chief (...),"" Trump announced. The I.S. fighters had ""targeted and brutally killed innocent Christians above all."" ""To an extent that has … 2 months ago · Vienna, Austria",https://ground.news/interest/kroneat
Il Sole 24 Ore,Right,"u.s. Missiles versus Isis Stations in Nigeria. Trump: ""Perfect Attacks""","Tonight, on my recommendation as Commander-in-Chief, the United States has launched a powerful and lethal attack on the terrorist scum of the ISIS in the north-west of the... 2 months ago · Milan, Italy",https://ground.news/interest/il-sole-24-ore
Firstpost News,Center,Why did Trump order strikes on Islamic State targets in Nigeria?,"US President Donald Trump announced on Thursday (December 25) that the American military conducted deadly airstrikes against the Islamic State targets in northwestern Nigeria. According to the US military's Africa Command, it carried out attacks in Sokoto state, which borders Niger to the north, that killed several terrorists 2 months ago · Mumbai, India",https://ground.news/interest/firstpost-news
Daily Mirror,Lean Left,America's chilling three-word warning after deadly ISIS strikes on 'terrorist scum' - The Mirror,"United States launches major bombing attack against Islamic State terror group in Niegria following 2 months ago · London, United Kingdom",https://ground.news/interest/daily-mirror
Daily Sabah,Right,Trump orders US airstrikes on Daesh-linked group in Nigeria,"The United States carried out airstrikes against Daesh-linked terrorists in northwestern Nigeria, President Donald Trump said Thursday, marking a sharp... 2 months ago · Türkiye",https://ground.news/interest/daily-sabah
BARE NAKED ISLAM,Far Right,TRUMP makes good on threat that there would be “Hell to pay if Islamic State (ISIS) terrorist scum in Nigeria didn’t stop slaughtering Christians”,"President Donald Trump has announced that the US military carried out targeted airstrikes against ISIS in Nigeria on Christmas Day. ﻿ In a series of posts on Truth Social, Trump claimed responsibility for ordering strikes in northwest Nigeria on December 25, 2025. The President warned that “radical Islamic terrorism” would be met with overwhelming force […] 2 months ago",https://ground.news/interest/bare-naked-islam
Il Post,Lean Left,The United States Bombed Isis in Nigeria,Trump accused the group of attacking Christian communities and the attack was coordinated with the Nigerian government 2 months ago · Italy,https://ground.news/interest/il-post
Novinky.cz,Lean Left,Americans Launch Strikes in Northwest Nigeria,"The United States carried out multiple strikes against Islamic State (IS) terrorists in northwestern Nigeria on Friday night, at the request of the Nigerian government and in retaliation for the killings of Christians in the region. 2 months ago",https://ground.news/interest/novinkycz
WA today,Center,US strikes ISIS terrorists in Nigeria,"The US has launched missiles at ISIS terrorists in Nigeria 2 months ago · Northbridge, Australia",https://ground.news/interest/wa-today
Euronews,Center,"US launches strikes targeting IS militants in Nigeria, Trump says","The ""powerful and deadly"" strikes were carried out against so-called Islamic State group militants ""targeting and viciously killing, primarily, innocent Christians,"" the US president wrote on social media on Thursday night. 2 months ago · France",https://ground.news/interest/euronews
JeuneAfrique.com,Lean Left,Nigeria: United States Announces Killing Strikes Against Islamic State in Sokoto State · Global Voices,"U.S. President Donald Trump announced on Thursday that the U.S. Army had carried out ""many"" deadly strikes against the Islamic State in northwestern Nigeria. He promised further attacks if the organization continues what he called a ""Christian massacre"". 2 months ago",https://ground.news/interest/jeuneafriquecom
ABP News,Right,Inside Trump’s Decision To Strike ISIS ‘Terrorist Scum’ In Nigeria After Attacks On Christians,"Trump says he ordered strikes on ISIS “terrorist scum” in northwest Nigeria after militants targeted and killed innocent Christians, calling the action necessary to stop further violence. 2 months ago · India",https://ground.news/interest/abp-news
Expressen,Right,Trump Has Bombed a New Country - Is Terrorists Were the Target,"The United States has carried out ""multiple"" attacks against what it claims are IS terrorists in Nigeria, President Donald Trump writes on Truth Social. 2 months ago · Stockholm, Sweden",https://ground.news/interest/expressen
ilmessaggero.it,Center,"Nigeria, United States Attack on Isis Terrorists. Trump: ""Innocent Christian Killers""","An attack by the United States in Nigeria, against the terrorists of ISIS. President Donald Trump announced it, which confirmed that in the night ... 2 months ago",https://ground.news/interest/ilmessaggeroit
Culpeper Star-Exponent,Center,US LAUNCHES STRIKES ON NIGERIAN MILITANTS,ISLAMIC STATE 2 months ago,https://ground.news/interest/culpeper-star-exponent
lindependant.fr,Center,"""A Powerful and Murderous Strike Against the Terrorist Vermin of dahesh""... the United States Hit Isis in Nigeria","The United States carried out an air strike against fighters of the Islamic State (IS) group in north-western Nigeria at the request of the Nigerian government, said on Thursday US President Donald... 2 months ago",https://ground.news/interest/lindependantfr
ladepeche.fr,Lean Left,"Donald Trump: Why the Us President Ordered ""Many"" Strikes on Nigeria","The White House tenant reported that the United States carried out ""many strikes"" on Christmas Day in Nigeria in order to target the Islamic State accused of the ""massacre of Christians."" 2 months ago",https://ground.news/interest/ladepechefr
20minutos,Center,"Trump Launches Missile Attack on Islamic State in Nigeria to Eradicate ""Terrorist Scum"" · Global Voices","U.S. President Donald Trump launched on Thursday, Christmas Day, an attack with a dozen Tomahawk missiles ""against Islamic State terrorist scum in northwest Nigeria in retaliation for the murders of ""innocent Christians."" ""This evening, under my leadership as commander-in-chief, the U.S. launched a powerful and lethal attack on Islamic State terrorist scum in northwest Nigeria, which has been brutally attacking and murdering (...) innocent Chris… 2 months ago · Madrid, Spain",https://ground.news/interest/20minutos
National Catholic Register,Right,"In Effort to Stem Violence Against Christians, U.S. Conducts Airstrikes On ISIS in Nigeria",U.S. Secretary of War Pete Hegseth said he was 'grateful for Nigerian government support and cooperation' in the counter-terrorism effort. 2 months ago,https://ground.news/interest/ncregistercom
intellinews.com,Center,"Trump says “MERRY CHRISTMAS to all, including the dead Terrorists” (sic) after strikes in Nigeria","""Tonight, at my direction as Commander in Chief, the United States launched a powerful and deadly strike against ISIS Terrorist Scum in Northwest Nigeria"" 2 months ago · Berlin, Germany",https://ground.news/interest/intellinewscom
telex.hu,Lean Left,Trump Announces Us Military Strikes on Islamic State Militants in Nigeria,"""Merry Christmas to everyone, including the dead terrorists,"" the American president wrote on his social media page. 2 months ago",https://ground.news/interest/telexhu
Politico,Lean Left,"US forces launch Christmas strike on ISIS in Nigeria, Trump says","American forces launched airstrikes against ISIS in Nigeria on Thursday, President Donald Trump announced in a post on Truth Social, the administration’s latest show of lethal force in the international arena since Trump returned to the White House early this year. A Pentagon official told POLITICO the agency worked with the Nigerian government to carry out the strikes. On his social media platform, the president said the strike was a consequenc… 2 months ago",https://ground.news/interest/politico
RTV Slovenija,Lean Left,Us Carries Out Strikes on Islamic State Targets in Nigeria,"The United States has carried out strikes against Islamic State militants in northwestern Nigeria, US President Donald Trump announced. The Pentagon added that the strikes were carried out in cooperation with Nigerian authorities. 2 months ago",https://ground.news/interest/rtv-slovenija
The Media Line,Right,US Launches Missile Strikes on Islamic State Targets in Nigeria,The United States carried out coordinated missile strikes […] The post US Launches Missile Strikes on Islamic State Targets in Nigeria   appeared first on The Media Line. 2 months ago,https://ground.news/interest/the-media-line
Asharq AL-awsat,Right,US Says It Struck ISIS Militants in Northwest Nigeria,"The United States carried out a strike against ISIS militants in northwest Nigeria at the request of Nigeria's government, President Donald Trump and the US military said on Thursday, claiming the group had been targeting Christians in the region. 2 months ago · Riyadh, Saudi Arabia",https://ground.news/interest/asharq-al-awsat
merkur.de,Center,"Us Airstrike Against Terrorists in Nigeria: Trump Speaks of ""Hell on Earth""","On Christmas day, the US President announces attacks on Islamist terrorists who are said to have persecuted Christians. The Pentagon publishes a video. 2 months ago",https://ground.news/interest/merkurde
IBTimes,Center,US Strikes ISIS Targets In Nigeria As Attacks Continue Across Regions,"US Africa Command (AFRICOM) said the strikes were conducted on Dec. 25 in Sokoto state, close to Nigeria's border with Niger, targeting what it described as Islamic State camps. 2 months ago · United States",https://ground.news/interest/ibtimes
444.hu,Lean Left,Us Airstrikes Target Islamic State Group in Nigeria,In collaboration with Nigeria. 2 months ago · Hungary,https://ground.news/interest/444hu
Dagens Nyheter.,Right,Trump: Us Has Carried Out Deadly Attacks in Nigeria,"The United States has carried out several attacks against ""IS terrorists"" in northwestern Nigeria, President Donald Trump writes on his own Truth Social platform. 2 months ago · Stockholm, Sweden",https://ground.news/interest/dagens-nyheter
Le Huffington Post,Left,Donald Trump Announces Deadly Strikes Against Isis in Nigeria,"Donald Trump announced ""lethal"" American strikes against the Islamic State in Nigeria and threatened to carry out further attacks. 2 months ago · Paris, France",https://ground.news/interest/le-huffington-post
Libertad Digital,Right,"Trump Attacks ""Terrorist Scum"" Killing ""Innocent Christians"" in Nigeria · Global Voices","The attack took place last night in western Nigeria. Trump had threatened to ""untie hell."" 2 months ago",https://ground.news/interest/libertad-digital
politika.rs,Right,Trump: Us Launches Strikes on Islamic State Targets in Nigeria,"Donald Trump says US has launched ""powerful and deadly"" strikes against Islamic State in Nigeria 2 months ago · Belgrade, Serbia",https://ground.news/interest/politikars
La Vanguardia,Center,Trump Announces “Powerful and Deadly” u.s. Attack on Islamic State in Nigeria · Global Voices,"U.S. President Donald Trump announced Thursday that his country launched a “powerful and deadly” attack on camps of the Islamic States (IS) terrorist group in Nigeria that have been attacking “innocent Christians.” “Tonight, under my leadership as Commander-in-Chief, the U.S. launched a powerful and deadly attack on ISIS terrorist scum in northwest Nigeria,” Trump posted on his Truth Social network.Keep reading... 2 months ago · Granada, Spain",https://ground.news/interest/la-vanguardia
der Standard AT,Lean Left,"According to Trump, the Us Attacked Isis Fighters in Nigeria, Several Dead","Allegedly, the attack was at the request of the Nigerian government. In November, Washington had threatened with military intervention to protect Christians. 2 months ago · Vienna, Austria",https://ground.news/interest/der-standard_389fff
Eldiario.es,Lean Left,Trump Announces u.s. Attack on Isis in Nigeria for Christian Murders · Global Voices,"The U.S. military points to alleged terrorist organization camps after attacks on the country’s Christian communityTrump raises its threat to the European Union’s digital and green agendas U.S. President Donald Trump announced Thursday that his country launched a “powerful and deadly” attack on camps of the Islamic States (IS) terrorist group in Nigeria that have been attacking “innocent Christians.” “This evening, under my leadership as Command… 2 months ago · Spain",https://ground.news/interest/eldiarioes
IOL,Center,Trump orders ‘Deadly’ US strikes on ISIS in Nigeria,"US forces carried out air strikes against Islamic State militants in northwestern Nigeria, killing several fighters in an operation requested by Nigerian authorities, US and Nigerian officials confirmed. 2 months ago · South Africa",https://ground.news/interest/iol
Origo,Right,Trump Didn't Mince Words: He Dealt a Deadly Blow to Isis,"President Donald Trump announced that the US military had carried out a deadly airstrike on Islamic State cells in Nigeria. 2 months ago · Budapest, Hungary",https://ground.news/interest/origohu
La Libre,Center,"""I Had Previously Warned These Terrorists"": the United States Announces that It Has Carried Out Deadly Strikes Against Isis in Nigeria","US President Donald Trump announced on Thursday that the United States had conducted ""many"" deadly strikes against ISIS in northwestern Nigeria, and promised further attacks if the organization continues what it called ""Christian massacre"". ... 2 months ago · Brussels, Belgium",https://ground.news/interest/la-libre
9News,Right,Australia backs US strikes on ISIS terrorists in Nigeria,"U﻿S President Donald Trump has said he'd ordered a deadly strike on Islamic State terrorists in Nigeria, wh... 2 months ago · Australia",https://ground.news/interest/9news
Lietuvos Radijas ir Televizija,Center,Trump: Us Carried Out Attack Against Islamic State in Nigeria,"In response to the ""massacre of Christians,"" US President Donald Trump announced an attack against the Islamic State (IS) terrorist group in Nigeria. 2 months ago · Vilnius, Lithuania",https://ground.news/interest/lietuvos-radijas-ir-televizija
il Giornale,Right,"Trump Launches a Powerful Attack on Isis in Nigeria. ""He Killed Innocent Christians""","US President Truth announces operation. ""Under my leadership, our country will not allow radical Islamic terrorism to prosper"" 2 months ago · Italy",https://ground.news/interest/ilgiornaleit
delo.si,Lean Left,American Attack on Nigerian Islamists,President Donald Trump ordered an attack on “terrorist scum” from Nigeria on Christmas Day. 2 months ago,https://ground.news/interest/delosi
WXOW,Center,Trump Claims the Violence in Nigeria Is Targeting Christians. Here Are the Facts.,"After months of warning that the United States might take military action to stop violence against Christians in Nigeria, President Donald Trump announced on Christmas Day that he had done just that: launched an attack against the… 2 months ago",https://ground.news/interest/wxow
voz.us,Right,u.s. Bombs Isis in Nigeria in Response to Christian Massacre · Global Voices,"With information from AFP — President Donald Trump said Thursday that U.S. forces carried out ""powerful and deadly"" attacks against members of the jihadist Islamic State (ISIS) group in northwestern Nigeria, after warning about the murder of Christians in that country.Read more]]> 2 months ago",https://ground.news/interest/vozus
Gulf News,Right,Trump says US launched 'numerous' deadly strikes on Daesh in Nigeria,"Multiple Daesh militants reportedly killed in stike carried out in Nigeria's Sokoto state 2 months ago · Dubai, United Arab Emirates (the)",https://ground.news/interest/gulf-news
Le Figaro,Right,Nigeria: United States Announces Killings Against Islamic State · Global Voices,"""JOYES NOEL to all, including the dead terrorists, who will be even more numerous if their massacre of Christians continues,"" said President Donald Trump. 2 months ago · Paris, France",https://ground.news/interest/le-figaro
Digi 24,Center,"u.s. Army Hit Isis Tanks in Nigeria, Announced Donald Trump","U.S. President Donald Trump said he ordered an ""letal"" attack against the terrorists of the Islamic State (ISIS) in Nigeria, which he accused of persecuting Christians in this country. 2 months ago · Romania",https://ground.news/interest/digi-24
Spiegel,Lean Left,Usa Attack Is Positions in Nigeria,"Donald Trump speaks of ""perfect attacks"": The US President reports deadly air strikes against IS terrorists in northwestern Nigeria. The African government confirms the attacks. 2 months ago · Germany",https://ground.news/interest/spiegel
Scroll India,Lean Left,United States says it struck Islamic State terror camp in Nigeria,"The action had been coordinated with the authorities in the West African country, the US military said. 2 months ago · India",https://ground.news/interest/scroll-india
franceinfo.fr,Lean Left,"Donald Trump Announces that the United States Has Carried Out ""Many"" Deadly Strikes Against Isis in Nigeria","""I had previously warned these terrorists that if they did not stop the massacre of Christians, they would pay dearly, and tonight they paid,"" said the US President on Thursday on his Truth Social platform. 2 months ago",https://ground.news/interest/franceinfofr
Anadolu Ajansı,Right,Trump announces US airstrikes on ISIS targets in northwest Nigeria,"‘I have previously warned these Terrorists that if they did not stop the slaughtering of Christians, there would be hell to pay, and tonight, there was,’ says US president - Anadolu Ajansı 2 months ago · Ankara, Türkiye",https://ground.news/interest/anadolu-ajans
El Debate,Right,u.s. Launches Attack on Islamic State Camps in Nigeria After Christian Killings · Global Voices,"The operation, ordered by Trump, was directed against jihadist camps in the north-west of the African country after months of attacks on the populace... 2 months ago",https://ground.news/interest/el-debate
Le Parisien,Right,"""They Paid"": Donald Trump Announces Strikes in Nigeria Against the Islamic State","U.S. President Donald Trump today announced that the U.S. has conducted ""many"" deadly strikes against the Islamic State in northwestern Nigeria, and promised further attacks if the organization continues to kill Christians in the country.""I had previously warned these terrorists that if they did not stop the massacre of Christians, they would pay dearly, and tonight they paid,"" Donald Trump said on his Truth Social platform, adding that the ""war… 2 months ago · Paris, France",https://ground.news/interest/le-parisien
Eesti Rahvusringhääling,Center,Trump: Us Carried Out Powerful Attacks Against Islamic State in Nigeria,US President Donald Trump announced that the country's armed forces have carried out airstrikes against Islamic State (ISIS) targets in northwestern Nigeria. He said the United States is prepared to continue military operations if the Islamist extremists' attacks on Christians do not stop. 2 months ago · Estonia,https://ground.news/interest/eesti-rahvusringhaaling
El Financiero,Right,Trump Won't Forgive Even at Christmas: Order to Bomb Camps of the Isis Terrorist Group in Nigeria,"U.S. President Donald Trump announced Thursday that his country launched a “powerful and deadly” attack on camps of the Islamic State terrorist group in Nigeria that have been attacking “innocent Christians.” “Tonight, under my leadership as Commander-in-Chief, the U.S. launched a powerful and deadly attack on the terrorist scum of ISIS in northwest Nigeria,” Trump posted on his Truth Social network. Trump states in the communication: “Previousl… 2 months ago · Mexico",https://ground.news/interest/el-financiero
El Huffington Post,Left,u.s. Announces Attack on Islamic State Camps in Northwest Nigeria · Global Voices,"The Nigerian executive confirms the bombings as part of its 'cooperation' with the US to combat 'terrorism and violent extremism'. 2 months ago · Madrid, Spain",https://ground.news/interest/el-huffington-post
News,Right,‘Terrorist scum’: Trump launches ‘deadly’ Christmas Day strikes on ISIS targeting Christians in Nigeria,Donald Trump has ordered “numerous” strikes against ISIS targets who have been targeting innocent Christians. 2 months ago,https://ground.news/interest/news_356a3f
NZ Herald,Center,US launches Christmas Day strikes on Isis targets in Nigeria,"President Donald Trump said US forces conducted “powerful and deadly” strikes Thursday against Isis militants in northwestern Nigeria, weeks after he warned... 2 months ago · Auckland, New Zealand",https://ground.news/interest/nz-herald
apollo-news.net,Right,"""Hell on Earth"": Usa Bombard Is Terrorists in Nigeria","Trump has followed his threats: The US has hit a military strike in Nigeria because of the persecution of Christians by Islamists ... The post ""Hell on Earth"": US bombs IS terrorists in Nigeria appeared first on Apollo News. 2 months ago",https://ground.news/interest/apollo-newsnet
The Intercept,Left,War on Christmas: Trump Announces Wave of Airstrikes Targeting ISIS Militants in Nigeria,"Trump cast the Nigeria airstrikes as an assault on those “who have been targeting and viciously killing, primarily, innocent Christians.” 2 months ago · New York, United States",https://ground.news/interest/the-intercept
The Wire,Lean Left,US Strikes ‘Terrorist Targets’ in Nigeria,"The US said the strike came at the request of the Nigerian authorities. Trump had previously threatened military action to protect Christians in Nigeria from what he described as a 2 months ago · New Delhi, India",https://ground.news/interest/the-wire_0ea855
Deutschlandfunk,Center,Military Operation - Us Attack According to President Trump Is Positions in Nigeria,"According to President Trump, the U.S. attacked positions of the IS terrorist militia in northwestern Nigeria. Trump declared that a fatal blow had been carried out against the terrorists. The group of ISIS fighters had mainly targeted innocent Christians and brutally killed them. 2 months ago · Germany",https://ground.news/interest/deutschlandfunk
El Universo,Right,"Trump Orders Attacks in Nigeria: “I Wish Everyone a Happy Navid, Including Dead Terrorists” · Global Voices",President Donald Trump ordered on Christmas “powerful and deadly” attacks on members of the Islamic State (IS) in northwestern Nigeria in response to the murder of Christians in that African country. 2 months ago,https://ground.news/interest/el-universo
la Nacion,Right,u.s. Launched “Powerful” Attack on Islamic State Positions in Nigeria · Global Voices,"The bombing was carried out at the request of the Nigerian government and, according to the US army, caused the death of several members of the group 2 months ago · Buenos Aires, Argentina",https://ground.news/interest/la-nacion_7042bc
The Frederick News-Post,Center,U.S. strikes Nigeria after Trump warnings on Christian killings,"U.S. forces struck Islamic State targets in northwestern Nigeria on Thursday evening, following up on threats to the country over killings of Christians, President Donald Trump said in a Truth Social post. 2 months ago · Georgia, United States",https://ground.news/interest/the-frederick-news-post
Tagesschau,Center,Usa Attack Is Positions,"The U.S. airstrikes on positions of the terrorist group ""Islamic State"" have flown in Nigeria, which is what President Trump has told us. He justified this by the Islamists' actions against Christians in Nigeria. 2 months ago · Hamburg, Germany",https://ground.news/interest/tagesschau
China Daily,Lean Left,"US military strikes IS in northwest Nigeria, Trump says",2 months ago · China,https://ground.news/interest/china-daily
Independent Sentinel,Right,Nigerian Government & US Team Up to Bomb ISIS Monsters,"President Trump sent US forces to bomb ISIS in Nigeria. He teamed with Nigeria’s government. The Nigerian President has said he’d welcome the help as terrorists slaughter Nigerian Christians. The bombings took place in Northwest Nigeria. The targets are groups responsible for kidnappings, mass killings, and terrorizing civilians. President Tinubu supported the strikes. This is […] The post Nigerian Government & US Team Up to Bomb ISIS Monsters a… 2 months ago",https://ground.news/interest/wwwindependentsentinelcom
NOS,Right,Us Carries Out Airstrikes on Islamic State in Nigeria,Nigeria has long been struggling with violence from many quarters. 2 months ago · Netherlands (Kingdom of the),https://ground.news/interest/nos_4ae905
Welt,Right,"In Nigeria: Trump Wants Killed Terrorists ""Happy Christmas"" – Usa Report Attacks on Isis Fighters","On Christmas day, the US President announces attacks on Islamist terrorists who are said to have persecuted and murdered Christians. The Pentagon publishes a video about this. 2 months ago · Dortmund, Germany",https://ground.news/interest/welt
NDTV,Right,"""Merry Christmas To All"": Trump Launches Deadly Strikes On ISIS In Nigeria","Donald Trump said US forces conducted ""powerful and deadly"" strikes against Islamic State in Nigeria for killing Christians in the country. 2 months ago · New Delhi, India",https://ground.news/interest/ndtv
TVA Nouvelles,Lean Left,The United States Announces that It Has Carried Out Deadly Strikes Against the Islamic State in Nigeria,"Donald Trump announced that the United States had conducted ""many"" deadly strikes against the Islamic State in northwestern Nigeria 2 months ago · Montreal, Canada",https://ground.news/interest/tva-nouvelles
Breitbart,Right,"Trump Hits ISIS in Nigeria on Christmas, Citing Mass Christian Killings",Trump stated that he directed the U.S. to carry out a “powerful and deadly strike” in northwest Nigeria against ISIS terrorists. 2 months ago · United States,https://ground.news/interest/breitbart
BioBioChile,Right,"Donald Trump Reports that the u.s. ""Launched a Powerful and Deadly Attack"" on Isis in Nigeria",U.S. President Donald Trump announced Thursday that his country launched a “powerful and deadly” attack on camps... 2 months ago · Chile,https://ground.news/interest/biobiochile
Alabama Live,Center,"US launches strike against ISIS, which has targeted ‘innocent Christians’ in Nigeria, Trump says","Defense Secretary Pete Hegseth threatened there would be “more to come” if the group does not stop going after “innocent Christians in Nigeria (and elsewhere).” 2 months ago · Alabama, United States",https://ground.news/interest/alabama-live
Benzinga,Center,"Trump Says US Launched 'Powerful And Deadly' Strike In Nigeria Against ISIS, Says Terrorists Targeted Christians: 'There Would Be Hell To Pay'","President Donald Trump said the U.S. carried out airstrikes against ISIS militants in northwestern Nigeria over attacks on Christians, signaling further action while re-designating Nigeria as a religious freedom concern and moving to reshape U.S. diplomacy by recalling dozens of career ambassadors. 2 months ago · New York, United States",https://ground.news/interest/benzinga
Le Monde,Lean Left,"Donald Trump Announces ""Many"" Deadly Strikes Against the Islamic State Organization in Nigeria","For the first time under the Republican presidency, Washington intervenes militarily, ""at the request of the Nigerian authorities"", in this West African country, accused by the White House of tolerating the massacres of Christians. 2 months ago · Paris, France",https://ground.news/interest/le-monde
wz.de,Center,Trump: Deadly Us Attacks on Is Terrorists in Nigeria,"On Christmas day, the US President announces attacks on Islamist terrorists who are said to have persecuted and murdered Christians. The Pentagon publishes a video about this. 2 months ago",https://ground.news/interest/wzde
Frankfurter Allgemeine,Right,Trump: Us Attacks on Is Militia in Nigeria,"US President Trump threatened Nigeria with military strikes in November for an alleged genocide of Christians. Now, on Christmas day, he announces attacks on fighters of the terrorist militia ""Islamic State."" 2 months ago · Frankfurt, Germany",https://ground.news/interest/frankfurter-allgemeine
realnewsnow.com,Far Right,Trump Strikes ISIS Targets In Nigeria On Christmas Day - Real News Now,"President Donald Trump ordered U.S. military forces to carry out airstrikes on ISIS targets in Northwest Nigeria on Christmas Day, declaring that the terrorist group had been given ample warning to stop targeting Christians — and had failed to do so. The strikes were announced by Trump on Truth Social, where he described them as “powerful and deadly,” aimed at ISIS-affiliated extremists engaged in what he called the systematic slaughter of innoc… 2 months ago",https://ground.news/interest/realnewsnowcom
La Tercera,Right,Trump Claims the u.s. Launched a “Powerful Attack” on the Islamic State in Nigeria,"President Donald Trump stated this Thursday that Washington launched a “powerful and deadly attack” against militants of the Islamic State (IS) in northwest Nigeria, detailing that the group had been attacking Christians in the region, although it is still unclear the outcome of the offensive or what the exact target was.“Tonight, under my leadership as Commander-in-Chief, the United States launched a powerful and lethal attack against the terro… 2 months ago · Chile",https://ground.news/interest/la-tercera
Clarin,Right,"u.s. Launched ""Numbers"" Attacks on Islamic State in Nigeria · Global Voices","Donald Trump revealed it on his social networks and advanced that there could be more if the organization continues to kill Christians. The attack was carried out at the request of the Nigerian authorities. 2 months ago · Buenos Aires, Argentina",https://ground.news/interest/clarin_5fa6ca
Schweizer Radio und Fernsehen (SRF),Lean Left,On Trump's Orders - u.s. Airstrikes Against Terrorist Militia Islamic State in Nigeria,"Trump described the blow as a reaction to the persecution and killing of Christians in the region. 2 months ago · Zürich, Switzerland",https://ground.news/interest/schweizer-radio-und-fernsehen-srf
El Pais,Lean Left,u.s. Attacks Islamic State in Nigeria Following Trump Threats for Christian Murders · Global Voices,"Donald Trump, president of the United States, this Thursday shook the still waters of Christmas Day with the announcement that the United States had attacked targets of the Islamic State in northwest Nigeria with the justification that the Christian community is threatened in the most populous African country. 2 months ago · Spain",https://ground.news/interest/el-pais
NRC Handelsblad,Lean Left,"Us Carries Out Airstrikes on Isis in Nigeria, Several Dead","Nigeria: President Trump has said ISIS fighters in Nigeria regularly attack ""innocent Christians."" The US military reports that the airstrikes… 2 months ago · Netherlands (Kingdom of the)",https://ground.news/interest/nrc-handelsblad
La Opinion,Lean Left,"Trump Orders ""Lethal Attack"" Against Targets of the Islamic State in Nigeria","""The U.S. launched a powerful and lethal attack on ISIS terrorist scum in northwest Nigeria,"" the president said in a message 2 months ago",https://ground.news/interest/laopinioncom
North Korea Times,Center,"Daily World Briefing, Dec. 26","U.S. military strikes IS in northwest Nigeria, Trump says U.S. President Donald Trump said Thursday that the U.S. military launched a ""powerful and deadly"" strike against the Islamic State (IS) in northwestern Nigeria.""Tonight, at my direction as Commander in Chief, the United States launched a powerful and deadly strike against ISIS Terrorist Scum in Northwest Nigeria, who have been targeting and vicious 2 months ago · Sydney, Australia",https://ground.news/interest/northkoreatimescom
The Straits Times,Right,US launches strike against ISIS militants in north-west Nigeria,Trump claimed the group had been targeting Christians in the region. Read more at straitstimes.com. 2 months ago · Singapore,https://ground.news/interest/the-straits-times_9bb9e6
The Daily Caller,Right,Trump Strikes Anti-Christian Nigerian Terrorists On Christmas,"President Donald Trump announced the anti-Christian ISIS terrorists in Nigeria Thursday in coordination with the country. 2 months ago · Washington, United States",https://ground.news/interest/the-daily-caller
El Mundo,Right,Trump Claims that the u.s. Attacked Islamic State Targets in Nigeria After Attacks on Christians,"President Donald Trump has stated that he launched a ""powerful and deadly attack"" against the forces of the Islamic State in Nigeria, after spending weeks denouncing... 2 months ago · Madrid, Spain",https://ground.news/interest/el-mundo
Observador,Right,"United States Launched Attacks Against the Islamic State in Nigeria, Trump Ad","North American President has classified the attack against Daesh as ""strong and deadly"". U.S. armed forces say they have led an attack at Nigeria's request. 2 months ago · Portugal",https://ground.news/interest/observador
SBS News,Lean Left,US launches airstrike against alleged IS militants in Nigeria,"The US military said the strike in Nigeria's north-west had been requested by the Nigerian government and several suspected IS militants were killed. 2 months ago · Sydney, Australia",https://ground.news/interest/sbs-news
Peru21,Center,"Trump Claims the United States Launched ""Numerous"" Attacks Against the Islamic State in Nigeria","Trump claims the United States launched ""numerous"" attacks against the Islamic State in Nigeria | Donald Trump | Nigeria | Islamic State 2 months ago",https://ground.news/interest/peru21
heimildin.is,Left,Trump Has Waged War in Nigeria,"President Donald Trump said on Christmas Day that US forces had carried out deadly strikes against the “filth” of Islamic State in northwestern Nigeria and vowed more strikes if the militants continued to kill Christians. The top military commander said, without elaborating, that “the Department of War carried out numerous successful strikes” on Christmas Day against Islamic State targets. “I have previously warned... 2 months ago",https://ground.news/interest/heimildinis
Radio-Canada,Lean Left,Trump Announces Deadly Strikes in Nigeria,"On its Truth Social platform, he promised further attacks if the Islamic State organization continues to kill Christians in the country. 2 months ago · Montreal, Canada",https://ground.news/interest/radio-canada
The Free Press (Tampa),Right,‘Hell To Pay’: Trump Announces Christmas Night Strike On ISIS Forces In Nigeria,"President Donald Trump announced late Thursday that he ordered a major military operation against Islamic State militants in northwest Nigeria, framing the strike as direct retaliation for the group’s alleged persecution of Christians in the region. Writing on his social media platform on Christmas night, the President stated that the U.S. had unleashed a “powerful […] ‘Hell To Pay’: Trump Announces Christmas Night Strike On ISIS Forces In Niger… 2 months ago · Tampa, United States",https://ground.news/interest/the-free-press-tampa
The Independent,Lean Left,Trump says the US military struck ISIS targets in Nigeria,"The president declared on Truth Social: ‘MERRY CHRISTMAS to all, including the dead Terrorists, of which there will be many more if their slaughter of Christians continues.’ 2 months ago · London, United Kingdom",https://ground.news/interest/the-independent_ff73a6
Daily Trust,Lean Left,BREAKING: US Bombs Terrorists In Nigeria,"The United States has launched a major attack on suspected terrorists in the North-West part of Nigeria. President Donald Trump announced this in a Social Media post late Thursday. According to the American leader, many terrorists were killed in the attack which he credited the US Department of War for. Details later… 2 months ago",https://ground.news/interest/daily-trust_1e11f1
Bild,Right,"Trump Speaks of ""Hell on Earth"": Us Military Attacks Terrorists in Nigeria","US President Donald Trump ordered an attack on terrorists in Nigeria on December 25. 2 months ago · Berlin, Germany",https://ground.news/interest/bild
GB News,Right,Donald Trump bombs Isis as US targets 'terrorist scum for slaughtering innocent Christians',"President Donald Trump has confirmed the US military carried out a “powerful and deadly” strike against Isis militants in north west Nigeria.Announcing the military action on his Truth Social platform, Mr Trump wrote: ""Tonight, at my direction as Commander in Chief, the United States launched a powerful and deadly strike against Isis terrorist scum in north west Nigeria, who have been targeting and viciously killing, primarily, innocent Christia… 2 months ago · London, United Kingdom",https://ground.news/interest/gbnewscom
svt Nyheter,Lean Left,Trump: Attacked Is Terrorists in Nigeria,"The United States has carried out ""multiple"" attacks against what it claims are IS terrorists in Nigeria, President Donald Trump writes on Truth Social. 2 months ago · Stockholm, Sweden",https://ground.news/interest/svt-nyheter
Sky News UK,Center,US launches airstrikes on Islamic State,"The US president said the strikes, which were carried out in cooperation with the Nigerian government, were ""powerful and deadly"". 2 months ago · United Kingdom",https://ground.news/interest/sky-news
TVN,Center,Trump Says the u.s. Launched 'Numbers' Attacks on Is in Nigeria · Global Voices,"The Republican added that the ""War Department carried out numerous perfect attacks."" 2 months ago",https://ground.news/interest/tvn
SDPnoticias.com,Lean Left,Trump Claims u.s. Attacked Northwest Nigeria · Global Voices,"In a Christmas message, U.S. President Donald Trump stated that his country attacked northwest Nigeria with the aim of weakening the “terrorist scum of ISIS.” “Tonight, under my leadership as Commander-in-Chief, the U.S. launched a powerful and lethal attack on the terrorist scum of ISIS in northwest Nigeria, who have been attacking and murdering innocent Christians.”Donald TrumpAccording to Donald Trump, the attack took place on the night of De… 2 months ago",https://ground.news/interest/sdpnoticiascom
abc News,Lean Left,Trump says US launched strike on ISIS terrorists in Nigeria,"In a post on X, Defense Secretary Hegseth said there will be ""more to come."" 2 months ago · United States",https://ground.news/interest/abc-news_409efb
Express US,Right,Trump launches deadly Christmas Day strikes on ISIS 'scum' in Nigeria,President Trump announced a deadly strike against Nigerian Islamists accused of carrying out deadly attacks towards Christians in the country. 2 months ago,https://ground.news/interest/the-expresscom
ABC Australia,Lean Left,Trump launches strikes against Islamic State militants in Nigeria,"Donald Trump says he ordered a ""powerful and deadly strike against ISIS terrorist scum"" for targeting Christians at levels not seen for years. 2 months ago · Australia",https://ground.news/interest/abc-australia
n-tv.de,Right,"""Powerful and Deadly Blow"": Trump Reports Numerous Us Attacks on Is Terrorists in Nigeria","Just a week ago, U.S. forces are making a retaliation strike against ISIS in Syria. Trump's troops are now also flying deadly attacks on the terrorist militia in Nigeria. The government of the West African country is said to have asked for it. 2 months ago",https://ground.news/interest/n-tvde
Daily Express,Right,Trump says Merry Christmas to 'dead terrorists' as he launches strikes on ISIS,The US President says 'perfect strikes' were carried out by US forces in northwest Nigeria on Christmas Day 2 months ago · United Kingdom,https://ground.news/interest/daily-express
NBC News,Lean Left,U.S. says it struck ISIS in Nigeria after Trump warns of attacks on Christians,"President Donald Trump on Thursday said he ordered “numerous” strikes on Islamic State terrorists in Nigeria he accused of killing Christians.“The United States launched a powerful and deadly strike against ISIS Terrorist Scum in Northwest Nigeria, who have been targeting and viciously killing, primarily, innocent Christians, at levels not seen for many years, and even Centuries!” Trump said in a post on Truth Social 2 months ago · United States",https://ground.news/interest/nbc-news
New Hampshire Union Leader,Center,US launches strike against Islamic State militants in northwest Nigeria,"The United States carried out ‌an airstrike against Islamic State militants in northwest Nigeria at the request of Nigeria's government, President Donald Trump and the U.S. military said on Thursday, claiming the ‍group had been targeting Christians in the region. 2 months ago · New Hampshire, United States",https://ground.news/interest/unionleadercom
focus.de,Right,Trump Announces: Us Military Attacked Isis Terrorists in Nigeria,"According to US President Donald Trump, the U.S. has made a fatal blow to terrorists of the Islamic State in Nigeria. 2 months ago · Berlin, Germany",https://ground.news/interest/focusde
VINnews,Center,U.S. Africa Command Conducts Strike Against ISIS in Nigeria; Trump Says Group Targeted Christians,"WASHINGTON — The U.S. military carried out airstrikes against Islamic State militants in northwest Nigeria Thursday night, targeting extremist elements accused of attacking civilians, including Christian communities, U.S. officials said. In a statement posted late Thursday, President Donald J. Trump said the strikes were ordered in response to escalating violence by ISIS-linked fighters in the […] 2 months ago",https://ground.news/interest/vinnews
KMIZ,Center,Trump Says Us Military Forces Attacked Isis Terrorists in Nigeria,"By Kevin Liptak, CNN - President Donald Trump said Thursday he ordered a deadly attack on ISIS terrorists in Nigeria, whom he has accused of persecuting Christians in the country. “Tonight, at my direction as commander in chief, the United States launched a powerful and lethal attack against ISIS terrorists in northwest Nigeria, who have been brutally attacking and killing, primarily, innocent Christians, at levels not seen for many years, even … 2 months ago",https://ground.news/interest/kmiz
Associated Press News,Lean Left,US launches strikes against Islamic State group in Nigeria after attacks target Christians,"President Donald Trump says the U.S. launched a deadly strike against Islamic State forces in Nigeria, after spending weeks accusing the West African country's government of failing to rein in the persecution of Christians. 2 months ago · United States",https://ground.news/interest/associated-press-news
India Today,Right,"US carries out airstrikes against Islamic State in Nigeria, Trump says","Nigeria has faced years of extremist violence from ISIS-linked groups and Boko Haram, with attacks often hitting civilians and religious communities across the country’s north. 2 months ago · India",https://ground.news/interest/india-today
PIX 11,Center,"US launches deadly strike against ISIS in Nigeria, Trump reveals","NEW YORK (PIX11)-- On Christmas Day, the United States launched a ""powerful and deadly"" strike against the Islamic State of Iraq and Syria (ISIS) in Northwest Nigeria, President Donald J Trump said in a social media post. The president said the reason for the attack was that ISIS had been allegedly targeting and viciously killing [...] 2 months ago · New York, United States",https://ground.news/interest/pix-11
WND,Far Right,'Hell to pay': Trump announces military strike against ISIS in Nigeria * WorldNetDaily * by WND Staff,"'MERRY CHRISTMAS to all, including the dead Terrorists, of which there will be many more if their slaughter of Christians continues' 2 months ago · Medford, United States",https://ground.news/interest/wnd
La Repubblica,Lean Left,"Trump: ""Isis Terrorist Attacks in Northern Nigeria""","US President on Truth: ""Powerful and lethal offensive against terrorist scum"" 2 months ago · Turin, Italy",https://ground.news/interest/la-repubblica
100% FED UP!,Far Right,President Trump Launches Christmas Day Strike Killing “ISIS Terrorist Scum” In Nigeria! * 100PercentFedUp.com * by Noah,"GOD BLESS PRESIDENT TRUMP! He could be just relaxing on Christmas Day at 80 years of age, enjoying a life […] 2 months ago",https://ground.news/interest/100percentfedupcom
ANSA,Center,"Trump, 'Powerful and Deadly Attack on Isis in Nigeria'","""That scum killed Christians, I warned them."" The African country confirms: hit terrorist targets (ANSA) 2 months ago · Italy",https://ground.news/interest/ansa
Twitchy,Far Right,Merry Christmas to All Including the Dead Terrorists: U.S. Airstrikes Target ISIS in Nigeria,U.S. airstrikes target ISIS in Nigeria amid ongoing violence against Christians. 2 months ago · United States,https://ground.news/interest/twitchy
yle,Center,Trump Says Us Has Carried Out Multiple Strikes Against Isis Terrorists in Nigeria,Nigeria said the US airstrikes hit “terrorist targets.” The country also announced that it would continue security cooperation with the US. 2 months ago · Finland,https://ground.news/interest/yle
USA Today,Lean Left,US hits Islamic State in Nigeria after Trump warnings,"President Trump said ""numerous perfect strikes"" had hit Islamic State militants in the West African nation of Nigeria. 2 months ago · United States",https://ground.news/interest/usa-today
New York Post,Right,Trump launches ‘powerful and deadly’ Christmas Day strikes on ISIS targeting Christians in Nigeria: ‘Terrorist Scum’,"President Trump announced Thursday that the US military hit ISIS terrorists in Nigeria targeting Christians with “numerous” deadly airstrikes. 2 months ago · New York, United States",https://ground.news/interest/new-york-post
NewsNation,Center,Trump announces US military strikes against Islamic State militants in Nigeria,"The United States carried out airstrikes against Islamic State militants in northwest Nigeria, U.S. President Donald Trump said on Thursday, claiming the group had been targeting Christians in the region. 2 months ago · Chicago, United States",https://ground.news/interest/wgn-america_663347
CBS News,Center,"U.S. launches strikes on ISIS targets in Nigeria on Christmas Day, Trump says",Strikes against ISIS targets in Nigeria come after President Trump spent weeks accusing the West African country&#039;s government of failing to rein in the persecution of Christians. 2 months ago · United States,https://ground.news/interest/cbs-news
Newsweek,Center,"Trump says US struck ISIS in Nigeria in ""powerful"" attack on Christmas","President Donald Trump said the United States launched airstrikes against ISIS militants in northwest Nigeria on Christmas, describing the operation as a decisive blow against extremists he accused of targeting Christian communities. U.S. military officials have not immediately confirmed the details of the strike. 2 months ago · United States",https://ground.news/interest/newsweek
Newsmax,Right,"Trump Launches 'Powerful, Deadly Strike Against Isis Terrorist Scum' in ...","2 months ago · Washington, United States",https://ground.news/interest/newsmax
The Epoch Times,Right,US Strikes ISIS in Nigeria: Trump,"U.S. President Donald Trump announced a “powerful and deadly strike” targeting the ISIS terrorist group in northwest Nigeria on Dec. 25. Trump said on Truth Social that the terrorists targeted have been “viciously killing, primarily, innocent Christians, at levels not seen for many years, and even Centuries!” He said the group had not heeded warnings, leading to the Christmas night strike. “I have previously warned these Terrorists that if they … 2 months ago · New York, United States",https://ground.news/interest/the-epoch-times
Svenska Dagbladet,Right,Trump: Attacked Isis Terrorists,"The United States has carried out “multiple” attacks on what it claims are ISIS terrorists in Nigeria, President Donald Trump writes on Truth Social. “I have warned these terrorists that if they did not stop slaughtering Christians, they would pay dearly. They did so tonight,” he writes. 2 months ago · Stockholm, Sweden",https://ground.news/interest/svenska-dagbladet
Hindustan Times,Center,‘Merry Christmas to dead terrorists’: Donald Trump as US strikes ISIS in Nigeria,"US President Donald Trump on Thursday (local time) announced that the United States launched “a powerful and deadly strike” targeting ISIS terrorists in Northwest Nigeria. 2 months ago · New Delhi, India",https://ground.news/interest/hindustan-times
Deutsche Welle,Center,Trump says US launched strike against IS in Nigeria,"The US launched a ""powerful and deadly"" strike against IS in Nigeria, the US president said. 2 months ago · Bonn, Germany",https://ground.news/interest/deutsche-welle
breakingthenews.net,Center,Trump says US struck ISIS in Nigeria,United States President Donald Trump announced that the US military carried out 2 months ago,https://ground.news/interest/breakingthenewsnet
Reuters,Center,"US launches strikes against Islamic State militants in northwest Nigeria, Trump says","The United States carried out airstrikes against Islamic State militants in northwest Nigeria, U.S. President Donald Trump said on Thursday, claiming the group had been targeting Christians in the region. 2 months ago · United Kingdom",https://ground.news/interest/reuters_fa2539
Market Screener,Center,"Trump: Tonight, at my direction as commander in chief, the United States launched a powerful and deadly strike against ISIS terrorist scum in northwest Nigeria","Trump: Tonight, at my direction as commander in chief, the United States launched a powerful and deadly strike against ISIS terrorist scum in northwest Nigeria ... -December 25, 2025 at 05:59 pm EST MarketScreener 2 months ago",https://ground.news/interest/marketscreenercom
Political Wire,Center,U.S. Strikes ISIS in Nigeria,"“U.S. forces struck Islamic State targets in northwestern Nigeria on Thursday evening, the U.S. and Nigerian governments said, acting after threats by President Donald Trump to attack the country in an effort to stop killings of Christians,” the New York Times reports. 2 months ago · New York, United States",https://ground.news/interest/political-wire
Worthy Christian News,Center,U.S. Launches Christmas-Day Strike On ISIS Targets In Nigeria Amid Rising Attacks On Christians,"by Emmitt Barry, Worthy News Washington D.C. Bureau Chief (Worthy News) – The United States carried out a targeted military strike against Islamic State terrorists in northwest Nigeria on Christmas Day, acting in coordination with Nigerian authorities, U.S. President Donald Trump announced in a series of social media posts. According to U.S. Africa Command, the strike was conducted in the Sokoto region and resulted in the deaths of multiple Isla… 2 months ago",https://ground.news/interest/worthy-christian-news
Townhall,Right,BREAKING: President Trump Announces Christmas Day Airstrikes on ISIS in Nigeria,"President Trump announces airstrikes on ISIS in Nigeria, targeting terrorists harming Christians. 2 months ago · Washington, United States",https://ground.news/interest/townhall
RedState,Right,Breaking: Trump Announces Deadly Strike vs. 'ISIS Terrorist Scum' in Nigeria,"Trump orders military strike against ISIS in Nigeria targeting Christian persecution. 2 months ago · Washington, United States",https://ground.news/interest/redstate
Mediaite,Lean Left,Trump Announces the U.S. Has Bombed Nigeria,"President Donald Trump announced on Christmas that the U.S. has bombed ""Terrorist Scum"" in Nigeria. 2 months ago · United States",https://ground.news/interest/mediaite
The Guardian Nigeria,Center,"Gbajabiamila remains Chief of Staff, Presidency clarifies",The Presidency has dismissed as false and misleading a viral claim circulating on social media alleging that President Bola Ahmed Tinubu has replaced his Chief of Staff 2 months ago · Nigeria,https://ground.news/interest/the-guardian-nigeria
Premium Times Nigeria,Lean Left,Gbajabiamila remains Tinubu's Chief of Staff - Presidency,"Hakeem Muri-Okunola has not replaced Femi Gbajabiamila as Chief of Staff. 2 months ago · Abuja, Nigeria",https://ground.news/interest/premium-times-nigeria
Vanguard News,Lean Left,Presidency denies rumour of Gbajabiamila’s replacement as Chief of Staff,The Presidency also cautioned members of the media and the public against spreading unverified information. 2 months ago · Nigeria,https://ground.news/interest/vanguard-news
Xinhua,Left,"Urgent: U.S. military strikes IS in northwest Nigeria, Trump says","Urgent: U.S. military strikes IS in northwest Nigeria, Trump says 2 months ago · China",https://ground.news/interest/newscn
Globo,Right,"The United States Launched Attacks on the Islamic State in Nigeria, Said Trump",The Republican said that offensive was motivated by attacks on Christians in the northwest of the African country. 2 months ago · Brazil,https://ground.news/interest/globo
Daily Kos,Left,"US Bombs Islamic State Targets in Sokoto, Nigeria?!","In an apparently rather bizarre response to a suicide attack against a packed mosque in Nigeria's northeastern city of Maiduguri on Wednesday night that killed at least 5 and injured 35 (CBS News), Trump tonight (Christmas Day!) announced bombing... 2 months ago · United States",https://ground.news/interest/daily-kos
The Washington Post,Lean Left,U.S. strikes ISIS in Nigeria after Trump warnings on Christian killings,2 months ago,https://ground.news/interest/the-washington-post
Axios,Lean Left,"US strikes Nigeria ISIS targets on Christmas Day, Trump says","2 months ago · Washington, United States",https://ground.news/interest/axios
Bloomberg,Lean Left,"US Launches Strike Targeting ISIS in Nigeria, Trump Says",2 months ago · United States,https://ground.news/interest/bloomberg
Washington Times,Right,Trump announces U.S. strikes on Islamists in Nigeria,"The U.S. struck at Islamic State targets in Nigeria on Christmas Day, President Trump posted on social media Thursday evening. 2 months ago · United States",https://ground.news/interest/washington-times
Newtelegraph,Right,Air Strike On Terrorists: MURIC Seeks Clarification From FG On Human Casualties,"The ‎Islamic human rights organisation, the Muslim Rights Concern (MURIC) has demanded clarifications from the Federal Government over yesterday’s airstrikes against suspected terrorists’ bases by the United States of America Government in Sokoto and Kwara states. ‎ ‎MURIC, in a statement issued on Friday, made available to Saturday Telegraph by the Executive Director of the... The post Air Strike On Terrorists: MURIC Seeks Clarification From FG… 2 months ago",https://ground.news/interest/newtelegraph
dissidentvoice.org,Left,"Sanctioning Fever: The United States, European Union, and Free Speech","At present, there is a pot-calling-the-kettle-black approach being taken by the European Union and the United States regarding the imposition of sanctions upon individuals deemed hostile to free speech. On December 23, the US State Department announced that it would bar five European citizens accused of spearheading efforts to pressure US tech giants to censor or suppress American opinions. This came after the European Union’s own tilt to sancti… 2 months ago",https://ground.news/interest/dissidentvoiceorg
Geller Report,Far Right,"US Announces Travel Ban on European Censors, EU Leaders Panic - Threat to Their Censorship Industrial Complex","The censorship machine is panicking as its power is challenged. Free speech strikes back The United States has announced a new travel ban targeting European officials involved in censorship and digital surveillance, marking a sharp escalation against what the Trump administration calls extraterritorial suppression of American speech. The State Department is barring five “egregious” European figures in the “global censorship-industrial complex” f… 2 months ago",https://ground.news/interest/geller-report
Caldron Pool,Far Right,U.S. Imposes Visa Bans to Defend Free Speech From European Regulation · Caldron Pool,"The United States has imposed visa bans on five European figures involved in efforts to regulate online speech, a move the Trump administration says is necessary to defend free expression and prevent foreign interference in American public debate. The visa restrictions, announced Tuesday, apply to former European Union Commissioner Thierry Breton, Center for Countering Digital Hate chief executive Imran Ahmed, Global Disinformation Index chief e… 2 months ago",https://ground.news/interest/caldron-pool
Independent Sentinel,Right,"The EU Canceled Romanian Elections, Censor Globally & Now They're Sanctioned","We wrote about the US sanctioning former EU Commissioner Thierry Breton yesterday. Others were also sanctioned, and the list will likely grow. US Secretary of State Marco Rubio named British, French, and German citizens involved in efforts to curb the spread of so-called disinformation are targets of the visa ban. While Thierry Breton is no […] The post The EU Canceled Romanian Elections, Censor Globally & Now They’re Sanctioned appeared first o… 2 months ago",https://ground.news/interest/wwwindependentsentinelcom
The Free Press (Tampa),Right,‘Unwelcome On American Soil’: US Bars Five European Figures In Escalating Free Speech War,"A simmering diplomatic feud between Washington and Brussels over online speech regulations boiled over on Wednesday after the Trump administration barred five prominent European figures from entering the United States. The State Department accused the group—which includes a former top EU official and several NGO leaders—of leading efforts to censor American viewpoints. The move marks […] ‘Unwelcome On American Soil’: US Bars Five European Figure… 2 months ago · Tampa, United States",https://ground.news/interest/the-free-press-tampa
NewsBusters,Right,NY Times Sides with European Censors Over Rubio: 'They Seek to Curb Online Hate',"On Tuesday, Secretary of State Marco Rubio upset European socialists by announcing he would “bar leading figures of the global censorship-industrial complex from entering the United States.” The New York Times provided an unintentionally laughable headline on Christmas Eve: They Seek to Curb Online Hate. The U.S. Accuses Them of Censorship. The Trump administration said five regulators and researchers who work to tackle disinformation and abuse … 2 months ago · Washington, United States",https://ground.news/interest/newsbusters
TVN,Center,Us Denies Visa to Former Eu Commissioner for Technology Regulations,"The U.S. State Department reported Tuesday that it will deny a visa to a former EU commissioner and four other Europeans, accused of trying to ""coerce"" U.S. social media platforms into censoring views. 2 months ago",https://ground.news/interest/tvn
sgtreport.com,Right,Trump Admin BANS Anti-Free Speech EU Globalists From Entering U.S.,"by Steve Watson, Modernity News: America draws a line in the sand against foreign meddlers The Trump administration has slapped visa bans on former EU Commissioner Thierry Breton and four other ‘anti-disinformation’ activists, accusing them of coercing American social media companies to censor viewpoints they dislike. The move signals a zero-tolerance policy toward extraterritorial censorship, […] 2 months ago",https://ground.news/interest/sgtreportcom
Sky News UK,Center,Why Trump administration is so annoyed with Europe's online rules,"The US has imposed visa bans on five public figures in Europe, including a key architect of the Digital Services Act - a piece of legislation that is very unpopular in the White House. 2 months ago · United Kingdom",https://ground.news/interest/sky-news
TimesDaily,Center,US bars 5 Europeans it says pressured tech firms,WASHINGTON — The State Department announced Tuesday it was barring five Europeans it accused of leading efforts to pressure U.S. tech firms to censor or suppress American viewpoints. 2 months ago,https://ground.news/interest/timesdaily
Benzinga,Center,Elon Musk Reacts To US Travel Ban On Former EU Commissioner: '...Gets His Dessert' - Tesla (NASDAQ:TSLA),"Elon Musk reacted on X to the U.S. travel restrictions on five European officials, including former EU Commissioner Thierry Breton. 2 months ago · New York, United States",https://ground.news/interest/benzinga
Firstpost News,Center,‘Coercion and intimidation’: Europe fumes after US censors 5 prominent EU figures,"After the Trump administration censored five prominent Europeans over purported free speech concerns, European leaders have reacted furiously, backing the censored figures and standing by European Union (EU) that Trump wants to be done away with. 2 months ago · Mumbai, India",https://ground.news/interest/firstpost-news
Sydney Morning Herald,Lean Left,‘Unwelcome on American soil’: US bans European ‘ideologues’ accused of censorship,"The move triggered a backlash in Europe as the US said the bans could be expanded. A One Nation senator applauded the action and urged the Trump administration to “now do Australian politicians”. 2 months ago · Sydney, Australia",https://ground.news/interest/sydney-morning-herald
Jewish Telegraphic Agency,Center,Jewish groups defend European media monitors banned for what State Dept. calls ‘censorship’,Two major Jewish groups defended a digital hate-speech researcher who has been barred by the Trump administration from entering the country. Representatives for Jewish Federations of North America and the Jewish Council for Public Affairs responded after the U.S. State Department restricted the visas of five European digital speech activists. The banned activists include two who helped Jewish college students sue the social network X over the pr… 2 months ago,https://ground.news/interest/jewish-telegraphic-agency
Twitchy,Far Right,Former EU Commissioner Butthurt About Being Banned From the US for Censorship,Former EU Commissioner Thierry Breton reacts to US travel ban over censorship issues. 2 months ago · United States,https://ground.news/interest/twitchy
charentelibre.fr,Center,Digital Cold War Between the United States and Europe,"Denoting acts of ""censorship"", the Trump administration has sanctioned five European figures committed to the regulation of technology and against misinformation, including Thierry Breton. 2 months ago",https://ground.news/interest/charentelibrefr
SBS News,Lean Left,US issues visa bans for five Europeans involved in technology regulation,"An EU spokesperson said it would seek answers from the United States about the ""unjustified measures"". 2 months ago · Sydney, Australia",https://ground.news/interest/sbs-news
The Western Journal,Right,Shock and Awe: Fiery Rubio Imposes Unprecedented Sanctions on European Elites Who Attempted to Censor Americans,"In an unprecedented move, Secretary of State Marco Rubio has announced that restrictions will be imposed on European politicians who have declared themselves enemies of freedom of speech. On Monday, […] The post Shock and Awe: Fiery Rubio Imposes Unprecedented Sanctions on European Elites Who Attempted to Censor Americans appeared first on The Western Journal. 2 months ago · Phoenix, United States",https://ground.news/interest/the-western-journal
India Today,Right,"EU, France, Germany condemn US visa bans for 5 Europeans accused of censorship","EU, France and Germany condemned U.S. visa bans on European digital activists, calling them unjustified and warning of a strong response to defend EU sovereignty and freedom of expression. 2 months ago · India",https://ground.news/interest/india-today
ITV,Right,US bars five Europeans who it says pressured tech firms to censor speech,"French President Emmanuel Macron led European condemnation of the move, describing the move by the United States as ""intimidation"". 2 months ago · London, United Kingdom",https://ground.news/interest/itv_bbe77f
The Last Refuge,Far Right,Secretary of State Marco Rubio Issues Visa Bans Against Five EU Leaders of Censorship,"The European Union, France and Germany are furious at the U.S. State Department and Marco Rubio for issuing visa bans against European political figures who are involved in censorship under the guise of combating online hate and disinformation. Brussels said Wednesday it will “respond swiftly and decisively” against the “unjustified measures.” [SOURCE] The first EU […] 2 months ago",https://ground.news/interest/the-last-refuge
Haaretz,Lean Left,"U.S. sanctions European activists tackling antisemitic disinformation, citing 'censorship'","Though not tied to the combat against antisemitism, the U.S. move to deny entry to five activists, including a former EU commissioner, is widely viewed as an attack by the Trump administration on European regulations that have affected the U.S. president's far-right allies and supporters 2 months ago · Tel Aviv-Yafo, Israel",https://ground.news/interest/haaretz
Business Insider,Lean Left,The US banned a former EU official's visa over Big Tech rules — and the fight is playing out on X,"The US moved to bar EU officials over tech regulation, igniting a public transatlantic clash over free speech and platform control.ANDREW CABALLERO-REYNOLDS / AFP via Getty ImagesThe US announced visa bans on five Europeans over tech rules it says censor American speech.Marco Rubio accused Europe of coercing US platforms to silence views it opposes online.France's Emmanuel Macron condemned the move and vowed to defend Europe's digital sovereignt… 2 months ago · United States",https://ground.news/interest/business-insider
Washington Examiner,Right,EU leaders erupt over US travel ban on officials involved in Digital Services Act,"Foreign leaders are condemning the Trump administration for imposing visa restrictions on five Europeans whom Secretary of State Marco Rubio accused of trying to censor Americans under the European Union’s content moderation law. Five people, including former EU Commissioner Thierry Breton, whom U.S. officials labeled the “mastermind” behind the EU’s Digital Services Act regulating social media platforms, are now barred from entering the United … 2 months ago · Washington, United States",https://ground.news/interest/washington-examiner
World Tribune: Window on the Real World,Right,Trump Administration says it banned Europeans’ visas for ‘extraterritorial censorship of Americans’,"by WorldTribune Staff / 247 Real News December 24, 2025 The Trump Administration announced it has imposed visa bans on five Europeans who are behind efforts to censor Americans social media platforms. The State Department said it imposed visa bans on Thierry Breton, a former European Union commissioner behind the Digital Services Act (DSA), and […] 2 months ago",https://ground.news/interest/world-tribune-window-on-the-real-world
The New York Sun,Right,European Commission Condemns Sanctions on Europeans Accused by State Department of Anti-American Censorship,"The EU is seeking “clarifications” regarding the ban on visits by five individuals involved in what it says is an effort to create safe digital environments. 2 months ago · New York, United States",https://ground.news/interest/the-new-york-sun
Deutschlandfunk,Center,"""Hateaid"" - Eu Threatens Us Against Five Europeans because of Entry Ban","The EU threatens the US with consequences because of the imposed entry bans against five Europeans. European Commission President von der Leyen strongly condemned the action. The Commission asked for clarification, it said from Brussels. If necessary, one would react quickly and decisively to defend the right to establish its own rules in the digital area. 2 months ago · Germany",https://ground.news/interest/deutschlandfunk
INTELLINEWS,Center,France Condemns US Visa Ban on European Tech Experts Amid Online Regulation Dispute,"France has strongly criticized the United States following the introduction of a visa ban targeting European technology experts, escalating tensions between the two powers amid ongoing disputes over online regulation. The move, seen by French officials as a direct affront to transatlantic cooperation in the tech sector, comes as both sides grapple with differing approaches [...] 2 months ago",https://ground.news/interest/intellinews
National Post,Right,"Trump admin issues visa bans for censors, including EU enforcer who warned of Hamas propaganda","The U.S. State Department announced sanctions against a former European Union commissioner, who sought to keep terror propaganda off social media after Oct. 7. 2 months ago · Canada",https://ground.news/interest/national-post
The Daily Caller,Right,Eurocrats Melt Down Over Trump Barring Censorship Police From US,"European officials erupted after the Trump administration barred prominent European figures accused of promoting online censorship from entering the U.S. 2 months ago · Washington, United States",https://ground.news/interest/the-daily-caller
Common Dreams,Left,Trump Ban on European Disinformation Opponents Decried as 'Authoritarian Attack on Free Speech',President Donald Trump's administration is under fire for imposing a travel ban on a former European Union commissioner and leaders of nongovernmental groups that fight against disinformation and hate speech. 2 months ago · United States,https://ground.news/interest/common-dreams
Euronews,Center,Europe defends its digital rules after US targets Breton with visa ban,"Brussels and Paris both denounced Washington’s decision to impose a visa ban on former EU Commissioner Thierry Breton, after the Trump administration escalated digital rules scrap by sanctioning Breton over what it said amounted to ""censorship"". 2 months ago · France",https://ground.news/interest/euronews
electionlawblog.org,Lean Left,"""US bars former EU commissioner Thierry Breton and others over tech rules"" #ELB",Financial Times: Washington has barred former EU commissioner Thierry Breton and four other people from entering the country over what it said was “censorship” and coercion of US social media platforms. The visa ban on five Europeans followed a campaign… Continue reading The post “US bars former EU commissioner Thierry Breton and others over tech rules” appeared first on Election Law Blog. 2 months ago,https://ground.news/interest/electionlawblogorg
politika.rs,Right,American Ramp for European Officials,"The US decision to restrict travel for European citizens and officials is unacceptable 2 months ago · Belgrade, Serbia",https://ground.news/interest/politikars
20 Minutes,Lean Left,Another Breton Targeted by Trump Tells His Daily Life Under American Sanctions,"Judge at the International Criminal Court, Nicolas Guillou was placed under sanctions by the Trump administration last August. On Tuesday, Thierry Breton, former European Commissioner, was banned from visa by the US authorities. 2 months ago · France",https://ground.news/interest/20-minutes
One News Page,Center,UK social media campaigners among five denied US visas,The Trump administration bans five people who have called for tech regulation from entering the country. 2 months ago,https://ground.news/interest/one-news-page
Le·gal In·sur·rec·tion,Right,State Dept. Bars Five Europeans for 'Extraterritorial Censorship of Americans',"""These radical activists and weaponized NGOs have advanced censorship crackdowns by foreign states—in each case targeting American speakers and American companies."" 2 months ago",https://ground.news/interest/le-gal-in-sur-rec-tion
Indian Express,Lean Left,"US State Department denies visas to ex-top EU official, UK campaigners, impose sanctions for ‘censorship’","Trump administration officials have in the past accused European nations for alleged censorship, and one of the reports by the State Department human rights alleged “significant human rights issues”. 2 months ago · India",https://ground.news/interest/indian-express
American Greatness,Right,State Dept Restricts European Leaders Who Pressured Tech Firms to Censor Americans Online › American Greatness,"The U.S. State Department, on Tuesday, imposed visa restrictions on five European leaders who are accused of orchestrating or enabling censorship of Americans through pressuring […] Source 2 months ago · United States",https://ground.news/interest/american-greatness
Globo,Right,"Eu, France and Germany Condemn u.s. Visa Restrictions on Citizens Who Act Against Misinformation",Brussels stated that it could “response quickly and decisively” against “unjusted measures” 2 months ago · Brazil,https://ground.news/interest/globo
ABC Australia,Lean Left,US sanctions five Europeans involved in regulating tech companies,"Leaders in Germany, France, Spain and the European Union slam the move as ""intimidation and coercion"". 2 months ago · Australia",https://ground.news/interest/abc-australia
El Pais,Lean Left,Trump Intensifies His Escalation Against the Eu by Sanctioning Leaders Who Have Attacked Hate Speech on the Internet,"Donald Trump’s administration’s blackmail and pressure on the European Union for the community technological rules that U.S. platforms in Europe must comply with has escalated to an unprecedented level. Washington has imposed sanctions on several European personalities on Wednesday night related to the moderation of content on social media and the fight against hate speech on platforms such as Elon Musk’s X, or Meta’s Facebook. The U.S. State De… 2 months ago · Spain",https://ground.news/interest/el-pais
saarbruecker-zeitung.de,Center,Dispute over Alleged Censorship: Eu Council President Costa: Us Entry Bans Are Unacceptable,The indignation about the US's bans on entry to the United States of America against a former EU Commissioner and other European citizens is great. There are clear words from Brussels towards Washington. 2 months ago,https://ground.news/interest/saarbruecker-zeitungde
NBC News,Lean Left,Europe pushes back at Trump's 'authoritarian' sanctions on anti-disinformation figures,"The State Department sanctioned Thierry Breton, Imran Ahmed, Clare Melford, Anna-Lena von Hodenberg and Josephine Ballon for ""egregious acts"" of censorship. 2 months ago · United States",https://ground.news/interest/nbc-news
La Repubblica,Lean Left,"u.s. Visa Denied to Breton, Europe Against Trump: ""We Do Not Let Ourselves Be Intimidated, We Will Defend Our Democracy""","Brussels and EU governments are attacking the decision to ban from the US 5 Europeans including the former commissioner accused of ""censura"" (Censorship). ..Our democratically approved rules.................................................................................................................. 2 months ago · Turin, Italy",https://ground.news/interest/la-repubblica
Evening Standard,Center,Macron slams Trump administration over US visa ban on anti-hate campaigners,"The move by the US authorities comes despite senior Trump figures, including Vice President JD Vance, lecturing Europe on the importance of free speech 2 months ago · London, United Kingdom",https://ground.news/interest/evening-standard
sfg.media,Right,Macron and the European Union Accuse the United States of Intimidation Over Visa Sanctions Targeting Supporters of Digital Regulation,Brussels Says It Is Defending Its Sovereign Right to Set Rules for Online Platforms 2 months ago,https://ground.news/interest/sfgmedia
Sapo,Right,u.s. Prohibits Entry of Five Europeans by Alleged Pressure for Censorship on Social Networks,"This decision represents the culmination of a process initiated several months ago, during which officials of the Trump administration instructed North American diplomats to build a firm opposition to the European Union's Digital Services Act. 2 months ago · Portugal",https://ground.news/interest/sapo
Capital.fr,Right,"Thierry Breton Is Banned From Entering the United States: Measures that ""Reveal Intimidation"" for Emmanuel Macron","Thierry Breton and four other American personalities have been denied a right of residence in the United States. This is not a mistake, quite the contrary. These refusals have the value of sanction to express disagreement with the new European regulation of tech platforms. 2 months ago",https://ground.news/interest/capitalfr
PJ Media,Far Right,Saving Our Speech: Rubio's Visa Ban on Five Censor-Happy European Activists,Marco Rubio's visa ban challenges European activists censoring American speech. 2 months ago,https://ground.news/interest/pj-media
Fortune,Center,Trump administration bars Europeans from U.S. for pressuring tech firms to ‘censor’ American speech,"The move targets architects of the EU’s Digital Services Act and anti-disinformation advocates—triggering diplomatic condemnation from Europe’s leaders. 2 months ago · New York, United States",https://ground.news/interest/fortune
The Washington Post,Lean Left,Europe condemns U.S. move to bar individuals over tech monitoring,"Secretary of State Marco Rubio said that the State Department would bar several Europeans for their actions in monitoring the internet, which he characterized as censorship. 2 months ago",https://ground.news/interest/the-washington-post
Bild,Right,Us Impose Entry Barriers: Eu Politicians Affected,"For the first time, five Europeans, including prominent EU politicians, have been detained for alleged promotion of censorship. 2 months ago · Berlin, Germany",https://ground.news/interest/bild
Observador,Right,Former Commissioner Among the 5 Europeans Prevented From Entering the United States as a Representative for Regulatory Decisions Against Technology,"Former European Commissioner Thierry Breton is one of the views of the decision, a summary of regulatory decisions against technology that the US considers to be attacks on ""American viewpoints"". 2 months ago · Portugal",https://ground.news/interest/observador
abc,Right,Macron Digs up the Axe of War Against Trump for the Withdrawal of the Visa to a Former French Minister,"Emmanuel Macron has launched a frontal response and attack against Donald Trump on a strategic ground for the future of Europe. The French president has pronounced himself strongly after the United States has withdrawn the visa and refused entry to Thierry Breton, who was Commissioner of the Internal Market between 2019 and 2024 and who he accuses of censorship for being the brain of the Digital Services Act that regulates social networks. ""Fran… 2 months ago · Spain",https://ground.news/interest/abc_0c202e
Axios,Lean Left,"Trump admin bars Europeans accused of US tech ""censor"" ...","2 months ago · Washington, United States",https://ground.news/interest/axios
CTV News,Center,U.S. bars five Europeans it says pressured tech firms to censor American viewpoints online,The U.S. State Department announced Tuesday it was barring five Europeans it accused of leading efforts to pressure U.S. tech firms to censor or suppress American viewpoints. 2 months ago · Canada,https://ground.news/interest/ctv-news
Интерфакс-Украина,Lean Left,"European Commission condemns US decision on visa sanctions against 5 European citizens, including former European Commissioner","The European Commission said it strongly condemned the US decision to impose travel restrictions on five European citizens, including former European Commissioner Thierry Breton. 2 months ago",https://ground.news/interest/_1b50bb
Engadget,Lean Left,US bans former EU Commissioner and others over social media rules,"The Trump administration has issued travel bans that prohibit five European tech researchers, including one former EU Commissioner, from entering the United States. 2 months ago · United States",https://ground.news/interest/engadget
romaniatv.net,Right,"Trump Suspended the Views of Five European Officials Involved in the Fight Against Online Misinformation, Including an Former European Commissioner","The administration of American President Donald Trump announced on March, the imposition of sanctions against five key figures in Europe involved in the regulation of the technology industry and in the fight against online misinformation, a decision that caused heavy reactions at European level and re-learned transatlantic tensions on freedom of expression and control of digital content. Article Trump suspended the views of five European officia… 2 months ago",https://ground.news/interest/romaniatvnet
Watauga Democrat,Lean Left,EU 'strongly condemns' US sanctions against five Europeans,"The European Union and some member states reacted sharply Wednesday to US sanctions imposed on five European figures involved in regulating tech companies, including former European commissioner Thierry Breton. 2 months ago · Calhoun, United States",https://ground.news/interest/watauga-democrat
Daily Post Nigeria,Center,"US denies ex-EU commissioner, others visa over calls for content moderation on social media","The United States has denied visas to five individuals, including former European Union commissioner, Thierry Breton, accusing them of attempting to pressure American social media companies into censoring content. In a statement, the US State Department said the individuals sought to coerce US-based platforms into suppressing viewpoints they oppose. Secretary of State Marco Rubio described them as part of what he called a global censorship-indus… 2 months ago · Nigeria",https://ground.news/interest/daily-post-nigeria
CGTN,Lean Left,"EU, France, Germany slam US visa bans as 'censorship' row deepens","US opposes EU's Digital Services Act, citing free speech – but Macron says visa bans 'amount to intimidation and coercion' 2 months ago · Beijing, China",https://ground.news/interest/cgtncom
tippinsights,Right,US Sanctions EU Figures Over Alleged Online Censorship,"The US State Department imposed visa sanctions on five European figures, including a former EU commissioner, accusing them of pressuring American tech platforms to censor speech. Secretary of State Marco Rubio said the individuals led coordinated efforts to suppress American viewpoints. The move reflects the Trump administration’s broader pushback against European digital regulations and what it calls foreign censorship of US speech, according t… 2 months ago",https://ground.news/interest/tippinsights
El Mundo,Right,"Macron Calls the Us Veto ""Act of Intimidation"" at the Entrance of Former European Commissioner Thierry Breton","The Trump administration prohibits the entry into the country of five European personalities following the adoption of European law that obliges platforms to eliminate illegal content Read 2 months ago · Madrid, Spain",https://ground.news/interest/el-mundo
apollo-news.net,Right,"After Entry Ban, Hateaid Complains, ""Repression"" – that's Exactly the Business Model of Hateaid","The leaders of the organization HateAid are no longer allowed to enter the USA. The American Foreign Ministry has made a number of entry barriers ... The post After the entry ban, HateAid complains ""Repression"" – that's exactly what its own business model appeared first on Apollo News. 2 months ago",https://ground.news/interest/apollo-newsnet
Israel Hayom,Right,US imposes visa bans on EU commissioner over censorship,"The Trump administration barred Thierry Breton, formerly the EU commissioner for Internal Market and Services, who helped craft the Digital Services Act, plus four individuals working on anti-disinformation campaigns, charging that they coerced American tech firms into silencing content, according to CNBC. Secretary of State Marco Rubio stated publicly that ""The State Department is taking decisive action against five individuals who have led org… 2 months ago · Israel",https://ground.news/interest/israelhayomcom
El Debate,Right,European Leaders Charge Trump After Vetoing Five Regulators and Activists in the u.s.,The European Commission has 'strongly' condemned the restrictions and asked the US authorities for formal clarifications 2 months ago,https://ground.news/interest/el-debate
telex.hu,Lean Left,Us Bans Leaders of European Organizations Fighting Online Hate Speech,"Among them is a former EU commissioner. According to the US Secretary of State, they are suppressing the “American position”. 2 months ago",https://ground.news/interest/telexhu
Semafor,Lean Left,US denies EU citizens visas over social media ‘censorship’,"Washington denied visas to five European citizens, including a former EU commissioner, for “censorship” of US social media. Thierry Breton was the architect of the EU’s Digital Service Act, which imposed stringent content moderation requirements on tech platforms. The US secretary of state said Breton and the four others were “radical activists… targeting American speakers and American companies.” The State Department is also taking aim at the U… 2 months ago · New York, United States",https://ground.news/interest/semaforcom
The Local - De,Lean Left,Germany says US visa bans over tech rules 'not acceptable',"Germany on Wednesday said a US State Department decision to deny visas to five prominent figures in the European tech sphere over freedom of speech was ""not acceptable"". 2 months ago · Germany",https://ground.news/interest/the-local-de
Liberation,Lean Left,"Thierry Breton Banned From Staying in the United States by the Trump Administration, the Eu Asks for ""Clarification""","With four NGO members fighting online disinformation and hatred in the UK and Germany, the former European Commissioner was sanctioned by Washington for his commitment to strict regulation of technology. 2 months ago · Paris, France",https://ground.news/interest/liberation
Eldiario.es,Lean Left,Trump Doubles His Ideological Crusade Against the Eu and Forbids European Citizens to Travel to the Us for Their Hate Speech Online,"Among the five sanctioned is former European Commissioner of Internal Market Thierry Breton. The European Commission condemns the US measure and warns that ""if necessary, we will respond quickly and decisively to defend our regulatory autonomy against unjustified measures""Brussels fine X with 120 million euros for failing to comply with transparency obligations Donald Trump continues to coerce Europe in its particular cultural war and in defense… 2 months ago · Spain",https://ground.news/interest/eldiarioes
ladepeche.fr,Lean Left,"Thierry Breton Banished From the United States by the Trump Administration: How the ""Tyran of Europe"" Has Put America on the Back","The Trump administration has announced that Thierry Breton's residence permits as well as four other European personalities committed to strict regulation of technology and against online disinformation, have... 2 months ago",https://ground.news/interest/ladepechefr
Irish Times,Lean Left,Ex-EU commissioner and activists barred from US in attack on European tech regulators,"US state department accuses five Europeans of pressuring tech firms to censor or suppress American viewpoints 2 months ago · Dublin, Ireland",https://ground.news/interest/irish-times
NOS,Right,Us Exceptional Measure: Former Eu Commissioner Banned From Entering Country,Four European activists from non-profit organizations that fight disinformation have also been given US visa bans. 2 months ago · Netherlands (Kingdom of the),https://ground.news/interest/nos_4ae905
Lietuvos Radijas ir Televizija,Center,European Commission Strongly Condemns Us Sanctions on Five Europeans,"The European Union (EU) ""strongly condemns"" US sanctions on five European figures involved in the regulation of technology companies, including former European Commissioner Thierry Breton, the European Commission (EC) said on Wednesday. 2 months ago · Vilnius, Lithuania",https://ground.news/interest/lietuvos-radijas-ir-televizija
Euro Weekly News,Lean Left,Trump intensifies confrontation with EU by sanctioning leaders tackling online hate speech,"The pressure campaign by Donald Trump’s Administration against the European Union over its digital rules has reached an unprecedented level. In a move without parallel in transatlantic relations, Washington has imposed sanctions on several European figures linked to content moderation and the fight against online hate speech, accusing them of “censoring Americans” abroad. The decision… Source 2 months ago · Spain",https://ground.news/interest/euro-weekly-news
Politico Europe,Lean Left,US sanctions former EU commissioner and four Europeans over efforts to curb online hate speech,"US Secretary of State Marco Rubio named British, French and German citizens involved in efforts to curb the spread of disinformation are targeted by the visa ban. 2 months ago · Brussels, Belgium",https://ground.news/interest/politico-europe
valeursactuelles.com,Right,Thierry Breton Banned From Entry Into the United States by the Trump Administration,"The Trump administration announced, on Tuesday 23 December, sanctions against five European personalities, including former European Commissioner Thierry Breton, reports Le Figaro. These personalities have regularly attacked the United States and demanded that... Read article The former European Commissioner Thierry Breton banned entry into the United States by the Trump administration appeared first on Current Values. 2 months ago",https://ground.news/interest/valeursactuellescom
UPI,Center,"U.S. bars former EU commissioner, 4 others from entering country","Former EU Commissioner for the Internal Market Thierry Breton was the chief target of a U.S. travel ban imposed on European online safety activists. 2 months ago · Washington, United States",https://ground.news/interest/upi_0b956e
Irish Examiner,Lean Left,Former EU commissioner and activists barred from US in attack on European tech regulators,Rolling coverage of the international stories of interest to our readers 2 months ago · Ireland,https://ground.news/interest/irish-examiner
Report24,Far Right,Washington Makes Serious: Sanctions and Entry Bans for the Censors of the Eu,"Two executives and founders of the German censorship NGO ""Hate Aid"" have just been banned from entering the USA. Former EU Commissioner Thierry Breton, who is responsible for the censorship measures, is also no longer allowed to enter the country. Washington stops talking and admonishing – it starts the fight against the European censorship complex. The US government has just served the people in Germany (and the EU) an early Christmas present –… 2 months ago",https://ground.news/interest/report24
La Vanguardia,Center,Trump Opens Another Front with Europe and Vetoes Entry to a Former Eu Commissioner for “Censoring” Us Platforms.,"The government of Donald Trump, whose aversion for Europe became evident after the publication of the National Security Strategy, has banned the visa of a former EU Commissioner and four other people involved in the fight against disinformation on social networks, considering that they promote censorship and unjustly attack US technological giants.Continue reading... 2 months ago · Granada, Spain",https://ground.news/interest/la-vanguardia
PerthNow,Center,US imposes visa bans over European online platform laws,"Visa bans on architects and campaigners of Europe's push to further regulate top American tech companies has riled the French government. 2 months ago · City of Perth, Australia",https://ground.news/interest/perthnow
UnHerd,Center,US denies visa to head of Global Disinformation Index,"The United States has denied a visa to Clare Melford, the head of the UK-based Global Disinformation Index (GDI). The move forms part of a wider push by Washington against what it describes as a “global censorship-industrial complex” which is pressuring US companies to suppress lawful speech. The US State Department said it would impose visa restrictions on five individuals, including former EU commissioner Thierry Breton, whom it accused of see… 2 months ago",https://ground.news/interest/unherd
Hot Air,Right,Sacre Bleu! Macron Steams After US Bars Censorship-Happy EU Officials,"Macron criticizes US visa restrictions on EU officials amid censorship tensions. 2 months ago · Arlington, United States",https://ground.news/interest/hot-air
CNBC,Center,'Witch hunt': Ex-EU commissioner Breton denounces U.S. visa ban targeting 'censorship',The former EU commissioner and four anti-disinformation campaigners were the subject of U.S. travel sanctions. 2 months ago · United States,https://ground.news/interest/cnbc
20minutos,Center,"Former European Commissioner Thierry Breton, Among Those Affected by Us Visa Restrictions","On Tuesday, Donald Trump's administration announced visa restrictions on five ""agents of the global censorship industrial complex,"" including former European Union Internal Market Commissioner Thierry Breton, who are accused of coercing U.S. platforms to censor opposing U.S. opinions. Undersecretary of State for Public Diplomacy Sarah Rogers has confirmed that Breton is among those affected, because he is ""one of the architects"" of the Digital S… 2 months ago · Madrid, Spain",https://ground.news/interest/20minutos
Zero Hedge,Right,Trump Admin Bans Anti-Free Speech EU Globalists From Entering US,"ZeroHedge - On a long enough timeline, the survival rate for everyone drops to zero 2 months ago · United States",https://ground.news/interest/zero-hedge
ledauphine.com,Center,"United States. ""a Global Industrial Complex of Censorship"": Why Washington Punishes Thierry Breton and Other Europeans","The Trump administration announced on Tuesday sanctions against five European personalities committed to strict regulation of technology and against online misinformation, including a Frenchman, former European Commissioner Thierry Breton, who denounced a ""wind of maccarthysm"". This is what we know. 2 months ago",https://ground.news/interest/ledauphinecom
شفق نيوز,Left,Trimb Prevents the Entry of Five Prominent European Figures Into America.,"While Secretary of State Marco Rubio said that ""ideologists in Europe have long led systematic efforts to force American platforms to suppress American views that are against them,"" he stressed that ""the Triump administration will no longer tolerate these blatant practices of extra-border surveillance."" ""The Department will take steps to deny leading figures in the global industrial control complex"" expressed its willingness to ""expand the list … 2 months ago · Iraq",https://ground.news/interest/_465d27
WND,Far Right,Trump administration bans five European censorship advocates from entering U.S. over free speech concerns * WorldNetDaily * by WND Staff,"... 2 months ago · Medford, United States",https://ground.news/interest/wnd
TF1 INFO,Center,Thierry Breton and 4 Other Europeans Deprived of a Visa in the United States: Why Such a Sanction?,"The United States has imposed sanctions on five Europeans, committed to the regulation of digital technology and the fight against disinformation. Frenchman Thierry Breton, former European Commissioner, is one of the people targeted. The latter is blaming a ""wind of maccarthysm"" blowing on Washington. - Thierry Breton and four other Europeans deprived of a visa in the United States: why such a sanction? (International). 2 months ago",https://ground.news/interest/tf1-info
detector.media,Lean Left,Us Imposes Visa Sanctions Against Eu Excommissar and Disinformation Fighters,"According to Rubio, these people are leading an organized effort to force American platforms into censorship, demonetization, and “suppression of American views that they oppose.” 2 months ago",https://ground.news/interest/detectormedia
RTV Slovenija,Lean Left,Us Denies Entry to Former European Commissioner Breton over Online Censorship Allegations,"The United States has announced that it will deny visas to former European Commissioner Thierry Breton and four other people who, in their opinion, are pressuring American technology companies and forcing them to censor social media. 2 months ago",https://ground.news/interest/rtv-slovenija
Kyiv Post,Lean Left,"US Bars Former EU Tech Chief, Civil Society Figures Over Digital Rules","Visa crackdown escalates transatlantic fight over online regulation, free speech, and European digital sovereignty. 2 months ago · Kyiv, Ukraine",https://ground.news/interest/kyiv-post
sta.si,Center,Us Bans Entry to Former European Commissioner Breton over Alleged Online Censorship,"The United States is banning five Europeans from entering the country for trying to force American platforms to censor social media, the State Department said on Tuesday. They include former European Commissioner Thierry Breton, who warned after the US State Department's decision that it was a witch hunt. 2 months ago",https://ground.news/interest/stasi
der Standard AT,Lean Left,Usa Impose Entry Bans Against European Hate-in-the-Network Ngos and Ex-Eu Commissioner Breton,"Because of alleged censorship of American online platforms, entry bans have been issued. Europe is also free and sovereign in the digital area, says ex-EU Commissioner Breton against 2 months ago · Vienna, Austria",https://ground.news/interest/der-standard_389fff
Berliner Zeitung,Lean Left,Hateaid: Usa Imposes Entry Bans Against Former Eu Commissioners and German Activists,The U.S. confirms the leadership of the German organization HateAid and other activists with entry bans. Washington accuses them of participation in censorship. 2 months ago,https://ground.news/interest/berliner-zeitung
Hot News,Lean Left,Reaction From Europe After an Former Eu Commissioner Has Been Banned in the u.s. of the Trump - hotnews.ro Administration,"The French government condemned Wednesday's visa ban imposed by Thierry Breton's Trup administration, a European Commissioner who contributed to the promotion of the EU's Digital Services Act, which targets large American companies in the field... 2 months ago · Romania",https://ground.news/interest/hot-news
Radio-Canada,Lean Left,Regulation of Technology: Washington Punishes Europeans,"The Trump administration punishes five European personalities committed to strict regulation of technology, including a former European Commissioner. 2 months ago · Montreal, Canada",https://ground.news/interest/radio-canada
444.hu,Lean Left,The Us Has Banned Leaders of European Organizations Fighting Online Disinformation and Hate Speech,"According to the US Secretary of State, the five individuals now banned seek to censor American platforms, and their entry, presence, or activities in the United States have potentially serious, adverse foreign policy consequences for the United States. 2 months ago · Hungary",https://ground.news/interest/444hu
lindependant.fr,Center,Tech Regulation: Why Did the United States Ban French Thierry Breton?,"Tensions between the United States and the European Union are intensifying around digital technology. Washington has banned Thierry Breton visa and four activists, accused of promoting censorship of platforms... 2 months ago",https://ground.news/interest/lindependantfr
Devdiscourse,Center,Transatlantic Tensions: U.S. Visa Ban on EU Leader Sparks Outrage,"The French government has condemned a U.S. visa ban on Thierry Breton, a former European Union commissioner. The Trump administration has accused Breton and others of censoring U.S. social media. This move comes amid tensions over the EU's Digital Services Act, targeting American tech companies. 2 months ago · India",https://ground.news/interest/devdiscourse
Il Post,Lean Left,The United States Denied the Visa to Former European Commissioner Thierry Breton,"He is accused of wanting to censor freedom of thought, for his work in combating misinformation on the Internet 2 months ago · Italy",https://ground.news/interest/il-post
EADaily,Right,The White House has hit Euro-Atlantic unity: The United States imposed sanctions against Europeans: EADaily,"EADaily, December 24th, 2025. The United States of America imposed sanctions in the form of a ban on entry for five Europeans, including former EU Commissioner for Internal Market Thierry Breton. This was announced by US Secretary of State Marco Rubio. 2 months ago",https://ground.news/interest/eadaily
censor.net,Lean Left,Us Imposes Visa Sanctions Against Eu Excommissar Breton and Disinformation Fighters,The US State Department has imposed visa sanctions on former European Commissioner Thierry Breton and leaders of organizations that counteract disinformation. The Donald Trump administration said that these individuals were involved in limiting and censoring American views. 2 months ago,https://ground.news/interest/censornet_caee9a
DR,Lean Left,Us to Deny Entry to Former Eu Commissioner over Alleged Censorship,"This could in the future result in a refusal at the airport for former French EU Commissioner Thierry Breton if he wishes to travel to the United States. 2 months ago · Copenhagen, Denmark",https://ground.news/interest/dr
Digi 24,Center,"The Trump Administration Prohibits Us Visas for Five Europeans, Including Former Commissioner Thierry Breton.","The Trump administration announced in March sanctions against five European personalities engaged in regulation of online technology and misinformation, including a former European Commissioner, Thierry Breton, a decision declared ""with the highest strength"" of Paris, reports AFP. 2 months ago · Romania",https://ground.news/interest/digi-24
Sueddeutsche Zeitung,Lean Left,Usa Sanction Leadership of the German Organization Hate Aid,"The two managing directors Anna-Lena von Hodenberg and Josephine Ballon are no longer allowed to enter the USA. 2 months ago · Munich, Germany",https://ground.news/interest/sueddeutsche-zeitung
Politiken,Lean Left,End 'These Egregious Acts': Us Punishes Five Europeans for Alleged Censorship of American Views,"Thierry Breton will be denied entry to the United States. He is accused of being part of a global censorship industry. 2 months ago · Copenhagen, Denmark",https://ground.news/interest/politiken
Channel News Asia,Center,"US targets former EU commissioner, activists with visa bans over alleged censorship","WASHINGTON: The Trump administration on Tuesday (Dec 23) imposed visa bans on a former European Union commissioner and anti-disinformation campaigners it says were involved in censoring US social media platforms, in the latest move in a campaign aimed at European rules that US officials say go beyond legitimate regu 2 months ago · Singapore",https://ground.news/interest/channel-news-asia
Le Huffington Post,Left,Why the United States Deprives Thierry Breton and Four Other Europeans of a Visa,"The former European Commissioner is targeted for acting for a regulation of technology and against online disinformation. 2 months ago · Paris, France",https://ground.news/interest/le-huffington-post
Schweizer Radio und Fernsehen (SRF),Lean Left,Usa Impose Entry Bans on Five Persons,"The U.S. government imposes an entry ban on several people because of the alleged censorship of U.S. platforms. 2 months ago · Zürich, Switzerland",https://ground.news/interest/schweizer-radio-und-fernsehen-srf
Jyllands-Posten,Right,Us Punishes Former Eu Commissioner for Alleged Censorship,"The United States will deny visas to former French EU Commissioner Thierry Breton and four other Europeans accused of working to censor American views on American media platforms. The United States... 2 months ago · Aarhus, Denmark",https://ground.news/interest/jyllands-posten
Al Jazeera,Lean Left,US bars five Europeans over alleged efforts to ‘censor American viewpoints’,US to deny visas to an ex-EU commissioner and four others it accuses of efforts to censor speech on social media. 2 months ago · Qatar,https://ground.news/interest/al-jazeera_1a2e2c
New York Post,Right,Trump admin bars five European officials from entering US due to ‘extraterritorial censorship’ campaign,"The State Department revealed Tuesday that it is barring five ""egregious"" European figures in the ""global censorship-industrial complex"" from entering the US. 2 months ago · New York, United States",https://ground.news/interest/new-york-post
Spiegel,Lean Left,Usa: Sanctions Against Hateaid Leaders Cause Outrage,"In an initial statement on the US sanctions, the heads of HateAid speak of an act to ""silence critics with all the rigour."" Ex-EU Commissioner Breton, who is also concerned, sees a ""witch hunt"". 2 months ago · Germany",https://ground.news/interest/spiegel
The Gateway Pundit,Far Right,Trump State Department Bars EU-Linked Globalists from Entry for Pushing Anti-Free Speech Censorship,"The US Department of State, under the direction of Marco Rubio, has taken a rare and decisive step against European political figures accused of acting against American interests, barring several prominent individuals who’ve sought to censor free and open dialogue on American platforms. 2 months ago · United States",https://ground.news/interest/the-gateway-pundit
yle,Center,Us Imposes Visa Ban on Ex-Commissioner over Alleged Social Media Censorship,"According to Secretary of State Marco Rubio, those subject to visa bans have led an organized effort to suppress American views. 2 months ago · Finland",https://ground.news/interest/yle
SDPnoticias.com,Lean Left,United States Imposes Immigration Veto on Five Europeans for Alleged Censorship,"The Secretary of State, Marco Rubio, announced that five European citizens were banned from entering the United States due to acts of censorship against the country.The five European citizens who received the U.S. immigration veto are high profile figures, including European Union activists and market commissioners.Who are the European citizens who have immigration veto from the United States?Within the five European citizens who have immigratio… 2 months ago",https://ground.news/interest/sdpnoticiascom
rp-online.de,Right,Human Rights Organization Hateaid: Usa Prohibits Entry to the Federal Order of Merit,"The Trump administration calls online platform laws ""suppression of American positions."" Now it imposes entry bans on EU representatives and organisations that oppose hatred and disinformation on the web. 2 months ago",https://ground.news/interest/rp-onlinede
Le Monde,Lean Left,Washington targets Thierry Breton and other Europeans for their role in tech regulation,"Paris condemns 'in the strongest possible terms' the American decision targeting the former European Commissioner, Thierry Breton. Washington has called European regulatory actions 'censorship' and is directly targeting major tech figures. 2 months ago · Paris, France",https://ground.news/interest/le-monde
NRC Handelsblad,Lean Left,"Us Imposes Visa Sanctions on Former Eu Commissioner Breton, Who Designed Tougher Rules for Big Tech",The United States has imposed sanctions on five prominent European figures who have worked in recent years to tighten regulation of Big Tech. One… 2 months ago · Netherlands (Kingdom of the),https://ground.news/interest/nrc-handelsblad
El Universo,Right,u.s. Denies Visa to Former Eu Commissioner Linked to a Law Considered an Instrument of Censorship,"The measure targets Thierry Breton, a former European Commissioner for the Internal Market and who led digital regulation in Europe. 2 months ago",https://ground.news/interest/el-universo
Zeit Online,Lean Left,"Targeted Advisory Centre: Hateaid Leaders on Us Sanctions: ""Act of Repression""","Here you will find information on the topic ""Consulting Centre in the sights"". Read now ""HateAid leaders on US sanctions: ""Act of repression"""". 2 months ago · Germany",https://ground.news/interest/zeit-online
Radio France Internationale,Center,The United States Provides Five Europeans Who Have Worked to Regulate Technology in Europe,"France denounces ""with the utmost firmness"" the American sanctions against five European nationals, including former European Commissioner Thierry Breton, who speaks of a ""wind of maccarthysm"" with reference to witch hunts against communist militants in the 1950s in the United States. These five personalities have worked to regulate technology in Europe and are now banned from staying in the United States. The US State Department accuses them of… 2 months ago · Paris, France",https://ground.news/interest/radio-france-internationale
France24,Center,US bars five Europeans over alleged pressure on tech firms to censor ...,2 months ago · France,https://ground.news/interest/france24
Deutsche Welle,Center,"US bans ex-EU commissioner, others over social media rules","The US accuses former EU tech regulator Thierry Breton and four anti-disinformation campaigners of censorship. Breton called the visa ban a ""witch hunt."" 2 months ago · Bonn, Germany",https://ground.news/interest/deutsche-welle
voz.us,Right,The State Department Bans Europeans Complicit in Censoring Freedom of Expression From Entering the United States,"The U.S. government announced the imposition of new immigration sanctions against five foreign citizens accused of leading or promoting coordinated efforts to pressure U.S. platforms to censor opinions protected by freedom of expression. The State Department confirmed that the measures are part of President Donald Trump's foreign policy, focused on defending national sovereignty and rejecting censorship from abroad.Read more]]> 2 months ago",https://ground.news/interest/vozus
BBC News,Center,UK campaigners among five denied US visas,The Trump administration bans five people who have called for tech regulation from entering the country. 2 months ago · United Kingdom,https://ground.news/interest/bbc-news_bf95f4
Hola News,Center,"u.s. Bans Five Europeans Accused of Censorship, Including a Former Commissioner","Washington, Dec 23 (EFE).- The Donald Trump administration has banned the entry into the United States of five European citizens who are accused of “coercing” social networks to censor U.S. voices, Secretary of State Marco Rubio announced this Tuesday. Among those sanctioned was former European Commissioner of Internal Market Thierry Breton (2019-2024), a driving force behind regulations to limit disinformation on platforms such as X, Meta and T… 2 months ago",https://ground.news/interest/hola-news
연합뉴스-Yonhap News Agency,Right,"The Us Has Banned Five Individuals, Including a Former Eu Executive, From Entering the Country, Accusing Them of Censoring Big Tech's Speech.","(Seoul = Yonhap News) Reporter Go Il-hwan = The United States has banned the entry of five people, including former high-ranking officials from the European Union (EU) who led legislation to regulate big tech companies in the United States. 2 months ago · Korea (the Republic of)",https://ground.news/interest/_ae7d36
The Verge,Lean Left,Trump administration bars former EU official and anti-disinformation and hate researchers from US,"Thierry Breton, former EU Commissioner for Internal Market and Services, speaks at the event ""Economic Transformation, Net-Zero Valley and Digitalization"" in May 2024. On Tuesday, the Trump Administration followed through on a threat of retaliation targeting foreigners who are involved in content moderation. The State Department announced sanctions barring US access for former EU commissioner Thierry Breton, as well as four researchers, while i… 2 months ago · United States",https://ground.news/interest/the-verge
ABC FOX Montana,Center,"US denies visas to EU ex-commissioner, four others over tech rules","The US State Department said Tuesday it would deny visas to a former EU commissioner and four others, accusing them of seeking to ""coerce"" American social media platforms into censoring viewpoints they oppose. 2 months ago · Missoula, United States",https://ground.news/interest/abc-fox-montana
The Thinking Conservative,Far Right,US Bars Entry for Foreign Nationals Seeking to Censor Americans - The Thinking Conservative News,"The U.S. will block the entry of foreign nationals who have supported efforts to censor Americans, Secretary of State Marco Rubio announced on Dec. 23. The post US Bars Entry for Foreign Nationals Seeking to Censor Americans appeared first on The Thinking Conservative News. 2 months ago",https://ground.news/interest/the-thinking-conservative
The Epoch Times,Right,US Bars Entry for Foreign Nationals Seeking to Censor Americans,"The United States will block the entry of foreign nationals who have supported efforts to censor Americans, Secretary of State Marco Rubio announced on Dec. 23. “For far too long, ideologues in Europe have led organized efforts to coerce American platforms to punish American viewpoints they oppose. The Trump administration will no longer tolerate these egregious acts of extraterritorial censorship,” Rubio wrote in an X post highlighting the move… 2 months ago · New York, United States",https://ground.news/interest/the-epoch-times
CNN,Lean Left,"State Department imposes sanctions on former EU official, disinformation group leaders for ‘censorship’","The US State Department on Tuesday imposed visa sanctions on a former top European Union official and employees of organizations that combat disinformation for alleged censorship – sharply ratcheting up the Trump administration’s fight against European regulations that have impacted digital platforms, far-right politicians and Trump allies, including Elon Musk. 2 months ago · Atlanta, United States",https://ground.news/interest/cnn
Dnevni list Danas,Lean Left,Us Bans Former Eu Commissioner and Others From Entering Country for Allegedly Censoring American Views,"The State Department announced on Tuesday that it was banning entry into the United States of five Europeans accused of leading efforts to pressure American technology firms to censor or suppress American views. 2 months ago · Belgrade, Serbia",https://ground.news/interest/dnevni-list-danas
Corriere Della Sera,Center,The Us Denies Visa to Former Eu Commissioner Breton and Four Other European Personalities,"Breton, who is part of a group for the development of stricter regulations in the field of technology, is accused by the US of carrying out actions that are equivalent to a ""censorship"" at the expense of American interests 2 months ago · Italy",https://ground.news/interest/corriere-della-sera
Il Sole 24 Ore,Right,Us Sanctions Against Five European Personalities Including Former Eu Commissioner Breton,"The United States has announced sanctions against five European personalities engaged in strict regulation of the technology sector, prohibiting them from entering the country. Among the people affected by the measures also... 2 months ago · Milan, Italy",https://ground.news/interest/il-sole-24-ore
ANSA,Center,"The Us Denies Visa to Former Eu Commissioner, Breton: 'He Damaged Big Tech' - North America",The U.S. Department has also sanctioned four European NGOs (ANSA) 2 months ago · Italy,https://ground.news/interest/ansa
EFE,Center,"u.s. Bans the Entry of Five Europeans Accused of Censorship, Including a Former Commissioner","The Donald Trump administration has banned five European citizens from entering the United States who are accused of ""coercing"" social networks to censor U.S. voices, Secretary of State Marco Rubio announced. 2 months ago",https://ground.news/interest/efe
BFM TV,Center,"The United States Bans Thierry Breton Visa and Four Other Europeans, on the Basis of Disagreements over the Regulation of Technology","On Tuesday, the United States announced sanctions against five European personalities committed to strict regulation of technology, including former European Commissioner Thierry Breton, who was banned from staying. 2 months ago · France",https://ground.news/interest/bfm-tv
GB News,Right,US sanctions five Europeans who 'pressured tech firms to censor views' after revealing 'red line' on GB News,"Donald Trump's State Department has announced it was prohibiting five European individuals from entering the United States, accusing them of spearheading campaigns to coerce American technology companies into suppressing US viewpoints 2 months ago · London, United Kingdom",https://ground.news/interest/gbnewscom
vrt,Center,"5 Europeans Fighting for Stricter Regulation of the Tech Sector Are Banned From Entering the Us, Including Former European Commissioner Thierry Breton","The US is imposing sanctions on five Europeans who advocate for stricter regulation of the technology sector. This includes Thierry Breton, France's former European Commissioner. They are facing travel bans because, according to Washington, they are ""censoring"" American companies. 2 months ago · Antwerp, Belgium",https://ground.news/interest/vrt
ilmessaggero.it,Center,"Usa, Negati I Vista a 5 Europei: Tra Cui L'ex Commissario Ue Breton. Paris: ""Stop Condemna""","The United States has announced sanctions against five European personalities committed to stricter regulation on the technology sector, including the former... 2 months ago",https://ground.news/interest/ilmessaggeroit
franceinfo.fr,Lean Left,Former European Commissioner Thierry Breton Bans Visa by the United States,Washington has imposed a ban on the former minister and four other European personalities because of their commitment to strict regulation of American tech giants. 2 months ago,https://ground.news/interest/franceinfofr
Anadolu Ajansı,Right,US imposes visa restrictions on 5 individuals accused of attempting to coerce platforms to censor 'American viewpoints',"US secretary of state says 'radical activists' advanced censorship crackdowns targeting American speakers and companies - Anadolu Ajansı 2 months ago · Ankara, Türkiye",https://ground.news/interest/anadolu-ajans
Associated Press News,Lean Left,US bars five Europeans it says pressured tech firms to censor American viewpoints online,The State Department is barring five Europeans it accuses of leading efforts to pressure U.S. tech firms to censor or suppress American viewpoints. 2 months ago · United States,https://ground.news/interest/associated-press-news
Le Parisien,Right,"Gafam: Washington Bans Five Europeans, Including Frenchman Thierry Breton, Paris Reacts","Donald Trump had promised reprisals if the European Union did not lighten the restrictions in the digital sector. 2 months ago · Paris, France",https://ground.news/interest/le-parisien
Il Fatto Quotidiano,Lean Left,Usa Sanction Thierry Breton and 4 Other Europeans: No Entry Into the Country,"The United States has decided to sanction five European personalities committed to stricter regulation on the technology sector. Among them there is also the former European Commissioner for the Internal Market and Services, Thierry Breton. He was forbidden to enter the country. The State Department justified the measures stating that the actions of these people are equivalent to ""censura"" and are harmful to American interests. Breton, indicated… 2 months ago · Rome, Italy",https://ground.news/interest/il-fatto-nuotidiano
La Libre,Center,"American Sanctions Against Five Europeans for Strict Regulation of Technology: ""the Trump Administration Will No Longer Tolerate These Acts of Censorship""","The United States has sanctioned five Europeans, including former Commissioner Thierry Breton, accused of conducting digital regulatory actions deemed to be extraterritorial censorship. ... 2 months ago · Brussels, Belgium",https://ground.news/interest/la-libre
The National Pulse,Right,"U.S. Sanctions Pro-Censorship Figures in UK, EU for Suppressing Americans’ Free Speech.","PULSE POINTSWHAT HAPPENED: The United States imposed sanctions targeting the international censorship-NGO ecosystem, focusing on visa-related measures against former officials and NGO leaders in Britain and the European Union (EU) involved in extraterritorial censorship of American speech.WHO WAS INVOLVED: Under Secretary of State Sarah B. Rogers announced the sanctions. Secretary of State Marco Rubio and several foreign former figures, includin… 2 months ago",https://ground.news/interest/the-national-pulse
Novinky.cz,Lean Left,Us Sanctions Five Europeans over Alleged Censorship of Us Platforms,"The United States has imposed sanctions in the form of a travel ban on five Europeans, including former European Commissioner for Internal Market Thierry Breton, over alleged censorship of American internet platforms, AFP and DPA reported. 2 months ago",https://ground.news/interest/novinkycz
Sud Ouest,Center,United States: Thierry Breton Bans Entry with Four Other Europeans in Favour of the Regulation of Technology,"Five European figures committed to strict regulation of technology, including former French European Commissioner Thierry Breton, are prohibited from staying on Tuesday The United States 2 months ago · France",https://ground.news/interest/sud-ouest
RedState,Right,Rubio Targets Five Foreign Operatives Who Conspired With Big Tech to Censor Americans,"Rubio sanctions five foreign operatives for colluding with Big Tech to censor Americans. 2 months ago · Washington, United States",https://ground.news/interest/redstate
Welt,Right,"""Exterritorial Censorship? Usa Impose Sanctions","Because of alleged censorship of American platforms, the U.S. government imposes entry bans. Secretary of State Marco Rubio makes a reference to Europe and accuses actors there of suppressing U.S. opinions. Details about those affected remain open. 2 months ago · Dortmund, Germany",https://ground.news/interest/welt
leprogres.fr,Center,Usa. Washington Visa Ban Thierry Breton and 4 Other Europeans,"On Tuesday, the United States announced retaliatory measures against European figures in the regulation of technology, including the French Thierry Breton. 2 months ago",https://ground.news/interest/leprogresfr
Le Figaro,Right,"Washington Bans Five Europeans, Including Thierry Breton, Who Denounces a ""Wind of Maccarthysm""","The actions of these five personalities, committed for strict regulation of technology, seem to be ""censorship"" to the detriment of American interests, justified the State Department. 2 months ago · Paris, France",https://ground.news/interest/le-figaro
wz.de,Center,European Censorship? Usa Impose Sanctions,"US Secretary of State Marco Rubio criticizes ""ideologists"" in Europe who wanted to censor American platforms. At the same time, his ministry announces an entry ban against several people. 2 months ago",https://ground.news/interest/wzde
The Daily Signal,Right,EXCLUSIVE: Trump Bars Five Europeans Accused of Censoring American Speech from Entering US,"President Donald Trump is barring five “agents of the global censorship-industrial complex” from entering the United States. 2 months ago · Washington, United States",https://ground.news/interest/the-daily-signal
Mediaite,Lean Left,Trump Admin Sanctions Europeans Engaged in Censorship: ‘Unwelcome on American Soil’,"The Trump administration announced sanctions against several British and European figures accused of engaging in the ""extraterritorial censorship of Americans."" 2 months ago · United States",https://ground.news/interest/mediaite
Just the News,Right,Rubio imposes visa restrictions on European officials who attempted to censor American free speech,"""The Trump Administration will no longer tolerate these egregious acts of extraterritorial censorship,"" Rubio posted on X. ""Today, the State Department will take steps to bar leading figures of the global censorship-industrial complex from entering the United States. We stand ready and willing to expand this list if others do not reverse course."" 2 months ago · Washington, United States",https://ground.news/interest/justthenewscom
Newsmax,Right,Us Bars 5 Europeans over Tech Censorship Push,"2 months ago · Washington, United States",https://ground.news/interest/newsmax
Aletho News,Center,US Department of State Discloses Names of 5 Europeans Sanctioned for Censorship Against US,"Sputnik – 24.12.2025 US Under Secretary of State Sarah Rogers has disclosed the list of five Europeans who have been sanctioned by Washington for the extraterritorial censorship of Americans. The list includes Thierry Breton, who is described as a mastermind of the Digital Services Act (DSA); Imran Ahmed, who headed the Center for Countering Digital Hate (CCDH) that called for deplatforming US anti-vaxxers, including now Secretary of Health Robe… 2 months ago",https://ground.news/interest/aletho-news
Le Parisien,Right,"400 M Lava Jets, Thick Snow coat... Etna Erupts and Offers a Magnificent Show to Skiers","Europe's largest active volcano woke up at the beginning of winter offering a striking contrast between fire and snow, to the delight of skiers. 2 months ago · Paris, France",https://ground.news/interest/le-parisien
One News Page,Center,Moment snow-covered Mount Etna erupts spewing lava and ash,Unphased skiers are seen tackling the slopes beneath Mount Etna in dramatic new photographs taken after the latest eruption at the active volcano in C... Moment snow-covered Mount Etna erupts spewing lava and ash 2 months ago,https://ground.news/interest/one-news-page
Sydney Morning Herald,Lean Left,Skier comes down Mount Etna as volcano erupts in the background,"The oldest of Etna’s four main summit craters has made its presence felt – almost 28 years after its last major eruption. 2 months ago · Sydney, Australia",https://ground.news/interest/sydney-morning-herald
CNN,Lean Left,Skier rides down Mt. Etna as it erupts,"Video shows a lone skier riding down Mount Etna in Italy while it erupted. The volcano, one of the world’s most active, saw days of activity before the eruption on Saturday. 2 months ago · Atlanta, United States",https://ground.news/interest/cnn
Times of Malta,Center,"Mt Etna erupts, surprising skiers","Sicily's snow-covered Mt Etna erupted spectacularly on Saturday after months of relative quiet, sending huge plumes of smoke into the air as skiers enjoyed the holidays below.The activity was concentrated around the North-East crater with lava fountains reportedly between 150-200m high. The last eruption from this crater was in 1982.No one was injured and flight... 2 months ago",https://ground.news/interest/times-of-malta
The Independent,Lean Left,"Skiers watch as Mount Etna erupts, sending ash into sky","2 months ago · London, United Kingdom",https://ground.news/interest/the-independent_ff73a6
La Tercera,Right,Record the Spectacular Moment when the Etna Volcano Erupts,"Etna, the highest volcano in Europe on the Italian island of Sicily, began a new eruptive phase with strong explosions in the northeastern crater, which launched abundant pyroclastic material, a moment that was etched by a drone very close to the mouth of the massif. 2 months ago · Chile",https://ground.news/interest/la-tercera
Hot News,Lean Left,Foto / Video Spectacular Eruption of the Etna Volcano in Sicily. Night View with Bay Fans up to 400 Meters - hotnews.ro,"The northeastern crater of the Etna volcano opened the sky of the Sicilian winter this weekend through a new stromoli activity, reports Euronews, according to News.ro. The eruptions, visible from nearby skiing tracks, offered them to tourists and residents... 2 months ago · Romania",https://ground.news/interest/hot-news
GB News,Right,Astounding moment snow-capped Mount Etna spews molten lava while plumes of black ash engulf Sicily,"Watch the astounding moment Italy's Mount Etna spews molten lava while gigantic plumes of black ash consume the Italian holiday hotspot. The shocking footage shows jets of lava shooting into the sky while a Sicilian skier glides down a nearby slope, seemingly unaware of the eruption.Massive clouds of ash can be seen billowing into the sky and across the European landscape after the peak entered a new eruptive phase on Boxing Day.Italy’s Istituto… 2 months ago · London, United Kingdom",https://ground.news/interest/gbnewscom
RTÉ,Center,Skiers glide down slopes as Mount Etna erupts,"Skiers took advantage of the Christmas holiday season by ski mountaineering on the slopes of Mount Etna, while Italy's most active volcano continued to erupt unabated. 2 months ago · Ireland",https://ground.news/interest/rte
romaniatv.net,Right,"The Etna Volcano Exploded Again, After Nearly 30 Years. the Lava Canals Reached Altitudes of up to 400 Metres.","The north-east crater of the Etna volcano entered a new stage of intense strombial activity on 27 December, generating lead fans of up to 400 metres and cannons visible from the ski sides of nearby. The Etna Vulcan Article has re-extended, after nearly 30 years. The lava fannas reached altitudes up to 400 metres in Romania TV for the first time. 2 months ago",https://ground.news/interest/romaniatvnet
The Washington Post,Lean Left,Skier glides down Mount Etna as volcano erupts in the background,Volcanic activity has intensified at Sicily’s Mount Etna in recent days. That hasn’t stopped visitors to Europe’s largest active volcano. 2 months ago,https://ground.news/interest/the-washington-post
News.ro,Lean Left,Etna Enters the Eruption and Offers the Scissors Near a Night Show,"The crater north-east of the Etna volcano opened the sky of Sicilian iron this weekend through a new strombial activity, reports Euronews. 2 months ago",https://ground.news/interest/newsro
Deutsche Welle,Center,Warning Level Increased: Etna Haunts Lava and Ash,"The volcano Etna on the Italian Mediterranean island has once again erupted in Sicily, and the authorities are admonishing caution. 2 months ago · Bonn, Germany",https://ground.news/interest/deutsche-welle
Spiegel,Lean Left,Italy: Etna on Sicily – Warning Level Increased After Nocturnal Lava Fountains,Glutfontänen at night impress spectators. But now it becomes dangerous again on Europe's largest active volcano. 2 months ago · Germany,https://ground.news/interest/spiegel
20minutos,Center,The Spectacular Images of the Eruption Etna Volcano with the Snow-Covered Summit,"The Etna, the highest volcano in Europe located on the Italian island of Sicily, has begun a new eruptive phase with strong explosions in the northeast crater, which launched pyroclastic material and lava washes without, for the moment, interrupting the air traffic of the airport of Catania.Thanks to the better visibility this Sunday, the Etna again offers spectacular explosions of ashes and smoke and lava washes that are observed among the snow… 2 months ago · Madrid, Spain",https://ground.news/interest/20minutos
il Giornale,Right,"The Volcano Etna Impresses, Lava Fountains 400 Meters High: the Warning Is Triggered",Civil protection has issued a yellow alert after having detected intense activity at the Northeast Crater. Here is the situation 2 months ago · Italy,https://ground.news/interest/ilgiornaleit
Euro Weekly News,Lean Left,Etna’s eruption & lava flows draw daring skiers,"Europe’s most active volcano, Mount Etna, roared back to life on December 27 with dramatic plumes of ash and smoke billowing from its Northeast Crater, yet the spectacle has only increased the attractiveness of Sicily’s unique ski resorts. Far from emptying the slopes, the eruption has drawn skiers eager to glide down snow-covered runs against the backdrop of glowing lava and volcanic fireworks. Source 2 months ago · Spain",https://ground.news/interest/euro-weekly-news
Euronews,Center,"Video. Mount Etna Erupts, Skiers Admire the Show on the Slopes","Video. The north-east crater of Etna ignited the sky of Sicily in the strombolia phase, visible from the slopes. Earthquake M 2.4, sign of the vitality of Etna. 2 months ago · France",https://ground.news/interest/euronews
fr.de,Lean Left,Volcano Eruption at Christmas: Etna Shoots 400 Meters High Lava Fountains – New Phenomenon Observed,Etna spits fire at Christmas: Ash falls on Taormina. The alarm level F1 has been declared - Catania airport remains open. 2 months ago,https://ground.news/interest/frde
RTV Slovenija,Lean Left,"Snow-Covered Etna Erupts Again, Air Traffic Not Disrupted","On Saturday, cameras captured explosions, lava, clouds of ash and smoke spewing from Sicily's Mount Etna volcano, prompting a red alert for aviation. Skiers were descending the lower slopes of the snow-capped volcano. 2 months ago",https://ground.news/interest/rtv-slovenija
BBC News,Center,Snow-capped Etna erupts as skiers use its slopes,"Volcanic activity at the mountain intensified on 27 December, according to Italian scientists. 2 months ago · United Kingdom",https://ground.news/interest/bbc-news_bf95f4
NBC News,Lean Left,Aerial Video Captures Eruption of Snowy Mount Etna,Aerial video captures eruption of snowy Mount Etna 2 months ago · United States,https://ground.news/interest/nbc-news
Il Fatto Quotidiano,Lean Left,Etna Lava Fountain: Jets up to 300-400 Meters High,"Stop and go: it's the unpredictable Etna. It starts, stops and then starts again and comes back to stop with its spectacular eruptive activities: a new episode of lava fountain began at the Northeast crater at 15:15, the activity, signals the Ingv-Oe of Catania, increased very abruptly, producing lava jets 300-400 meters high and an eruptive column loaded with pyroclastic material, which rose a few kilometers above the top of the Etna and then w… 2 months ago · Rome, Italy",https://ground.news/interest/il-fatto-nuotidiano
Irish Independent,Right,Charles Lipson: Volodymry Zelensky must be absolutely certain that Donald Trump will blame inevitable collapse of the peace talks on Vladimir Putin,"It was all smiles at Mar-a-Lago on Sunday, when Volodymyr Zelensky and Donald Trump met the press and spoke of a possible peace deal between Russia and Ukraine. The security guarantees necessary to end the war were “95pc done”, Trump said. Zelensky appeared to agree, at least in public. 2 months ago · Ireland",https://ground.news/interest/independentie
Sydney Morning Herald,Lean Left,The six words from Trump that had Zelensky – and the world – wincing,"The question is whether this Trumpian blind spot for Putin’s intent will doom the peace process by railroading Ukraine into accepting terms its people or its parliament cannot abide. 2 months ago · Sydney, Australia",https://ground.news/interest/sydney-morning-herald
Los Angeles Times,Lean Left,Zelensky works yet again to break Putin's hold on Trump,"Few signs of progress toward a peace agreement materialize from the meeting at Mar-a-Lago. 2 months ago · Los Angeles, United States",https://ground.news/interest/los-angeles-times
The Kyiv Independent,Lean Left,Exclusive: 'Be careful' — European leaders warned Zelensky to assess Trump's real stance at Mar-a-Lago,"A day before President Volodymyr Zelensky met U.S. President Donald Trump, European leaders privately warned the Ukrainian president that the talks could go badly and urged him to ""be careful,"" according to detailed notes from the call shared with the Kyiv Independent by a senior diplomatic source. The caution came ahead of Zelensky's Dec. 28 meeting with Trump at the U.S. president's Florida residence, Mar-a-Lago — a high-stakes encounter focus… 2 months ago · Kyiv, Ukraine",https://ground.news/interest/the-kyiv-independent
teleSUR,Left,Trump: the Russian-Ukrainian Peace Plan Will Close “in the Coming Weeks”,"The announcement was made after Trump's meeting with Ukrainian president Volodimir Zelenski at the residence of Mar-a-Lago, Florida 2 months ago",https://ground.news/interest/telesurtvnet
abc,Right,"David Alandete, Abc Correspondent in Washington, Discusses the Last Meeting for Peace in Ukraine: ""Zelenski Knows Something Has to Yield""","David Alandete, ABC correspondent in Washington, discusses the end-of-year meeting that Donald Trump and Volodimir Zelenski have hosted in Florida. A cordial meeting that has had little to do with the first one, at which both leaders ended up discussing. The two main points that have been agreed at this summit have been a military protection by the United States to Ukraine in case there is a Russian attack in the future, and some kind of territo… 2 months ago · Spain",https://ground.news/interest/abc_0c202e
aninews.in,Right,Trump holds 'positive' talks with Putin post Zelenskyy meet,White House Press Secretary Karoline Leavitt said that US President Donald Trump on Monday had a positive call with Russian President Volodymyr Zelenskyy on Ukraine. 2 months ago · India,https://ground.news/interest/aninewsin
Radio Free Europe/ RadioLiberty,Center,Optimism And Obstacles: What To Watch After The Trump-Zelenskyy Talks On Russia’s War In Ukraine,"After two hours of talks with his Ukrainian President Volodymyr Zelenskyy on December 28, US President Donald Trump said they were “getting a lot closer” to agreement on a deal to end Russia’s war against Ukraine. Here’s what to watch for as the US push for peace continues. 2 months ago · Czechia",https://ground.news/interest/radio-free-europe-radioliberty
The Hill,Center,Zelensky: 15-year US security guarantee part of peace proposal,"Ukrainian President Volodymyr Zelensky told reporters on Monday that the United States is offering a 15-year security guarantee in the latest draft of the 20-point peace proposal to end Kyiv’s war with Russia. Zelensky, answering reporters’ questions on WhatsApp, said he would prefer the Trump administration to commit to up to 50 years to deter… 2 months ago · Washington, United States",https://ground.news/interest/the-hill
Daily Journal,Center,"US offered Kyiv 15 years of security guarantees, Zelensky says","The US has offered Ukraine ""solid"" security guarantees for 15 years with a possibility of an extension but Kyiv is seeking a longer period, President Volodymyr Zelensky said Monday after meeting Donald Trump. 2 months ago · Cherokee County, United States",https://ground.news/interest/daily-journal_17eacc
Australian Financial Review,Right,"US has offered Ukraine 15-year security guarantee, says Zelensky","US security guarantees that had been confirmed by Congress would combine with pledges by European nations to form an effective protection for Ukraine 2 months ago · Sydney, Australia",https://ground.news/interest/australian-financial-review
Euronews,Center,"US security guarantees for Ukraine set for 15 years, Zelenskyy says","Although the US security guarantees for Ukraine have been ""100% agreed,"" they have a short expiration date, the Ukrainian president explained after revealing more details following his meeting with Trump on Sunday. 2 months ago · France",https://ground.news/interest/euronews
sta.si,Center,"Zelensky: Us Offers Ukraine 15 Years of Security Guarantees, Kyiv Wants a Longer Period","The United States has offered Ukraine solid security guarantees for a period of 15 years, but Kiev wants a longer period, Ukrainian President Volodymyr Zelensky said today, a day after talks with US President Donald Trump. He highlighted the territorial issue and the Zaporozhye nuclear power plant as unresolved issues in the peace talks. 2 months ago",https://ground.news/interest/stasi
bucksfreepress.co.uk,Center,US offering Ukraine 15-year security guarantee as part of peace plan – Zelensky,"US President Donald Trump hosted Mr Zelensky at his Florida resort on Sunday. 2 months ago · High Wycombe, United Kingdom",https://ground.news/interest/bucksfreepresscouk
The Tribune-Democrat,Lean Left,"U.S. offers Ukraine 15-year security guarantee as part of peace plan, Zelenskyy says","The United States is offering Ukraine security guarantees for 15 years as part of a proposed peace plan, according to Ukrainian President Volodymyr Zelenskyy. He expressed a preference for a longer commitment to deter Russian aggression. 2 months ago · Johnstown, United States",https://ground.news/interest/the-tribune-democrat
Meduza,Left,‘90 percent agreed’ Trump and Zelensky tout ‘progress’ at Florida meeting but make no major breakthroughs,"U.S. President Donald Trump hosted Ukrainian President Volodymyr Zelensky at his Mar-a-Lago resort in Palm Beach, Florida, on Sunday for the two leaders’ fourth meeting since Trump returned to office. Though both presidents described the meeting as “great,” it didn’t yield any major breakthroughs in finalizing a deal to end Russia’s war against Ukraine. Both leaders acknowledged that the issue of territory remains a sticking point, with Ukraine … 2 months ago · Riga, Latvia",https://ground.news/interest/meduza
Semafor,Lean Left,"Trump, Zelenskyy claim progress on Ukraine talks","US President Donald Trump said he had “the makings of a deal” to end the war in Ukraine after meeting with his Ukrainian counterpart Volodymyr Zelenskyy in Miami on Sunday.Zelenskyy said that US security guarantees for his country were “100% agreed,” while hailing the “great achievements” reached in the meeting. The talks will continue on Monday. Before the bilateral gathering, Trump spoke to Russian President Vladimir Putin, whom the US leader … 2 months ago · New York, United States",https://ground.news/interest/semaforcom
Le Figaro,Right,"Are You in Favour of Ukraine's Rapid Accession to the Eu, as Foreseen in the Trump-Zelensky Peace Plan?","2 months ago · Paris, France",https://ground.news/interest/le-figaro
Newsweek,Center,Russia-Ukraine live: Zelensky denies Putin drone strike claim,Donald Trump and Volodymyr Zelensky hailed progress on ending Russia's war in Ukraine at their Florida meeting in Mar-a-Lago. 2 months ago · United States,https://ground.news/interest/newsweek
Deutsche Welle,Center,"Trump, Zelenskyy praise progress in Ukraine peace talks","Ukraine's Volodymyr Zelenskyy and US President Donald Trump have praised progress made during peace talks at Trump's Mar-a-Lago home in Florida. Key issues, including security guarantees and territorial concessions, remain. 2 months ago · Bonn, Germany",https://ground.news/interest/deutsche-welle
Political Wire,Center,Just Keeping Trump Talking Counts as a Win,"“A new round of peace talks between President Volodymyr Zelensky of Ukraine and President Trump seem to have produced little beyond a promise to meet again next month and a reminder of how distant a peace deal remains,” the New York Times reports. “Yet for Mr. Zelensky, even a stalemate in the discussions counts as progress.” Washington Post: Trump and Zelensky strike hopeful tone after talks as hurdles remain. 2 months ago · New York, United States",https://ground.news/interest/political-wire
Oil Price,Center,"Oil Defies Ukraine Peace Hopes, Rises 2% as Iran Declares 'Full-Scale War'","Oil prices rose by 2% early on Monday in thinner-than-usual trading after the U.S. and Ukrainian presidents said progress had been made on a peace agreement, but issues still remain to be discussed.   As of 7:43 a.m. ET on Monday, the U.S. benchmark crude price, WTI Crude, was up by 2.43% on the day and traded at $58.12.  The international benchmark, Brent Crude, moved to $62 per barrel, up by 2.24% from Friday’s close.  U.S. President Donald Tr… 2 months ago · London, United Kingdom",https://ground.news/interest/oil-price
Corriere Della Sera,Center,"Negotiations on Ukraine, the ""Funnel Shooting"" of Putin and Zelensky with Trump and the Us Neighboring. the Proposal: the Donbass in Moscow and Guarantees for Kiev","Move forward to Mar-a-Lago, but the agreement is still missing: ""Stay one or two knots"" . The American president hears Putin and assures: ""Makes serious."" Then praises the European allies 2 months ago · Italy",https://ground.news/interest/corriere-della-sera
The Daily Progress,Center,Trump welcomes Zelenskyy for talks,WAR IN UKRAINE 2 months ago,https://ground.news/interest/the-daily-progress
Observador,Right,"6h. Donald Trump Says There Has Been ""a Great Progress"" in Meeting with Zelensky. ""We're Going to 95%""","Zelensky and Trump discussed “all aspects” of the 20-point proposal for three hours in Mar-a-Lago. Still in this journal, I am sure critical of voting with candidates excluded from the TC. 2 months ago · Portugal",https://ground.news/interest/observador
Greek Reporter,Right,Trump-Zelensky Summit: More than 90% of Ukraine Peace Plan Agreed,"Both leaders characterized their Florida summit as highly productive, suggesting that the framework for ending the war is nearly complete. Credit: EPA via AMNA Following their high-stakes meeting at Mar-a-Lago, Florida, on Sunday, Donald Trump and Volodymyr Zelensky expressed optimism, signaling that a peace deal on Ukraine is closer than ever. Both leaders characterized their Florida summit as highly productive, suggesting that the framework fo… 2 months ago",https://ground.news/interest/greek-reporter
RTV Slovenija,Lean Left,"After Trump-Zelensky Talks, the ""Tough Issue"" of the Donetsk Basin Remains Unresolved","US President Donald Trump said after talks with Ukrainian President Volodymyr Zelensky in Florida that they are very close to an agreement to end the war in Ukraine, but that a ""tough issue"" regarding territory still remains unresolved. 2 months ago",https://ground.news/interest/rtv-slovenija
The Last Refuge,Far Right,Recap Video of Zelenskyy Sunday at Mar-a-Lago,"President Donald Trump is ducking and weaving through the minefield of geopolitical politics, managing a proxy war he did not create that was organized by a corrupt U.S. State Dept./CIA and globalist agenda. Trump wants the war to end; he wants the U.S. out of it; he wants peace with a fundamental reset of the […] 2 months ago",https://ground.news/interest/the-last-refuge
Eesti Rahvusringhääling,Center,Florida Talks: Trump Announces Readiness to Travel to Ukraine,"Ukrainian President Volodymyr Zelensky and US President Donald Trump met at Mar-a-Lago in Florida, and after the meeting, Trump announced his readiness to travel to Ukraine and address the Verkhovna Rada if it would contribute to reaching an agreement. Zelensky announced that US security guarantees for Ukraine had been agreed upon. 2 months ago · Estonia",https://ground.news/interest/eesti-rahvusringhaaling
Le Monde,Lean Left,"In Direct, War in Ukraine: Donald Trump and Volodymyr Zelensky Say They Have Made ""Many Progress"" to ""End the War""","The Ukrainian President announced a meeting with his American counterpart and European leaders in January in the United States to ""finalise the whole"" of the issues discussed between the two heads of state at their meeting in Florida on a peace plan. 2 months ago · Paris, France",https://ground.news/interest/le-monde
1010 WCSI,Right,"Trump, Zelenskyy say Ukraine peace deal close but ‘thorny issues’ remain after Florida talks","NEWYou can now listen to Fox News articles! President Donald Trump said Sunday that peace talks to end the war in Ukraine are close to completion after a meeting in Florida with Ukrainian President Volodymyr Zelenskyy, with both leaders citing major progress on a 20-point plan while acknowledging unresolved disputes over territory, ceasefire terms and Ukrainian approval. Trump and Zelenskyy spoke to reporters following their meeting at Mar-a-Lag… 2 months ago",https://ground.news/interest/1010-wcsi
PerthNow,Center,‘Force Russia’: Envoy’s call on Ukraine peace,"Ukraine’s envoy in Canberra has revealed his thoughts on high stakes talks between Donald Trump and Volodymyr Zelensky. 2 months ago · City of Perth, Australia",https://ground.news/interest/perthnow
WXOW,Center,4 Conclusions of Trump's Meeting with Zelensky in Florida,"Ukraine's president, Volodymyr Zelensky, changed on Sunday the icy Kyiv, whipped by missiles, to the dining room decorated with frescoes from Mar-a-Lago, where he hoped to get President Donald Trump's approval for a revised peace plan for... 2 months ago",https://ground.news/interest/wxow
Deccan Chronicle,Right,Trump Says Zelensky and Putin Serious in War Talks Sprint,"Trump, who had promised to finish the war on day one of his presidency, said he had no deadline but is embarking on a year-end diplomatic sprint 2 months ago · Hyderabad, India",https://ground.news/interest/deccan-chronicle
Breitbart,Right,"Trump Meets Zelensky at Mar-a-Lago, Says Putin Is Serious About Peace",President Donald Trump welcomed Ukrainian President Volodymyr Zelensky to his Mar-a-Lago estate in Florida on Sunday. 2 months ago · United States,https://ground.news/interest/breitbart
La Repubblica,Lean Left,"Trump Receives Zelensky: ""Near Peace, the Knots Are Donbass and Zaporizhzhia""","The U.S. leader after the meeting in Mar-a-Lago: ""Can be understood in a few weeks"" . Continues the work between sherpa. Zelensky: ""To January in Washington with the Europeans"" 2 months ago · Turin, Italy",https://ground.news/interest/la-repubblica
Stuff,Lean Left,Trump claims Ukraine and Russia are 'closer than ever' to peace – but warns talks could still fail,"The US president’s statement came after an “excellent,” 2½-hour phone conversation with Russian tyrant Vladimir Putin. 2 months ago · New Zealand",https://ground.news/interest/stuff_0ae80d
Fox News,Right,"Trump, Zelenskyy say Ukraine peace deal close but 'thorny issues' remain after Florida talks","President Donald Trump and Ukrainian President Volodymyr Zelenskyy say peace talks to end Ukraine war with Russia are close to completion. 2 months ago · New York, United States",https://ground.news/interest/fox-news_a44aba
The Gateway Pundit,Far Right,"""What a Dumb Question!"" Trump Torches Reporter During Meeting with Zelensky at Mar-a-Lago",President Trump on Sunday welcomed Ukrainian President Volodymyr Zelensky to Mar-a-Lago to discuss the latest plan to end the Russia-Ukraine war. 2 months ago · United States,https://ground.news/interest/the-gateway-pundit
Washington Examiner,Right,"Trump lauds Ukraine peace talks at Mar-a-Lago, deal is 'very close'","President Donald Trump said a peace deal to end the Russia-Ukraine war is “very close” to being reached following his meeting with Ukrainian President Volodymyr Zelensky at Mar-a-Lago on Sunday. Trump met with Zelensky for the first time since October at his resort in Palm Beach, Florida, as the peace talks were at their highest level in months. Both appeared at a press conference following the over three-hour meeting, where Trump praised the pr… 2 months ago · Washington, United States",https://ground.news/interest/washington-examiner
WPBF,Center,Supporters rally outside Mar-a-Lago during Trump–Zelenskyy meeting,"While a closed-door meeting took place inside Mar-a-Lago Sunday between President Donald Trump and Ukrainian President Volodymyr Zelenskyy, supporters gathered outside to show solidarity with Ukraine and call for peace as the war with Russia continues. 2 months ago",https://ground.news/interest/wpbf
telex.hu,Lean Left,"""Agreement Is Very Close"" - Zelensky Met with Trump in Florida","Donald Trump held several hours of talks with Volodymyr Zelensky in Florida. The US president described the meeting as ""fantastic"" and said they were making good progress on the most sensitive issues. 2 months ago",https://ground.news/interest/telexhu
la Nacion,Right,The 20 Points of the Peace Proposal that Zelensky Discussed with Trump,"KIEV.- At the center of the talks held this Sunday in Florida by Ukrainian President Volodimir Zelenszky and his US counterpart, Donald Trump, was the 20-point draft of the Russian-Ukrainian peace agreement.Zelensky has said in days prior to the meeting that the plan could become the basis for a future agreement to end the war with Russia.After weeks of talks to modify an earlier draft, which consisted of 28 points and was considered too condesc… 2 months ago · Buenos Aires, Argentina",https://ground.news/interest/la-nacion_7042bc
Novinky.cz,Lean Left,"Peace Plan Talks Nearing Conclusion, Trump and Zelensky Confirm","Negotiations on a peaceful resolution to the conflict in Ukraine are nearing completion, US President Donald Trump and his Ukrainian counterpart Volodymyr Zelensky confirmed at a joint press conference after talks in Palm Beach, Florida. 2 months ago",https://ground.news/interest/novinkycz
Berliner Morgenpost,Center,"Trump: ""We Have the Prerequisites for a Deal","In Mar-a-Lago, the presidents of the US and Ukraine sat together for hours to refine a peace plan that Putin has already rejected at its core. 2 months ago · Berlin, Germany",https://ground.news/interest/berliner-morgenpost
Hot News,Lean Left,"Video Donald Trump and Volodimir Zelenski, at the End of the Negotiations in Florida: ""I Have Made Much Progress Towards the End of the War"" / ""Ukraine Is Ready for Peace"" / Negotiations Continued in 2026 - hotnews.ro","Volodimir Zelenski and Donald Trump have been discussing for about three hours at Mar-A-Lago on the discrepancy between the two parties about the peace agreement that would end the war in Ukraine. Finally, the president... 2 months ago · Romania",https://ground.news/interest/hot-news
svt Nyheter,Lean Left,Trump and Zelenskyy Hold Press Conference About Meeting in Florida,"US President Donald Trump and Ukrainian President Volodymyr Zelensky hold a press conference about their meeting in Florida. Donald Trump says they are getting closer to a peace agreement. – We had a great meeting, we are getting closer, says Donald Trump at the press conference after the meeting. 2 months ago · Stockholm, Sweden",https://ground.news/interest/svt-nyheter
El Vocero de Puerto Rico,Right,Trump Hosts Zelenskyy for Talks and Says Both Russia and Ukraine Want Peace,"President Donald Trump said Sunday he believes both Ukrainian President Volodymyr Zelenskyy and Russian President Vladimir Putin genuinely want peace, as he hosted the ""brave"" Ukrainian leader for talks at his Florida resort. 2 months ago",https://ground.news/interest/el-vocero-de-puerto-rico
Live Mint,Center,Trump-Zelenskyy Meet Highlights: Trump says ‘You’re better off making a deal now’,"Will there be any breakthrough in US-brokered peace talks between Ukraine and Russia? As Donald Trump and Volodymyr Zelenskyy meet at Mar-a-Lago, follow this space for LIVE updates. 2 months ago · New Delhi, India",https://ground.news/interest/live-mint
Daily Express,Right,Russia makes bombshell Ukraine ceasefire statement as Trump meets Zelensky,Trump and Putin reportedly agreed on the ceasefire question. 2 months ago · United Kingdom,https://ground.news/interest/daily-express
Wales Online,Lean Left,Zelensky meets Trump in Florida as Ukraine war peace talks focus on territorial issues,"Ukrainian President Volodymyr Zelensky has arrived in Florida for critical talks with Donald Trump on ending the nearly four-year Ukraine war, with territorial concessions the most sensitive issue on the table 2 months ago · Wales, United Kingdom",https://ground.news/interest/wales-online
El Universo,Right,Donald Trump Claims that Zelenski and Putin Are “Serious” About the Peace Plan,"U.S. President Donald Trump considered Sunday that the leaders of Ukraine and Russia are seriously committed to peace, in what he described as the “final stages” of Washington’s efforts to end the war unleashed in 2022. 2 months ago",https://ground.news/interest/el-universo
100% FED UP!,Far Right,President Trump Welcomes Zelensky To Mar-a-Lago * 100PercentFedUp.com * by Noah,"President Trump has once again welcomed President Zelensky of Ukraine to the United States for yet another meeting. This time though, the meeting took place in Florida at the Winter White House. Take a look: I noticed that while Mar-a-Lago looks beautiful as always, there was no grand state welcome or fanfare. I also noticed there was no big fanfare welcome as Zelensky deplaned in Miami, with a very bare-bones welcoming crew. See here: On Sat e… 2 months ago",https://ground.news/interest/100percentfedupcom
charentelibre.fr,Center,War in Ukraine: Trump Wants to Believe in a Near Solution,"By receiving Volodymyr Zelensky in Mar-a-Lago and after an exchange deemed ""very productive"" with Vladimir Putin, Donald Trump affirms that Russians and Ukrainians are ready to move towards a ceasefire, 2 months ago",https://ground.news/interest/charentelibrefr
WLTReport,Far Right,President Trump Welcomes Zelensky To Mar-a-Lago,"President Trump has once again welcomed President Zelensky of Ukraine to the United States for yet another meeting. This time though, the meeting took place in Florida at the Winter White House. Take a look: I noticed that while Mar-a-Lago looks beautiful as always, there was no grand state welcome or fanfare. I also noticed there was no big fanfare welcome as Zelensky deplaned in Miami, with a very bare-bones welcoming crew. See here: On Sat e… 2 months ago",https://ground.news/interest/wltreportcom
TVA Nouvelles,Lean Left,"""There Will Be No Territorial Concessions"": a Possible Peace Agreement that Worries Ukrainians","While Ukraine continues to suffer Russian strikes, President Volodymyr Zelensky is received Sunday by Donald Trump in Florida. 2 months ago · Montreal, Canada",https://ground.news/interest/tva-nouvelles
Asahi,Lean Left,Trump and Zelensky Hold Peace Talks; Russia Refuses to Compromise: Asahi Shimbun,"A meeting between U.S. President Donald Trump and Ukrainian President Volodymyr Zelensky began in Florida on the 28th regarding Russia's invasion of Ukraine. The meeting is said to be a final round of negotiations toward peace, but prior to the meeting, Trump and... 2 months ago · Tokyo, Japan",https://ground.news/interest/asahi
Le Télégramme,Center,"War in Ukraine: Trump Assures that Zelensky and Putin Are ""Serious"" in the Peace Plan","Donald Trump and Volodymyr Zelensky meet this Sunday in Mar-a-Lago, USA. The US President believes that Putin and Zelensky are both ""serious"" in their desire to stop hostilities in Ukraine. 2 months ago",https://ground.news/interest/le-telegramme
India Today,Right,"Trump meets Zelenskyy for talks on ending war, says Putin serious about peace","US President Donald Trump and Ukrainian President Volodymyr Zelenskyy met in Florida to discuss final-stage peace efforts, following Trump’s recent telephone conversation with Russian President Vladimir Putin. 2 months ago · India",https://ground.news/interest/india-today
derwesten.de,Center,"Trump Promises ""Strong Security Agreement"" – but Also Europe Must Reach","Trump and Selenskyy meet in Florida for Ukraine talks. In advance, the US President announces a ""security agreement"". 2 months ago · Germany",https://ground.news/interest/derwestende
ANSA,Center,"Meeting Trump-Zelenksy, Us President: ""Very Serious About Peace""",The words after the phone call with Moscow (ANSA) 2 months ago · Italy,https://ground.news/interest/ansa
Wapa,Center,"Trump Assures that Ukraine Will Have ""Strong"" Security Guarantees in Peace Plan","""There will be security guarantees. They will be strong. And the European countries are very involved,"" Trump said as he welcomed his Ukrainian counterpart, Volodymyr Zelensky, to his Mar-a-Lago residence in Florida to discuss a new plan to end the… 2 months ago",https://ground.news/interest/wapa
Evening Standard,Center,Trump says Putin ‘serious’ about peace as he welcomes Zelensky for talks,"Donald Trump said he thinks he has the “makings of a deal” to end the war between Russia and Ukraine as he headed into talks in Florida with Volodymyr Zelensky. 2 months ago · London, United Kingdom",https://ground.news/interest/evening-standard
Newser,Lean Left,Trump Speaks With Putin as Zelensky Arrives,"Ukrainian President Volodymyr Zelensky has arrived in Florida for peace talks, scheduled to begin at 1pm, with President Trump at Mar-a-Lago. Setting the stage: Putin call : Trump posted Sunday that he'd spoken with Russian President Vladimir Putin ahead of his meeting with Zelensky, per the Hill . In a post on... 2 months ago · Miami, United States",https://ground.news/interest/newsercom
Spiegel,Lean Left,Trump Begins Meeting with Selenskyj in Mar-a-Lago with Praise for Ukraine,"The American president welcomed Wolodymyr Selenskyj in Florida with strikingly friendly words and remarkable optimism. Putin was also very interested in peace, Donald Trump said. 2 months ago · Germany",https://ground.news/interest/spiegel
Интерфакс-Украина,Lean Left,Putin and Trump Agreed on the Creation of “Two Working Groups” on a Peace Agreement in Ukraine and a Subsequent Telephone Conversation After Meeting with Zelensky,"Putin agreed with the proposal of US President Donald Trump to continue work on the settlement of the conflict in Ukraine within the framework of “two working groups” and agreed on the next telephone conversation with Trump after the meeting of the US President with the President of Ukraine Vladimir Zelensky today in Mar-a-Lago, Putin's aide Yut said Yuri Ushakov, who is quoted by the Russian Media. 2 months ago",https://ground.news/interest/_1b50bb
KAKE News,Center,Trump says Zelensky and Putin 'serious' in war talks sprint,US President Donald Trump said Sunday he believed the leaders of Ukraine and Russia were serious about peace as he spoke with them both in what he called the final stages of his efforts to end the war. 2 months ago,https://ground.news/interest/kakecom
Express US,Right,Zelensky's reaction speaks volumes after Trump says Putin 'serious' about peace,"U.S. President Donald Trump told reporters Sunday afternoon he believes Russian President Vladimir Putin is ""serious"" about striking peace with Ukraine. 2 months ago",https://ground.news/interest/the-expresscom
Hindustan Times,Center,Donald Trump says Vladimir Putin ‘very serious’ about peace as Volodymyr Zelensky welcomed into Mar-a-Lago,"Donald Trump's remarks came as he welcomed Ukrainian President Volodymyr Zelensky to his Mar-a-Lago estate in Florida for a meeting. 2 months ago · New Delhi, India",https://ground.news/interest/hindustan-times
Firstpost News,Center,"'No deadline, focus is on ending war': Zelenskyy, Trump hold high-stakes Ukraine peace talks in Florida","Trump said that talks with Zelenskyy in Florida are centred on achieving a lasting peace, rather than rushing a timeline, and stressed that both leaders are committed to finding a deal that can bring stability to the region 2 months ago · Mumbai, India",https://ground.news/interest/firstpost-news
Metro News,Lean Left,Donald Trump says Donbas 'up for grabs' after Mar-a-Lago talks with Zelensky,"Donald Trump says Putin 'very serious' about peace ahead of Mar-a-Lago talks with Zelensky 2 months ago · London, United Kingdom",https://ground.news/interest/metro-news
REALITATEA.NET,Right,"Zelensky and Trump, Face to Face in Florida. Decisive Discussions: ""I Think We Have the Basis for an Agreement""","US President Donald Trump said that if a peace agreement is reached in the conflict between Ukraine and Russia, Ukraine will benefit from ""strong"" security guarantees. Trump said that European countries are actively involved in shaping this plan and that they want the agreement to succeed. He noted that he has no imposed deadline for completing the negotiations, but his goal is ""to end the war."" The White House leader added that the peace plan h… 2 months ago",https://ground.news/interest/realitateanet
diario.mx,Center,"Trump Welcomes Zelenskyy for Talks, Claims that Peace Is Sought","President Donald Trump said on Sunday that Ukrainian President Volodymyr Zelenskyy and Russian President Vladimir Putin really want peace, while welcoming the “brave” Ukrainian leader for talks at their Florida resort. “The two leaders want this to end,” Trump said at the start of the meeting in Mar-a-Lago. Before Zelenskyy arrived, Trump spoke to Putin on the phone for more than an hour and planned to speak to him again shortly afterwards. Upon… 2 months ago",https://ground.news/interest/diariomx
Globo,Right,"Putin and Trump Do Not Support the Joint European-Ukraine Proposal for a Temporary Ceasefire, the Kremlin Says.","Moscow reported that the phone call between the presidents lasted 1 hour and 15 minutes on Sunday, and that, in Russia's view, Kyiv needs to make a decision regarding Donbas. 2 months ago · Brazil",https://ground.news/interest/globo
The Algemeiner,Right,Zelensky to Meet Trump in Florida for Talks on Ukraine Peace Plan,"FILE PHOTO: U.S. President Donald Trump welcomes Ukraine’s President Volodymyr Zelenskiy at the White House in Washington, D.C., U.S., October 17, 2025. REUTERS/Jonathan Ernst/File Photo Ukrainian President Volodymyr Zelensky and US President Donald Trump will meet in Florida on Sunday to forge a plan to end the war in Ukraine, but face differences over major issues, including territory, as Russian air raids pile pressure on Kyiv. Russia hit the… 2 months ago · New York, United States",https://ground.news/interest/the-algemeiner
Il Fatto Quotidiano,Lean Left,Trump and Zelensky Meet in Mar-a-Lake: the White House Live Show,"Donald Trump and Volodymyr Zelensky meet in Mar-a-Lago to discuss the situation in Ukraine.Direct of the bilateral L'articolo Meeting between Trump and Zelensky in Mar-a-Lago: the White House direct comes from Il Fatto Quotidiano. 2 months ago · Rome, Italy",https://ground.news/interest/il-fatto-nuotidiano
RedState,Right,"In Presser With Zelensky, Trump Reveals the One Issue That's Holding Up a Russia-Ukraine Peace Deal","Trump and Zelensky discuss peace deal progress in Russia-Ukraine war at Mar-a-Lago meeting. 2 months ago · Washington, United States",https://ground.news/interest/redstate
Devdiscourse,Center,Putin and Trump Unite Against Temporary Ceasefire: A Call for Bold Decisions,"Putin and Trump Unite Against Temporary Ceasefire: A Call for Bold Decisions In a revealing statement on Sunday, the Kremlin announced that Russian President Vladimir Putin and U.S. President Donald Trump have voiced their opposition to a proposed European-Ukrainian temporary ceasefire in Ukraine.Kremlin aide Yuri Ushakov disclosed that a significant exchange took place between the two leaders, lasting over an hour, initiated by Trump ahead of h… 2 months ago · India",https://ground.news/interest/devdiscourse
La Presse,Lean Left,"Peace Plan for Ukraine, Zelensky and Putin ""Serious"" in the Peace Plan, Trump Said","Donald Trump considered on Sunday that Vladimir Putin and Volodymyr Zelensky were both ""serious"" in their desire to stop hostilities in Ukraine, during a series of talks which he considers to be the ""last stages"" of his peace plan. 2 months ago · Montreal, Canada",https://ground.news/interest/la-presse_39d7a8
20minutos,Center,Trump Talks to Putin Just Before Meeting Zelenski in Florida,"The President of the United States, Donald Trump, and the President of Russia, Vladimir Putin, have had a telephone conversation about the peace negotiations for Ukraine a few hours before the beginning this evening of the meeting that the U.S. president will have in Florida (USA), with the President of Ukraine, Volodimir Zelenski.""I have just had a good and very productive conversation with Russian President Putin before the beginning of the me… 2 months ago · Madrid, Spain",https://ground.news/interest/20minutos
The Daily Wire,Right,"Trump: Peace Deal In Ukraine Is ‘Closer Than Ever,’ Save A Few ‘Thorny Issues’","President Donald Trump said on Sunday that he believes Russia and Ukraine are “closer than ever” to reaching a peace deal that would finally bring about an end to the carnage and bloodshed of the last nearly four years of war.“In a few weeks, we will know one way or the other,” Trump said in a Mar-a-Lago press conference alongside Ukrainian President Volodymyr Zelensky, where he also revealed that he’d spoken at length to Russian President Vladi… 2 months ago · Nashville, United States",https://ground.news/interest/the-daily-wire
PBS NewsHour,Lean Left,Zelenskyy meets with Trump in Florida to discuss end of Russia's war in Ukraine,"President Donald Trump on Sunday insisted Ukraine and Russia are “closer than ever before” to a peace deal as he hosted Ukrainian President Volodymyr Zelenskyy at his Florida resort, but he acknowledged that negotiations are complex and could still break down, leaving the war dragging on for years. 2 months ago · Washington, United States",https://ground.news/interest/pbs-newshour
El Huffington Post,Left,Trump Receives Zelenski in Florida: He Claims that There Will Be a 'Solid' Security Deal and that the Talks Are in 'the Last Stages',"The President of the United States has confirmed that he will receive 2 months ago · Madrid, Spain",https://ground.news/interest/el-huffington-post
WPTV,Center,‘We want peace’: Supporters rally near Mar-a-Lago as Zelensky meets with Trump,"As discussions on the war in Ukraine took place at Mar-a-Lago, just yards away, crowds lined the Southern Boulevard Bridge, calling for peace in Ukraine.Supporters lifted their voices, waving flags and holding signs Sunday at noon, as they gathered to greet President Volodymyr Zelensky ahead of his meeting with President Donald Trump.Ukrainians want peace more than anyone and we are here to show our support, said Yuliia Dryhybka, communications … 2 months ago",https://ground.news/interest/wptv
censor.net,Lean Left,"Peace Talks: What to Expect From Zelensky's Meeting with Trump,","The trip of President Vladimir Zelensky to Donald Trump again attracted the attention of the world media, because signals about possible steps towards peace are expected from this meeting. 2 months ago",https://ground.news/interest/censornet_caee9a
444.hu,Lean Left,Zelensky Is Ready to Withdraw His Troops if Moscow Does the Same,"The Ukrainian president meets with Trump at Mar-a-Lago, while Putin demonstrates in military uniform. 2 months ago · Hungary",https://ground.news/interest/444hu
lindependant.fr,Center,War in Ukraine: Zelensky and Trump to Interview Europeans by Phone From Florida,Zelensky is on his way to the United States this Sunday to finalize the peace plan proposed by the Americans. 2 months ago,https://ground.news/interest/lindependantfr
NBC News,Lean Left,Trump and Zelenskyy to hold peace talks at Mar-a-Lago,Trump and Zelenskyy to hold peace talks at Mar-a-Lago 2 months ago · United States,https://ground.news/interest/nbc-news
franceinfo.fr,Lean Left,"Direct. War in Ukraine: Donald Trump Assures that Kiev Will Benefit From ""Strong"" Security Guarantees in the Event of a Peace Plan","Ukrainian and American presidents meet on Sunday in Florida to discuss the latest version of the peace plan proposed by the United States at the end of November, in order to put an end to the war between Russia and Ukraine. 2 months ago",https://ground.news/interest/franceinfofr
Xinhua,Left,Zelensky arrives in U.S. Florida for talks with Trump,Zelensky arrives in U.S. Florida for talks with Trump 2 months ago · China,https://ground.news/interest/newscn
Antiwar.com,Center,"After Talks With Zelensky, Trump Says Territorial Issues Still Not Settled - News From Antiwar.com","After meeting with Ukrainian President Volodymyr Zelensky in Florida, President Trump said the issue of ""land"" remains a major sticking point in negotiations for a potential peace deal with Russia. The initial US-drafted peace plan leaked to the media called for Ukraine to cede the territory it still controls in… 2 months ago",https://ground.news/interest/antiwarcom
iNews,Center,Five key questions answered in five minutes ahead of Trump-Zelensky peace talks,"Impartial news & intelligent debate 2 months ago · London, United Kingdom",https://ground.news/interest/inews
Expressen,Right,Wwii Bomb Removed From Belgrade,"A 470-kilogram aerial bomb from World War II has been removed from a construction site in the Serbian capital Belgrade. 2 months ago · Stockholm, Sweden",https://ground.news/interest/expressen
Al Arabiya,Right,World War II Bomb Removed In Belgrade,World War II Bomb Removed In Belgrade 2 months ago · Saudi Arabia,https://ground.news/interest/al-arabiya
New Strait Times,Center,470kg WWII bomb removed in Belgrade,"A 470-kilogramme (1,000-pound) World War II aerial bomb was safely removed on Sunday from a construction site in a central district of Serbia’s capital, Belgrade, police said. 2 months ago · Malaysia",https://ground.news/interest/new-strait-times
CBS News,Center,"1,000-pound U.S.-made WWII bomb found in Belgrade construction site",Unexploded bombs dating back to past wars have been discovered in Serbia and around the world in recent years. 2 months ago · United States,https://ground.news/interest/cbs-news
Asharq AL-awsat,Right,470-kilo WWII Bomb Removed in Belgrade,"A 470-kilogram (1,000-pound) World War II aerial bomb was safely removed on Sunday from a construction site in a central district of Serbia’s capital, Belgrade, police said. The US-made AN-M44 bomb was used during Allied air raids on German positions during the liberation of Belgrade from Nazi occupation in 1944. Ahead of the bomb’s removal, the site, which is near a residential area and a shopping mall, underwent detailed reconnaissance ""to ens… 2 months ago · Riyadh, Saudi Arabia",https://ground.news/interest/asharq-al-awsat
RTÉ,Center,470kg World War II bomb removed in Belgrade,"A 470kg World War II aerial bomb was safely removed from a construction site in a central district of Serbia's capital, Belgrade, police said. 2 months ago · Ireland",https://ground.news/interest/rte
Sud Ouest,Center,Serbia: Second World War Bomb Defused in Downtown Belgrade · Global Voices,"A delicate operation resulted in the neutralization of a 470 kg explosive device dating from the Second World War, discovered at a construction site in Belgrade. 2 months ago · France",https://ground.news/interest/sud-ouest
politika.rs,Right,Dacic: Wwii Bomb Found Again on the Water in Belgrade,"""It's, I don't know which one in order, a bomb that comes from friendly countries,"" Dacic said. 2 months ago · Belgrade, Serbia",https://ground.news/interest/politikars
ZF.ro,Center,A u.s. Bomb Discovered in the Center of Belgrade. the Area Was Evacuated.,"An American bomb was discovered on a chancellor from the center of Belgrade. The World War II bomb was taken to be detonated into a military polygon. The population in the area where the operation was carried out was evacuated. 2 months ago · Ilfov County, Romania",https://ground.news/interest/zfro
The Daily Item,Lean Left,Zelenskyy works yet again to break Putin's hold on Trump,"Standing alongside President Donald Trump at his Palm Beach estate, Volodymyr Zelenskyy could only smirk and grimace without overtly offending his host. ""Russia wants to see Ukraine succeed,"" Trump told reporters, shocking the Ukrainian president before claiming that Russian leader… 2 months ago · United States",https://ground.news/interest/the-daily-item
Jyllands-Posten,Right,Trump Had a Positive Call with Putin About Ukraine,"US President Donald Trump has had a ""positive conversation"" with Russian President Vladimir Putin over the phone. The conversation focused on Ukraine. White House spokeswoman Karoline ... 2 months ago · Aarhus, Denmark",https://ground.news/interest/jyllands-posten
tz.de,Center,Russia Sets a Condition for the End of the Ukraine War – Selenskyy Makes a Big Concession to Trump,"After Selenskyy's visit to Mar-a-Lago, Kremlin spokesman Peskov has spoken, renewing Russian demands for Ukrainian territories. 2 months ago",https://ground.news/interest/tzde
20minutos,Center,"Trump Maintains a so-Called ""Positive"" with Putin After His Meeting with Zelenski","U.S. President Donald Trump has held a call this Monday with his Russian counterpart Vladimir Putin, a day after meeting with Ukrainian leader Volodimir Zelenski. He has been transferred this Monday from the White House, who have merely claimed that this call has been ""positive."" ""President Trump has concluded a positive call with President Putin in relation to Ukraine,"" White House spokesman Karoline Leavitt said in X. 2 months ago · Madrid, Spain",https://ground.news/interest/20minutos
Today,Lean Left,Trump Says Ukraine Peace Deal is ‘Closer’ after Zelenskyy Meeting,"President Donald Trump says a deal to end the war between Russia and Ukraine is “getting a lot closer” after his meeting at Mar-a-Lago with Ukrainian President Volodymyr Zelenskyy and phone call with Russia’s Vladimir Putin. Meanwhile, Trump is expected to meet with Israeli Prime Minister Benjamin Netanyahu as the U.S. aims to push ahead with phase two of the Gaza ceasefire. NBC’s Gabe Gutierrez reports for TODAY. 2 months ago · United States",https://ground.news/interest/today
HuffPost UK,Left,Trump Talks Up Putin With Fresh Outrageous Claim In Joint Zelenskyy Press Conference,The Ukrainian president's silent response said it all. 2 months ago · United Kingdom,https://ground.news/interest/huffpost-uk
News.de,Lean Left,"Donald Trump: Military Expert Decomposes Trump Summit as ""Pantomime""","Big words, little content: After the meeting with Wolodymyr Selenskyj in Mar-a-Lago Donald Trump announces ""great progress"" in the Ukraine war. But behind the optimistic rhetoric lies one thing above all: standstill. 2 months ago",https://ground.news/interest/newsde
ANSA,Center,First Pages Trump Meets Zelensky and Hears Putin.,"Brigitte Bardot, farewell to the rebel icon of French cinema. Learn more about your ad choices. Visit megaphone.fm/adchoices (ANSA) 2 months ago · Italy",https://ground.news/interest/ansa
CGTN,Lean Left,Trump and Zelenskyy discuss Ukraine peace plan after productive call with Putin,"U.S. President Donald Trump said Sunday that he had a ""very productive"" telephone call with his Russian counterpart Vladimir Putin prior to meeting with Ukrainian President Volodymyr Zelenskyy in Florida over the latest draft of a peace plan aimed at ending the Ukraine crisis. 2 months ago · Beijing, China",https://ground.news/interest/cgtncom
Dawn,Lean Left,Zelensky meets Trump amid push for Ukraine peace,"Meeting follows ""productive"" and ""friendly"" phone call between American president and his Russian counterpart Putin. 2 months ago · Pakistan",https://ground.news/interest/dawn_a02aa2
Republic World,Right,Trump Holds 'Very Productive' Phone Call With Putin Ahead Of Ukraine Peace Talks With Zelenskyy,"Trump holds a very productive call with Putin before meeting Zelenskyy at his Florida resort to discuss the Ukraine peace plan amidst escalating tensions and Russian attacks on Kyiv. 2 months ago · Mumbai, India",https://ground.news/interest/republic-world
Salon,Left,“95% there”: Trump frames Ukraine talks as a personal win,"The Mar-a-Lago summit ended with optimism and plans for another meeting, but no cease-fire or concrete peace deal 2 months ago · San Francisco, United States",https://ground.news/interest/salon
Daily Express,Right,Zelensky sends warning to Trump at Mar-a-Lago Ukraine conference,The Ukrainian President clashed with Donald Trump over the war in Ukraine. 2 months ago · United Kingdom,https://ground.news/interest/daily-express
romaniatv.net,Right,"The Mar-a-Lago Meeting Was Closed. Donald Trump: ""I Have Made Significant Progress with Regard to the End of This war."" Kremlin Reached a Consensus with the White House: ""a Temporary Armistice Does Nothing but Prolong the Conflict""","Donald Trump received Volodimir Zelenski at Mar-a-Lago, convinced that there is ""all necessary ingredients"" for a peace agreement that would end the war. The meeting took place after an hour's phone discussion between Trump and Vladimir Putin, after which the Kremlin announced that both leaders rejected the idea of a temporary hostship. The article concluded. Donald Trump: ""We have made significant progress with regard to the end of this war."" K… 2 months ago",https://ground.news/interest/romaniatvnet
Fox News,Right,Trump meets with Zelenskyy; talks could unlock first Zelenskyy-Putin call in five years: source,"President Donald Trump's talks with President Volodymyr Zelenskyy could pave the way for the first phonecall with Zelenskyy and Russian President Vladimir Putin in over five years. 2 months ago · New York, United States",https://ground.news/interest/fox-news_a44aba
teleSUR,Left,Trump and Zelenski Meet in the u.s. to Address Peace Plan,"Prior to the meeting with Zelenski, the U.S. president had a telephone conversation with Russia's president Vladimir Putin, who called it ""very productive."" 2 months ago",https://ground.news/interest/telesurtvnet
rp-online.de,Right,Meeting in Mar-a-Lago: Trump Has Guested Selenskyj – but Putin on the Phone Before,"Russia continues its attacks on Ukraine, whose president rejects territorial assignments. What is at stake in the discussion with Trump and why Ukraine calls for more support. 2 months ago",https://ground.news/interest/rp-onlinede
www.t-online.de,Lean Left,Meeting in Florida: Trump Calls Putin Again Before Selenskyy's Arrival,"Russia continues its attacks on Ukraine, whose president rejects territorial assignments. What is at stake in the discussion with Trump and why Ukraine calls for more support. 2 months ago",https://ground.news/interest/wwwt-onlinede
PerthNow,Center,"Putin, Trump don't back EU-Ukraine peace plan: Kremlin","Presidents Trump and Putin discussed the Ukraine-EU ceasefire plan over the phone just before Ukraine President Zelenskiy arrived in Florida for talks. 2 months ago · City of Perth, Australia",https://ground.news/interest/perthnow
NBC News,Lean Left,Trump says there will be a security agreement before talks with Zelenskyy at Mar-a-Lago,President Donald Trump and Ukrainian President Volodymyr Zelenskyy spoke to reporters outside Mar-a-Lago before discussing a peace plan for the war between Russia and Ukraine. Trump said that he spoke with Russian President Vladimir Putin before the talks and plans to speak with him after the talks. 2 months ago · United States,https://ground.news/interest/nbc-news
Telegrafi,Lean Left,"Trump Thinks Putin Is Serious About Peace This Time, as Zelensky Arrives for Meeting Between Them in Florida","Ukrainian President Volodymyr Zelensky has arrived for his meeting with US President Donald Trump at the Mar-a-Lago resort in Florida. The talks come shortly after a massive Russian attack on Kiev and after months of US diplomatic efforts to end the war.And Trump has reportedly said he thinks Putin is serious about peace this time, while Zelensky arrived for the meeting between them. After his arrival, the two leaders shook hands and paused for … 2 months ago",https://ground.news/interest/telegrafi
www.sme.sk,Lean Left,"Peace Maybe in a Few Weeks? Trump Held Talks with Zelensky in Florida, Also Spoke by Phone with Putin","Zelensky came to Trump with a peace plan. 2 months ago · Bratislava, Slovakia",https://ground.news/interest/wwwsmesk
Financial Post,Right,Trump Meets Zelenskiy After 'Productive' Call With Putin,(Bloomberg) — President Donald Trump said he had a “good and very productive” phone call with Russian leader Vladimir Putin just before he began a face-to-face meeting with Ukraine’s president. 2 months ago · Canada,https://ground.news/interest/financial-post
CBS News,Center,"Trump says they've ""got to make a deal"" over Russia-Ukraine war ahead of Zelenskyy meeting",President Trump and Ukrainian President Volodymyr Zelensky are meeting at Mar-a-Lago on Sunday as they work toward a peace plan for Russia and Ukraine. Mr. Trump confirmed that he spoke with Russian President Vladimir Putin ahead of the meeting. CBS News' Jericka Duncan reports. 2 months ago · United States,https://ground.news/interest/cbs-news
Tagesschau,Center,Us President Trump Calls Putin Before Meeting Selenskyj,"US President Trump receives Selenskyy and wants to discuss a possible peace plan for Ukraine. Shortly before, he telephoned with Kremlin chief Putin. According to Russian figures, this was mainly about the Donbass. 2 months ago · Hamburg, Germany",https://ground.news/interest/tagesschau
Tribune India,Right,Trump calls talks with Putin very productive ahead of Zelenskyy meeting at Mar-a-Lago - The Tribune,"'I just had a good and very productive telephone call with President Putin of Russia prior to my meeting, at 1:00 P.M. today, with President Zelenskyy of Ukraine,' Trump wrote on Truth Social. 2 months ago · Chandigarh, India",https://ground.news/interest/tribune-india
derwesten.de,Center,Power Poker Behind the Scenes? Trump on the Phone with Putin Before Selenskyy Meetings,Call between Trump and Putin on the eve of Selenskyy meetings: crucial talks about the Ukraine war are pending in Florida. 2 months ago · Germany,https://ground.news/interest/derwestende
NOS,Right,"Trump Receives Zelensky in Florida, Trump Called Putin Beforehand",Zelensky hopes Trump will agree to his 20-point plan to stop the war. 2 months ago · Netherlands (Kingdom of the),https://ground.news/interest/nos_4ae905
CNBC,Center,"Trump says ‘a lot closer’ to Ukraine peace deal after Zelenskyy meeting, though thorny issues remain",Ukrainian President Volodymyr Zelenskyy was scheduled to arrive at Mar-a-Lago in President Donald Trump's latest attempt to end the war with Russia. 2 months ago · United States,https://ground.news/interest/cnbc
Origo,Right,Could Zelensky Be Scared? Trump Called Putin Before Their Big Meeting,"Trump spoke by phone with Vladimir Putin just before his planned talks with Zelensky. The US president said the conversation was “good and very productive.” 2 months ago · Budapest, Hungary",https://ground.news/interest/origohu
mannheim24.de,Center,"Ukraine War up-to-Date: ""Good and Productive – Trump Is on the Phone Before Selenskyy Meeting with Putin",Current news about the Ukraine war in the ticker: Selenskyi meets Trump – it's about the Ukraine peace. Russia's losses in the conflict are rising. 2 months ago,https://ground.news/interest/mannheim24de
USA Today,Lean Left,Trump says 'thorny' issues remain after peace talks with Zelenskyy,"""It’s very close,"" Trump said of the peace deal, acknowledging that negotiations might not produce results. ""It’s possible it doesn’t happen."" 2 months ago · United States",https://ground.news/interest/usa-today
Observador,Right,Trump and Putin Chat on Peace Negotiations for Ukraine,"The North American President described the conversation for about an hour and 15 minutes as being ""good"" and ""very productive"". Trump and Putin should talk again at the end of the meeting with Zelensky. 2 months ago · Portugal",https://ground.news/interest/observador
Zeit Online,Lean Left,"War in Ukraine: Trump Talks About ""Very Productive"" Phone Call with Putin","US President Donald Trump receives Volodymyr Selenskyj to talk about a peace plan for Ukraine. Previously, he telephoned Kremlin chief Vladimir Putin. 2 months ago · Germany",https://ground.news/interest/zeit-online
Sydney Morning Herald,Lean Left,"As Trump praised Putin, Zelensky tilted his head and smiled","Donald Trump says he and Ukraine’s Volodymyr Zelensky are “getting a lot closer” to an agreement to end the war in Ukraine. 2 months ago · Sydney, Australia",https://ground.news/interest/sydney-morning-herald
WND,Far Right,Trump meets Zelensky in Palm Beach following Russia's attack on Kyiv * WorldNetDaily * by WND Staff,"President discusses possible solutions to ending war with Ukraine 2 months ago · Medford, United States",https://ground.news/interest/wnd
NDTV,Right,A Trump Phone Call To Putin Before And After Zelensky Meeting,"Russian leader Vladimir Putin and US counterpart Donald Trump had a ""friendly"" phone call Sunday before Trump's meeting with Ukrainian President Volodymyr Zelensky in Florida, and will talk again after it concludes, the Kremlin said. 2 months ago · New Delhi, India",https://ground.news/interest/ndtv
REALITATEA.NET,Right,Trump Spoke with Putin Before Zelensky's Visit. What's Next for the Conflict in Ukraine?,"US President Donald Trump confirmed in a post on the Truth Social platform that he had a ""fruitful and very productive"" phone conversation with his Russian counterpart, Vladimir Putin. This strategic dialogue took place just hours before the official meeting scheduled at Mar-a-Lago, Florida, with Ukrainian President Volodymyr Zelensky. Although the White House did not provide specific details about the topics discussed with the Kremlin leader, t… 2 months ago",https://ground.news/interest/realitateanet
telex.hu,Lean Left,"While Zelensky Was Already in Florida, Trump Spoke with Putin on the Phone.","They had a very good and productive phone conversation, according to Trump. 2 months ago",https://ground.news/interest/telexhu
Dnevni list Danas,Lean Left,Trump Spoke with Putin Before Meeting with Zelensky in Palm Beach,"US President Donald Trump said tonight that he had a ""very productive"" phone conversation with his Russian counterpart Vladimir Putin before meeting with Ukrainian President Volodymyr Zelensky in Palm Beach, world media reported. 2 months ago · Belgrade, Serbia",https://ground.news/interest/dnevni-list-danas
Indian Express,Lean Left,"‘Had productive call with Putin,’ says Trump ahead of meeting with Ukraine’s Zelenskyy",Trump is scheduled to meet Zelenskyy in Florida on Sunday. 2 months ago · India,https://ground.news/interest/indian-express
El Universo,Right,Donald Trump Had a so-Called “Very Productive” with Vladimir Putin Before Meeting Zelenski,US President Donald Trump said he had a “very productive” telephone conversation with Vladimir Putin before his meeting with Volodimir Zelenski took place in Mar-a-Lago. 2 months ago,https://ground.news/interest/el-universo
Alternet,Left,Trump says he spoke on the phone with Putin ahead of meeting with Zelensky,"President Donald Trump on Sunday said he spoke with Russian leader Vladimir Putin ahead of a scheduled meeting with Ukrainian President Volodymyr Zelensky, Bloomberg reports.Trump will meet face-to-face with Zelensky Sunday afternoon in Florida. Sunday morning, according to Trump, he had a “good and very productive” phone call with the Russian leader. “Kremlin spokesman Dmitry Peskov confirmed the Trump-Putin call, according to the Interfax news… 2 months ago · Washington, United States",https://ground.news/interest/alternet
TVA Nouvelles,Lean Left,"Trump Evokes a ""Very Productive"" Call with Putin Before His Meeting with Zelensky","Trump spoke on Sunday on the phone with Putin, a call he considered ""very productive"" a few hours from a face-to-face with Zelensky. 2 months ago · Montreal, Canada",https://ground.news/interest/tva-nouvelles
National Post,Right,Trump meets with Zelenskyy after 'very productive' call with Putin,President Donald Trump said he had a “good and very productive” phone call with Russian leader Vladimir Putin just before he began a face-to-face meeting with Ukraine’s president. 2 months ago · Canada,https://ground.news/interest/national-post
WPBF,Center,Trump speaks with Putin before meeting Zelenskyy at Mar-a-Lago,President Donald Trump announced a productive call with Russian President Vladimir Putin before his scheduled meeting with Ukrainian President Volodymyr Zelenskyy at Mar-a-Lago. 2 months ago,https://ground.news/interest/wpbf
The Kyiv Independent,Lean Left,Trump holds call with Putin hours before scheduled meeting with Zelensky,"U.S. President Donald Trump said on Dec. 28 that he held a phone call with Russian President Vladimir Putin ahead of his scheduled meeting with Ukrainian President Volodymyr Zelensky. 2 months ago · Kyiv, Ukraine",https://ground.news/interest/the-kyiv-independent
Reforma,Right,I Had a Very Productive Call with Putin.,"Prior to a meeting with Zelensky, Donald Trump held a telef call with Putin and assured that he had a 'very productive' conversation. 2 months ago · Mexico City, Mexico",https://ground.news/interest/reformacom
La Presse,Lean Left,War in Ukraine: Trump Talks with Putin Before a Face-to-Face with Zelensky,"U.S. President Donald Trump spoke on Sunday on the phone with his Russian counterpart Vladimir Putin, a call which he considered ""very productive"" a few hours from a head-to-head in Florida with Ukrainian President Volodymyr Zelensky, crucial for the continuation of the peace talks on Ukraine. 2 months ago · Montreal, Canada",https://ground.news/interest/la-presse_39d7a8
Washington Times,Right,Trump has 'very productive' phone call with Putin ahead of meeting with Zelenskyy,"President Trump said Sunday he'd had a ""very productive"" phone conversation with Russian President Vladimir Putin just hours before his planned face-to-face meeting with Ukrainian President Volodymyr Zelenskyy in Florida. 2 months ago · United States",https://ground.news/interest/washington-times
Euronews,Center,"'We have the makings of a deal,' Trump says after welcoming Zelenskyy","Welcoming Ukraine's Zelenskyy at Mar-a-Lago on Sunday, US President Donald Trump said he believed Putin is ""serious about peace"" in Ukraine. Trump will have another call with the Russian president after the meeting with Zelenskyy is over. Europeans will be debriefed separately. 2 months ago · France",https://ground.news/interest/euronews
The Free Press (Tampa),Right,"Trump Hosts Zelenskyy In Florida Hours After ""Productive"" Call With Putin","The stakes could not be higher at Mar-a-Lago today. Just hours before a scheduled 1:00 p.m. sit-down with Ukrainian President Volodymyr Zelenskyy, President Donald Trump confirmed he held a direct phone call with Russian President Vladimir Putin—their first known communication since October. The flurry of diplomacy unfolds against a grim backdrop: a massive Russian missile […] Trump Hosts Zelenskyy In Florida Hours After “Productive” Call With P… 2 months ago · Tampa, United States",https://ground.news/interest/the-free-press-tampa
Spiegel,Lean Left,Trump Reports »Good and Very Productive« Phone Call with Putin,"Donald Trump is speaking to Volodymyr Selenskyi about the Ukrainian peace plan at the moment. Immediately before that, he apparently agreed with the Russian leader. 2 months ago · Germany",https://ground.news/interest/spiegel
focus.de,Right,"""Good and Very Productive"": Trump on the Phone Before Selenskyy Meeting with Putin","On Sunday, the Ukrainian President wants to talk to his counterpart Trump about plans for peace in Ukraine, especially about the most difficult issues. 2 months ago · Berlin, Germany",https://ground.news/interest/focusde
La Tercera,Right,Trump Claims He Held a “Very Productive” Call with Putin Before Meeting Zelensky in Mar-a-Lago,"The president of the United States, Donald Trump, reported this Monday that he had a “good and very productive” telephone conversation with the President of Russia, Vladimir Putin, at the prelude to a meeting he will hold during the day with the Ukrainian president, Volodimir Zelensky. Through a publication on his social network Truth Social, Trump explained that the call with the Kremlin leader was made prior to the meeting set for 13.00 with t… 2 months ago · Chile",https://ground.news/interest/la-tercera
The Post Millennial,Right,BREAKING: Trump holds phone call with Putin ahead of Zelensky Mar-a–Lago meeting,"“I just had a good and very productive telephone call with President Putin of Russia prior to my meeting, at 1:00 P.M. today, with President Zelenskyy of Ukraine."" 2 months ago · Toronto, Canada",https://ground.news/interest/the-post-millennial
Firstpost News,Center,Trump says he held ‘very productive call' with Putin ahead of talks with Zelenskyy in Miami,"Trump said he held a “good and very productive” phone call with Russian President Vladimir Putin ahead of his meeting with Ukrainian President Volodymyr Zelenskyy in Miami. The talks at Trump’s Mar-a-Lago resort are expected to focus on a potential peace deal to end the Russia-Ukraine war. 2 months ago · Mumbai, India",https://ground.news/interest/firstpost-news
Digi 24,Center,"Before Meeting Volodimir Zelenski, Donald Trump Spoke on the Phone with Vladimir Putin: “Very Productive Conversation”","Donald Trump announced that he had a ""good and very productive phone discussion"" with Vladimir Putin. The information comes in the context in which the US leader will meet with Ukrainian President Volodimir Zelenski at Mar-a-Lago. 2 months ago · Romania",https://ground.news/interest/digi-24
Eldiario.es,Lean Left,"Trump Claims He Has Had a so-Called ""Very Positive and Productive"" with Putin Before Meeting Zelenski","The president of the United States has announced it in his profile of Truth Social, where he has thanked the press ""his attention to this issue""Trump and Zelenski meet in Mar-a-Lago waiting for progress in the peace plan for Ukraine The president of the United States, Donald Trump, has assured this Sunday that he has had a ""very positive and productive"" telephone conversation with his Russian counterpart, Vladimir Putin, prior to his meeting wit… 2 months ago · Spain",https://ground.news/interest/eldiarioes
Sueddeutsche Zeitung,Lean Left,"Ukraine News: Trump: ""Very Productive Phone Call"" with Putin","Shortly before the planned meeting with Selensky in Florida, the US President reports of a conversation with Kremlin chief Putin. Allies strengthen Selensky's back before the meeting. 2 months ago · Munich, Germany",https://ground.news/interest/sueddeutsche-zeitung
Novinky.cz,Lean Left,Trump Spoke with Putin on the Phone Before Meeting with Zelensky,"US President Donald Trump spoke by phone with his Russian counterpart Vladimir Putin on Sunday, the White House chief of staff said, without giving further details, shortly before a planned meeting with Ukrainian President Volodymyr Zelensky in Florida. 2 months ago",https://ground.news/interest/novinkycz
Le Télégramme,Center,"Trump Announces Having Had a ""Very Productive"" Call with Putin, Before Meeting Zelensky","Donald Trump had a ""very productive"" call with Vladimir Putin, less than two hours before his meeting with his Ukrainian counterpart, Volodymyr Zelensky. 2 months ago",https://ground.news/interest/le-telegramme
Globo,Right,"Trump diz que teve ligação ""muito produtiva"" com Putin antes de reunião com Zelensky",2 months ago · Brazil,https://ground.news/interest/globo
Newsweek,Center,Trump has 'very productive' call with Putin ahead of Zelensky meeting,U.S. President Donald Trump will meet with his Ukrainian counterpart on Sunday at 1 p.m. in his Florida residence of Mar-a-Lago. 2 months ago · United States,https://ground.news/interest/newsweek
Yeshiva World News,Right,Trump Announces Productive Call With Putin Ahead of Mar-a-Lago Meeting With Zelenskyy,"TRUMP: I just had a good and very productive telephone call with President Putin of Russia prior to my meeting, at 1:00 PM today, with President Zelenskyy of Ukraine. The meeting will take place in the main dining room of Mar-a-Lago. Press is invited. Thank you for your attention to this matter! President DJT 2 months ago",https://ground.news/interest/yeshiva-world-news
Bloomberg,Lean Left,Trump Says He Spoke With Putin Ahead of Zelenskiy Meeting,President Donald Trump said had a “good and very productive” phone call with Russian leader Vladimir Putin ahead of a face-to-face meeting with Ukraine’s president. 2 months ago · United States,https://ground.news/interest/bloomberg
Reuters,Center,Trump says he had 'very productive' call with Putin ahead of Zelenskiy meeting,"U.S. President Donald Trump said on Sunday he had ""a good and very productive"" phone call with Russian President Vladimir Putin before his meeting with Ukrainian President Volodymyr Zelenskiy in Florida later in the day. 2 months ago · United Kingdom",https://ground.news/interest/reuters_fa2539
Express US,Right,Trump has 'productive' call with Putin just minutes before Zelensky showdown,U.S. President Donald Trump spoke with Russian President Vladimir Putin on the phone ahead of his meeting with Ukrainian President Volodymyr Zelenskyy. 2 months ago,https://ground.news/interest/the-expresscom
EADaily,Right,Trump: I just spoke with Putin. Zelensky will be next: EADaily,"EADaily, December 28th, 2025. Before the meeting with Vladimir Zelensky, Donald Trump spoke with Russian President Vladimir Putin. This was announced by him. 2 months ago",https://ground.news/interest/eadaily
Daily Star,Right,Trump announces surprise 'productive' call with Putin ahead of Zelenskyy meeting,Donald Trump has revealed he has spoken with Russian President Vladimir Putin ahead of his major peace talks meeting with Zelenskyy at Mar-a-Lago later today (December 28) 2 months ago · United Kingdom,https://ground.news/interest/daily-star
Ynet News,Lean Left,Trump before meeting with Zelensky: 'I spoke on the phone with Putin. It was a good conversation',"2 months ago · Tel Aviv-Yafo, Israel",https://ground.news/interest/ynet-news
Le Parisien,Right,"Direct. War in Ukraine: Before He Met Zelensky, Trump Said He Had a ""Very Productive"" Call with Putin","With the support of Europeans, Volodymyr Zelensky meets this Sunday in Florida Donald Trump, hoping to seal a new version of the peace plan for Ukraine, after further massive Moscow strikes against Kiev. 2 months ago · Paris, France",https://ground.news/interest/le-parisien
The Hill,Center,Trump had ‘good’ call with Putin ahead of Zelensky meeting in Florida,"President Trump and Ukrainian President Volodymyr Zelensky will meet in Florida as peace talks to end Russia's war in Ukraine progress. Follow live. 2 months ago · Washington, United States",https://ground.news/interest/the-hill
censor.net,Lean Left,Trump Held a Telephone Conversation with Putin Before Meeting with Zelensky,"On Sunday, December 28, US President Donald Trump held a telephone conversation with Russian dictator Vladimir Putin before a scheduled meeting with Ukrainian President Vladimir Zelensky. 2 months ago",https://ground.news/interest/censornet_caee9a
charter97.org,Lean Left,Trump Called Putin Before He Met Zelensky.,"The President of the United States called the conversation ""good and very productive"". 2 months ago",https://ground.news/interest/charter97org
Times of India,Right,Trump holds ‘very productive’ call with Putin ahead of Zelenskyy talks on Russia-Ukraine peace pact,US President Donald Trump is set to meet Ukrainian President Volodymyr Zelenskyy on Sunday. This meeting is crucial for advancing a peace agreement to end the ongoing war. The talks follow intensified Russian attacks on Ukrainian cities. President Trump also had a productive call with Russian President Vladimir Putin before the meeting. 2 months ago · India,https://ground.news/interest/times-of-india
Political Wire,Center,Trump Has ‘Productive’ Call with Putin,"President Trump on Sunday said that he had a “very productive” phone call with Russian leader Vladimir Putin on the war in Ukraine, CNBC reports. “The high-stakes conversations come at a key moment in efforts to end nearly four years of war initiated when Russia invaded Ukraine in early 2022.” 2 months ago · New York, United States",https://ground.news/interest/political-wire
New York Post,Right,Trump touts ‘good and very productive’ call with Putin ahead of meeting with Zelensky at Mar-a-Lago,"Ukrainian leader Volodymyr Zelensky claimed he is ""willing to do whatever it takes"" to end his country's war with Russia as he prepared to meet with President Trump in Mar-a-Lago on Sunday. 2 months ago · New York, United States",https://ground.news/interest/new-york-post
BioBioChile,Right,Trump Talks with Putin About Ukraine Within Hours of His Meeting with Zelenski in Florida,U.S. President Donald Trump and his Russian counterpart Vladimir Putin had a telephone conversation this Sunday about the peace negotiations for Ukraine a few hours before the beginning of the meeting that the U.S. president will have in Florida (USA) this afternoon with Ukrainian leader Volodimir Zelenski. “I just had a good and very productive conversation with Russian President Putin before the beginning of the meeting with President Zelenski… 2 months ago · Chile,https://ground.news/interest/biobiochile
Mediaite,Lean Left,Trump Touts ‘Very Productive’ Call With Putin Just Before Mar-a-Lago Showdown With Zelensky,"(Sergey Bobylev / Sputnik via AP) (AP Photo/Ebrahim Noroozi) President Donald Trump posted an optimistic Truth Social message Sunday morning about Vladimir Putin, right before his meeting with Ukraine’s President Volodymyr Zelensky to discuss ending the war with Russia. “I just had a good and very productive telephone call with President Putin of Russia prior to my meeting, at 1:00 P.M. today, with President Zelenskyy of Ukraine,” Trump wrote. “… 2 months ago · United States",https://ground.news/interest/mediaite
Just the News,Right,Trump says he had ‘very productive’ call with Putin prior to meeting Zelensky in Florida,"The meeting takes place at Mar-a-Lago, Trump’s property in Palm Beach. 2 months ago · Washington, United States",https://ground.news/interest/justthenewscom
WKMG,Center,Trump reports a 'very productive call' with Putin before engaging with Zelenskyy in Florida,"President Donald Trump will host his Ukrainian counterpart, Volodymyr Zelenskyy, on Sunday to try to close out a peace agreement that would end nearly four years of war sparked by Moscow’s invasion of Ukraine. Russia intensified its attacks on Ukraine's capital and elsewhere in the days before the meeting.Trump said he spoke with Russian President Vladimir Putin on Sunday in advance of the meeting. “I just had a good and very productive telephon… 2 months ago · Orlando, United States",https://ground.news/interest/wkmg
n-tv.de,Right,"Ukraine War in Liveticker: +++ 18:03 Trump Reports on ""Very Productive"" Phone Call with Putin +++","Berlin, Washington, Brussels - everywhere. ntv reports on all important areas of domestic and foreign policy. 2 months ago",https://ground.news/interest/n-tvde
News & Record,Lean Left,Debate over surfing in German park gets gnarly,"FRANKFURT, Germany — A debate over how to bring back surfing in Germany's landmark English Garden escalated Sunday after city workers removed a beam surreptitiously deployed over Christmas to restore a surfable wave in the river that runs through the… 2 months ago · Cherokee County, United States",https://ground.news/interest/news-and-record
Los Angeles Times,Lean Left,Debate over river surfing in German park gets gnarly after city removes wave-creating device,"A debate over how to bring back surfing in Munich English Garden escalated after city workers removed a beam surreptitiously deployed to restore a surfable wave in the river that runs through the park. 2 months ago · Los Angeles, United States",https://ground.news/interest/los-angeles-times
Tagesschau,Center,Firefighters Dismantle Temporary Ramp for Eisbach Wave in Munich,"Just in time for Christmas, it suddenly reappeared: the Eisbach wave in Munich. Unknown individuals had restored it with a ramp. But the fire department has now dismantled it again – much to the dismay of the surfers. 2 months ago · Hamburg, Germany",https://ground.news/interest/tagesschau
Welt,Right,"""Kampfansage of the City"": Fire Brigade Dismantles Ramp on Munich's Eisbachwelle – Surfers Throw Away Frustrated","At Christmas the disappeared Eisbach wave was back in Munich for a short time. Then the fire brigade moved in. Now the surf club breaks off further rescue attempts. The accusation: The city does not want to regulate the surfing on the Eisbach, but rather to prevent it. 2 months ago · Dortmund, Germany",https://ground.news/interest/welt
Deutsche Welle,Center,After Fire Service: Munich Eisbachwelle Ebbed Again,"For Munich surfers it was a happy Christmas: the famous Eisbach wave was suddenly back - thanks to a construction of unknown tinkerers. But that's over again. 2 months ago · Bonn, Germany",https://ground.news/interest/deutsche-welle
Frankfurter Allgemeine,Right,City of Munich Removes Ramp From Eisbachwelle,"Just installed and gone: The city of Munich had the secretly installed ramp removed, which the Eisbachwelle has restored for surfers. 2 months ago · Frankfurt, Germany",https://ground.news/interest/frankfurter-allgemeine
Sueddeutsche Zeitung,Lean Left,Eisbach Wave: Munich's Landmark – Gone Forever?,"Documents suggest that the Eisbach wave in the English Garden cannot be rebuilt. The dispute between surfers and the city of Munich is escalating. 2 months ago · Munich, Germany",https://ground.news/interest/sueddeutsche-zeitung
The Independent,Lean Left,The surf war for Germany’s legendary park wave gets gnarly,"he fire department moved in early Sunday morning 2 months ago · London, United Kingdom",https://ground.news/interest/the-independent_ff73a6
wz.de,Center,"""Kampfansage"" - Dispute over Eisbachwelle Is Sharpening",It was a little Christmas miracle: For the holiday the disappeared Eisbachwelle was back thanks to a ramp - but then the fire department is approaching. 2 months ago,https://ground.news/interest/wzde
France24,Center,Row deepens over vanished river wave in Munich,2 months ago · France,https://ground.news/interest/france24
Associated Press News,Lean Left,Debate over surfing in German park gets gnarly after city removes wave-creating device,Surf's not up in Munich. Workers in the German city on Sunday removed a beam used to recreate a surfable wave in the city's landmark English Garden park. 2 months ago · United States,https://ground.news/interest/associated-press-news
n-tv.de,Right,Munich Surf-Scene Outraged: Fire Brigade Takes Hold in the Eisbachwellen-Streit,"Next chapter in the permanent dispute over the Munich Eisbachwelle: The fire brigade removes the ramp, which at least temporarily ensured that the attraction in the English garden returns. The surf scene is horrified and even smells a ""fight fan's speech"". 2 months ago",https://ground.news/interest/n-tvde
Spiegel,Lean Left,Munich: Fire Brigade Dismantles Eisbachwelle – Surfers Speak of »Kampfansage«,Athletes and authorities have been arguing for months about the famous Munich surfer wave. A provisional device now lets the city be removed again. Surfers are strongly critical. 2 months ago · Germany,https://ground.news/interest/spiegel
merkur.de,Center,Einsatz an Der Münchner Eisbachwelle: „Kampfansage Der Stadt an Uns Surfer,"Around Christmas, the disappeared Eisbachwelle in Munich was back thanks to a ramp – but then the fire brigade is approaching. 2 months ago",https://ground.news/interest/merkurde
www.t-online.de,Lean Left,"Disputes Are Getting Worse: Fire Department Removes Ramp for Eisbachwelle – ""Kampfansage""",It was a little Christmas miracle: On Christmas Eve the disappeared Eisbachwelle was back thanks to a ramp – but then the fire brigade arrived. 2 months ago,https://ground.news/interest/wwwt-onlinede
The Washington Post,Lean Left,Headline Unavailable,2 months ago,https://ground.news/interest/the-washington-post
