outlet,bias,headline,summary,ground_news_interest_url
IBTimes UK,Lean Left,Rhode Island Ice Rink Shooting: Daughter Claims Suspect Carried Out 'Vendetta' Against Family,"Amanda Wallace-Hubbard, the daughter of transgender killer Robert Dorgan, has provided new details regarding her father's rampage motives in a phone interview with WPRI on Tuesday. According to her, Dorgan's hockey arena attack was driven by a vendetta against his family, especially herself and her sons. 'I just want to make sure people understand this was one person's vendetta against their family,' She said. 'We were targeted. This was very sp… 7 hours ago · United Kingdom",https://ground.news/interest/ibtimes-uk
Fox News,Right,Rhode Island ice rink shooting victims confirmed as shooter's daughter alleges 'vendetta' against family,"Rhode Island rink shooter killed his ex-wife, adult son, officials said, as his daughter alleged the attack was a targeted “vendetta"" against the family. 10 hours ago · New York, United States",https://ground.news/interest/fox-news_a44aba
NBC Connecticut,Lean Left,"As Rhode Island grieves, here's everything we know about Pawtucket ice rink shooting","There's deep grief after a shooting during a hockey game in Pawtucket, Rhode Island, left 3 dead and 3 injured Monday. Here's everything we know. 13 hours ago · Connecticut, United States",https://ground.news/interest/nbc-connecticut
Newser,Lean Left,Police Release Details of Rhode Island Shooting,"The person who opened fire Monday during a youth hockey game at a Rhode Island ice rink was specifically targeting family members, killing an ex-wife and son as many fans dived for cover while a handful rushed the shooter to stop the attack, authorities said. Pawtucket Chief of Police Tina... 14 hours ago · Miami, United States",https://ground.news/interest/newsercom
Anadolu Ajansı,Right,"Shooter kills ex-wife, son, injures 3 at high school hockey game in US state of Rhode Island","Police investigating whether transgender suspect, who died of self-inflicted gunshot wound, had domestic dispute before shooting family members - Anadolu Ajansı 14 hours ago · Ankara, Türkiye",https://ground.news/interest/anadolu-ajans
Metro News,Lean Left,Rhode Island hockey suspect 'killed ex-wife and son at ice rink',"Open the article to view the coverage from Metro News 16 hours ago · London, United Kingdom",https://ground.news/interest/metro-news
TimesDaily,Center,Police credit a good Samaritan for ending a deadly shooting,"A shooter unleashed a flurry of bullets during a Rhode Island youth hockey game, killing two people and injuring three others, in an attack that was cut short when a spectator stepped in to help stop the tragedy, authorities said. 17 hours ago",https://ground.news/interest/timesdaily
One News Page,Center,Suspect in Rhode Island ice hockey shooting killed ex-wife and son,"Robert Dorgan - who also went by the name Roberta Esposito - was found dead inside the Pawtucket.. • Front Page • One News Page: Wednesday, 18 February 2026 18 hours ago",https://ground.news/interest/one-news-page
News,Right,Trans dad ‘shot ex-wife at ice hockey game’ in Rhode Island,A transgender father is believed to have shot dead his ex-wife at their son’s high-school ice hockey game after a bitter divorce. 19 hours ago,https://ground.news/interest/news_356a3f
Revolver,Right,RI hockey shooter Robert Dorgan threatened to go ‘BERSERK’ in trans-rights rant day before mass shooting…,20 hours ago,https://ground.news/interest/revolver
Manchester Evening News,Center,'Bad tempered' Pawtucket ice rink shooter Robert Dorgan killed son and ex-wife,"Robert Dorgan, 56, also went by the name Roberta Esposito killed two relatives and injured three other people 21 hours ago · Manchester, United Kingdom",https://ground.news/interest/manchester-evening-news
Times of India,Right,Who was Robert Dorgan? All about the transgender suspect in the Pawtucket Dennis M. Lynch Arena hockey shooting,International Sports News: Robert Dorgan was a 56-year-old transgender person from Rhode Island who was also known as Roberta Esposito. Police claims he was the suspect in a dea. 21 hours ago · India,https://ground.news/interest/times-of-india
The Washington Hispanic,Center,A Shooter Killed His Ex-Wife and Son in an Ice Rink Attack,"A person who opened fire on Monday during a youth hockey match at an ice rink in Rhode Island killed his ex-wife and a son, authorities said on Tuesday. Pawtucket police chief Tina Goncalves stated that the victims were the ex-wife of the shooter, Rhonda Dorgan, and her eldest son, Aidan Dorgan. Three other people were injured: the parents of the former wife of the shooter and a friend of the family, Goncalves added. Police indicated that the sh… 22 hours ago · Washington, United States",https://ground.news/interest/washington-hispanic
Hanford Sentinel,Center,"‘Utter senselessness’: Pawtucket, RI, shooter kills ex-wife, son; divorce records shed light on father’s past","Police identified the two victims killed at an ice rink in Pawtucket, R.I., Monday as the ex-wife and adult son of the shooter, as divorce records shed light on the father’s past. Rhonda Dorgan was pronounced dead at the scene… 22 hours ago",https://ground.news/interest/hanford-sentinel
El Universo,Right,i.d. Victims of Ice Rink Shooting in Rhode Island,"The perpetrator of the shooting yesterday at an ice rink in Pawtucket (Rhode Island, USA), identified as Robert Dorgan, killed his son and ex-wife before committing suicide, authorities reported Tuesday. 23 hours ago",https://ground.news/interest/el-universo
The Daily News of Newburyport,Lean Left,"Police: Shooter killed ex-wife, son in ice rink attack",Pawtucket Chief of Police Tina Goncalves says the person who opened fire during a youth hockey game at an ice rink in Rhode Island killed their ex-wife and one son. Goncalves says the victims were the shooter’s ex-wife Rhonda Dorgan… 23 hours ago,https://ground.news/interest/the-daily-news-of-newburyport
Boston Herald,Right,"‘Utter senselessness’: Pawtucket shooter kills ex-wife, son; divorce records shed light on father’s past","Police identified the two victims killed at an ice rink in Pawtucket Monday as the ex-wife and adult son of the shooter. 23 hours ago · Boston, United States",https://ground.news/interest/boston-herald
rhodeislandcurrent.com,Left,Pawtucket police chief asks for respect for family after tragedy at ice rink,"Pawtucket Police Chief Tina Goncalves listens as the city's mayor speaks during a press conference Tuesday afternoon, Feb. 17, 2026, at the city's Municipal Annex on the latest information on the Lynch Arena shooting investigation. (Photo by Christopher Shea/Rhode Island Current)PAWTUCKET — With a large contingent of state and local elected officials standing by, Pawtucket Police Chief Tina Goncalves Tuesday released the names of the mother and … 23 hours ago",https://ground.news/interest/rhodeislandcurrentcom
Daily Express,Right,Shooter killed ex-wife and son in ice rink attack horror,Rhonda Dorgan and Aidan Dorgan have been identified as the two victims of the Rhode Island ice hockey match shooting 23 hours ago · United Kingdom,https://ground.news/interest/daily-express
USA Today,Lean Left,What to know about the victims of the Rhode Island hockey game shooting,"The victims killed in the shooting were Rhonda Dorgan, 52, and her son Aidan Dorgan, 23. 23 hours ago · United States",https://ground.news/interest/usa-today
GB News,Right,"Trans ice rink shooter's second victim named as his star student son, 23, killed alongside his mother","The second victim of 23 hours ago · London, United Kingdom",https://ground.news/interest/gbnewscom
Sky News UK,Center,Victims in ice rink shooting are attacker's ex-wife and son,"Robert Dorgan, 56, killed two people - ex-wife Rhonda and adult son Aidan - and critically injured three others, police said.",https://ground.news/interest/sky-news
El Mundo,Right,The Perpetrator of the Ice Rink Shooting in Rhode Island Killed His Son and Ex-Wife,"Pawtucket's chief of police identified the deceased as Aidan Dorgan and his mother, Rhonda Dorgan, adding that the three critically injured are the young man's grandparents and the woman's parents, as well as a friend of the family Read",https://ground.news/interest/el-mundo
WMUR,Center,"Victims of shooting at Rhode Island ice rink identified as shooter's ex-wife, son",Investigators in Rhode Island said Tuesday that a suspect shot and killed their ex-wife and adult son during a high school hockey game Monday before dying of a self-inflicted gunshot wound.,https://ground.news/interest/wmur
NEWSREP,Right,"Evening Brief: Murder in Rhode Island, Pentagon Weighs Options for Iran, US Moving Missiles to the Philippines","Violence at a hometown rink, carrier decks warming in the Gulf, and U.S. missiles moving onto Philippine islands all point to the same reality, the line between domestic shock and global tension is thinner than most people think. #PawtucketShooting, #FamilyDispute, #HockeyArenaViolence, #RhodeIslandTragedy, #TargetedAttack, #DomesticViolence, #YouthSportsShooting",https://ground.news/interest/newsrep
KATV,Right,"Shooter killed ex-wife, son in Pawtucket hockey rink attack, police say",The Pawtucket police chief on Tuesday confirmed that the victims of Monday's shooting at the Dennis M. Lynch ice rink were the shooter’s ex-wife and son.,https://ground.news/interest/katv
abc 7 Chicago,Center,"Police ID suspect in Rhode Island hockey game shooting that killed 2, injured 3","A shooter unleashed a flurry of bullets during a Rhode Island youth hockey game, killing two people and injuring three others.",https://ground.news/interest/abc-7-chicago
The Maine Wire,Right,Bath Iron Works Employee Identified as Suspect in Deadly Rhode Island Ice Rink Shooting,"PAWTUCKET, R.I. — The suspected gunman in a deadly shooting at a Rhode Island ice rink was an employee at General Dynamics Bath Iron Works, officials confirmed Monday, according to WGME. Three people, including the suspected shooter, were killed and three others were injured in the shooting at the Dennis M. Lynch Arena in Pawtucket [...] The post Bath Iron Works Employee Identified as Suspect in Deadly Rhode Island Ice Rink Shooting appeared fir…",https://ground.news/interest/the-maine-wire
Boston.com,Center,"Assailant in Pawtucket hockey rink shooting killed ex-wife and son, police confirm","Rhonda Dorgan and Aidan Dorgan, the shooter’s ex-wife and son, were killed in Monday's hockey rink shooting, family members said.",https://ground.news/interest/bostoncom
World Tribune: Window on the Real World,Right,RI ice rink shooter was trans; Threat by ‘most dangerous people’ said to be escalating,"by WorldTribune Staff, February 17, 2026 Real World News A 56-year-old man who identified as transgender shot four family members and a family friend at a high school hockey game at an ice rink in Pawtucket, Rhode Island, police said. Two of the victims, the shooter’s son and ex-wife, died. Pawtucket Police Chief Tina Goncalves […]",https://ground.news/interest/world-tribune-window-on-the-real-world
Global News,Lean Left,"Rhode Island shooter killed ex-wife, son before bystanders intervened: police - National",Investigators had spoken to nearly 100 witnesses as of Monday evening as they attempt to piece together what happened inside the Dennis M. Lynch Arena in Pawtucket.,https://ground.news/interest/global-news
Hindustan Times,Center,"Robert Dorgan: Pawtucket ice rink shooting suspect was Bath Iron Works employee, firm says ‘he was an active…’","A tragic shooting in Rhode Island's Dennis M. Lynch Arena during a hockey game claimed three lives, including alleged shooter Robert Dorgan.",https://ground.news/interest/hindustan-times
Boston Globe,Lean Left,"Suspect in shooting at R.I. hockey game killed ex-wife and son, family member says - The Boston Globe",A daughter of the suspect said her grandparents and a friend were injured and remain hospitalized in critical condition. The suspect also died at the scene.,https://ground.news/interest/boston-globe
Spectrum Local News,Center,Police credit good Samaritan for ending Rhode Island rink shooting,Monday's shooting came nearly two months after Rhode Island was rocked by a shooting at Brown University.,https://ground.news/interest/spectrum-local-news
Brown Daily Herald,Right,Two killed in shooting at Pawtucket high school hockey game five miles from Brown University campus,"Two people were killed and three others were injured in a shooting at a high school ice hockey game in Pawtucket on Monday. The shooting suspect was also found dead.This marks the second mass shooting in Rhode Island in the past two months, following the Dec. 13 shooting at Brown. The state had seen only four mass shootings since 2014, prior to Dec. 13, 2025.In a video from the hockey game livestream, more than a dozen shots can be heard echoing…",https://ground.news/interest/brown-daily-herald
The Sun,Right,Trans killer 'shot son & ex dead in front of younger child playing ice hockey',"THE second victim of a shooting at a high school ice hockey game has been named as the assailant's son. Transgender dad Robert Dorgan, 56, shot...",https://ground.news/interest/the-sun_dd9bb3
mainepublic.org,Lean Left,BIW confirms Rhode Island hockey arena shooter was active employee,"Bath Iron Works has confirmed that the person who shot and killed two people, wounded three others, and then took their own life at a Rhode Island youth hockey game on Monday was an active employee of the company.",https://ground.news/interest/mainepublicorg
New York Post,Right,RI trans shooter Robert Dorgan’s hockey-player son was on ice during attack: video,"Colin Dorgan, team captain and a standout defenseman for Blackstone Valley Schools’  hockey team, can be seen in his No. 17 jersey skating backwards at center ice when the deadly shooting started, video shows.",https://ground.news/interest/new-york-post
WGME,Right,Bath Iron Works employee identified as gunman in deadly Rhode Island hockey rink shooting,"Three people, including the suspected shooter, are dead and three people were injured in a shooting.",https://ground.news/interest/wgme
Mt. Airy News,Lean Left,Police credit a good Samaritan for ending shooting spree,"A gunman who opened fire at a Rhode Island youth hockey game, killing two adults and injuring three others, was stopped after a fellow spectator intervened. Pawtucket Police Chief Tina Goncalves said Monday that the shooter died from an apparent…",https://ground.news/interest/mt-airy-news
LifeSiteNews,Far Right,"'Transgender' man kills his ex-wife and child, shoots others at high school hockey game","The deranged cross-dressing shooter, identified as Robert Dorgan, who also went by the name ‘Roberta Esposito,’ had undergone so-called ‘gender reassignment’ surgery in 2020.",https://ground.news/interest/lifesitenews
Le·gal In·sur·rec·tion,Right,Suspect in Rhode Island Hockey Rink Shooting was Male Who Identified as a Female,"The ex-wife filed for divorce in 2020, claiming “gender reassignment surgery, narcissistic + personality disorder traits"" as grounds for divorce.",https://ground.news/interest/le-gal-in-sur-rec-tion
Central Maine News,Center,Rhode Island shooter worked at Bath Iron Works,The person allegedly shot and killed 2 people during a hockey game in Pawtucket before taking their own life.,https://ground.news/interest/central-maine-news
WCVB,Center,Pawtucket police chief ID's victims in deadly RI hockey rink shooting,"A gunman who opened fire at a Rhode Island hockey rink on Monday afternoon killed his own son and the son's mother, according to North Providence Mayor Charles Lombardi.",https://ground.news/interest/wcvb
WMTW,Center,Gunman in Rhode Island shooting was Bath Iron Works employee,"In a statement, Bath Iron Works said Robert Dorgan was an active employee with the company.",https://ground.news/interest/wmtw
NBC LA,Lean Left,"Rhode Island hockey game shooter killed ex-wife, son before self, police say","The shooter who killed his ex-wife and adult son at a youth hockey game in Rhode Island was subdued by bystanders, but drew a second gun and killed themself,...",https://ground.news/interest/nbc-la
NewsBusters,Right,"ABC Downplays, CBS Barely Covers Rhode Island Shooting by Transgender Psycho","ABC Downplays, CBS Barely Covers Rhode Island Shooting by Transgender Psycho On Monday afternoon in Pawtucket, Rhode Island, there was sadly the latest case of trangender violence inflicted on innocents refusing to celebrate their deranged life choices and rejection of basic biology as a man pretending to be a woman stormed his son’s high school hockey game and killed two, injuring three, and dying by suicide. By Tuesday morning when these fact…",https://ground.news/interest/newsbusters
Boston 25 News,Center,Police credit good Samaritan for ending deadly shooting at Rhode Island ice rink,"The shooter was identified as Robert Dorgan, who is said to also go by the name Roberta Esposito.",https://ground.news/interest/boston-25-news
Toronto Sun,Right,Rhode Island shooter Robert Dorgan's gender identity source of past family conflict: Report,Police said Robert Dorgan had gender reassignment surgery in 2020 and his father-in-law wanted him out of the family for it. Learn more.,https://ground.news/interest/toronto-sun
Conservative Daily News,Far Right,Rhode Island Shooter Revealed To Be Divorced Transgender With Bizarre Online Footprint,"by Hudson Crozier at CDN - The transgender gunman who killed at least two family members at a Rhode Island hockey game on Monday left behind social media posts warning that gender-confused people like him could one day go “berserk.” Police identified Robert Dorgan, who they say went by “Roberta,” as the man who opened fire at the Pawtucket high school game before killing himself, … Click to read the rest HERE-> Rhode Island Shooter Revealed To B…",https://ground.news/interest/conservative-daily-news
WHDH,Center,"Police credit a good Samaritan for ending deadly shooting at Rhode Island ice rink - Boston News, Weather, Sports","A shooter unleashed a flurry of bullets during a Rhode Island youth hockey game, killing two people and injuring three others, in an attack that was cut",https://ground.news/interest/whdh
The US Sun,Right,First pics of mother 'shot by trans ex alongside children' at ice hockey game,"A MOTHER-OF-THREE allegedly shot by her transgender ex-husband at a high school hockey game has been pictured. Robert Dorgan, 56, is accused of...",https://ground.news/interest/the-us-sun
The Western Journal,Right,"BREAKING: Trans Bombshell in Hockey Shooting - Murderer Robert Dorgan Went by 'Roberta,' - This as Reports Killer Wore Women's Clothing Already Circulating","The shooting at a Rhode Island hockey game on Monday was carried out by a transgender-identifying individual whose social media footprint contained bizarre, oftentimes extremist, content, reports indicate. Robert Dorgan […] The post BREAKING: Trans Bombshell in Hockey Shooting - Murderer Robert Dorgan Went by 'Roberta,' - This as Reports Killer Wore Women's Clothing Already Circulating appeared first on The Western Journal.",https://ground.news/interest/the-western-journal
King5 News,Center,"Shooter killed ex-wife and son in Rhode Island ice rink attack, police say","A shooter at a high school hockey game Monday in Pawtucket, Rhode Island, killed their ex-wife and one son, according to the police chief. (AP photo)",https://ground.news/interest/king5-news
WSB_TV Atlanta 2,Center,"2 killed, 3 injured after shooting at Rhode Island ice rink","The suspected shooter died from an apparent self-inflicted wound, police said.",https://ground.news/interest/wsb-tv-atlanta-2
abc10 Sacramento,Center,Pawtucket police chief says shooter killed ex-wife and a son during a hockey game at a Rhode Island ice rink,Pawtucket police chief says shooter killed ex-wife and a son during a hockey game at a Rhode Island ice rink.,https://ground.news/interest/abc10-sacramento_50e928
WBUR,Center,Police credit bystander with ending a deadly shooting at a Rhode Island ice rink,"Pawtucket Police Chief Tina Goncalves credited an unnamed “good Samaritan” who intervened, bringing the attack “to a swift end.” She did not provide details.",https://ground.news/interest/wbur
WCSH,Lean Left,Bath Iron Works employee identified as gunman in Rhode Island hockey arena shooting,"“Robert Dorgan was an active employee with General Dynamics Bath Iron Works,” the company said in a statement.",https://ground.news/interest/wcsh_6f407b
Time News,Center,Rhode Island Shooting: Transgender Shooter & Gun Control Debate,"Providence, RI – A shooting at the Rhode Island Sports and Ice Center in Cranston, Rhode… The post Rhode Island Shooting: Transgender Shooter & Gun Control Debate appeared first on TIme News.",https://ground.news/interest/time-news
WIN,Right,Vance: Iran refusing to acknowledge Trump's red lines,"“The president of the United States is very much trying to find a solution here, whether it’s through diplomatic options or through another option, that means the Iranians cannot have a nuclear weapon.” By World Israel News Staff Vice President JD Vance said that the US and Iran had managed to make some progress during the second round of nuclear talks, held in Geneva on Tuesday, while adding that it appears that Iran continues to refuse to reco… 8 hours ago · Israel",https://ground.news/interest/win
Il Sole 24 Ore,Right,Tehran: with the Us Agreement on the Principles for the Nuclear Program,"The good news, the encouraging news, is that Iran and the United States would have reached an agreement on the fundamental principles to try to reach a new agreement on the nuclear program. At least so it has... 16 hours ago · Milan, Italy",https://ground.news/interest/il-sole-24-ore
Indian Express,Lean Left,"Iran claims ‘guiding principles’ agreed upon with US, Vance says Tehran not acknowledging Trump’s ‘red lines’","Iranian Foreign Minister Abbas Araghchi, after the talks concluded, said that both sides agreed to work further on draft texts for a potential agreement. 16 hours ago · India",https://ground.news/interest/indian-express
Irish Independent,Right,Iran’s foreign minister says progress made in nuclear talks with US,"Iran and the United States reached an understanding on the main “guiding principles” in a second round of indirect talks over their nuclear dispute yesterday, but that does not mean a deal is imminent, Iranian foreign minister Abbas Araghchi said. 18 hours ago · Ireland",https://ground.news/interest/independentie
Deutschlandfunk,Center,Iranian State Television - Indirect Talks Between Iran and the Usa Ended,"Iran and the US agreed on basic guiding principles in their nuclear talks in Geneva, according to Iranian sources. 18 hours ago · Germany",https://ground.news/interest/deutschlandfunk
News24,Center,"‘Progress’ in nuclear talks between Iran and the US, but ‘a lot of details’ still to discuss","Iran and the United States reached an understanding on the main “guiding principles” in talks aimed at resolving their longstanding nuclear dispute, but that does not mean a deal is imminent, Iranian Foreign Minister Abbas Araqchi said. 18 hours ago · South Africa",https://ground.news/interest/news24
South China Morning Post,Center,Speaking Trump’s language: Iran frames nuclear deal as ‘trillion-dollar’ US win,"Tehran is dangling access to its vast oil, gas and mineral reserves, but analysts warn that even this may fail to ‘move the needle’ in talks. 18 hours ago · Hong Kong",https://ground.news/interest/south-china-morning-post
आज तक,Right,"Trump's Red lines... Which Iran Is Refusing to Accept at the Negotiating Table, Could Lead to War.","The second round of talks between Iran and the US, brokered by Oman in Geneva, marked a significant turning point. The two countries agreed on ""Guiding Principles"" for a future agreement. However, US Vice President JD Vance warned that Iran has not yet accepted Washington's ""red lines."" 21 hours ago",https://ground.news/interest/_421d90
KSBW,Center,US and Iran make progress in nuclear talks amid military tensions,"The United States and Iran are reportedly making progress in nuclear negotiations, while Russia and Ukraine begin peace talks in Geneva with low expectations. 24 hours ago",https://ground.news/interest/ksbw
News.ro,Lean Left,Jd Vance Argues that Iran Does Not Accept Certain ‘Limits’ Imposed by Trump,"While Iranian Foreign Minister Abbas Araghchi said that Iran and the United States agreed on a ""new set of guidelines"" that could open the way to a possible agreement, US Vice-President JD Vance said last night that Tehran does not accept certain ""redlines"" of Donald Trump, reports AFP.",https://ground.news/interest/newsro
National Post,Right,"U.S., Iran make progress in nuclear talks, lowering likelihood of imminent military clash","The U.S. and Iran made progress in nuclear talks in Geneva on Tuesday, with Tehran’s negotiators scheduled to return with a new proposal in two weeks, a U.S. official said on Tuesday, a cautiously upbeat assessment that suggests the chances of an imminent military clash are low.",https://ground.news/interest/national-post
Japan Today,Lean Left,Iran foreign minister says progress made in nuclear talks with U.S.,"Iran and the United States reached an understanding on Tuesday on main ""guiding principles"" in talks aimed at resolving their longstanding nuclear dispute, but that does not mean a deal is imminent, Iranian Foreign Minister Abbas Araqchi said. Oil futures fell and the benchmark Brent crude ‌contract tumbled more than…",https://ground.news/interest/japan-today
The Post and Courier,Center,Iran foreign minister says progress made in nuclear talks with US,"GENEVA — Iran and the United States reached an understanding on Tuesday on main ""guiding principles"" in talks aimed at resolving their longstanding nuclear dispute, but that does not mean a deal is imminent, Iranian Foreign Minister Abbas Araqchi said.",https://ground.news/interest/the-post-and-courier
The Media Line,Right,"US Strategy Is To ‘Confuse the Iranians,’ Says Analyst, as Tehran Announces Talks Have Reached ‘Guiding Principles’","Iranian Foreign Minister Abbas Araghchi said Tuesday that […] The post US Strategy Is To ‘Confuse the Iranians,’ Says Analyst, as Tehran Announces Talks Have Reached ‘Guiding Principles’ appeared first on The Media Line.",https://ground.news/interest/the-media-line
CartaCapital,Left,Iran Says There Is Agreement with the Us on 'General Lines' for a Pact,Declaration occurs after weeks of cross threats and the sending of a port by Washington as a pressure measure,https://ground.news/interest/cartacapitalcombr
KAKE News,Center,Iran upbeat after US talks but Vance says 'red lines' not met,"Iran said Tuesday it had agreed with the United States in talks in Geneva on ""guiding principles"" for a deal to avoid conflict, but Vice President JD Vance said Tehran had not yet acknowledged all of Washington's red lines.",https://ground.news/interest/kakecom
Sydney Morning Herald,Lean Left,"Iran, US hail progress in nuclear talks after Trump threats","Vice President JD Vance says discussions in Geneva went well “in some ways”, but Iran was not yet willing to recognise some of Washington’s red lines.",https://ground.news/interest/sydney-morning-herald
Al Jazeera,Lean Left,US and Iran reach ‘guiding principles’ in Geneva nuclear talks,The US and Iran reached an understanding on key “guiding principles” at indirect nuclear talks in Geneva.,https://ground.news/interest/al-jazeera_1a2e2c
Le Figaro,Right,"Jd Vance Asserts that Iran Does Not Accept Certain ""Red Lines"" of Trump","A few hours after the end of discussions between Iran and the United States in Switzerland, the US Vice-President provided a mixed assessment of the talks held in Switzerland with Iran.",https://ground.news/interest/le-figaro
La Libre,Center,"Vance Says Iran Does Not Accept some Trump ""Red Lines""",A mixed record of talks according to US Vice President. US Vice President JD Vance delivered Tuesday a mixed record of talks...,https://ground.news/interest/la-libre
Devdiscourse,Center,Iran and US Seek Common Ground in Nuclear Dispute Talks,"Iran and US Seek Common Ground in Nuclear Dispute Talks In a significant development, Iran and the United States have reached an understanding on guiding principles in their ongoing nuclear dispute talks. While this marks progress, Iranian Foreign Minister Abbas Araqchi has cautioned that a final deal remains elusive. Oil futures saw a decline following these announcements.The negotiations in Geneva, mediated by Oman, have established clear next…",https://ground.news/interest/devdiscourse
SBS News,Lean Left,"Iran and US agree on 'guiding principles' in nuclear talks, but deal far from imminent",Iran's foreign minister said there was still much work to be done after talks with the US in Geneva ended.,https://ground.news/interest/sbs-news
thairath.co.th,Right,"Iran Says It Has Reached a ""Guideline of Principles"" with the United States After Nuclear Talks.","Iranian officials said they had reached a ""guideline in principle"" with the United States to resolve the nuclear program dispute after talks in Geneva, but acknowledged that several things still need to be accomplished.",https://ground.news/interest/thairathcoth
Jewish Insider,Right,"Iran sounds optimistic note on nuclear negotiations, while U.S. officials more reserved","Iranian Foreign Minister Abbas Araghchi indicated that the second round of negotiations between Tehran and Washington produced agreements on several “guiding principles” for a potential deal on Tuesday, though U.S. officials took a more muted position, with one describing the talks as proceeding “as expected.” Araghchi told Iranian state media that talks with White House Special Envoy Steve Witkoff and Jared Kushner, which took place in Geneva a…",https://ground.news/interest/jewish-insider
n-tv.de,Right,"Conversations in Geneva Concluded: Usa and Iran Agree on ""Guide Principles"" at Nuclear Negotiations",Representatives from Washington and Tehran negotiate for several hours on Iran's nuclear program. Several states suspect Iran to work on building a nuclear bomb. Talks are about increasing military tensions between the two countries.,https://ground.news/interest/n-tvde
Telegrafi,Lean Left,Iran's Foreign Minister Says 'Progress Made' in Nuclear Talks with Us in Geneva,"Iran and the United States reached an understanding on Tuesday on ""main guiding principles"" in talks aimed at resolving their long-running nuclear dispute. However, that does not mean a deal is imminent, Iranian Foreign Minister Abbas Araqchi said. ""Different ideas have been presented, these ideas have been seriously discussed, ultimately we have managed to reach a general agreement on some guiding principles,"" Araqchi told Iranian media after t…",https://ground.news/interest/telegrafi
NDTV,Right,'Agreed On Guiding Principles For Deal': Iran On US Nuclear Talks,"Iran and the United States agreed to ""a set of guiding principles"" laying the groundwork for a broader deal during talks in Geneva on Tuesday, Tehran's top diplomat said, after the leaders of both countries traded warnings of military action.",https://ground.news/interest/ndtv
PerthNow,Center,Iran FM says progress made in nuclear talks with US,"Iran says it has been able to ""reach a general agreement on some guiding principles"" with the US at nuclear talks in Geneva.",https://ground.news/interest/perthnow
telex.hu,Lean Left,Iran Says It Has Reached Agreement on Main Guidelines with the Americans,The main topic at the Geneva talks was the Iranian nuclear program.,https://ground.news/interest/telexhu
Tagesschau,Center,Negotiations in Geneva: Iran Sees First Progress After Talks with the Usa,"The negotiations between the US and Iran lasted about three hours in Geneva. According to Iran's foreign minister, both sides agreed on ""guide principles"", but he subdued hopes for a rapid breakthrough.",https://ground.news/interest/tagesschau
The European Conservative,Right,Iran Claims Breakthrough on “Guiding Principles” in Renewed U.S. Talks,"Iran’s foreign minister Abbas Araghchi announced on Tuesday February 17 that the latest round of talks with the United States resulted in broad agreement on “a set of guiding principles” that could pave the way toward a potential deal. He told state television Ultimately, we were able to reach broad agreement on a set of guiding principles, based on which we will move forward and begin working on the text of a potential agreement. Araghchi adde…",https://ground.news/interest/the-european-conservative
Spiegel,Lean Left,Controversy over Nuclear Program: Iran and the Usa Agree on «Leitprinciple» in Geneva,"During the nuclear talks in Geneva, the negotiators of Iran and the US probably agreed on fundamental agreements. Tehran now hopes for a ""new window of opportunity"". US President Trump, on the other hand, spoke of a ""regime change"".",https://ground.news/interest/spiegel
Fox News,Right,Iran signals nuclear progress in Geneva as Trump calls for full dismantlement,"Iran U.S. nuclear talks advance as Foreign Minister Abbas Araghchi described negotiations as ""constructive,"" but Supreme Leader Ali Khamenei rejected American demands.",https://ground.news/interest/fox-news_a44aba
Live Mint,Center,"Iranian foreign minister Abbas Araghchi says Iran, US talks ‘more constructive’ — Here's what happened",Iran and the US agreed on guiding principles for a broader deal during Geneva talks aimed at avoiding military intervention over Iran's nuclear program.,https://ground.news/interest/live-mint
Haaretz,Lean Left,"U.S. official says 'progress made' in second round of talks with Iran, but gaps remain","According to the Iranian foreign minister, the two parties will exchange documents outlining a potential agreement. 'This does not mean that we will reach an greement soon,' he said, 'But the path has started.'",https://ground.news/interest/haaretz
Le Monde,Lean Left,"Iran and the United States Have Agreed ""Guidance Principles"" for an Agreement, Iranians Announce","""This does not mean that we can reach an agreement quickly,"" the Iranian Foreign Minister tempered.",https://ground.news/interest/le-monde
franceinfo.fr,Lean Left,"Iran Says It Has Agreed with Washington on ""Guidelines"" for a Possible Agreement","Representatives of the United States and Iran met in Geneva, Switzerland, for a second session of indirect talks.",https://ground.news/interest/franceinfofr
ABC FOX Montana,Center,"Iran, US agree on 'guiding principles' for deal at Geneva talks: Iran FM","Iran and the United States agreed to ""a set of guiding principles"" laying the groundwork for a broader deal during talks in Geneva on Tuesday, Tehran's top diplomat said, after the leaders of both countries traded warnings of military action.",https://ground.news/interest/abc-fox-montana
New York Post,Right,"Iran and US agree ‘guiding principles’ of nuclear deal, Tehran says","American and Iranian negotiators have hashed out ""guiding principles"" for an agreement during the second round of talks on Tehran's nuclear program, according to Iran Foreign Minister Abbas Araghchi.",https://ground.news/interest/new-york-post
Jyllands-Posten,Right,Iran Announces Agreement with Us on Principles in Nuclear Talks,"Representatives of Iran and the United States agreed on “guiding principles” in negotiations for a nuclear deal in the Swiss city of Geneva on Tuesday, Iranian Foreign Minister Abbas Araghchi told the Iranian...",https://ground.news/interest/jyllands-posten
Sky News UK,Center,Iran and US agree 'guiding principles' after more nuclear talks held,"Fresh negotiations are convened in Geneva, Switzerland, between the United States and Iran to resolve their long-running dispute.",https://ground.news/interest/sky-news
europapress.es,Center,"Iran Unveils a ""General"" Pact with the Us on ""Regular principles""...",Iran's Foreign Minister Abbas Araqchi said this Tuesday that the second round of...,https://ground.news/interest/europapresses
voz.us,Right,"Iran Claims that It Agreed with the Us ""the Guiding Principles"" for an Agreement",Iran said Tuesday that no date has been set for a third round of talks with the United States. The situation would arise because both sides will draft texts for a possible agreement before setting a date.Read more,https://ground.news/interest/vozus
CBC News,Lean Left,Iran says progress made in nuclear talks with U.S. after partial closure of Strait of Hormuz,"Iran and the United States reached an understanding on Tuesday on main ""guiding principles"" in talks aimed at resolving their longstanding nuclear dispute, but that does not mean a deal is imminent, Iranian Foreign Minister Abbas Aragchi said.",https://ground.news/interest/cbc-news
Liberation,Lean Left,"American-Iranian Talks: ""Guidelines"" Agreed for a Future Agreement","Iran and the United States met in Geneva this Tuesday, 17 February, for a second round of negotiations, in a tense context marked by naval threats.",https://ground.news/interest/liberation
The Epoch Times,Right,Iran Says Agreement on ‘Guiding Principles’ Reached During Geneva Talks With US,"Iran said that some general agreements had been reached during mediated talks with the United States in Geneva, Switzerland, on Feb. 17. Following the conclusion of the negotiations, Iranian Foreign Minister Abbas Araghchi said that the two sides “were able to reach a general understanding on a set of guiding principles” and that they would now proceed based on those principles, according to a translation of his Feb. 17 post on Telegram. “This d…",https://ground.news/interest/the-epoch-times
Geo News,Right,Iran foreign minister says progress made in nuclear talks with US,Araghchi says progress made on main guiding principles.Asks US to desist from threatening use of force against Iran.Hopes talks will lead to sustainable and negotiated solution.GENEVA: Iran and the United States reached an...,https://ground.news/interest/geo-news
Firstpost News,Center,"Iran, US agree on 'guiding principles' in nuclear talks, but deal not imminent, says Iranian foreign minister","""...Ultimately we've been able to reach a general agreement on some guiding principles, from now on we will move based on those principles and enter the text of a potential agreement,"" said Iranian Foreign Minister Abbas Araqchi",https://ground.news/interest/firstpost-news
France24,Center,Iranian FM says progress made in nuclear talks with US in Geneva,"Iran and the United States reached an understanding on the main ""guiding principles"" in a second round ​of indirect talks over their nuclear dispute on Tuesday, but that does not mean a deal is imminent, Iranian Foreign Minister Abbas Araqchi said. FRANCE 24's Angela Diffley brings you this analysis",https://ground.news/interest/france24
Sud Ouest,Center,"Iran and the United States Agreed on ""Guidance Principles"" for an Agreement","The two countries have not yet reached an agreement, but the United States and Iran have agreed on ""a set of guiding principles"".",https://ground.news/interest/sud-ouest
The Hindu,Lean Left,Iran’s Foreign Minister says agreed with U.S. 'guiding principles' for deal,"""Ultimately, we were able to reach broad agreement on a set of guiding principles, based on which we will move forward and begin working on the text of a potential agreement,"" Abbas Araghchi told state TV",https://ground.news/interest/the-hindu
OKDIARIO,Right,Iran and u.s. Reach ‘Guiding Principles Agreement’ in the Second Round of Nuclear Negotiations,"Iran and the United States have concluded their second round of indirect talks in Geneva this Tuesday with an outcome that Iranian Foreign Minister Abbas Araqchi has described as significantly more advanced than the previous meeting. According to his statements, the parties have reached a “general agreement on a set of guiding principles” that will serve as the basis for the eventual drafting of a possible nuclear agreement. “In this round, ther…",https://ground.news/interest/okdiario
PressTV,Right,"Iran FM: ‘Good progress’ made in latest round of indirect talks with US, 'clear path' ahead",Iranian Foreign Minister Abbas Araghchi says “good progress” has been made in indirect discussions with the Americans surrounding the lifting of sanctions and Iran’s nuclear activities.,https://ground.news/interest/presstv
censor.net,Lean Left,"Iran and Us Agree on “Basic Principles” of Future Deal, Says Araqchi Foreign Minister","Iranian Foreign Minister Abbas Araqchi, after the completion of the second round of talks between the Iranian and American delegations, announced the beginning of the path to a possible agreement between the countries.",https://ground.news/interest/censornet_caee9a
Handelsblatt,Right,Conflicts: Skepticism After Negotiations Between the Us and Iran Remains Great,"Washington and Tehran have at first ended their negotiations. Iran reports an agreement on ""a series of guiding principles"". Is an agreement tangible?",https://ground.news/interest/handelsblattcom
CGTN,Lean Left,Iranian FM: U.S. and Iran reached an understanding on main principles,Iranian Foreign Minister Abbas Araghchi says Tehran and Washington have reached an understanding on main principles during the Geneva talks.,https://ground.news/interest/cgtncom
20minutos,Center,"Iran and the Us Agree on the ""Principles"" of a Nuclear Agreement but Raise Tension with the Deployment of Fleets in the Arabian Sea","The Iranian Foreign Minister qualified that this is not a definitive agreement, while Ayatollah Khamenei charged against the US naval deployment, to which Tehran has responded in the Strait of Ormuz.",https://ground.news/interest/20minutos
Eldiario.es,Lean Left,"Iran Says It Has Reached Agreement on the ""Guiding Principles"" of a Future Pact with the Us","""This does not mean that we will soon come to an agreement [...] when the text is drafted, the work becomes more difficult,"" said the Foreign Minister.The heir of Iran's old absolutist monarchy takes positions Iran has stated this Tuesday that it has reached a consensus with the United States on the ""leading principles"" of a possible nuclear agreement during the second round of negotiations held in Geneva. ""We have reached a general agreement on…",https://ground.news/interest/eldiarioes
sta.si,Center,Iranian Foreign Minister: We Have Agreed with the Us on Guiding Principles for the Agreement,"We have agreed with the United States on guiding principles that could pave the way for an agreement, Iranian Foreign Minister Abbas Araghchi said today after the end of talks between Iran and the United States on Iran's nuclear program. He described the second round of negotiations with the United States as constructive, but said a date for the third round had not yet been agreed.",https://ground.news/interest/stasi
abc,Right,Iran Announces Principle of Agreement with u.s. in Talks for a Nuclear Compact · Global Voices,"The U.S. and Iran have begun “the road to an agreement,” Iranian Foreign Minister Abbas Araghchi said at the end of the second indirect meeting with Donald Trump’s envoys Steve Witkoff and Jared Kushner. As was the case in Muscat two weeks ago, the head of diplomacy of the Islamic Republic was the first to react after a two-hour meeting held at the Oman embassy in Geneva where an “understanding of the main principles” of a possible pact was reac…",https://ground.news/interest/abc_0c202e
tippinsights,Right,Iran Says U.S. Nuclear Talks Has Reached Initial Agreement,"Iran said it reached a preliminary understanding with the United States during indirect nuclear talks held Tuesday, signaling potential progress toward a broader agreement. Iranian Foreign Minister Abbas Araghchi said negotiators agreed on general guiding principles that could lead to drafting a formal deal. #FirstpostAmerica: All eyes are on Geneva, where indirect talks between the United States and Iran are underway, mediated by Oman. US envoy…",https://ground.news/interest/tippinsights
Israel Hayom,Right,"Iranian FM: We reached agreement on principles, will draft deal","The second round of talks between the US and Iran concluded in Geneva on Tuesday after about five hours, with Iranian Foreign Minister Abbas Araghchi saying the sides had reached agreement on guiding principles that will serve as the basis for drafting a possible deal. ""At this round, compared to the previous one, the discussions were more serious and the atmosphere was more constructive,"" Araghchi said at the conclusion of the talks. ""Various i…",https://ground.news/interest/israelhayomcom
Ynet News,Lean Left,Iran says ‘serious’ progress made in nuclear talks as US tensions simmer,"Foreign Minister Abbas Araghchi says indirect negotiations with Washington in Geneva produced key understandings toward a possible deal, while Trump and Khamenei trade threats and Iran stages naval drills in the Strait of Hormuz",https://ground.news/interest/ynet-news
Express US,Right,Iran announces breakthrough 'understanding' with US on key principles,U.S. and Iran reach agreement on guiding principles in second round of talks signaling potential diplomatic progress.,https://ground.news/interest/the-expresscom
CBS News,Center,"Iran says ""clearer path ahead"" to nuclear deal with U.S. after talks in Geneva under shadow of Trump's threats","Iran and the U.S. traded threats and warnings even as negotiators sat down to discuss a deal to avert a war, but Tehran says &quot;we now have a clearer path ahead.&quot;",https://ground.news/interest/cbs-news
El Pais,Lean Left,Iran Announces “Understanding” with the u.s. in Negotiations for a Nuclear Deal · Global Voices,"Iranian Foreign Minister Abbás Araghchi announced this Tuesday after three and a half hours of negotiations for a nuclear agreement, that his country and the United States have reached an “understanding on the main guiding principles” of a possible pact, although he has pointed out that “there is still work to be done.” Following a second round of talks between the two countries in Geneva, Araghchi has declared to Iranian media that “progress do…",https://ground.news/interest/el-pais
thenewregion.com,Left,Iran says reached 'general agreement' with Washington after Geneva talks,"""Good progress was made compared to the previous meeting,"" Araghchi said after the meeting, adding that ""the path has begun and can lead to an agreement.""",https://ground.news/interest/thenewregioncom
Naharnet,Center,Iran FM says agreed with US 'on guiding principles' for deal,"Naharnet is the leading Lebanese news destination, breaking the news as it happens!",https://ground.news/interest/naharnet
Al-Monitor,Lean Left,Iran FM says agreement on 'guiding principles' reached in talks with US,The latest round of negotiations came after President Donald Trump warned of potential consequences for Iran should no agreement be reached.,https://ground.news/interest/al-monitor
Anadolu Ajansı,Right,"Iran’s foreign minister says ‘serious discussions’ held with US, ‘clear path’ lies for deal","Iran, US held 2nd round of indirect talks in Geneva on Tuesday - Anadolu Ajansı",https://ground.news/interest/anadolu-ajans
Reuters,Center,Iran foreign minister says progress made in nuclear talks with US in Geneva,"Iran and the United States reached an understanding on the main ""guiding principles"" in a second round of indirect talks over their nuclear dispute on Tuesday, but that does not mean a deal is imminent, Iranian Foreign Minister Abbas Araqchi said.",https://ground.news/interest/reuters_fa2539
SWI swissinfo.ch,Lean Left,Iran Says It Agreed to ‘Principles’ of Nuclear Deal With US,(Bloomberg) -- Iran said it reached a “general agreement” with the US on the basis of a potential nuclear deal that would lift sanctions on Tehran and ease the risk of war in the Middle East.,https://ground.news/interest/swi-swissinfoch
Newsweek,Center,"Iran hails ""general agreement"" in US nuclear talks",The U.S. and Iran held indirect talks in Geneva under President Donald Trump's threat of military strikes if no deal is reached.,https://ground.news/interest/newsweek
News18 India,Right,'Guiding Principles Agreed': Iran Says Second Round Of Nuclear Talks With US 'Constructive',"Iran on Tuesday described the second round of nuclear talks with the United States as “constructive,"" saying both sides had agreed on “set of guiding principles"" for a potential agreement.",https://ground.news/interest/news18-india
i24NEWS,Right,"Iran, US reach agreement on ‘main principles’ after Geneva talks, says Iranian FM","Iran and the United States reached an understanding on the main ""guiding principles"" in a second round of nuclear talks in Geneva on Tuesday but work still needs to be done, Iranian Foreign Minister Abbas Araqchi said.",https://ground.news/interest/i24news
BBC News,Center,Iran says 'guiding principles' agreed with US at nuclear talks,Tehran also says more work is needed to get a deal - the US is yet to comment on the issue.,https://ground.news/interest/bbc-news_bf95f4
BT,Right,Iran: Agreed with Us on 'Guiding Principles' in Nuclear Deal Talks,,https://ground.news/interest/bt
Daily Sabah,Right,"Iran, US lay down guiding principles for potential nuclear deal","Iran’s Foreign Minister Abbas Araghchi said Tehran and Washington have agreed on a set of guiding principles for a potential deal, while noting that no...",https://ground.news/interest/daily-sabah
Dawn,Lean Left,Iran FM says agreed with US ‘on guiding principles’ for deal,"“I can say that, compared with the previous round, fully serious discussions were raised and the atmosphere was more constructive,” he says.",https://ground.news/interest/dawn_a02aa2
Mehr News Agency,Right,"Iran, US agree on some issues in principle: FM Araghchi","Iran and US reached general agreement on set of ‘guiding principles’ in Geneva talks to serve as basis for beginning work on text of potential deal, according to the top Iranian diplomat Abbas Araghchi.",https://ground.news/interest/mehr-news-agency
The Globe & Mail,Center,"Progress made in U.S. nuclear talks, Iran’s foreign minister says","Iran will make detailed proposals in next two weeks to close gaps in nuclear talks, U.S. official says",https://ground.news/interest/the-globe-and-mail
The New Arab,Lean Left,Araghchi says US-Iran talks enter draft agreement phase,Iran and the US conclude a second round of nuclear talks in Geneva amid military tensions and renewed pressure from Trump.,https://ground.news/interest/newarabcom
Globo,Right,Iran Says There Has Been Progress in Negotiations with the Us in the Face of Conflict Threat,"Iranian Chanceler said that parties reached an understanding on ""guiding principles"", but that does not mean that an agreement will be concluded shortly.",https://ground.news/interest/globo
The Straits Times,Right,"Iran, US reach understanding on main ‘guiding principles’ in Geneva nuclear talks",An Iranian official said negotiations hinge on Washington avoiding unrealistic demands. Read more at straitstimes.com.,https://ground.news/interest/the-straits-times_9bb9e6
Zero Hedge,Right,Oil Declines As Iran Says 'Understanding' Reached In US Nuclear Negotiation,"Oil Declines As Iran Says 'Understanding' Reached In US Nuclear Negotiation The second round of indirect negotiations between the United States and Iran concluded in Geneva, Iran's semi-official Students' News Agency (ISNA) reported Tuesady. Delegations from both sides left the venue following the talks, however, the Iranian side says it's ready to stay in Switzerland for days or even weeks if needed, in order to reach a deal and stave off milit…",https://ground.news/interest/zero-hedge
Irish Times,Lean Left,"‘Guiding principles’ established with US in nuclear talks, Iranian foreign minister says","Progress does not mean an agreement will be reached soon but the path has started, says Abbas Araghchi",https://ground.news/interest/irish-times
Die Presse,Right,"Negotiations in Geneva: Iran and the Usa Agree on ""Leitprinciple""","In Geneva, Iran and the US sought a way out of the crisis. Negotiations included Iran's controversial nuclear program. Meanwhile, the Iranian Revolutionary Guards fired rockets at sea targets in parallel with the negotiations in a naval maneuver.",https://ground.news/interest/die-presse
Bloomberg,Lean Left,Oil Dips in Holiday Trade With Focus on Iran-US Talks in Geneva,"Oil edged lower on signs that the US and Iran have made progress in nuclear talks, eroding a risk premium in benchmark futures prices.",https://ground.news/interest/bloomberg
Devdiscourse,Center,Tragedy Strikes at Rhode Island Youth Hockey Game,Read more about Tragedy Strikes at Rhode Island Youth Hockey Game on Devdiscourse.,https://ground.news/interest/devdiscourse
Signs of the Times,Right,"Trans dad Robert Dorgan shoots wife, 3 kids in horrid 'family dispute' at crowded Rhode Island hockey arena","Comment: If we don't reopen asylums for these mentally sick individuals, terrible incidents like this will keep occurring. This is the result of our leaders encouraging such behavior. They have blood on their hands. A twisted trans father shot his wife, three kids and a family friend in the stands at a high school hockey tournament in Rhode Island on Monday — sending the panicked crowd screaming and fleeing for the exits. Two people were killed …",https://ground.news/interest/sottnet
Bearing Arms,Right,"In Turn Shocking No One, Pawtucket, RI Shooting Leads to Calls for Gun Control","High school hockey game shooting in Pawtucket, RI reignites debate over gun control laws and community safety.",https://ground.news/interest/bearing-arms
TVA Nouvelles,Lean Left,Killer Rifle in an Arena in Rhode Island: What We Know About the Alleged Shooter,"The perpetrator of the shooting on Monday in a Rhode Island arena, who killed three people and injured three others, was identified.",https://ground.news/interest/tva-nouvelles
Boston Globe,Lean Left,Rhode Island church to hold prayer vigil after deadly shooting at Pawtucket hockey game - The Boston Globe,The church in North Smithfield will hold a vigil Tuesday in response to the shooting that left three dead and three others critically injured.,https://ground.news/interest/boston-globe
Fria Tider,Far Right,Transvestite Also Behind the Mass Shooting in the Ice Rink,"Three people were killed and three others were injured in the shooting in Pawtucket. Robert ""Roberta"" Dorgan, 56, has been identified.",https://ground.news/interest/fria-tider
The Globe & Mail,Center,"‘Good Samaritan’ helped end deadly shooting at Rhode Island ice rink, police say","Attack at Dennis M. Lynch Arena left three people dead, including the shooter, and three others injured",https://ground.news/interest/the-globe-and-mail
PBS NewsHour,Lean Left,"Deadly shooting at Rhode Island youth hockey game was 'targeted event,' authorities say",Pawtucket Chief of Police Tina Goncalves said Tuesday the victims were the shooter's ex-wife and adult son. The shooter injured three others during the shooting Monday afternoon in Pawtucket.,https://ground.news/interest/pbs-newshour
20minutos,Center,The Awesome Footage of the Shooting at a Hockey School Game that Left Three Dead on Rhode Island,"At least three people have died and three others remain in critical condition following a shooting this Monday inside the Lynch Arena of Pawtucket, in Rhode Island State, USA, while a school ice hockey match was being held. The alleged perpetrator of the shooting, identified by the police as Robert Dorgan (also known as Roberta Esposito), 56 years old, committed suicide after allegedly shooting at family members during a match of his eldest son.…",https://ground.news/interest/20minutos
Roanoke Times,Center,"Three dead, including suspect, at youth game","PAWTUCKET, R.I. — Three people, including the suspect, were fatally shot during a Rhode Island youth hockey game Monday, authorities said.",https://ground.news/interest/roanoke-times
The Free Press (Tampa),Right,Chaos Erupts At Rhode Island High School Hockey Game: Triple Fatality After Family Dispute,"What was supposed to be a celebratory senior night at the Dennis M. Lynch Arena in Pawtucket, Rhode Island, dissolved into a scene of terror Monday afternoon after a targeted shooting left three people dead, including the gunman. The incident, which unfolded during a high school boys’ hockey game, claimed the lives of two victims […] Chaos Erupts At Rhode Island High School Hockey Game: Triple Fatality After Family Dispute",https://ground.news/interest/the-free-press-tampa
Report24,Far Right,Next Transgender Killer Shoots Around: Dead and Injured in Hockey Game,"A man in the dress who wanted to know himself as a transwife suddenly shot his own family at a hockey game in the Dennis M Lynch Arena in Pawtucket (Rhode Island). Two people and the perpetrator died, three more were seriously injured. 56-year-old Robert Dorgan was with his family on Monday afternoon (from 2 p.m. local time) at the hockey game of a young family member when he suddenly opened the fire. He shot two people (members of his own famil…",https://ground.news/interest/report24
La Jornada,Left,Shooting in Rhode Island; 3 Dead,"Three people, including the suspect, died yesterday during a shooting at a youth hockey game in Rhode Island, authorities reported. Three other victims were hospitalized in critical condition, said Pawtucket police chief Tina Goncalves. The assailant apparently died of a self-inflicted shot, she pointed out. “It seems that this was a targeted act, which could be a family dispute,” she explained.",https://ground.news/interest/la-jornada
BioBioChile,Right,"Three Confirmed Dead, Including the Attacker, After Shooting During Hockey Game in the United States","The U.S. authorities confirmed that two people, including one girl, were shot dead on Monday during a youth hockey match in Pawtucket, Rhode Island State, after which the attacker took his own life. The time of the shooting was captured by a camera transmitting the encounter. According to U.S. media such as CBC, Pawtucket police chief Tina Goncalves explained that three other victims remain hospitalized in critical condition. “It seems that this…",https://ground.news/interest/biobiochile
delo.si,Lean Left,At Least Three Dead in Bloody Family Fight at Hockey Game,"It was a planned event, just two months after Rhode Island was rocked by a similar tragic attack.",https://ground.news/interest/delosi
KYMA,Center,"Two dead, three injured during hockey game in Rhode Island","A hockey arena in Pawtucket became the latest scene of gun violence in the United States PAWTUCKET, R.I. — A shooting during a hockey game Monday afternoon in Pawtucket left two people dead and three others injured, authorities said. Police said the violence occurred at a local arena and appeared to stem from a family dispute. Of the two people who died, one included a young girl. The gunman also died from an apparent self-inflicted gunshot woun…",https://ground.news/interest/kyma
La Libre,Center,Fusillade in a Rink in the United States: at Least Two People Killed,"At least two people were killed and three others injured on Monday by a shooter in a Pawtucket rink in the U.S. state of Rhode Island (northeast), where an ice hockey encounter was taking place, announced the local authorities. ...",https://ground.news/interest/la-libre
WJBK,Center,Rhode Island hockey rink shooting: What we know,Authorities in Rhode Island are expected to release more information after three people died and three others were hurt in a shooting on Monday at an ice hockey rink.,https://ground.news/interest/wjbk
Digi 24,Center,"An Armed Attack on a u.s. Patriot During a Match Between High School Students. Three People Died, Three Are in Critical Position.","Three people died and three were transported in critical condition at the hospital, after a person opened fire in a hospital in the United States during a ice hockey game between high school students. Among the deaths is the author of the attack. The incident took place in Rhode Island. It follows images and information that can affect you emotionally.",https://ground.news/interest/digi-24
Lietuvos Radijas ir Televizija,Center,3 Killed in Rhode Island Youth Hockey Shooting,"Three people, including the shooter, were killed and three others were hospitalized in critical condition in a shooting incident at a youth hockey game in Rhode Island on Monday night, authorities said.",https://ground.news/interest/lietuvos-radijas-ir-televizija
focus.de,Right,Two Dead in Firearms Incident During Ice Hockey Games,"According to police reports, at least two people have been killed in Pawtucket in the north-east of the United States, and the alleged perpetrator is also said to be dead.",https://ground.news/interest/focusde
Wales Online,Lean Left,First photo of Pawtucket ice rink shooter as two dead and three critical,Police said Robert Dorgan is believed to have opened fire at the hockey match,https://ground.news/interest/wales-online
News,Right,‘Where’s my kid?’: Gunshots spark panic,Two people are dead and three others have been hospitalised with critical injuries after a shooting at a high school hockey game.,https://ground.news/interest/news_356a3f
stern.de,Center,Usa: at Least Two Deaths in a Firearm Incident During Ice Hockey Games,"According to police, at least two people were killed during an ice hockey game at a secondary school in Pawtucket in the north-east of the United States.The alleged perpetrator was also dead, and three people were also taken to the hospital, according to the police chief of the community in Rhode Island, Tina Goncalves, on Monday (local time).First investigations pointed to a ""family dispute"".According to Goncalves, the injured are in ""critical …",https://ground.news/interest/sternde
Hola News,Center,"Three Dead, Including the Assailant, in Shooting During Hockey Game in the u.s.","New York, 16 Feb (EFE).- At least two people, including one girl, died and three others were injured this Monday in a shooting during a hockey match at an ice rink in Pawtucket, Rhode Island State, USA, where the attacker also died, according to reports from local authorities and media. https://holanews.com/wp-content/uploads/2026/02/rss-efea28a4937-e8d9-44c7-9bfe-8ed2ae7738b2-hd-web.mp4 According to the WJAR channel, which cites the Mayor, one …",https://ground.news/interest/hola-news
der Standard AT,Lean Left,Three Dead After Shooting in Sports Hall in the Usa,"According to reports, three more people were injured during a high school hockey game.",https://ground.news/interest/der-standard_389fff
La Opinion,Lean Left,"Shooting During Hockey Game in Rhode Island Leaves Three Dead, Including the Aggressor",Rhode Island Governor Dan McKee reported that he maintains communication with local and state authorities to follow up on the investigation,https://ground.news/interest/laopinioncom
Star Advertiser,Center,2 killed in shooting at high school hockey game in Rhode Island | Honolulu Star-Advertiser,"Gunfire erupted at an ice skating rink in Pawtucket, Rhode Island, during a high school hockey game today, leaving three people dead, including the shooter, authorities said.",https://ground.news/interest/star-advertiser
Frontpage Mag,Far Right,Transgender Man Opens Fire at High School Hockey Game,The shooter liked to go by Roberta. The post Transgender Man Opens Fire at High School Hockey Game appeared first on Frontpage Mag.,https://ground.news/interest/frontpage-mag
Our Sunday Visitor,Right,Deadly mass shooting at Rhode Island hockey match strikes family,"Police identified the shooting suspect late as Robert Dugan, a biological male who appeared to identify as a woman and went by the name Roberta Esposito.",https://ground.news/interest/our-sunday-visitor_7a5c97
Daily Express,Right,Dad 'shoots wife and three kids' in ice hockey arena horror,"A father shot at his wife and three kids in a ""family dispute"" that left two dead, according to reports - a police investigation is now underway",https://ground.news/interest/daily-express
Deutschlandfunk,Center,Usa - Three Dead During a Hockey Match in Rhode Island,Three people have been killed in a firearms attack during a hockey match in Rhode Island.,https://ground.news/interest/deutschlandfunk
Mass Live,Center,Suspect in deadly R.I. high school hockey game shooting identified,"The suspect in a deadly Monday afternoon shooting at a high school hockey game in Pawtucket was identified that night by Police Chief Tina Goncalves as Robert Dorrigan, who she said went by the name Roberta Esposito.",https://ground.news/interest/mass-live
Latino News,Center,"Tiroteo en partido de hockey en Estados Unidos deja tres muertos, incluido agresor - Latino-News - El periódico de los hispanos",Un trágico incidente armado se registró este lunes en las instalaciones del Lynch Arena en Pawtucket durante el desarrollo de un encuentro deportivo escolar.,https://ground.news/interest/latino-news
The Siasat Daily,Lean Left,US: Three including suspect killed in shooting during hockey game,"Rhode Island: Three people, including the suspect, were fatally shot during a Rhode Island youth hockey game on Monday, February 16, authorities said. Pawtucket Police Chief Tina Goncalves told reporters that three other victims are hospitalized in critical condition. “It appears that this was a targeted event, that it may be a family dispute,” she said. Goncalves did not provide details about the suspect or the ages of those who were killed, th…",https://ground.news/interest/the-siasat-daily
Radio-Canada,Lean Left,Rhode Island: 3 People Dead in a Hockey Game,"Three people, including the suspect, were fatally shot in a junior hockey game in Rhode Island, according to authorities.",https://ground.news/interest/radio-canada
BNO News,Center,"2 killed, 3 critically injured in shooting at Rhode Island ice arena; suspect found dead","Two people have been killed and three others are in critical condition after a shooting during a hockey game at an ice arena in Rhode Island, according to officials. The suspected gunman died from a self-inflicted gunshot wound. The shooting occurred Monday afternoon at Dennis M. Lynch Arena in Pawtucket, a city in northern Rhode Island near Providence. Police said officers received a call at about 2:30 p.m. reporting an active shooter. Two peop…",https://ground.news/interest/bno-news
DNyuz,Right,‘Stop this madness’: Advocates demand more than prayers after hockey rink mass shooting,Child safety advocates renewed calls for tighter gun control measures following a Monday mass shooting at a high school hockey game in Rhode Island that left three people including the gunman dead and three others injured. WPRI reported that the father of a North Providence High School senior shot five members of his family at a hockey game at Dennis M. Lynch Arena in Pawtucket at around 2:30 pm local time. The student’s mother was killed at the…,https://ground.news/interest/dnyuz
Raw Story,Left,'Stop this madness': Advocates demand more than prayers after hockey rink mass shooting,Child safety advocates renewed calls for tighter gun control measures following a Monday mass shooting at a high school hockey game in Rhode Island that left three people including the gunman dead and three others injured.WPRI reported that the father of a North Providence High School senior shot fi...,https://ground.news/interest/raw-story
Neue Zürcher Zeitung,Right,Pawtucket: Shots During Ice Hockey Game Call for Three Dead,"In a youth game at an American high school, an attacker kills two people and himself. Police suspect a family background.",https://ground.news/interest/neue-zurcher-zeitung
thairath.co.th,Right,A Shooting at a Hockey Rink in Rhode Island Has Left 3 Dead and 3 Others Seriously Injured.,"A shooting occurred at an ice hockey rink in Rhode Island, USA, on Monday afternoon local time, resulting in three deaths, including the suspected shooter, and three critically injured people.",https://ground.news/interest/thairathcoth
Malay Mail,Right,"Two killed, three wounded in shooting at US ice rink during high school game","PAWTUCKET, Feb 17 — At least two people were killed and three wounded in a shooting at an ice rink in the northeastern US town of Pawtucket yesterday, authorities said, with social media footage showing frightened teenagers fleeing the sound of gunshots.“We have three deceased. The suspect, and then we have two victims, and then we have three at the hospital,” said Tina Goncalves, police chief in the Rhode Island community.She added that initial…",https://ground.news/interest/malay-mail
India TV News,Right,"US: Two killed, three injured in shooting during hockey match at Rhode Island","Two people have died and three others were injured in a shooting incident at a hockey arena in Rhode Island, United States. The incident has shocked the local community and prompted an immediate police response. According to CNN, cited by ANI, one of those killed was a young girl. Law enforcement officials said the gunman later took his own life at the scene. Police believe the attacker was aiming at members of his own family. The motive behind …",https://ground.news/interest/india-tv-news
Sporting News,Center,Rhode Island hockey shooting updates: What to know about deadly attack at Pawtucket ice rink,"Two people are dead and another three were left in critical condition after a man fired shots during a high school hockey game in Pawtucket, Rhode Island.",https://ground.news/interest/sporting-news
voz.us,Right,Two Dead and Three Injured in a Shooting During a Hockey School Game on Rhode Island,"Two people died and three others were injured this Monday after a shooting during a school hockey match in Pawtucket City, Rhode Island, according to local authorities.Read more",https://ground.news/interest/vozus
Common Dreams,Left,'Stop This Madness': 3 Killed in Mass Shooting at Rhode Island High School Hockey Game,"""This is no way for our kids to live,"" said one gun control advocate.",https://ground.news/interest/common-dreams
Frankfurter Allgemeine,Right,Three Dead After Shooting at Sports Hall in Rhode Island,"In an ice rink in Rhode Island, United States, shots are fired on Monday, three people are dying, and the police are talking about a possible family relationship.",https://ground.news/interest/frankfurter-allgemeine
Hanford Sentinel,Center,"Pawtucket, RI, mass shooting: 2 victims killed, shooter dead after ‘family dispute’ leads to tragedy at ice rink","A suspect shot five people at a Rhode Island ice rink Monday afternoon, as a “family dispute” turned deadly during a high school hockey game. Two victims were killed and the suspect was dead following the apparent targeted family shooting…",https://ground.news/interest/hanford-sentinel
SDPnoticias.com,Lean Left,Jockey Track Tragedy: Minor Kills in Shooting on Rhode Island · Global Voices,"The shooting at a hockey game in Rhode Island, United States left two people dead and three injured.The attack was recorded on Monday, February 16 at Lynch Arena Pawtucket, during a high-school hockey game.The first reports mention that the shooter died on the scene and the shooting would have originated in the stands.Hockey shooting in Rhode Island leaves a minor dead.A minor is among the fatal victims of the shooting in Rhode Island.Lla anothe…",https://ground.news/interest/sdpnoticiascom
Kronen Zeitung,Right,3 Dead in Youth Ice Hockey Game in Rhode Island,"In an ""obviously targeted attack"" during a youth ice hockey game in Rhode Island, two people were shot, three more people were seriously injured. The perpetrator also succumbed to gunshot injuries. The blood attack occurred on Monday at the Dennis M. Lynch Arena in Pawtucket, a few kilometers outside Providence. Police President Tina Goncalves reported that a total of three people were killed. She explained that it was apparently a targeted atta…",https://ground.news/interest/kroneat
Gulf News,Right,"US: Two killed, three hurt including young girl in shooting at hockey arena in Rhode Island","Two persons were killed, and three others were injured in a shooting at a hockey arena in Rhode Island, United States, according to CNN.",https://ground.news/interest/gulf-news
Protothema,Right,"Massacre at a School Hockey Game in Rhode Island: Family Dispute Leaves Three Dead, Watch Video","The perpetrator killed his wife, shot his children and committed suicide – Three injured in critical condition – Scenes of panic at the stadium",https://ground.news/interest/protothema
New Hampshire Union Leader,Center,"Two victims, gunman dead in Rhode Island hockey rink shooting","Three people are dead, including a gunman, following a shooting at a high school hockey game in Rhode Island Monday afternoon, according to officials.",https://ground.news/interest/unionleadercom
NZ Herald,Center,At least two killed in northeastern US ice rink shooting,"At least two people have been killed and three wounded in a shooting at an ice rink in the northeastern US town of Pawtucket, with social media footage...",https://ground.news/interest/nz-herald
Washington Examiner,Right,At least two dead after shooting at Rhode Island hockey game,"At least two people have died after a shooting at a high school hockey game in Rhode Island on Monday. One suspect opened fire during a hockey game at the Dennis M Lynch Arena in Pawtucket, killing two people and injuring three others. The suspect is also dead. According to Pawtucket Police Chief Tina Goncalves, the shooting is believed to be “targeted.” “It was a Senior Night — a time for them to celebrate and to remember. It’s very unfortunate…",https://ground.news/interest/washington-examiner
Live Mint,Center,"Rhode Island shooting: Three killed during mass shooting at youth hockey game, video emerge","Rhode Island hockey game shooting: Authorities did not provide details about the suspect or the ages of those who were killed, though she said it appeared that both victims were adults.",https://ground.news/interest/live-mint
Firstpost News,Center,"3 dead, 3 injured in shooting at Rhode Island ice rink during youth hockey match","A shooting at an ice rink in Pawtucket, Rhode Island, left three people dead, including the suspect, and three others critically injured during a youth hockey game",https://ground.news/interest/firstpost-news
Arutz Sheva,Right,Rhode Island: Shooting during hockey game leaves three dead,Shooting during a hockey game in Pawtucket leaves three dead and several injured. Investigators are looking into a possible domestic dispute as the cause.,https://ground.news/interest/arutz-sheva
Republic World,Right,"Rhode Island Shooting: 3 Killed, Including Suspect, In Pawtucket Hockey Rink Firing","A shooting at a youth hockey game in Pawtucket, located in Rhode Island, leaves 3 dead, including the suspect, and 3 critically injured, with the law enforcement agencies linking the shooting to a family dispute.",https://ground.news/interest/republic-world
Le Parisien,Right,"""We Ran Straight to the Locker Room"": Two People Killed in a Shooting in a Hockey Game in the United States","A shooting broke out in a rink in Pawtucket, Rhode Island (northeast), where an ice hockey encounter was taking place. Two people were killed. The shooter was also found dead.",https://ground.news/interest/le-parisien
WPRI 12,Center,Reactions pour in after shooting at Pawtucket ice rink,"State and local leaders, as well as area sports organizations, are sharing their condolences and frustration with Rhode Islanders after a shooting at Lynch Arena in Pawtucket on Monday afternoon left three people dead and three more in critical condition.",https://ground.news/interest/wpri-12
Click on Detroit,Center,"2 killed, 3 injured in shooting at Rhode Island ice hockey arena during high school game",A deadly shooting has left two people killed and three others injured following an ice hockey arena shooting in Rhode Island during a high school game.,https://ground.news/interest/click-on-detroit
The Epoch Times,Right,"3 Dead, Including Suspect, in Shooting During Rhode Island Youth Hockey Game","PAWTUCKET, R.I.—Three people, including the suspect, were fatally shot during a Rhode Island youth hockey game Monday, authorities said. Pawtucket Police Chief Tina Goncalves told reporters that three other victims are hospitalized in critical condition. “It appears that this was a targeted event, that it may be a family dispute,” she said. Goncalves did not provide details about the suspect or the ages of those who were killed, though she said …",https://ground.news/interest/the-epoch-times
Toronto Sun,Right,"At least three dead, including suspect, in Rhode Island hockey rink shooting",Officials said at least three people are dead and three have been hospitalized after an alleged 'family dispute' in Pawtucket.,https://ground.news/interest/toronto-sun
La Presse,Lean Left,Rhode Island: at Least Two People Killed After Shooting in a Rink,"At least two people were killed and three others injured on Monday by a shooter in a Pawtucket rink in Rhode Island, where a hockey game was taking place, announced the local authorities.",https://ground.news/interest/la-presse_39d7a8
yle,Center,Shooting at Hockey Game in the United States – at Least Three Dead,The shooting occurred during a hockey game involving students from different schools.,https://ground.news/interest/yle
KHBS,Center,Woman says 'my father was the shooter' in hockey rink,"""He shot my family and he's dead now,"" ﻿she said.",https://ground.news/interest/khbs
Newport Buzz,Lean Left,"Shooting at Pawtucket High School Hockey Game Leaves Two Victims, Gunman Dead","Newport Buzz Shooting at Pawtucket High School Hockey Game Leaves Two Victims, Gunman Dead Two people were killed and three others were hospitalized after a shooting Monday afternoon during a high school hockey game at Dennis M. Lynch Arena in Pawtucket. The suspected gunman also died, bringing the total number of deaths to three, authorities said. The gunfire erupted around 2 p.m. at the indoor rink on Andrew D. Ferland Way during a matchup bet…",https://ground.news/interest/newport-buzz
Sky News UK,Center,Three people killed and others injured in shooting at US ice rink,"The shooting happened at the Dennis M. Lynch Arena in Pawtucket, near Providence in Rhode Island, at around 2.30pm local time (7.30pm UK time) on Monday, where a youth hockey game was scheduled.",https://ground.news/interest/sky-news
The Independent,Lean Left,Cops identify suspected gunman who targeted family in Rhode Island ice rink shooting,"The suspected shooter also died during the incident at Dennis M. Lynch Arena in Pawtucket, police say",https://ground.news/interest/the-independent_ff73a6
politika.rs,Right,Three Dead in Shooting at Rhode Island Hockey Game,Three people were killed in a shooting at a high school hockey game in the US state of Rhode Island today.,https://ground.news/interest/politikars
rhodeislandcurrent.com,Left,"3 dead, 3 injured in shooting at Pawtucket ice rink; state leaders express sorrow, outrage","The Dennis M. Lynch Arena in Pawtucket. (Google street view)A shooting at the Dennis M. Lynch Arena in Pawtucket during a high school hockey game Monday killed three people, including the suspected shooter, in what police are calling a “family dispute.”   Three other victims who were shot remain in the hospital, Pawtucket Police Chief Tina Goncalves said in a Monday evening news conference outside the rink.     “It appears that this was a target…",https://ground.news/interest/rhodeislandcurrentcom
CBC News,Lean Left,"Rhode Island youth hockey game shooting leaves 3 dead, including suspect","Three people, including the suspect, were killed in a shooting during a Rhode Island youth hockey game. Three others are in critical condition. Police say it appears targeted and possibly tied to a family dispute.",https://ground.news/interest/cbc-news
Reforma,Right,Leaves 3 Dead Shootings in Hockey Game on Rhode Island,"Three people, including the suspect, died during a shooting at a youth hockey game in Rhode Island, USA.",https://ground.news/interest/reformacom
Breitbart,Right,"At Least 1 Dead, Others Injured in Ice Rink Shooting After Family Dispute","At least one person is dead and others injured after a ""family dispute"" led to shots fired at an ice rink in Rhode Island on Monday afternoon. The post At Least One Dead, Others Injured in Ice Rink Shooting After Family Dispute appeared first on Breitbart.",https://ground.news/interest/breitbart
Telegrafi,Lean Left,Three Killed and Others Injured – Footage Purportedly Shows Tragic Shooting at Us Ice Rink,"Three people, including the suspect, are reported to have died in a shooting at an ice rink in the US. According to foreign media, the shooting took place on Monday at Dennis M. Lynch Arena in Pawtucket, Rhode Island. A youth hockey game was reportedly being held at the scene of the shooting.BREAKING: Video captures moment shots were fired during ice hockey game at Dennis M Lynch Arena in Pawtucket, Rhode Island. 2 killed, including the suspect.…",https://ground.news/interest/telegrafi
Anadolu Ajansı,Right,"Shooting at ice rink in US state of Rhode Island leaves 2 dead, 3 hospitalized: Report",Authorities say deadly incident linked to family dispute - Anadolu Ajansı,https://ground.news/interest/anadolu-ajans
La Vanguardia,Lean Left,Three Killed in a Shooting During a Schoolboy Ice Hockey Game on Rhode Island,"A hockey ice game of high school students, on a track in Pawtucket (Rhode Island), ended with a tragic scoreboard. There were three dead, including the gunman, who took his life, and at least three other injured people who were admitted to a hospital in critical condition.Continue reading...",https://ground.news/interest/la-vanguardia
The Hindu,Lean Left,"3 killed, including suspect, in shooting at hockey rink in U.S.’s Rhode Island","Three killed in targeted shooting at a Rhode Island hockey rink, with three others hospitalized in critical condition.",https://ground.news/interest/the-hindu
PJ Media,Far Right,BREAKING: Rhode Island Hockey Game Shooter Identified as ‘Transgender’,Details on the Rhode Island hockey game shooter identified as transgender involved in a tragic mass shooting.,https://ground.news/interest/pj-media
9News,Right,Three killed at youth hockey game in US shooting,"Three people, including the suspect, have been shot dead during a youth ice hockey game in the US state of Rhode Island.Pawtucket Police Chief Tina Goncalves told local media that three other victims are hospitalised in a critical condition.""It appears that this was a targeted event, that it may be a family dispute,"" she said.READ MORE: Former NRL player Matt Utai shot in Sydney drive-by attack﻿Goncalves did not provide details about the suspect…",https://ground.news/interest/9news
The Detroit News,Center,"2 killed, 3 wounded in shooting at high school hockey game in Rhode Island",Officials say the incident was related to a family dispute.,https://ground.news/interest/the-detroit-news
El Mundo,Right,Three Dead After a Shooting at a Youth Hockey Game on Rhode Island,"Three people, including the suspect, have died during a shooting at a youth hockey game on Rhode Island, authorities have reported.",https://ground.news/interest/el-mundo
WFSB,Center,Shooting at Pawtucket high school hockey game in Rhode Island,,https://ground.news/interest/wfsb
Il Post,Lean Left,In Rhode Island There Was an Armed Attack on a Student Hockey Game: Two People Were Killed,,https://ground.news/interest/il-post
WTAE,Center,"Two dead in a shooting at a hockey rink in Rhode Island, police say. The suspect is also dead","A high school hockey game was taking place at the time of the shooting, reports say.",https://ground.news/interest/wtae
thewestmorlandgazette.co.uk,Center,"Three killed, including suspect, in shooting at Rhode Island hockey rink","The shooting happened at Dennis M Lynch Arena in Pawtucket, a few miles outside Providence.",https://ground.news/interest/thewestmorlandgazettecouk
CP24,Center,"3 killed, including suspect, in shooting at hockey rink in Rhode Island: police","Authorities said three people were killed, including the suspect, at a shooting at a Rhode Island hockey rink on Monday afternoon.where a youth hockey game was scheduled.",https://ground.news/interest/cp24
Providence Journal,Center,"UPDATE: Pawtucket police confirm three dead, including shooter",More than a dozen shots were fired at boys high school hockey game at Dennis M. Lynch Arena in Pawtucket.,https://ground.news/interest/providence-journal
The Seattle Times,Lean Left,Police respond to shooting at a Rhode Island hockey arena,"It was not immediately clear how many people were injured in the shooting, which happened around 2:30 p.m. at the Dennis M. Lynch Arena.",https://ground.news/interest/the-seattle-times
Sydney Morning Herald,Lean Left,Multiple killed in shooting at Rhode Island hockey game,Multiple people are dead after a shooting at a youth hockey game in Rhode Island.,https://ground.news/interest/sydney-morning-herald
Boston.com,Center,"3 dead, 3 injured in shooting at R.I. high school hockey game, mayor calls shooting 'targeted family dispute'","“A North Smithfield father... grabbed a gun out of the shooter's hand, but the individual had a second weapon,"" a reporter said.",https://ground.news/interest/bostoncom
ESPN,Lean Left,"Shooting at R.I. rink leaves 3 dead, teams fleeing","A shooting inside a Rhode Island hockey rink Monday left at least three people dead, several others injured and the two high school teams playing fleeing off the ice as it all unfolded.",https://ground.news/interest/espn
NDTV,Right,"3 Killed, Including Suspect, In Shooting At Rhode Island Hockey Rink In US",Police are responding to reports of multiple people hurt in a shooting at a Rhode Island ice rink where a youth hockey game was scheduled.,https://ground.news/interest/ndtv
One News Page,Center,Three people killed and others injured in shooting at ice rink,"Three people have been killed in a shooting at an ice rink in the US, authorities said.",https://ground.news/interest/one-news-page
EFE,Center,"Three Dead, Including the Aggressor, in a Shooting During the Hockey Game in the United States","At least two people, including one girl, died and three others were injured in a shooting during a hockey game in the U.S.",https://ground.news/interest/efe
The Independent (US),Lean Left,Young girl killed in mass shooting during high school hockey game,,https://ground.news/interest/the-independentcom
Clarin,Right,Three Dead During a Shooting at an Ice Hockey Rink in the United States,The episode occurred while a party was taking place among students from various schools in a Rhode Island state establishment.The attack would have had a family problem as its background.,https://ground.news/interest/clarin_5fa6ca
Fox5 DC,Center,"3 dead, 3 hurt in “family dispute"" shooting at Rhode Island ice rink",Three people are dead after a shooting Monday at an indoor ice rink in Rhode Island. Officials believe the shooting was part of a family dispute.,https://ground.news/interest/fox5-dc
OKDIARIO,Right,"At Least Two Dead, Including One Girl, and Four Wounded in a Shooting on an American Hockey Track","At least two dead, including one girl, and four wounded in a shooting at a hockey court in Rhode Island (USA) during a school match on Monday, February 16. The attack took place on the Dennis M. Lynch Arena track, located in Pawtucket. The attack caused panic scenes among students, relatives and spectators, and generated a strong police response in the area. The attacker died after shooting. The shooting took place as a result of a family disput…",https://ground.news/interest/okdiario
Ottumwa Courier,Center,"Shooting at Rhode Island hockey rink leaves three dead, including suspect, and three more hurt, police say","Shooting at Rhode Island hockey rink leaves three dead, including suspect, and three more hurt, police say.",https://ground.news/interest/ottumwa-courier
WPTZ,Center,Hockey players raced across ice after shots fired in Rhode Island rink,Video reviewed by sister station WCVB shows hockey players rushing across the ice or out into the stands after shots were fired inside a Rhode Island ice rink.,https://ground.news/interest/wptz
WLKY,Center,"Police: Three dead, including shooter, after shooting at Rhode Island hockey rink","A high school hockey game was taking place at the time of the shooting, reports say.",https://ground.news/interest/wlky
Marca,Center,Fatal shooting in the middle of a high school hockey game: 3 people died,"A tragic act of violence disrupted what was supposed to be a routine afternoon of student sports in Pawtucket, Rhode Island, after gunfire erupted during a high school hockey match",https://ground.news/interest/marca
The Daily Caller,Right,"Two Dead, Three Wounded After Gunman Opens Fire At Youth Hockey Game",A two victims were killed and three others were hospitalized with life-threatening injuries after a man opened fire during a high school hockey game in RI.,https://ground.news/interest/the-daily-caller
abc,Right,At Least Two Dead in a Shooting During a Hockey Game in the u.s.,"At least two people have been killed, including a small girl, and four more people have been injured during a shooting this Monday during a hockey match in Pawtucket, in the U.S. state of Rhode Island, near Boston. Pawtucket City Hall has confirmed the death of the girl during a high school league match played at Dennis M. Lynch Arena, reports local television station WJAR, a CBS subsidiary. The second victim is, according to the City Hall, the …",https://ground.news/interest/abc_0c202e
Concealed Nation,Right,"2 Dead, 3 Injured In Mass Shooting At Hockey Game In Rhode Island","Three people are dead, including the gunman, and three others are in critical condition following a domestic shooting during a high school hockey game at Dennis M. Lynch Arena in Pawtucket. Pawtucket police believe the shooter targeted his own family members before turning the firearm on himself. The post VIDEO: 2 Dead, 3 Injured in Mass Shooting at Hockey Game in Rhode Island appeared first on Concealed Nation. Continue reading VIDEO: 2 Dead, 3…",https://ground.news/interest/concealed-nation
IBTimes UK,Lean Left,Mass Shooting at Pawtucket Ice Rink: Multiple Casualties Reported,"A mass shooting occurred at an indoor ice rink in Pawtucket, Rhode Island, on Monday, with multiple casualties reported and the suspect found dead at the scene. A gunman opened fire during a high school boys' hockey tournament at the Dennis M Lynch Arena, killing one young girl and injuring four others who were rushed to hospital for treatment. The Pawtucket mayor's office said the suspect, whose identity was not disclosed, was dead at the scene…",https://ground.news/interest/ibtimes-uk
La Tercera,Right,Usa: Shooting During School Ice Hockey Game Leaves Three Dead and Three Injured,"A shooting on Monday afternoon at an ice skating rink shocked the city of Pawtucket, in the state of Rhode Island, northeast of the United States. According to preliminary information, the attack occurred during a school hockey match at Dennis M. Lynch Arena, leaving three deceased, including one minor and the same attacker, as well as three other critically injured people, according to local authorities. According to U.S. media, the shots were …",https://ground.news/interest/la-tercera
100% FED UP!,Far Right,DEVELOPING: Multiple Fatalities After Shooting At Ice Rink * 100PercentFedUp.com * by Danielle,At least two people are dead after a shooting at an indoor ice skating rink in Rhode Island on Monday. […],https://ground.news/interest/100percentfedupcom
GB News,Right,At least 2 dead and 4 in hospital after mass shooting during Rhode Island school ice hockey game,"At least two people have died and four more have sent to hospital after a mass shooting at an ice rink in Rhode Island. The suspect is among the dead, it has been reported. The mass shooting took place during a hockey game between two local schools. Police in Pawtucket are not said to be looking for anyone else in relation to the shooting. TRENDING Stories Videos Your Say Local reports suggest a ""hero"" father grabbed a gun from the shooter, des…",https://ground.news/interest/gbnewscom
WBAL-TV,Center,"Child killed, four injured in shooting at Rhode Island hockey rink, sources say; suspect also dead","A high school hockey game was taking place at the time of the shooting, reports say.",https://ground.news/interest/wbal-tv
oceanstatemedia.org,Lean Left,Mass shooting at Pawtucket ice rink appears to be a murder-suicide,"Three people are dead and three others are wounded after a shooting at the Dennis M. Lynch arena on Monday afternoon, where hockey players from co-operative teams representing several R.I. high schools had a game scheduled.",https://ground.news/interest/oceanstatemediaorg
The Daily Wire,Right,"Transgender-Identifying Man Opens Fire At Rhode Island Hockey Game, Killing Two","Two people were killed and at least three others critically injured after a man who identifies as a woman opened fire at a high school hockey game in Rhode Island.Pawtucket Police Chief Tina Goncalves confirmed in a Monday evening press conference that Robert Dorgan, who goes by the name Roberta Esposito, killed himself after what she said was likely a targeted shooting stemming from a family dispute. A clip circulating on social media appears t…",https://ground.news/interest/the-daily-wire
Newsmax,Right,Reports of Multiple Casualties in R.I. Hockey Rink Shooting,"In a shooting at a Rhode Island ice rink where a youth hockey game was scheduled, police are responding to reports of multiple people hurt.",https://ground.news/interest/newsmax
El Pais,Lean Left,Two Dead and Four Injured in a Shooting During an Ice Hockey Game on Rhode Island,"At least two people have died and four have been hospitalized due to a shooting at an ice hockey pavilion in Pawtucket, a city on Rhode Island located 70 kilometers from Boston, according to local media outlet WPRI. Continue reading",https://ground.news/interest/el-pais
News Addicts,Far Right,‘Hero’ Father Stops Mass Shooting At Hockey Game In Rhode Island; 4 Injured,"At least two people were killed in an apparent mass shooting at an indoor ice rink in Pawtucket, Rhode Island, on Monday afternoon, according to local reports. Police told WPRI 12 that the suspect is dead. Local sports reporter Branden Mello said one of the victims also died. The gunfire erupted during a boys’ hockey […] The post ‘Hero’ Father Stops Mass Shooting At Hockey Game In Rhode Island; 4 Injured appeared first on News Addicts.",https://ground.news/interest/newsaddictscom
TrendingPolitics,Right,Man Shoots His Own Family During Hockey Game In Rhode Island,"UPDATE: The man who opened fire in a Rhode Island ice arena shot and killed his wife and shot two of his kids before turning the gun on himself, according to Fox News. The incident is being called a “domestic violence” altercation that turned deadly, according to the outlet. All members of the Coventry Boys Hockey team have been accounted for and are safe. Original article: At least two people were killed in an apparent mass shooting at an indoo…",https://ground.news/interest/trendingpoliticsnewscom
diario.mx,Center,Ice Hockey Shooting on Rhode Island Leaves 3 Dead,"Three people, including the suspect, died on Monday during a shooting at a youth hockey game in Rhode Island, authorities reported. Three other victims are hospitalized in critical condition, Pawtucket police chief Tina Goncalves said, in statements to journalists. “It seems that this was a targeted event, which could be a family dispute,” said Goncalves, who did not disclose details about the suspect or the ages of the deceased, although he str…",https://ground.news/interest/diariomx
WCSH,Lean Left,"Officials: Rhode Island shooting that killed 3 people, including the shooter, revolved around a 'family dispute'","The shooting happened during a youth hockey game in Pawtucket, RI Monday afternoon.",https://ground.news/interest/wcsh_6f407b
WLTReport,Far Right,BREAKING: Sh*ts Fired At Rhode Island Ice Skating Rink -- Multiple Victims,"This afternoon, a horrific shooting took place during a high school boys' hockey game at an indoor ice skating rink in Pawtucket, Rhode Island. Tragically, at least one young girl was killed.",https://ground.news/interest/wltreportcom
Daily Star,Right,Girl killed and four hospitalised after gunman opens fire at ice staking rink,"A horror mass shooting at Dennis M Lynch Arena in Pawtucket, Rhode Island, has seen a young girl killed and four rushed to hospital after shots were fired during a high school hockey game",https://ground.news/interest/daily-star
Infobae,Lean Left,Shooting at an Ice Hockey Stadium in the United States: at Least Two Dead,The incident occurred during a school party involving teams from several schools,https://ground.news/interest/infobae_343f97
NBC News,Lean Left,2 killed and 3 injured in shooting at a Rhode Island high school hockey game,"At least two people are dead and another three are injured after a shooter opened fire during a hockey game in Pawtucket, Rhode Island.",https://ground.news/interest/nbc-news
noticiasya.com,Center,"Shooting on a Hockey Track on Rhode Island Leaves at Least One Dead and Four Injured, Reports Wjar","At least one person has died and four have been injured following a shooting at a hockey court in Rhode Island, according to CNN WJAR subsidiary, citing Pawtucket’s mayor’s office. The attacker is also dead, WJAR reported. Agents from the Alcohol, Tobacco, Firearms and Explosives Bureau are responding to assist local law enforcement, a spokesman for the agency told CNN. Two cooperative teams were playing hockey matches on the track, according to…",https://ground.news/interest/noticiasyacom
Associated Press News,Lean Left,"Shooting at Rhode Island youth hockey game leaves 3 dead, including shooter, and 3 more wounded","Authorities say a shooting during a Rhode Island youth hockey game has left three people dead, including the shooter.",https://ground.news/interest/associated-press-news
WHEC-TV,Center,"Girl killed, four injured in hockey rink shooting in Rhode Island",A girl was killed and four people were injured in a shooting at an ice rink in Rhode Island.,https://ground.news/interest/whec-tv
The Gateway Pundit,Far Right,"BREAKING: Young Girl Killed, Four Injured in Shooting at Ice Hockey Rink in Rhode Island - Suspect Dead",Update: Officials said the shooting is related to a family dispute.,https://ground.news/interest/the-gateway-pundit
WMUR,Center,"Police respond to shooting at skating rink in Pawtucket, Rhode Island","Police responded to a reported shooting at a skating rink in Rhode Island on Monday afternoon. According to ABC News, the suspected shooter shot and killed himself and the incident is considered to be over.",https://ground.news/interest/wmur
svt Nyheter,Lean Left,At Least Two Dead After Shooting at Ice Rink in Us,"At least one person has been shot and killed after a shooting at an ice rink in Pawtucket, New Jersey, on Monday, local station WPRI reports. The suspected shooter is also believed to have died.",https://ground.news/interest/svt-nyheter
Straight Arrow News,Center,"Shooting at Rhode Island high school hockey game kills 3, injures 3","A gunman killed at least two people Monday at a high school hockey game in Rhode Island, according to multiple reports. The shooter is also dead, according to authorities. The shooting happened at the Dennis M. Lynch Arena in Pawtucket, Rhode Island, at about 2 p.m. Local news station WPRI reports that, in addition to the shooter, two victims are dead and three others are hospitalized. However, the conditions of those injured were not immediatel…",https://ground.news/interest/straight-arrow-news
Boston Herald,Right,"Pawtucket’s hockey rink shooter identified as father, known as ‘Roberta’","The suspected shooter has been identified as 56-year-old Robert Dorgan, who also went by ""Roberta."" A hero ""Good Samaritan interjected,"" likely helping to end the hockey rink carnage.",https://ground.news/interest/boston-herald
WCVB,Center,"More details emerging after gunman kills 2, self at RI high school hockey game","Police identified the shooter involved in a deadly assault inside a hockey rink in Pawtucket, Rhode Island, and credited a good Samaritan for helping to stop the attack.",https://ground.news/interest/wcvb
Boston 25 News,Center,Report: At least two dead after multiple people shot inside ice arena in Rhode Island,"PAWTUCKET, R.I. — A suspect is dead after multiple people were shot at an ice arena in Rhode Island on Monday afternoon, FOX Providence (WPRI) reported.",https://ground.news/interest/boston-25-news
KIFI,Center,"A Shooting at a Hockey Rink in Rhode Island Has Left at Least One Person Dead, Sources Say. the Suspect Also Died.","By Elise Hammond, CNN - At least one person was killed in a shooting at a hockey rink in Rhode Island, according to CNN sources. Four other people were injured, according to CNN affiliate WJAR, citing the Pawtucket mayor's office. Police say the incident is believed to be domestic in nature, as the gunman appears to have been targeting members of his own family, two law enforcement officials briefed on the situation told CNN. The gunman died fro…",https://ground.news/interest/kifi
PIX 11,Center,"2 killed, 3 injured in Rhode Island ice rink shooting; suspect also dead","Three people are dead, including the suspect, and three others are in critical condition after a shooting at a Rhode Island ice skating rink Monday afternoon.",https://ground.news/interest/pix-11
Daily Record,Lean Left,Mass shooting reported as 'multiple people' hurt at high school ice hockey game,Multiple people have been shot after a gunman allegedly opened fire inside an ice skating rink,https://ground.news/interest/daily-record_ed6bce
CNN,Lean Left,"Shooting at youth hockey game in Rhode Island leaves 2 dead, 3 injured","Two people were killed and three others injured in a shooting at a hockey arena in Rhode Island, police said.",https://ground.news/interest/cnn
KVIA,Center,Shooting reported at ice skating rink in Rhode Island,"The shooting was at an ice rink in Pawtucket, just outside of Providence. By Aaron Katersky, Luke Barr, and Sasha Pezenik February 16, 2026, 1:32 PM A shooting was reported at an ice skating rink in Rhode Island on Monday, with the exact number of people shot and their conditions unknown, sources told ABC News. The incident was at the Dennis M. Lynch Arena in Pawtucket, about 5 miles outside of Providence. Law enforcement outside of Dennis M Lyn…",https://ground.news/interest/kvia
PHL17,Center,"2 killed, 3 injured in Rhode Island ice rink shooting","Three people are dead, including the suspect, and three others are in critical condition after a shooting at a Rhode Island ice skating rink Monday afternoon.",https://ground.news/interest/phl17com
WESH,Center,Large police response to reported shooting at Rhode Island skating rink,"A high school hockey game was taking place at the time of the shooting, reports say.",https://ground.news/interest/wesh
CBS News,Center,"2 killed in shooting at high school hockey game in Pawtucket, Rhode Island; suspect dead, police say","Police said the deadly shooting during a high school boys&#039; hockey game in Pawtucket, Rhode Island, appears to have stemmed from a family dispute.",https://ground.news/interest/cbs-news
Belfast Live,Center,Shooting at ice skating rink as 'multiple people' injured during hockey game,Police were called to the Dennis M Lynch Arena where it is believed a high school ice hockey game was being played,https://ground.news/interest/belfast-live
Fox News,Right,Multiple people shot at Rhode Island ice rink in domestic violence-related murder-suicide,"Emergency crews are on the scene at Dennis M. Lynch Arena in Pawtucket, Rhode Island, after a shooting left multiple victims injured and the suspect dead.",https://ground.news/interest/fox-news_a44aba
WABC,Right,"Mass Shooting, Multiple Casualties Reported in Rhode Island","6:15pm – Three Dead, Multiple Injured in Shooting at Pawtucket Hockey Game; Police Say Incident Domestic in Nature (Pawtucket, Rhode Island) – Three people, including the suspected gunman, are dead and three others are injured following a shooting Monday afternoon at the Dennis M. Lynch Arena in Pawtucket, according to city officials. The shooting occurred just before 3 p.m. during a scheduled Blackstone Valley Schools co-op boys hockey game aga…",https://ground.news/interest/wabc
Daily Mirror,Lean Left,Ice skating rink horror as multiple people injured in 'shooting',"A young girl has died and four others have been injured after a gunman opened fire during a hockey game at the Dennis M Lynch Arena in the city of Pawtucket, Rhode Island",https://ground.news/interest/daily-mirror
Patch,Center,"3 Dead, 3 Wounded In Mass Shooting at Pawtucket Ice Rink","The shooting appears to be a ""targeted family dispute,"" according to a representative of the Pawtucket Mayor's Office.",https://ground.news/interest/patch
Metro News,Lean Left,Young girl killed in mass shooting during rival ice hockey match in Pawtucket,A suspected gunman is down after police responded to a mass shooting at a high school ice hockey match in Rhode Island.,https://ground.news/interest/metro-news
WTNH,Center,"2 killed, 3 hospitalized in Pawtucket ice rink shooting; suspect also dead","Multiple people were shot at Dennis M Lynch Arena in Pawtucket Monday afternoon, Target 12 has confirmed.",https://ground.news/interest/wtnh
Revolver,Right,"Dad shoots wife, 3 kids in horror 'family dispute' at crowded RI...","Several people were shot at an indoor ice rink in Rhode Island on Monday afternoon during a youth boys hockey game, according to reports.",https://ground.news/interest/revolver
New York Post,Right,"Trans dad Robert Dorgan shoots wife, 3 kids in horrid ‘family dispute’ at crowded RI hockey arena as players and fans are seen scrambling to safety","Several people were shot at an indoor ice rink in Rhode Island on Monday afternoon during a youth boys hockey game, according to reports.",https://ground.news/interest/new-york-post
WHDH,Center,"Police respond to shooting at Pawtucket, Rhode Island ice rink - Boston News, Weather, Sports","PAWTUCKET, R.I. (WHDH) - SKY 7 HD was over the scene of a shooting at Dennis M. Lynch ice rink in Pawtucket, Rhode Island Monday",https://ground.news/interest/whdh
Express US,Right,Horror image captures shooting bloodbath at high school hockey game,"Multiple people were injured during an active shooter incident at a boys' hockey game in Pawtucket, Rhode Island, authorities confirmed Monday afternoon.",https://ground.news/interest/the-expresscom
NBC Montana,Center,"Girl killed, four injured in shooting at ice rink in Pawtucket",The Pawtucket mayor's office said a was killed and four people were injured in a shooting at the Dennis M. Lynch Arena during a high school hockey game.,https://ground.news/interest/nbc-montana
KRCR,Center,"Two killed, three injured in shooting at ice rink in Pawtucket",The Pawtucket mayor's office said a was killed and four people were injured in a shooting at the Dennis M. Lynch Arena during a high school hockey game.,https://ground.news/interest/krcr
Komo News,Center,Girl killed in shooting at ice rink in Pawtucket,The response was centered on the Dennis M. Lynch Arena on Andrew D. Ferland Way.,https://ground.news/interest/komo-news
NewsNation,Center,Suspect among 3 dead in Rhode Island ice rink shooting,"An employee at a Walgreens nearby told WPRI in Providence people came into the pharmacy panicking, saying there had been a shooting.",https://ground.news/interest/wgn-america_663347
The US Sun,Right,Two dead in shooting at boys ice hockey game as three left fighting for life,TWO people including a young girl have been killed after a horrifying shooting at a boys ice hockey game. Another three victims were left...,https://ground.news/interest/the-us-sun
Kron 4 News,Center,"1 killed, 4 hospitalized in Rhode Island ice rink shooting; suspect also dead","Two people are dead, including the suspect, and four others were hospitalized after a shooting at a Rhode Island ice skating rink Monday afternoon.",https://ground.news/interest/kron-4-news
UPI,Center,"Three dead, three injured in shooting at high school hockey game",Three people were killed and three more injured in a shooting at a high school hockey game in Rhode Island that police said stemmed from a family dispute.,https://ground.news/interest/upi_0b956e
Newsweek,Center,"Shooting at Pawtucket, Rhode Island Hockey Arena: What to Know","Multiple people have been injured during a shooting at an indoor ice skating rink in Pawtucket, Rhode Island on Monday.",https://ground.news/interest/newsweek
Mirror US,Lean Left,'Multiple people gunned down by active shooter' at high school hockey game,"Multiple people were shot during an active shooter incident at a high school hockey game in Pawtucket, Rhode Island.",https://ground.news/interest/themirrorcom
The Washington Hispanic,Center,"Three Dead, Including One Suspect, in Shooting During a Youth Hockey Game","Three people, including the suspect, were shot dead during a youth hockey game in Rhode Island on Monday, authorities said. Pawtucket police chief Tina Goncalves told reporters that three other victims are hospitalized in critical condition. “It seems that this was a targeted attack, which could be a family dispute,” she said. Goncalves did not provide details about the suspect or the age of the victims, although she indicated that both victims …",https://ground.news/interest/washington-hispanic
KGW 8,Center,"Three dead, three injured in Rhode Island ice rink shooting","A shooting Monday afternoon at a youth hockey game in Pawtucket, Rhode Island, left three dead and three critically injured, police say. The gunman also died.",https://ground.news/interest/kgw-8
The Post Millennial,Right,"BREAKING UPDATE: Child and wife killed by father in Rhode Island hockey rink murder-suicide, 2nd child in hospital","It is now reported that three people have been killed, including the suspect, and three others were hospitalized after a shooting at a Rhode Island hockey rink.",https://ground.news/interest/the-post-millennial
RedState,Right,"Developing: Shooting at RI Ice Rink Leaves at Least 2 Dead, Multiple Injured",Shooting at Rhode Island ice rink leaves at least 2 dead and multiple injured during a youth hockey game.,https://ground.news/interest/redstate
abc10 Sacramento,Center,High school hockey game shooting leaves 3 dead,A shooting at a high school hockey game in Pawtucket left three dead and three critically injured. Police say it appeared to be a domestic dispute.,https://ground.news/interest/abc10-sacramento_50e928
TMZ,Right,"Video Shows Hockey Players, Fans Rush For Cover After Gunshots Erupt During Game","Video has surfaced of the fatal shooting during a hockey game at an ice rink in Rhode Island on Monday, showing the crowd and players rushing for cover after a gunman opened fire, in a terrifying display of violence. The tragedy occurred around 2…",https://ground.news/interest/tmz
OAN,Right,Rhode Island: 'Targeted' Pawtucket ice rink shooting leaves 2 dead and at least 3 injured,"A high school hockey game turned into a scene of chaos and tragedy on Monday when a gunman opened fire at the Dennis M. Lynch Arena, in Pawtucket, Rhode Island, resulting in the deaths of two people. The shooter died from a self inflicted gunshot as well.",https://ground.news/interest/oan
RiverBender.com,Center,Shooting at Rhode Island Hockey Arena Leaves Two Dead,"PAWTUCKET, R.I. — Police responded Monday afternoon, Feb. 16, 2026, to a shooting at Dennis M. Lynch Arena in Pawtucket, Rhode Island, where two people were confirmed dead, and three others were injured in what police described as a targeted attack that may have been related to a family dispute.Pawtucket Police Chief Tina Goncalves said Monday afternoon that the gunman died of a self-inflicted gunshot wound after firing shots. Goncalves said one…",https://ground.news/interest/riverbendercom
Just the News,Right,"Father who shot five at Rhode Island ice rink was transgender, authorities say","One person was killed and four others were hospitalized in a shooting at an ice skating rink in Pawtucket, Rhode Island",https://ground.news/interest/justthenewscom
NBC Boston,Lean Left,"Large police presence at Pawtucket, RI, rink","A large number of police was seen at a skating rink in Pawtucket, Rhode Island, on Monday, NBC affiliate WJAR reported.",https://ground.news/interest/nbc-boston
KJRH,Center,"3 killed, including suspect, in Rhode Island ice rink shooting","Three people have died following a shooting that broke out during a youth ice hockey game in Pawtucket, Rhode Island, authorities said Monday.The incident occurred at the Dennis M. Lynch Arena. Three people, including the suspected gunman, were killed in the shooting. Three more people were hospitalized in critical condition, according to Pawtucket Police Chief Tina Goncalves.It appears that this was a targeted event, that it may be a family dis…",https://ground.news/interest/kjrh
NBC Chicago,Center,"3 dead, including suspect, during Pawtucket, RI, high school hockey game","Three people are dead, including the gunman, in a shooting during a high school hockey game in Pawtucket, Rhode Island, on Monday, police said.",https://ground.news/interest/nbc-chicago
KPNX,Center,"Shooting reported at ice rink in Rhode Island, reports say","According to reports, one victim was killed and four were injured in the shooting. The suspect is also dead, officials said.",https://ground.news/interest/kpnx
Krem2 News,Center,Shooting reported at ice rink during youth hockey game in Rhode Island,"According to reports, one victim was killed and four were injured in the shooting. The suspect is also dead, officials said.",https://ground.news/interest/krem2-news
KERO,Center,Shooting reported at ice rink in Rhode Island,"Authorities are responding to reports of a shooting at an ice rink in Pawtucket, Rhode Island.The incident occurred on Monday at the Dennis M. Lynch Arena. It was not immediately clear how many people were shot or the extent of their injuries.I am praying for Pawtucket and everyone involved, Rhode Island Gov. Dan McKee said.The Bureau of Alcohol, Tobacco, Firearms and Explosives said it is sending agents to assist state and local authorities wit…",https://ground.news/interest/kero
NBC LA,Lean Left,"Shooting at Pawtucket, RI, arena leaves girl, suspect dead, officials say","A young girl died and four people were injured in a shooting at a rink in Pawtucket, Rhode Island, on Monday, the mayor's office told NBC affiliate WJAR.",https://ground.news/interest/nbc-la
Azteca Quintana Roo,Left,Terror Images: the Exact Moment of the Hockey Match Shooting that Left 3 Dead,"What began as a school sports encounter at the Lynch Arena in Pawtucket, Rhode Island in the United States, turned into a nightmare, this after a man, allegedly dressed as a woman, started a shooting, causing panic at the school hockey game, as well as the death of at least three people. These are the details in Azteca Quintana Roo. The events occurred during the afternoon of Monday, February 16, and were recorded and shared on social media, whe…",https://ground.news/interest/azteca-quintana-roo
diariopanorama.com,Left,United States: Shooting on a Hockey Track Left at Least Three Dead and Several Injured - Diario Panorama,"Authorities investigate whether the attack was linked to a family dispute, confirming that the assailant died after shooting himself.",https://ground.news/interest/diariopanoramacom
sport.cz,Right,Shooting at a Hockey Game! Players Fled the Ice,"A crazy moment happened to American high school hockey players in Pawtucket, Rhode Island. Right during the game, one of the spectators started shooting around him. Three people, including the shooter, are dead, and three more are injured. The direct actors of the game are okay.",https://ground.news/interest/sportcz
Thelocalreport.in,Center,Did the Pawtucket shooter have mental health issues? Gunman's daughter claims her father is 'very sick' - THE LOCAL REPORT ARTICLES,"Daughter of gunman who shot five people and killed two in a suspected ‘domestic dispute’ rhode island High School Hockey Championship said her father had various “mental health issues.” The woman, who did not give her name, told NewsCenter 5 as she left the Pawtucket Police Department, “My father was the shooter.” Pawtucket, Rhode Island, […] The post Did the Pawtucket shooter have mental health issues? Gunman’s daughter claims her father is ‘ve…",https://ground.news/interest/thelocalreportin
Caraota Digital,Left,"In Video: Shooting in School Hockey Game Left Two Dead, Reportedly Initiated by a Family Dispute","At least two people died and three others were injured after a man shot in the stands of a hockey stadium where a high school team meeting was held in Pawtucket, United States. Police agencies described the two deceased victims as adults. In addition, they indicated that the shooter also died, apparently with a self-inflicted wound. He also revealed that the three injured people are in critical condition and hospitalized. ÚLTIMA HOUR: Shooting…",https://ground.news/interest/caraota-digital
lawfaremedia.org,Lean Left,It’s Time to Renew Section 702 of FISA Permanently,"As the April deadline looms, Congress risks letting one of America’s most valuable intelligence tools wither. 21 hours ago",https://ground.news/interest/lawfaremediaorg
brennancenter.org,Left,Testimony on reforming Section 702 of the Foreign Intelligence Surveillance Act before House and Senate Committees on the Judiciary,"Elizabeth Goitein testified before the House and the Senate Committees on the Judiciary, warning that the law is failing to protect Americans from warrantless surveillance. 21 hours ago",https://ground.news/interest/brennancenterorg
Just the News,Right,"Wray FBI opened 1,200 'assessments' of sensitive figures like politicians, journalists and clergy","""Assessments"" were created in 2008 as a special investigative tool for the FBI that require no factual predicate to launch and permit agents to use a wide range of investigative techniques. 21 hours ago · Washington, United States",https://ground.news/interest/justthenewscom
Reason,Right,"Report: The FBI bent its own rules to spy on 1,100 'sensitive' targets","Opening investigations requires evidence, so the feds created “assessments.”",https://ground.news/interest/reason
Nextgov,Center,"FBI gathered intelligence on reporters, religious orgs using ‘assessment’ authority, watchdog report says","The bureau also undercounts analysts’ non-compliance with assessment policies because it relies on self-reporting and infrequent audits, the sensitive G...",https://ground.news/interest/nextgov
Cato Institute,Right,FBI Assessments: A First Amendment and Surveillance Nightmare,,https://ground.news/interest/cato-institute
The Hill,Center,"Raskin accuses Bondi, DOJ of ‘Orwellian’ surveillance","Rep. Jamie Raskin (D-Md.) on Wednesday sharply criticized Attorney General Pam Bondi and the Department of Justice (DOJ) for seemingly surveilling lawmakers’ search histories of the Jeffrey Epstein files. During Bondi’s testimony Wednesday before the House Judiciary Committee, Getty photographer Roberto Schmidt captured a list of items that Rep. Pramila Jayapal (D-Wash.) searched in the…",https://ground.news/interest/the-hill
racket.news,Right,"EXCLUSIVE: FBI Gathered Intel On 1,000 Journalists, Politicians, Religious Organizations On Flimsy Grounds","EDITOR’S NOTE: This is the first story in a series on FBI assessments. The FBI examined more than 1,000 religious organizations, members of the press, public officials, and political candidates in so-called “assessments” that require no evidence of a crime, according to a confidential and closely guarded report exclusively obtained by Racket News.The January 2026 government report— which directs recipients to destroy its contents when no longer …",https://ground.news/interest/racketnews
Brookings,Center,A key intelligence law expires in April and the path for reauthorization is unclear,Stephanie Pell explains FISA Section 702 and discusses the politics of its reauthorization in 2026 as its sunset date approaches.,https://ground.news/interest/brookings
American Faith,Right,Judge Blocks Deportation of Palestinian Activist,"A Palestinian activist accused of leading anti-Israel protests at Columbia University will not be deported from the United States, Judge Nina Froes ruled. According to Froes, the Trump administration failed to certify a document it wanted to use as evidence. The procedural error led to the end of Mahdawi’s removal proceedings. The non-certified document, a memo by Secretary of State Marco Rubio, read that Mahdawi’s “presence and activities in th… 4 hours ago",https://ground.news/interest/american-faith
Jewish Telegraphic Agency,Center,Judge blocks deportation of Palestinian Columbia protester,"A version of this piece first ran as part of the New York Jewish Week’s daily newsletter, rounding up the latest on politics, culture, food and what’s new with Jews in the city. Sign up here to get it in your inbox. Judge blocks deportation of Palestinian Columbia protester A federal immigration judge has dismissed deportation proceedings against Mohsen Mahdawi, who organized pro-Palestinian activism at Columbia University. Mahdawi, a green ca… 4 hours ago",https://ground.news/interest/jewish-telegraphic-agency
IBTimes UK,Lean Left,US Judge Halts Deportation of Palestinian Activist,"In a dramatic turn of events this week, a US immigration judge has brought an end to deportation proceedings against Mohsen Mahdawi, the Palestinian‑born activist and Columbia University graduate student who faced removal from the United States amid highly charged political controversy. The decision, delivered on Tuesday by Judge Nina Froes, has captured widespread attention and highlighted fundamental questions about evidence, procedure, and th… 7 hours ago · United Kingdom",https://ground.news/interest/ibtimes-uk
Vermont Daily Chronicle,Right,"Judge ends Mahdawi deportation case, DHS vows to continue","Mohsen Mahdawi detained last year Department of Homeland Security spokeswoman Tricia McLaughlin blasted a federal judge’s decision on Tuesday and said the Trump administration will fight the ruling that blocked efforts to deport Mohsen Mahdawi. “No activist judge, not this one or any other, is going to stop us from doing that,” McLaughlin said, reiterating the administration’s resolve to revoke Mahdawi’s visa after the court’s decision. Accordin… 7 hours ago",https://ground.news/interest/vermont-daily-chronicle
europapress.es,Center,A u.s. Judge Blocks the Deportation of a Palestinian activist...,"U.S. Justice has blocked the deportation of Mohsen Mahdawi, an activist... 9 hours ago · Spain",https://ground.news/interest/europapresses
The Straits Times,Right,US judge blocks deportation of Columbia University Palestinian activist,The US permanent resident was arrested while attending an interview to become a US citizen. Read more at straitstimes.com. 10 hours ago · Singapore,https://ground.news/interest/the-straits-times_9bb9e6
KSRO,Center,Judges reject Trump admin's deportation cases against 2 pro-Palestinian college students,"Mohsen Mahdawi, a Columbia University student and Palestinian activist, who was arrested by US immigration authorities in mid-April 2025, attends the inauguration ceremony at City Hall in New York, United States, on January 1, 2026. (Selcuk Acar/Anadolu via Getty Images) (NEW YORK) — For the second time in a little more than a week, attorneys have announced that an immigration court has terminated deportation proceedings against a pro-Palestinia… 10 hours ago",https://ground.news/interest/ksro
WBUR,Center,Immigration judge dismisses deportation case against Mohsen Mahdawi,"The judge ruled that the government failed to authenticate a memo from Secretary of State Marco Rubio that was used as the basis for the deportation proceedings against Mahdawi, a pro-Palestinian activist who was detained for two weeks in a Vermont prison. 12 hours ago · Boston, United States",https://ground.news/interest/wbur
The New Arab,Lean Left,US immigration judge reject effort to deport Palestinian student,"A US immigration judge has rejected efforts by President Donald Trump's administration to deport Columbia University student Mohsen Mahdawi, who was arrested last year following his participation in pro-Palestinian protests. Lawyers for Mahdawi detailed the immigration judge's decision in a court filing on Tuesday with a federal appeals court in New York, which had been reviewing a ruling that led to his release from immigration custody in April… 13 hours ago · London, United Kingdom",https://ground.news/interest/newarabcom
UPI,Center,Judge dismisses deportation order against Columbia student protester,"Having failed to show its bid to deport prominent Columbia student protests leader Mohsen Mahdawi was legal, a judge blocked DHS removal proceedings. 13 hours ago · Washington, United States",https://ground.news/interest/upi_0b956e
i24NEWS,Right,Judge drops deportation case against Columbia protester Mohsen Mahdawi,Immigration court says government failed to certify key State Department document in case against the green card holder 16 hours ago,https://ground.news/interest/i24news
The Hindu,Lean Left,Judge blocks deportation of Palestinian activist Mohsen Mahdawi who led protests at Columbia,"An immigration judge halts the deportation of Palestinian activist Mohsen Mahdawi, citing procedural errors by government attorneys. 18 hours ago · India",https://ground.news/interest/the-hindu
Deutsche Welle,Center,US judge blocks deportation of Palestinian student activist,"An immigration judge said the Department of Homeland Security failed to meet its burden of proving Mohsen Mahdawi was removable. The Trump administration can appeal the ruling. 19 hours ago · Bonn, Germany",https://ground.news/interest/deutsche-welle
Anadolu Ajansı,Right,US immigration judge blocks Trump administration's bid to deport Palestinian student,"'I am grateful to the court for honoring the rule of law and holding the line against the government's attempts to trample on due process,' says Mohsen Mahdawi - Anadolu Ajansı 19 hours ago · Ankara, Türkiye",https://ground.news/interest/anadolu-ajans
foxwilmington.com,Right,Palestinian activist accused of expressing desire to 'kill Jews' wins deportation case | Fox Wilmington WSFX-TV,"close Video Anti-ICE agitators arrested during Columbia University protest A group of anti-ICE agitators were arrested on Thursday during a demonstration near Columbia University in New York. (Credit: Sunrise NYC via Storyful) NEWYou can now listen to Fox News articles! A Palestinian activist accused of making antisemitic statements and leading anti-Israel protests at Columbia University will not be deported from the U.S., an immigration judg… 20 hours ago",https://ground.news/interest/foxwilmingtoncom
New York Post,Right,Immigration judge halts deportation of Palestinian activist who led Columbia University anti-Israel protests,"An immigration judge has blocked the Trump administration from deporting Mohsen Mahdawi, a Palestinian graduate student who led protests at Columbia University against Israel and the war in Gaza. 20 hours ago · New York, United States",https://ground.news/interest/new-york-post
Hanford Sentinel,Center,"Judge blocks deportation of Columbia grad student, Palestinian activist Mohsen Mahdawi","An immigration judge has blocked the Trump administration from deporting Columbia University graduate student Mohsen Mahdawi, a pro-Palestinian activist detained last year at his U.S. citizenship test, his attorneys wrote in court documents filed Tuesday. Mahdawi, a lawful permanent resident,… 22 hours ago",https://ground.news/interest/hanford-sentinel
Boston Globe,Lean Left,Immigration judge halts deportation proceedings against Palestinian activist Mohsen Mahdawi - The Boston Globe,"Her ruling found the government failed to authenticate a memo penned by Secretary of State Marco Rubio arguing that Mahdawi's activism undermined the Middle East peace process. 23 hours ago · Boston, United States",https://ground.news/interest/boston-globe
Associated Press News,Lean Left,Judge blocks deportation of Palestinian activist who led protests at Columbia,"An immigration judge has dismissed the Trump administration’s deportation case against Mohsen Mahdawi, a Palestinian graduate student and Columbia protest leader. 23 hours ago · United States",https://ground.news/interest/associated-press-news
Al Jazeera,Lean Left,US immigration judge rejects Trump bid to deport Columbia student Mahdawi,"Mohsen Mahdawi, a Palestinian student activist, faced deportation proceedings amid a protest crackdown under Trump. 23 hours ago · Qatar",https://ground.news/interest/al-jazeera_1a2e2c
Raw Story,Left,Trump admin gets sharp rebuke as judge outright terminates high-profile deportation case,"An immigration judge has axed the Trump administration's deportation case against Mohsen Mahdawi, a Columbia University graduate student and pro-Palestinian activist, marking another major legal blow to the government's crackdown on college campus demonstrators in recent weeks.The judge terminated t...",https://ground.news/interest/raw-story
Devdiscourse,Center,Victory for Free Speech: Judge Blocks Deportation of Columbia Student,"Victory for Free Speech: Judge Blocks Deportation of Columbia Student A U.S. immigration judge has denied the Trump administration's bid to deport Columbia University student Mohsen Mahdawi, who was arrested last year at a pro-Palestinian protest. His lawyers have revealed the court's decision, which was filed in a federal appeals court in New York following a ruling that had released Mahdawi from detention.This case is part of a broader initiat…",https://ground.news/interest/devdiscourse
VT Digger,Center,Immigration judge rules Mohsen Mahdawi can’t be deported,"The judge, Nina Froes, found that evidence the Trump administration submitted to show why Mahdawi should be removed from the country was not admissible in court, according to new legal filings.",https://ground.news/interest/vt-digger
Reuters,Center,Immigration judge rejects Trump effort to deport Palestinian student,,https://ground.news/interest/reuters_fa2539
The Detroit News,Center,How some Democrats are using scripture to try to reach Christian voters in U.S. midterms,"In some cases, the Democrats are themselves members of the clergy or studying to join it.",https://ground.news/interest/the-detroit-news
Newsmax,Right,Democrats Lean Into Faith in Midterms,,https://ground.news/interest/newsmax
Devdiscourse,Center,Faith and Politics: Democrats Seek Divine Connection to Voters,Read more about Faith and Politics: Democrats Seek Divine Connection to Voters on Devdiscourse.,https://ground.news/interest/devdiscourse
Reuters,Center,How some Democrats are using scripture to try to reach Christian voters in US midterms,"Sarah Trone Garriott, an Iowa state senator and Lutheran minister, has never shied away from putting faith at the center of her political campaigns.",https://ground.news/interest/reuters_fa2539
Sask Today,Lean Left,Poilievre says he's spoken with Jivani about U.S. trip and MP 'speaks for himself',23 hours ago,https://ground.news/interest/sasktodayca
La Presse,Lean Left,"Trip to Washington, d.c., Mp Jamil Jivani ""Speaks in His Own Name,"" Says Pierre Poilievre","Conservative leader Pierre Poilievre encouraged MPs to use their relations to fight US tariffs, but acknowledged that he had spoken to a member of his caucus who had been criticized for his recent trip to Washington. 23 hours ago · Montreal, Canada",https://ground.news/interest/la-presse_39d7a8
National Post,Right,Poilievre distances himself from MP's comments about anti-U.S. 'hissy fit',"MP Jamil Jivani told a U.S. news outlet that Canada was undermining its position on U.S. trade with a ""hissy fit"" of anti-Americianism. 24 hours ago · Canada",https://ground.news/interest/national-post
CTV News,Center,Poilievre clarifies his position as Jivani visits Washington,"Conservative Leader Pierre Poilievre says he doesn’t agree with comments made by one of his MPs, who categorized Canada’s reaction to the ongoing trade war with the United States as an 'anti-America hissy fit.'",https://ground.news/interest/ctv-news
CBC News,Lean Left,Poilievre disagrees with Conservative MP's 'anti-American hissy fit' comments,Conservative Leader Pierre Poilievre says he disagrees with how one of his MPs recently characterized Canada's reaction to U.S President Donald Trump's tariffs and taunts.,https://ground.news/interest/cbc-news
NiagaraFallsReview.ca,Lean Left,Poilievre says he’s spoken with Jivani about U.S. trip and MP ‘speaks for himself’,OTTAWA - Conservative Leader Pierre Poilievre says he encourages MPs to use their connections to fight U.S. tariffs — but acknowledges he has spoken to one member of his caucus who has drawn criticism over his recent trip to D.C.,https://ground.news/interest/niagarafallsreviewca
Global News,Lean Left,‘He speaks for himself’: Poilievre says he’s spoken to MP Jamil Jivani about Washington trip,"Watch ‘He speaks for himself’: Poilievre says he’s spoken to MP Jamil Jivani about Washington trip Video Online, on GlobalNews.ca",https://ground.news/interest/global-news
WPTZ,Center,"Florida man jumps into canal to save a mother and 3 children, reunites with family 1 week later","A Florida man jumped into a canal to save an unconscious mother and her three children. 4 hours ago · Plattsburgh, United States",https://ground.news/interest/wptz
Good News Network,Center,Hero Stranger Rescues Mom and 3 Kids After Car Flips into Canal Waters: ‘Nobody was around’,"A Good Samaritan said he thanked the Good Lord that he was close at hand when a mother, driving with her kids, suffered a seizure and hurtled off the road into a canal. What started as a calm Sunday drive turned into anything but when a glance into his review mirror left Casey Curtis shocked: […] The post Hero Stranger Rescues Mom and 3 Kids After Car Flips into Canal Waters: ‘Nobody was around’ appeared first on Good News Network. 7 hours ago · United States",https://ground.news/interest/good-news-network
WSVN,Lean Left,"Mother of 3 reunites with good Samaritan after crashing into canal - WSVN 7News | Miami News, Weather, Sports","MARTIN COUNTY, Fla. (WSVN)– MARTIN COUNTY, Fla. (WSVN)– A Florida mother is thankful to be alive after a chaotic crash landed her in the hospital and it was all thanks to one man who raced to rescue the unconscious woman and her three children. Since that incident, Shyeniqua Wilkins has been recovering at the hospital and she finally was able to meet her hero, Casey Curtis. “Thank you, sir. You’re a part of the family now,” Wilkins told Curtis. … 23 hours ago · Miami, United States",https://ground.news/interest/wsvn
abc News,Lean Left,"Woman reunites with stranger who helped rescue her, 3 kids from submerged vehicle",Casey Curtis helped rescue Shyeniqua Wilkins after she experienced a seizure while driving her three kids and crashed into a canal.,https://ground.news/interest/abc-news_409efb
WFTV 9 abc,Center,Florida mom reunites with hero who saved her and her 3 children after car crash,A Florida mother reunited with the man who saved her and her children after a car crash.,https://ground.news/interest/wftv-9-abc
Live5News,Center,"Mom thanks man who jumped into canal to save her, 3 kids after crash: ‘Hero of my life’",A man who jumped into a canal to save a mother and her three children reunited with the family.,https://ground.news/interest/http-wwwlive5newscom
WSMV Nashville,Center,"Man who jumped into canal to save mother, 3 kids reunites with family",A man jumped into a canal to save an unconscious mother and her three children after their car veered off the road.,https://ground.news/interest/wsmv-nashville
WPBF,Center,"Florida man jumps into canal to save mother and 3 children, reunites with family 1 week later","A Florida man jumped into a canal to save an unconscious mother and her three children. In a WPBF 25 News exclusive, reporter Rachael Perry spoke with the mother and the man who saved her about the reunion neither of them will forget.",https://ground.news/interest/wpbf
WPTV,Center,Hero reunites with woman he saved from Martin County canal crash,"A Martin County man who rescued a mother and three children from a canal after a medical emergency is reuniting with the family he saved.Last week, Casey Curtis stepped in when Shyeniqua Wilkins' car veered into a canal during a medical emergency in Martin County. Wilkins was rushed to the hospital and spent days on a ventilator, unable to breathe on her own.""She was completely lifeless and unconscious,"" Curtis said.""From seeing her to that to t…",https://ground.news/interest/wptv
Channel 3000,Center,"Man jumps into canal to save mother and 3 children, reunites with family 1 week later",Click here for updates on this story,https://ground.news/interest/channel-3000
Good Morning America,Center,Good Samaritan rescues mother and 3 kids from submerged car in incident caught on camera,"A good Samaritan jumped into action to save a mother and three children, helping first responders pull the family from their car after it became submerged in a canal.",https://ground.news/interest/good-morning-america
India Today,Right,"Trump wants his name on US airports, his family business files trademark rights","The Trump Organization, led by Donald Trump Jr. and Eric Trump, said the filings were not about making money but about guarding the family name against 'bad actors'. 5 hours ago · India",https://ground.news/interest/india-today
The National Pulse,Right,Florida House Approves Bill to Rename Airport After Trump.,"PULSE POINTSWHAT HAPPENED: The Florida House passed a bill to rename Palm Beach County International Airport after President Donald J. Trump.WHO WAS INVOLVED: Florida state lawmakers, state Rep. John Snyder (R), Governor Ron DeSantis (R), and President Trump.WHEN & WHERE: The bill passed Tuesday afternoon in Florida’s state House.KEY QUOTE: “Forty years ago, Donald Trump came to Palm Beach County when it was a sleepy little beach town and he bou… 5 hours ago",https://ground.news/interest/the-national-pulse
WHP,Right,Florida one step closer to putting Trump's name on Palm Beach International Airport,Florida lawmakers are one step closer to renaming Palm Beach International Airport after President Donald Trump. 5 hours ago,https://ground.news/interest/whp
100% FED UP!,Far Right,Florida Moves Towards Re-Naming Palm Beach International Airport After President Trump * 100PercentFedUp.com * by Kaley,"In an 81-30 vote, the Florida House has passed a law that would re-name an international airport in the state after President Trump. The proposed law would change the name of Palm Beach International Airport to “President Donald J. Trump International Airport.” Check it out: BREAKING: The Florida State House just PASSED a proposed law paving the way to rename Palm Beach International Airport “President Donald J. TRUMP International Airport,” 81… 6 hours ago",https://ground.news/interest/100percentfedupcom
The New York Sun,Right,"Trump Organization Trademarks ‘Trump International Airport’ Just in Case, Citing Protection Against ‘Bad Actors’","Exc: For years, Trump has expressed a desire to have an airport named after him. 6 hours ago · New York, United States",https://ground.news/interest/the-new-york-sun
CNN,Lean Left,Trump Organization trademark raises suspicions that family could profit from Florida airport name change,"A recent trademark filing has some state lawmakers wondering if the Trump family is looking to profit off the renaming of the Palm Beach International Airport. 6 hours ago · Atlanta, United States",https://ground.news/interest/cnn
KHON2,Center,Trump family files to trademark use of name on airports,"The Trump Organization said in a filing that it does not seek any profit from the use of their last name. 7 hours ago · Honolulu, United States",https://ground.news/interest/khon2
nj,Center,Trump airport? A new push is underway in honor of the president,"The president's hometown airport could one day bear his name. 8 hours ago · New Jersey, United States",https://ground.news/interest/nj
The Conversation,Center,"TrumpRx, Trump Kennedy Center, Trump National Parks passes − government free speech allows the president to name things after himself","Donald Trump's name has been added to the Kennedy Center, but the institution's name change is not yet official. AP Photo/Jacquelyn MartinIn November 2025 the Trump administration announced a special park pass commemorating the nation’s 250th anniversary that featured images of two presidents: George Washington and Donald Trump. Featuring the current president – in place of the National Park Service’s usual landscape pictures – triggered both a … 9 hours ago",https://ground.news/interest/the-conversation
Chippewa Herald,Center,Trump company files for trademark at airports,NEW YORK — The Trump family company filed to trademark the use of the president's name on airports but says it doesn't plan to charge a fee — at least for a proposed renaming of one near his Florida home. 15 hours ago,https://ground.news/interest/chippewa-herald
Le Parisien,Right,"""He's Made It One of the Most Popular Places"": Florida Is About to Rename Palm Beach Airport as Donald Trump","As Floridian elected officials move towards a name change from Palm Beach Airport, the trademark filing of Donald Trump by a company in his group feeds accusations of conflict of interest and potential profit. 19 hours ago · Paris, France",https://ground.news/interest/le-parisien
WPBF,Center,"Trump Organization files US trademarks for ""Donald J. Trump International Airport""","As a bill in the Florida Senate that would give the state the authority to rename major airports in Florida moves forward in the legislature, President Donald Trump has taken preemptive actions on a potential rename of Palm Beach International Airport. 23 hours ago",https://ground.news/interest/wpbf
The Gateway Pundit,Far Right,Florida House Passes Bill to Rename Palm Beach International Airport After President Trump,The Florida House of Representatives has voted to rename Palm Beach International Airport to “President Donald J. 23 hours ago · United States,https://ground.news/interest/the-gateway-pundit
WLTReport,Far Right,Florida Moves Towards Re-Naming Palm Beach International Airport After President Trump,"In an 81-30 vote, the Florida House has passed a law that would re-name an international airport in the state after President Trump. The proposed law would change the name of Palm Beach International Airport to ""President Donald J. 24 hours ago",https://ground.news/interest/wltreportcom
Tampa Bay Times,Center,Florida House votes to put Trump’s name on Palm Beach County airport,"A company linked to the Trump family on Friday filed a trademark application for “Donald J. Trump International Airport.” 24 hours ago · Tampa, United States",https://ground.news/interest/tampa-bay-times_03ba8e
USA Today,Lean Left,Trump trademarks his name ahead of Palm Beach airport renaming,The president has a long history of naming things for himself.,https://ground.news/interest/usa-today
Hastings Tribune,Center,Will Trump profit off renaming Palm Beach airport? His team wants the trademark,MIAMI — A bill to rename Palm Beach International airport President Donald J. Trump International Airport passed the Florida House and advanced in a Florida Senate committee on Tuesday — just four days after a private company linked to the…,https://ground.news/interest/hastings-tribune
Just the News,Right,Florida House passes legislation to rename Palm Beach airport after President Trump,"The renaming effort, if passed by both chambers and signed by Florida GOP Gov. Ron DeSantis, could cost as much as $5.5 million.",https://ground.news/interest/justthenewscom
News Facts Network,Center,Florida House Approves Renaming Palm Beach Airport for Trump,"Tallahassee, Florida — The Florida House voted 81-30 on Tuesday to approve a bill that would rename Palm Beach County International Airport after President Donald J. Trump, sparking sharp debate over cost, legacy, and political symbolism. House Bill 919 would authorize millions in funding for the rebranding. Estimates range from $2.75 million in the House proposal to $5.5 million in the Senate version. According to Palm Beach County’s Department…",https://ground.news/interest/news-facts-network
Sun-Sentinel,Center,House votes to put President Trump’s name on Palm Beach County airport,"TALLAHASSEE — Florida lawmakers on Tuesday moved closer to placing President Donald Trump’s name on the Palm Beach International Airport despite turbulence over state funding, trademarking rights and his personal conduct. The Republican-controlled House voted 81-30 in support of the name change to President Donald J. Trump International Airport (HB 919) as a similar measure moved to the Senate floor after clearing the Rules Committee (SB 706). “…",https://ground.news/interest/sun-sentinel
Florida Phoenix,Left,Florida House votes to rename Palm Beach airport after Donald Trump,"President Donald Trump gives a speech at the World Economic Forum (WEF) in Davos, Switzerland, on Jan. 21, 2026. (Photo by Chip Somodevilla/Getty Images)An intense and at times vitriolic debate erupted on the floor of the Florida House of Representatives Tuesday over a bill (HB 919) that could result in a more than $5 million tab to rename Palm Beach County International Airport after President Donald J. Trump. The measure ultimately passed easi…",https://ground.news/interest/florida-phoenix
Alternet,Left,'Grifter in chief' already set to profit off of Palm Beach airport,"On his way back home to Washington, President Donald Trump spoke to the press about how he would profit if the Palm Beach airport changed its name to honor him. Attacked by Florida leaders as the ""grifter in chief,"" Trump's trademark would allow him to profit from any and all airport merchandise bearing the airport's name. So, Florida lawmakers proposed a slight amendment to the legislation, changing the name, that would bar anyone from profitin…",https://ground.news/interest/alternet
Spectrum Local News,Center,Trump business files for trademark rights on airports using his name,The filings come amid debate in Florida over a state bill to name the Palm Beach airport after Trump.,https://ground.news/interest/spectrum-local-news
Florida Politics,Center,GOP Senators block amendment to stop Donald Trump from profiting off Palm Beach airport renaming,"‘This is not about honoring the President. This is about generating revenue from a public entity for a private company, a company with Donald Trump’s interest at the helm, and not the people of the state of Florida.’",https://ground.news/interest/florida-politics
The Independent,Lean Left,Trump seeks trademark rights on any airports using his name,The Trump Organization claimed the Trump name is the ‘most infringed trademark in the world’,https://ground.news/interest/the-independent_ff73a6
Associated Press News,Lean Left,Trump family business files for trademark rights on any airports using the president's name,The Trump family company wants to trademark the use of the president’s name on any airports but says it doesn’t plan on charging a fee — at least for a proposed renaming of one near his Florida home.,https://ground.news/interest/associated-press-news
abc News,Lean Left,Trump family business files for trademark rights on airports using president's name,The Trump family company wants to trademark the use of the president’s name on any airports but says it doesn’t plan on charging a fee — at least for a proposed renaming of one near his Florida home,https://ground.news/interest/abc-news_409efb
NBC Miami,Lean Left,Florida House votes to put Trump's name on Palm Beach International Airport,"Florida lawmakers on Tuesday moved closer to placing President Donald Trump’s name on the Palm Beach International Airport despite turbulence over state funding, trademarking rights and his personal conduct.",https://ground.news/interest/nbc-miami
Palm Beach Post,Center,"Florida House backs renaming Palm Beach airport, PBI, for Donald Trump",,https://ground.news/interest/palm-beach-post
WTAE,Center,Pa. man cleared after 43 years in prison for murder denied bail during deportation fight,A Pennsylvania man who spent 43 years in prison before his murder conviction was overturned — only to be taken straight into immigration custody — was denied bail Tuesday while he fights deportation.,https://ground.news/interest/wtae
Associated Press News,Lean Left,Pennsylvania man cleared after 43 years in prison for murder denied bail during deportation fight,A Pennsylvania man who spent 43 years in prison before his murder conviction was overturned has been denied bail while he fights deportation.,https://ground.news/interest/associated-press-news
CNN,Lean Left,He spent over 40 years in prison before his murder conviction was overturned. Now he’s fighting for release from ICE custody,"After losing four decades of his life serving time for a murder he maintains he did not commit, a gray-haired Subramanyam “Subu” Vedam prepared to step out of a Pennsylvania prison last October as a free man.",https://ground.news/interest/cnn
WKOW,Center,He spent over 40 years in prison before his murder conviction was overturned. An immigration judge just denied him bond,"(CNN) — After losing four decades of his life serving time for a murder he maintains he did not commit, a gray-haired Subramanyam “Subu” Vedam prepared to step out of a Pennsylvania prison last October as a free man.",https://ground.news/interest/wkow
