outlet,bias,headline,summary,ground_news_interest_url
nj,Center,Minnesota Gov. reveals shocking details of Trump phone call amid ICE crackdown,"In an interview with MS NOW’s Jacob Soboroff, Tim Walz detailed his conversation with the president.",https://ground.news/interest/nj
News.de,Lean Left,Donald Trump: High-Ranking Democrat Unpacks over Bizarre Trump Phone Calls,"The governor of Minnesota Tim Walz has unpacked his bizarre phone call with Donald Trump. During the conversation, the US president drew dubious comparisons between the events in Venezuela and Minnesota. Walz showed himself stunned.",https://ground.news/interest/newsde
HuffPost,Left,Tim Walz Details 'Strange' Comparison Trump Made In Their Phone Call,The Minnesota governor's chat with the president took an unexpected turn.,https://ground.news/interest/huffpost
The New Republic,Left,Tim Walz Reveals What Trump Said to Him on Their Phone Call,"Donald Trump spent the call, which was supposed to be about lowering tensions in Minnesota, bragging about his military operation in Venezuela.",https://ground.news/interest/the-new-republic
New Hampshire Union Leader,Center,Border czar Tom Homan meets Gov. Tim Walz as Trump seeks to calm Minneapolis ICE crackdown,President Donald Trump’s newly appointed head of the ICE crackdown in Minnesota met with Democratic Gov. Tim Walz on Tuesday as the White House sought to lower the political temperature following the killing of American citizen Alex Pretti by immigration…,https://ground.news/interest/unionleadercom
Globo,Right,Trump's 'Border Czar' Discusses Withdrawing Ice From Minnesota with the Governor.,"Governor Tim Walz outlined the state's priorities, including impartial investigations into the Minneapolis shootings and reducing the force of approximately 3,000 federal agents who occupied the city.",https://ground.news/interest/globo
yle,Center,Trump on Minneapolis Victim: You Can't Walk Around with Guns,"Trump's ""border island"" Tom Homan met with Minnesota Governor Tim Walz on Tuesday.",https://ground.news/interest/yle
irishstar.com,Lean Left,Tim Walz shares exact details of crucial ICE call with Donald Trump,"The death of a ICU Alex Pretti nurse appears to have prompted a change in tone from President Trump on ICE operations in Minnesota, as he pledges a more cooperative approach.",https://ground.news/interest/irishstarcom
The Federalist,Right,Tim Walz Cannot Be Trusted To 'Cooperate' On Immigration Enforcement,There is not sufficient public evidence that Walz will actually support federal law enforcement instead of seeking to undermine it.,https://ground.news/interest/the-federalist
laverita.info,Right,And Trump Makes Peace with the Governor Dem,"The president sends in Minnesota the hard and experienced Tom Homan. That's enough to get the collaboration of the rebel Tim Walz.Tire air of relaxation between the White House and Minnesota. Yesterday, Donald Trump announced that he had had a friendly phone call with the governor dem of the state, Tim Walz.Walz called me asking me to cooperate as far as Minnesota is concerned. It was an excellent phone call and, in fact, we seemed to be on the …",https://ground.news/interest/laveritainfo
Pharos-Tribune,Lean Left,Trump sends border czar to Minnesota and says he and governor are now on a 'similar wavelength',President Donald Trump has ordered his border czar to oversee the immigration crackdown in Minnesota. He also said Monday that he is now on a “similar wavelength” as Gov. Tim Walz after a second fatal shooting by federal immigration officers…,https://ground.news/interest/pharos-tribune
News24,Center,"In change of tone, Trump has ‘very good’ talk with Minnesota’s Walz after ICE killings",US President Donald Trump sent his top border enforcer to Minneapolis and struck a conciliatory note in a bid to tamp down nationwide outrage over the second killing of a US citizen protesting militarised immigration raids.,https://ground.news/interest/news24
National Memo,Left,Why Donald Trump Is Finally Waving A White Flag In Minnesota,"After weeks of vicious rhetoric aimed at Minnesota Gov. Tim Walz, after cheering on some of the most aggressive interior immigration enforcement the country has seen in decades, Donald Trump suddenly wants everyone to know he had a “very good call” with the Democratic governor on Monday and that they are on a “similar wavelength.” He even emphasized how “respectful” Walz was, a word Trump rarely uses for Democrats unless there’s a reason.And the…",https://ground.news/interest/national-memo
Eesti Rahvusringhääling,Center,Trump's Conflict with Minneapolis Shows Signs of Abating,"US President Donald Trump and Minnesota Governor Tim Walz had a phone call on Monday, the conciliatory tone of which suggested that both sides were trying to resolve the crisis that erupted when two Americans were killed by federal Immigration and Customs Enforcement (ICE) agents sent to the city of Minneapolis on Trump's orders.",https://ground.news/interest/eesti-rahvusringhaaling
blabber.buzz,Right,Trump Drops Surprise Update After Call With Tim Walz,President Donald Trump revealed on Monday that Minnesota’s Democrat Governor Tim Walz had personally reached out to him seeking cooperation “with resp...,https://ground.news/interest/blabberbuzz
The Political Insider,Far Right,"Trump has 'very good' call with Minneapolis Mayor Frey, announces border czar","President Trump announced a ""very good"" call with Minneapolis Mayor Jacob Frey as riots continue amid federal immigration enforcement. Tom Homan will meet with the mayor tomorrow.",https://ground.news/interest/the-political-insider
USA Today,Lean Left,"President Donald Trump, Gov. Tim Walz speak on immigration enforcement",President Donald Trump and Gov. Tim Walz spoke on the phone on Monday after many Minnesota leaders called for de-escalation.,https://ground.news/interest/usa-today
WPTZ,Center,"President Trump, Walz hold ‘productive’ call after fatal Minnesota shooting","A recent deadly shooting by federal immigration officers in Minnesota has led to a ""productive"" conversation between President Trump and Gov. Tim Walz, as protests and calls for investigations continue.",https://ground.news/interest/wptz
American Greatness,Right,Trump in Talks With Walz and Frey to Make Minnesota Safe Again › American Greatness,"President Trump is working with Minnesota Governor Tim Walz (D) and Minneapolis Mayor Jacob Frey (D) to quell the anti-ICE chaos in Minnesota. On Monday, […] Source",https://ground.news/interest/american-greatness
Irish Independent,Right,Trump says he and Walz are ‘on a similar wavelength’ in immigration call signalling strategy shift after fatal shooting,US president Donald Trump indicated he'll make changes to his administration's deportation crackdown in Minnesota after the killing of two US citizens during immigration raids sparked nationwide uproar.,https://ground.news/interest/independentie
Komo News,Center,White House blames Minnesota leaders as Trump urges cooperation with federal agents,President Donald Trump announced Monday that Border Czar Tom Homan will travel to Minneapolis as the administration defends its expanded immigration enforcement,https://ground.news/interest/komo-news
WLTReport,Far Right,President Trump Says Gov. Tim Walz Called Him and Asked To Work Together,"Minnesotan Gov. Tim Walz has apparently called President Trump and asked to work together. That comes directly from President Trump on TruthSocial. Take a look: President Trump says Gov. Tim Walz called him and asked to work together: ""Governor Tim Walz called me with the request to work together with respect to Minnesota. It was a very good call, and we, actually, seemed to be on a similar wavelength. I told Governor Walz that I would… pic.twi…",https://ground.news/interest/wltreportcom
Live Mint,Center,"Trump shifts tone, says Tim Walz call ‘very good’ amid Minnesota immigration enforcement clash","Donald Trump said he had a “very good” call with Minnesota Governor Tim Walz and agreed to coordinate on immigration enforcement, signalling a softer tone after recent clashes over federal operations and fatal officer-involved shootings in the state.",https://ground.news/interest/live-mint
Independent Sentinel,Right,"Gov. Walz Lied to President Trump in His ""Very Good Call""","The White House said it could pull Border Patrol from Minnesota if Walz and Frey cooperate. That sounds like a terrible idea, but I’m not privy to White House information. Press Secretary Karoline Leavitt announced it in a Monday press briefing. After I posted, Bill Melugin wrote: BREAKING: Multiple federal sources confirm to @FoxNews that […] The post Gov. Walz Lied to President Trump in His “Very Good Call” – Update appeared first on www.indep…",https://ground.news/interest/wwwindependentsentinelcom
CNN,Lean Left,Trump and Walz just spoke over the phone. Here’s what to know,Gov. Tim Walz said President Donald Trump agreed to consider reducing the number of federal agents in Minnesota and pledged to talk to his Department of Homeland Security about ensuring state officials can investigate Saturday’s fatal shooting. CNN’s Kaitlan Collins breaks down the phone call.,https://ground.news/interest/cnn
thejeffreylord.com,Right,A Calm Call in a Hot State: President Trump and Governor Walz Talk Minnesota,"In a moment when Minnesota feels frayed at the seams, President Trump struck an unexpected note of calm. Trump confirmed in a TRUTH Social post Monday that he had a “very good call” with Gov. Tim Walz, as tensions continue to rise across the state. He said Walz was “happy” to hear Border Czar Tom Homan was headed to Minnesota — and Trump sounded convinced that cooperation, not chaos, is the path forward. “Both Governor Walz and I want to make it…",https://ground.news/interest/thejeffreylordcom
The Thinking Conservative,Far Right,Trump Says He’s on ‘Similar Wavelength’ With Minnesota Gov. Walz - The Thinking Conservative News,President Trump said he had a “very good” phone call with Minnesota Gov. Tim Walz and that the two are on a “similar wavelength” amid unrest in Minneapolis. The post Trump Says He’s on ‘Similar Wavelength’ With Minnesota Gov. Walz appeared first on The Thinking Conservative News.,https://ground.news/interest/the-thinking-conservative
Spiegel,Lean Left,Minneapolis: Donald Trump Reports »Very Good« Phone Call with Governor Tim Walz,"U.S. President Donald Trump recently publicly insulted Minnesota's Governor Tim Walz several times, and now he's making other sounds.",https://ground.news/interest/spiegel
svt Nyheter,Lean Left,"""Good"" Talks Between Trump and Walz - Number of Border Police Officers May Be Reduced","Tensions between Minnesota Governor Tim Walz and the White House have been high since Border Patrol agents shot and killed Alex Pretti over the weekend. Although Walz's call with the president on Monday was described as ""good,"" the White House later blamed the shooting on Minnesota officials. Meanwhile, ""border czar"" Tom Homan is on his way to the state, while sources to several media outlets report that Border Patrol chief Gregory Bovino is lea…",https://ground.news/interest/svt-nyheter
The Epoch Times,Right,"Trump Reports ‘Very Good’ Call With Walz, Says They’re on ‘Similar Wavelength’","WASHINGTON—President Donald Trump said he had a “very good” phone call on Jan. 26 with Minnesota Gov. Tim Walz and that the two leaders are on a “similar wavelength” amid unrest in Minneapolis, tied to recent Immigration and Customs Enforcement (ICE) and Customs and Border Protection operations. The call followed the fatal shooting of 37-year-old Alex Pretti on Saturday by Customs and Border Protection (CBP) officers in Minneapolis. Homeland Sec…",https://ground.news/interest/the-epoch-times
Breitbart,Right,Trump Talks Cooperation with Tim Walz in Minnesota While ICE Operations and Fraud Investigations Continue,"President Donald Trump and his officials are releasing conciliatory messages after a weekend when another street activist was killed in a Minneapolis scuffle caused by Democrat-backed, anti-enforcement crowds. The post Trump Talks Cooperation with Tim Walz in Minnesota While ICE Operations and Fraud Investigations Continue appeared first on Breitbart.",https://ground.news/interest/breitbart
100% FED UP!,Far Right,"President Trump Says He Has ""Very Good Call"" With Tim Walz * 100PercentFedUp.com * by Danielle",President Trump said on Monday that Minnesota Gov. Tim Walz called him to “request to work together with respect to […],https://ground.news/interest/100percentfedupcom
Fox News,Right,"Leavitt says Trump spoke to Walz, demands Minnesota 'work together peacefully' with ICE: 'Let cops be cops'","President Donald Trump called Minnesota Governor Tim Walz demanding law enforcement cooperate with federal immigration authorities, threatening continued ICE operations.",https://ground.news/interest/fox-news_a44aba
GMA Filipino News,Lean Left,Trump says he is on ‘similar wavelength’ with Minnesota governor following fatal shooting,"In a sharp reversal, President Donald Trump said on Monday he was “on a similar wavelength” with the Democratic governor of Minnesota, following the fatal shooting of a second US citizen in the state by immigration agents that has sparked a fierce backlash.",https://ground.news/interest/gma-filipino-news
voz.us,Right,Trump Spoke to Walz and Was Optimistic About Possible Cooperation,Donald Trump said on Monday that he had maintained a productive telephone call with Minnesota Democratic Governor Tim Walz in the midst of continued resistance to immigration operations in Minneapolis.Read more,https://ground.news/interest/vozus
Alpha News,Right,"President Trump says he had productive call with Gov. Walz, will send Tom Homan to Minnesota","Share This StoryPresident Donald Trump announced that his border czar, Tom Homan, will arrive in Minnesota Monday evening, saying he and Gov. Tim Walz had a cordial phone call and are aligned on working toward a solution as federal immigration enforcement intensifies across the state. “Governor Tim Walz called me with the request to work together with respect to Minnesota,” Trump wrote on Truth Social Monday. “It was a very good call, and we, ac…",https://ground.news/interest/alpha-news_19a627
The Daily Signal,Right,What Did Trump and Walz Talk About on Monday?,"President Donald Trump said he had a “good call” with Minnesota Gov. Tim Walz on Monday, just two days after a second fatal shooting in Minneapolis by a federal immigration officer.   “Governor Tim Walz called me with the request to work together with respect to Minnesota. It was a very good call, and we, actually, seemed to be on a similar wavelength,” Trump posted on Truth Social.   Trump said that he was going to have border czar Tom Homan ca…",https://ground.news/interest/the-daily-signal
The Blaze,Right,'A very good call': Trump says Tim Walz called him to ask to 'work together' on ICE in Minnesota,"President Donald Trump says that he has spoken with Minnesota Gov. Tim Walz (D) via phone and indicated that the Democrat was cooperating with Immigration and Customs Enforcement efforts after publicly opposing them.The president posted about the phone call with the governor in a social media statement on Truth Social after rioting escalated in Minneapolis in response to another lethal shooting over the weekend.'Even in Minnesota, Crime is way d…",https://ground.news/interest/the-blaze
Newsweek,Center,Donald Trump gets reminder from Tim Walz in Minnesota protest call,Minnesota Gov. Tim Walz told President Trump the state already honors ICE detainers and has no documented cases of inmates released without federal notice.,https://ground.news/interest/newsweek
CBS News,Center,Gov. Walz says Trump has agreed to consider reducing federal surge in Minnesota after phone call,"Gov. Tim Walz says that he and President Trump shared a &quot;productive&quot; phone call Monday morning, during which he says the president agreed to consider a reduction of federal immigration enforcement forces in Minnesota.",https://ground.news/interest/cbs-news
Australian Financial Review,Right,Trump has ‘good call’ with Minnesota’s Walz as public outcry rises,Donald Trump says he is ready to work with Minnesota Governor Tim Walz after the second fatal shooting of a US citizen by ICE agents flared tensions in the US.,https://ground.news/interest/australian-financial-review
PerthNow,Center,Trump vows to work with Walz after 'good call',"US President Donald Trump says he is ""on a similar wavelength"" with Minnesota's Democratic governor amid a possible de-escalation of tensions in the state.",https://ground.news/interest/perthnow
The Western Journal,Right,BREAKING: Trump Says Walz Has Agreed to Fully Cooperate with Feds Amid Crime Crackdown in Minnesota,President Donald Trump said Monday that Democratic Minnesota Gov. Tim Walz has agreed to fully cooperate with federal authorities as part of a broader effort to bring down the temperature […] The post BREAKING: Trump Says Walz Has Agreed to Fully Cooperate with Feds Amid Crime Crackdown in Minnesota appeared first on The Western Journal.,https://ground.news/interest/the-western-journal
PBS NewsHour,Lean Left,Trump says he talked with Minnesota Gov. Walz after weekend shooting of Alex Pretti,The president said the two “actually” seem to be on the same page in wanting to work together as it relates to immigration issues in Minnesota.,https://ground.news/interest/pbs-newshour
americanliberty.news,Right,Warmer Words From Trump: Says He And Walz Are 'On The Same Wavelength' - American Liberty News,"Categories: Crime•Government•Law Enforcement Tags: Constitution, Crime, Donald Trump, Illegal Immigration, Killing of Alex Pretti, Law Enforcement, Operation Metro Surge, Tim Walz, Tom Homan, U.S. Customs and Border Protection, U.S. Immigration and Customs Enforcement President Donald Trump said Monday that he spoke by phone with Minnesota Gov. Tim Walz and described the exchange as a “very good call,” with both leaders on a “similar wavelength”…",https://ground.news/interest/americanlibertynews
The Post Millennial,Right,"BREAKING: Trump says he had ‘very good call’ with Tim Walz, on ‘similar wavelength’","""Governor Tim Walz called me with the request to work together with respect to Minnesota. It was a very good call, and we, actually, seemed to be on a similar wavelength.""",https://ground.news/interest/the-post-millennial
Patch,Center,"Trump Praises Call With Gov. Tim Walz, Says Leaders Were 'On Same Wavelength'","President Donald Trump said the Minnesota governor called to work together and described the conversation as ""very good.""",https://ground.news/interest/patch
The New Civil Rights Movement,Right,Trump Shifts Minnesota Messaging After Second Deadly Shooting Sparks Backlash,"President Donald Trump appeared to be seeking to defuse bipartisan nationwide condemnation of the actions of federal agents in Minnesota after the second killing of a U.S. citizen in Minneapolis in under three weeks. “Governor Tim Walz called me with the request to work together with respect to Minnesota,” Trump wrote on Truth Social late Monday morning. “It was a very good call, and we, actually, seemed to be on a similar wavelength.” After ann…",https://ground.news/interest/the-new-civil-rights-movement
abc News,Lean Left,"Video Gov. Walz wants to 'work together,' Trump says","President Donald Trump said on Truth Social that Gov. Tim Walz ""called me with the request to work together with respect to Minnesota."" ABC News' Selina Wang reports.",https://ground.news/interest/abc-news_409efb
The Gateway Pundit,Far Right,"JUST IN: Trump Says Tim Walz Called Him Ahead of Tom Homan's Visit to Minneapolis - ""It was a Very Good Call, and We, Actually, Seemed to be on a Similar Wavelength""","(Official White House Photo by Joyce N. Boghosian) President Trump on Monday announced that he spoke to Minnesota Governor Tim Walz and that he is finally going to comply with federal authorities to apprehend criminal illegal aliens in the state of Minnesota.  Hours after announcing that Tom Homan will travel to Minnesota tonight, Trump said Walz called him. “It was a very good call, and we, actually, seemed to be on a similar wavelength,” Trump…",https://ground.news/interest/the-gateway-pundit
WABC,Right,Walz Folds: Agrees with Trump on ICE in Minneapolis...,"(Washington DC / Minneapolis) – President Donald Trump said Minnesota Gov. Tim Walz reached out to him directly to discuss cooperation on law enforcement and immigration enforcement in the state, signaling what Trump described as a productive shift amid unrest in Minnesota. In a statement posted Monday, Trump said Walz called him requesting to “work together with respect to Minnesota,” describing the conversation as “a very good call” in which t…",https://ground.news/interest/wabc
KRCR,Center,"Trump says he had a good call with Gov. Tim Walz, they are on the same wavelength",President Donald Trump on Monday said that he and Minnesota Democratic Gov. Tim Walz had a good call and they are on the same wavelength.,https://ground.news/interest/krcr
TrendingPolitics,Right,"JUST IN: Trump Reveals Walz Is Ready To Cooperate With ICE, Homan After 'Very Good' Phone Call","President Donald Trump said Monday he and Gov. Tim Walz have agreed to cooperate on the federal immigration enforcement surge in the Twin Cities, a notable shift from earlier tension between the White House and the Democratic governor. In a social media post, Trump said Walz “called me with the request to work together with respect to Minnesota.” The president described their call as “a very good call, and we, actually, seemed to be on a similar…",https://ground.news/interest/trendingpoliticsnewscom
Fox 19 Now,Center,Trump says he and Gov. Walz are on a ‘similar wavelength’ after phone call,President Donald Trump said he and Minnesota Gov. Tim Walz are on a “similar wavelength” following a phone call regarding protests in the state.,https://ground.news/interest/fox-19-now
The Free Press (Tampa),Right,Trump: Minnesota Gov. Walz And I Are On ‘Similar Wavelength’ Regarding Crime,"Despite spending the weekend blasting federal agents and comparing them to the Nazi regime, Minnesota Governor Tim Walz has apparently changed his tune behind closed doors. On Monday, President Donald Trump revealed that the Democratic governor privately reached out to him to request cooperation in stabilizing the state. According to the President, the two leaders […] Trump: Minnesota Gov. Walz And I Are On ‘Similar Wavelength’ Regarding Crime",https://ground.news/interest/the-free-press-tampa
New York Post,Right,"Trump considers drawing down ICE in Minnesota, Gov. Walz says — after ‘productive’ call",President Trump said Minnesota Gov. Tim Walz called him Monday and is happy border czar Tom Homan is headed to the state to deal with the escalating standoffs between protesters and ICE agents.,https://ground.news/interest/new-york-post
KTSM,Center,"Trump describes 'very good call' with Walz, signaling 'similar wavelength' on Minnesota","President Trump described what he said was a “very good call” with Minnesota Gov. Tim Walz (D) in which they ""seemed to be on a similar wavelength,"" amid growing tensions between federal law enforcement and protesters in the state. “Governor Tim Walz called me with the request to work together with respect to Minnesota. It [...]",https://ground.news/interest/ktsm
npr,Lean Left,Trump and Walz strike conciliatory tone in wake of second Minnesota killing,The Trump administration is working to reframe the narrative in Minneapolis on enforcing the law after outrage over killings continues.,https://ground.news/interest/npr
The Hill,Center,"Trump describes ‘very good call’ with Walz, signaling ‘similar wavelength’ on Minnesota","President Trump described what he said was a “very good call” with Minnesota Gov. Tim Walz (D) in which they “seemed to be on a similar wavelength,” amid growing tensions between federal law enforcement and protesters in the state.",https://ground.news/interest/the-hill
Raw Story,Left,Trump makes major U-turn as he lavishes praise on Tim Walz,"Amid the ongoing chaos in Minnesota as thousands of federal immigration officers continue to swarm the state, President Donald Trump revealed that he had a “very good call” with Gov. Tim Walz, praising the governor just days after accusing him of “inciting insurrection.”“Governor Tim Walz called me ...",https://ground.news/interest/raw-story
Audacy,Center,"President Trump signals common ground with Minnesota Gov. Tim Walz after a ""good call"" on Monday","President Donald Trump said he spoke to Gov. Tim Walz Monday, saying the two seemed to be on a similar wavelength, a critical moment Minnesota which has seen clashes between ICE and protests, and two U.S. citizens killed by federal agents.",https://ground.news/interest/audacycom
The American Tribune,Right,"Tim Walz Hilariously Backs Down After President Trump Announces He's Unleashing Tom Homan On Minneapolis, Demands Congress End Sanctuary Cities For Good - The American Tribune.com","Craven and terrible Minnesota Governor Tim Walz (D) has backed down in the face of stiff threats and strong actions taken by President Donald Trump, with the president taking to Truth Social to announce that the governor had given in and requested to work with the feds shortly after Trump announced he was unleashing Border Czar Tom Homan on Minneapolis. For reference, federal immigration agents, particularly Immigration and Customs Enforcement (…",https://ground.news/interest/theamericantribunecom
WBAL,Center,Trump says he had a 'very good' call with Gov. Walz about Mi,MINNEAPOLIS (AP) — Trump says he had a ‘very good’ call with Gov. Walz about Minneapolis shooting and they’re now on a ‘similar wavelength.’,https://ground.news/interest/wbal
Washington Top News,Center,Trump says he had a ‘very good’ call with Gov. Walz about Minneapolis shooting and they’re now on a ‘similar wavelength’,MINNEAPOLIS (AP) — Trump says he had a 'very good' call with Gov. Walz about Minneapolis shooting and they're now on a 'similar wavelength.',https://ground.news/interest/washington-top-news
Daily Record,Lean Left,Trump says he had a 'very good' call with Gov. Walz about Minneapolis shooting and they're now on a 'similar wavelength',Trump says he had a 'very good' call with Gov. Walz about Minneapolis shooting and they're now on a 'similar wavelength.',https://ground.news/interest/daily-record
The Straits Times,Right,"Trump talks to Minnesota governor, dispatches border czar after second fatal shooting","Unlike other top immigration officials, border security czar Tom Homan has not publicly spoken about the fatal shooting. Read more at straitstimes.com.",https://ground.news/interest/the-straits-times_9bb9e6
Clarin,Right,Donald Trump Changes Tone to Lower Tension and Strong Criticism of Immigration Raids in Minnesota,"He will send his ""Borderzar,"" Tom Homan, to monitor the situation closely.The president also contacted Democratic Governor Walz and said they are in ""the same tune.""The measures show a turn of the White House in the face of the explosive situation in Minneapolis.",https://ground.news/interest/clarin_5fa6ca
KSTP News,Center,"Trump says he had 'very good call' with Walz on ICE operations, sending border czar","President Donald Trump says he had a ""very good call"" with Minnesota Gov. Tim Walz on Monday about the status of ongoing immigration enforcement operations in the state.",https://ground.news/interest/kstp-news
NewsNation,Center,"Trump, Walz speak as Tom Homan heads to Minnesota","Trump says he, Gov. Walz are on a""similar wavelength"" about next steps.",https://ground.news/interest/wgn-america_663347
Twitchy,Far Right,"Gosh, What CHANGED, Timmy?! Tampon Tim Walz CAVES, Will Work With Trump and Tom Homan",Tim Walz's surprising shift: working with Trump on immigration issues after recent controversies.,https://ground.news/interest/twitchy
Mediaite,Lean Left,Karoline Leavitt Turns the Heat Back Up On Tim Walz Shortly After He and Trump Buried the Hatchet: ‘Spreading Lies’,"Karoline Leavitt slammed Tim Walz for encouraging the ""hysteria"" against ICE that she said directly contributed to the shooting death of Alex Pretti",https://ground.news/interest/mediaite
Townhall,Right,"Happy Hands Tim Walz Caves, Will Work With Trump and Tom Homan. Is This Why?",Tim Walz collaborates with Trump after Minneapolis shooting. What led to this change?,https://ground.news/interest/townhall
NBC Dallas-Fort Worth,Lean Left,Trump strikes a positive tone on Tim Walz after phone call with the Minnesota governor,"President Donald Trump and Minnesota Gov. Tim Walz spoke by phone Monday, a call both men praised and one that signals a potential easing of tensions.",https://ground.news/interest/nbc-dallas-fort-worth
Hot Air,Right,BREAKING: Walz Reaches Out to Trump on Cooperation? UPDATE: Signal? UPDATE: Walz Confirms,Governor Walz and Trump discuss cooperation to calm tensions in Minneapolis.,https://ground.news/interest/hot-air
The Daily Wire,Right,Trump Has ‘Very Good Call’ With Walz As Immigration Showdown Intensifies,"President Donald Trump said Monday that he spoke with Minnesota Democratic Gov. Tim Walz about rising tensions over federal immigration enforcement in the state, describing the call as “very good.”Anti-ICE protests have escalated in the Minneapolis area in recent weeks following the fatal shooting of Alex Pretti, a 37-year-old ICU nurse who was killed by Border Patrol agents during an immigration enforcement operation, and the earlier shooting d…",https://ground.news/interest/the-daily-wire
Political Wire,Center,Trump Describes ‘Very Good Call’ with Tim Walz,"President Trump described what he said was a “very good call” with Minnesota Gov. Tim Walz (D) in which they ""seemed to be on a similar wavelength,"" amid growing tensions between federal law enforcement and protesters in the state, The Hill reports.",https://ground.news/interest/political-wire
RedState,Right,"Bipartisan Breakthrough? Trump Praises Walz Call, Collaboration",Trump praises Minnesota Governor Walz's call for collaboration on crime reduction.,https://ground.news/interest/redstate
Just the News,Right,"Trump touts call with Walz, sounds optimistic tone on cooperation","""It was a very good call, and we, actually, seemed to be on a similar wavelength,"" he said.",https://ground.news/interest/justthenewscom
MPR News,Lean Left,Trump strikes positive tone following 'very good call' with Walz over Twin Cities ICE surge,"President Donald Trump said Monday morning that he’d spoken to Gov. Tim Walz, that it was “a very good call, and we, actually, seemed to be on a similar wavelength” on the federal immigration enforcement surge in the Twin Cities.",https://ground.news/interest/mpr-news
NCWLIFE,Center,"Crackdown in Minneapolis underway following Trump talks with Walz, Frey",(The Center Square) – A crackdown on protesters in Minneapolis appears to be underway following “good talks” President Donald Trump had with Minnesota Gov. Tim Walz and Minneapolis Mayor Jacob Frey.,https://ground.news/interest/ncwlife
KITV4 News,Center,Big Island chef among those killed in private jet crash in Maine,"A chef with ties to the Big Island is among six people killed in a private jet crash Sunday night in Bangor, Maine.",https://ground.news/interest/kitv4-news
WBMA,Right,Officials say remains of those killed in Bangor crash are still in plane wreckage,Leaders at Bangor International Airport held a news conference Wednesday with updates on the investigation into a plane crash that killed six people Sunday.,https://ground.news/interest/wbma
Lake Charles American Press,Center,BREAKING: DeQuincy High grad killed in Maine plane crash - American Press,Six people — including a DeQuincy High School graduate — died when a business jet crashed during takeoff as a snowstorm moved in and visibility diminished in Maine Sunday night. The Bombardier Challenger 600 flipped over and burned on takeoff at Bangor International Airport around 7:45 p.m. Sunday night as the nation’s massive winter storm was beginning to reach the area. An audio recording of air traffic controllers posted by www.LiveATC.net in…,https://ground.news/interest/lake-charles-american-press
Michigan Live,Center,"Beloved meteorologist among 2 killed after plane clips power line, crashes","He guided people through storm after storm, his TV station said.",https://ground.news/interest/michigan-live
Hawaii News Now,Center,Hawaii man among victims killed in Maine plane crash,"Nick Mastrascusa was a husband and father of three, as well as a chef and coach.",https://ground.news/interest/hawaii-news-now
Above the Law,Lean Left,Maine Plane Crash Claims Lives - See Also,An Attempted Take-Off Turns Tragic: We send our condolences to their family and friends. Trump Administration Leaves Transportation Regulation Up To AI: No way this will pan out well. Bush-Appointed Judge Benchslaps ICE: He got so fed up that ICE followed the court order! Torts Professor Doesn’t Let History Of Being Wrong Stop Him: Nor will he let history get in the way of his trash birthright citizenship take. Judge Tells Government To “Be Seri…,https://ground.news/interest/above-the-law
LancasterOnline,Center,Maine plane crash victims include event planner and corporate pilot,The six people killed when a private jet crashed during takeoff at a Maine airport included an event planner on her way to Paris for a job and a corporate pilot who had recently joined the Texas law firm linked…,https://ground.news/interest/lancasteronline
American Military News,Right,Pics: Plane crash leaves 6 dead in Maine,"A private airplane crash in Bangor, Maine, left all six passengers dead shortly after departing from Bangor International Airport on Sunday night. In a Monday press release, Bangor International Airport announced that an “incident” involving a Bombardier CL600 aircraft that was departing from the airport was reported at roughly 7:45 p.m. on Sunday. “According to the flight manifest there were six people on the flight. No one from the incident wa…",https://ground.news/interest/american-military-news
KDRV,Center,Private jet that crashed in Bangor had history of cold-weather risks,"Flight records reviewed by 8 Investigates show the aircraft involved in Sunday's crash carries a federal warning related to cold-weather operations, according to government records.",https://ground.news/interest/kdrvcom
The LADbible,Center,Pilot identified as first victim of plane crash that killed six seconds after takeoff,"The identity of the first victim to die in the crash in Bangor Airport, Maine has been revealed",https://ground.news/interest/the-ladbible
The Morning News,Center,Private Jet Crashes In Maine Killing Seven And Injuring One,"A routine take-off turned into chaos in the middle of a brutal winter storm. How much can pilots really see when snow, wind and darkness collide?Seven people were killed after a private jet crashed while departing Bangor International Airport in Maine on Sunday night. One crew member was seriously injured.The Bombardier Challenger 600, carrying eight people, went down around 7:45pm local time. It quickly burst into flames, according to the US Fe…",https://ground.news/interest/the-morning-news
WABC,Right,"Seven killed, one seriously hurt after private jet crashes during takeoff in Maine","Federal officials confirmed that seven people were killed and one crew member was critically injured after a private business jet crashed and burst into flames while taking off from Bangor International Airport in Maine on Sunday evening. The crash occurred around 7:45 p.m. during harsh winter weather as a widespread storm brought snow, frigid temperatures, and low visibility to the region. The plane, a Bombardier Challenger 600 — also identifie…",https://ground.news/interest/wabc
KATV,Right,Texas law firm attorney believed to be among six victims in Bangor plane crash,"The jet, traveling from Houston to Paris, had landed in Bangor to refuel and crashed while attempting to take off again.",https://ground.news/interest/katv
UNILAD,Center,Plane crashes while taking off leaving 6 dead as air traffic control audio revealed,"6 people have been presumed dead after a flight departing from Bangor, Maine, crashed and burst into flames as Storm Fern gripped the nation.",https://ground.news/interest/uniladcom
KFDM,Right,Wife of prominent Houston law firm founder among victims of plane crash in Maine,"The wife of a prominent Houston law firm co-founder is among six victims of a plane crash in Maine, according to KTRK-TV.The private Bombardier Challenger 600 j",https://ground.news/interest/kfdm
The Advocate,Center,"Texas attorney reportedly killed in Maine plane crash was Louisiana native, Tulane grad",Prominent Texas attorney Tara Arnold was reportedly killed in a Maine plane crash and is from north Louisiana. She went to law school at Tulane in New Orleans before moving to Texas.,https://ground.news/interest/the-advocate_30a610
KTBS,Center,Deadly Maine plane crash has ties to Northwest Louisiana,A prominent Houston attorney reportedly killed Sunday in a plane crash in Maine has ties to Northwest Louisiana.,https://ground.news/interest/ktbs
Washington Times,Right,Six people died when a jet trying to take off in Maine crashed in a snowstorm,Six people died when a business jet crashed during takeoff as a snowstorm moved in and visibility diminished in Maine Sunday night.,https://ground.news/interest/washington-times
DNyuz,Right,"Private Jet Crashes at Maine Airport, Killing 6","A private jet crashed on Sunday evening at Bangor International Airport in Maine, killing all six people on board. The Federal Aviation Administration said in a statement that the plane, a Bombardier Challenger 600, crashed as it was taking off from the airport around 7:45 p.m., as a winter storm as bringing heavy snow and wind across the East Coast. The agency said that, based on preliminary information, the plane crashed on departure, “came to…",https://ground.news/interest/dnyuz
abc 13 Houston,Lean Left,"6 people on private plane tied to Houston law firm presumed dead after crash in Maine, officials say","The daughter of Shawna Collins confirmed her mother was on the flight. The daughter told ABC13 she had spoken to her mother on Sunday before the flight, and Collins was excited about the upcoming business trip to Europe.",https://ground.news/interest/abc-13-houston
PJ Media,Far Right,Several Dead After Business Jet Crashes in Maine With Possibly Two Prominent Anti-ICE Attorneys Onboard,"Tragic plane crash in Maine claims several lives, involving a prominent business jet.",https://ground.news/interest/pj-media
realnewsnow.com,Far Right,Seven Dead After Private Jet Crashes During Brutal Winter Storm in Maine - Real News Now,"Tragedy struck Sunday night when a private jet crashed during takeoff at Bangor International Airport in Maine, killing seven and leaving one critically injured. The crash occurred around 7:45 p.m. as a Bombardier CL 600 attempted to depart in the middle of harsh winter conditions. The jet ended up flipped upside down and engulfed in flames, according to local reports. The sole survivor is reportedly a crew member. Authorities have not yet relea…",https://ground.news/interest/realnewsnowcom
The Washington Hispanic,Center,Six People Died when a Commercial Plane Trying to Take Off in Maine Crashed Into a Snowstorm,"Six people died when a commercial plane crashed during take-off as a snowstorm approached and visibility decreased in Maine on Sunday night. Bombardier Challenger 600 overturned and caught fire during take-off at Bangor International Airport around 7:45 p.m. on Sunday night when the country’s massive winter storm was beginning to arrive in the area. An audio recording of air traffic controllers posted by www.LiveATC.net includes someone saying, …",https://ground.news/interest/washington-hispanic
Houston Chronicle,Center,Report: Wife of prominent Houston lawyer confirmed among dead in Maine plane crash,,https://ground.news/interest/houston-chronicle
South China Morning Post,Center,At least 6 dead in Maine plane crash as US hit by winter storm,The Bombardier Challenger 650 crashed while taking off at Bangor International Airport.,https://ground.news/interest/south-china-morning-post
San Antonio Express-News,Center,Fatal plane crash in Maine tied to high-profile Texas donors,Six people aboard the private business jet are registered to the same address as a prominent Houston law firm.,https://ground.news/interest/san-antonio-express-news
Cleveland,Center,Maine airport jet crash: What we know so far,"A private jet crashed during takeoff at Bangor International Airport in Maine, killing seven and injuring one amid a powerful winter storm.",https://ground.news/interest/cleveland
The Texas Tribune,Lean Left,Fatal plane crash in Maine tied to Texas political donors,Officials have yet to identify any of the six victims of the crash. The law firm’s PAC has donated to lawmakers fighting tort reform.,https://ground.news/interest/the-texas-tribune
KSAT 12,Center,"Plane tied to prominent Houston law firm crashes in Maine, killing six",Officials have yet to identify any of the six victims of the crash. The law firm’s PAC has donated to lawmakers fighting tort reform.,https://ground.news/interest/ksat-12
New Hampshire Union Leader,Center,Seven killed in private jet crash at Maine airport during winter storm,"Seven people were killed and an eighth person survived when a private jet crashed during takeoff at Bangor International Airport in Maine on Sunday night, the Federal Aviation Administration said.",https://ground.news/interest/unionleadercom
Boston 25 News,Center,Private plane crashes at Maine airport; several killed,A Bombardier Challenger 600 crashed shortly after takeoff from Bangor International Airport in Maine.,https://ground.news/interest/boston-25-news
Jalopnik,Lean Left,"Plane Crashes In Maine During Snowstorm, At Least 6 Dead","Weather is one of many factors the NTSB will be investigating, and it is far from the only potential cause of the crash.",https://ground.news/interest/jalopnik
KWWL,Center,Maine plane crash leaves 7 dead,"A tragic airplane crash occurred in Bangor, Maine, resulting in the deaths of seven individuals.",https://ground.news/interest/kwwl
The Blaze,Right,"Private jet linked to 'top anti-ICE / anti-Trump' lawyers crashes, resulting in 6 fatalities",Authorities have not released the identities of those on board the plane.,https://ground.news/interest/the-blaze
7NEWS Australia,Right,‘Aircraft upside down’: Seven dead in horror US plane crash,One person survived the crash with serious injuries.,https://ground.news/interest/7news-australia
The Daily Caller,Right,"7 Dead, 1 Injured After Private Jet Crashes","A private jet crashed Sunday while taking off from Bangor International Airport in Maine, leaving seven dead and one injured, officials said.",https://ground.news/interest/the-daily-caller
The Post Millennial,Right,"7 dead, 1 injured after Texas-based Dem-donor law firm’s plane crashes at Maine airport",The crash came as a massive winter storm swept through the region.,https://ground.news/interest/the-post-millennial
KTLO LLC,Center,Private jet crashes while taking off during storm in Maine,"(BANGOR, Maine) — A private jet carrying eight people crashed while taking off from Bangor International Airport in Maine during the massive winter storm, according to the Federal Aviation Administration. Preliminary information from the FAA said there was one survivor. Authorities have not disclosed the conditions of others on board. The FAA said the Bombardier Challenger 600 crashed around 7:45 p.m. Sunday as the deadly storm slammed the North…",https://ground.news/interest/ktlo-llc
Le Devoir,Center,The Crash of a Private Jet Killed Seven People in Maine,"The Bombardier Challenger 600, which was carrying eight people, crashed on take-off.",https://ground.news/interest/le-devoir
The National Pulse,Right,Private Jet Belonging to Immigration Attorneys and Dem Mega Donors Crashes.,"PULSE POINTSWHAT HAPPENED: A private jet registered to KTKJ Challenger LLC—owned by Texas personal injury attorneys and anti-Trump donors Jason Itkin and Kurt Arnold—crashed on take-off at Bangor International Airport last night amid heavy snow.WHO WAS INVOLVED: Jason Itkin, Kurt Arnold, eight people onboard the flight, the Federal Aviation Administration (FAA), and Bangor International Airport officials.WHEN & WHERE: The crash occurred on Sunda…",https://ground.news/interest/the-national-pulse
la Nacion,Right,A Private Plane Crashed in the United States in the Middle of the Historic Winter Storm: Seven Dead and One Wounded,"Seven people were killed and one was seriously injured in an air crash in Maine, United States, reported Monday in X by the Federal Aviation Administration (FFA).The aircraft, a 600 Bombardier Challenger carrying eight people, crashed under unknown circumstances at around 7:45 p.m. in mid-takeoff at Bangor International Airport.According to FAA, the aircraft after the crash was reversed and caught fire.The crash occurred in the middle of a histo…",https://ground.news/interest/la-nacion_7042bc
Independent Sentinel,Right,Private Jet Belonging to Anti-ICE Law Firm Crashes in Maine,"A private jet that crashed upon departure in Bangor, Maine, belonged to top anti-ICE and anti-Trump lawyers who defended illegal aliens. According to the FAA, seven passengers are deceased, and one survived. A crew member survived but is in critical condition. Some early reports say only the crew members were on board, no attorneys. They […] The post Private Jet Belonging to Anti-ICE Law Firm Crashes in Maine appeared first on www.independentsen…",https://ground.news/interest/wwwindependentsentinelcom
abc,Right,"Seven Crew Members Die After a Private Plane Crash in Maine, Usa","Seven passengers have been killed in the crash of a private plane that crashed with eight crew members on board shortly after taking off at the Bangor airfield in the U.S. state of Maine. The private aircraft, a Bombardier Challenger 600, was hit by unknown circumstances during the take-off operation, then fell upside down and caught fire, according to information from the Federal Aviation Administration (FAA). The total fatalities amount to sev…",https://ground.news/interest/abc_0c202e
La Opinion,Lean Left,Eight-Person Aircraft Crashes when Taking Off at Bangor Airport in Maine,"FAA and NTSB initiated an investigation, while the air terminal was closed and flight cancellations were recorded",https://ground.news/interest/laopinioncom
100% FED UP!,Far Right,Multiple Fatalities After Business Jet Crashes During Takeoff * 100PercentFedUp.com * by Danielle,Seven people died and one survived with serious injuries after a private business jet crashed during takeoff at Maine’s Bangor […],https://ground.news/interest/100percentfedupcom
Observador,Right,Seven People Died in the Fall of a Private Plane in Maine. a Passenger Survived but Is in Serious State,"A plane will have fallen ""from head down"" after landing. The airport was closed until this afternoon. Strong snow made it feel in the region.",https://ground.news/interest/observador
Spiegel,Lean Left,Usa: Private Jet Crashes at Start in Maine – Seven Dead,"On the east coast of the United States, there was an accident at the launch of a private machine in Bangor. Of the eight people on board, only one crew member survived.",https://ground.news/interest/spiegel
आज तक,Right,"Snowstorm Wreaks Havoc in america... Plane Crashes Shortly After Takeoff, 7 People Dead","A private jet crashed at Bangor International Airport in the United States, killing seven people and seriously injuring one. The accident occurred while taking off during heavy snowfall.",https://ground.news/interest/_421d90
The West Australian,Right,"Seven dead, one seriously hurt in US jet crash: FAA",US aviation authorities say seven people were killed and one person survived with serious injuries when a private business jet crashed in a snowstorm in Maine.,https://ground.news/interest/the-west-australian
ABP News,Right,7 Killed As Private Jet Crashes During Snowstorm At Maine Airport,At least seven people were killed and one critically injured after a private business jet crashed shortly after takeoff from Bangor International Airport in Maine amid heavy snowfall.,https://ground.news/interest/abp-news
The Statesman,Center,"7 dead, 1 injured after Houston-registered private jet crashes in Maine","Houston-registered Challenger 600 crashed after takeoff at Bangor International amid heavy snow, killing 7 and injuring 1; FAA and NTSB investigating.",https://ground.news/interest/the-statesman
Firstpost News,Center,"At least 7 killed, one critically injured as private jet crashes in Maine snowstorm","The Bombardier Challenger 600 jet, carrying eight people, crashed shortly after takeoff around 7:45 pm local time on Sunday, while New England and much of the United States were experiencing severe winter weather",https://ground.news/interest/firstpost-news
PBS NewsHour,Lean Left,"FAA says 7 killed, 1 seriously injured in jet crash in snow in Bangor, Maine",The Bombardier Challenger 600 carrying eight people crashed on takeoff at around 7:45 p.m. Sunday night as New England and much of the country grappled with a massive winter storm.,https://ground.news/interest/pbs-newshour
ABC Australia,Lean Left,Major winter storm kills dozens of people across the US,"Almost 200 million Americans are under cold weather alerts as snow, sleet and freezing rain affects swathes of the country from Texas to New England, with temperatures set to fall dangerously low this week.",https://ground.news/interest/abc-australia
Bild,Right,Winter Storm in the Usa: Seven Dead in Plane Crash in Bangor,"A small plane crashes in Bangor. Seven people die, a crew member survives badly injured.",https://ground.news/interest/bild
CW39 Houston,Center,"7 killed, 1 survived as jet from Houston crashes in Maine, FAA says",The Federal Aviation Administration says seven people were killed and a crew member survived with serious injuries when a private business jet registered in Houston crashed in a snowstorm at Maine’s Bangor International Airport.,https://ground.news/interest/cw39-houston
Mass Live,Center,"7 killed, 1 survived jet crash during snowstorm takeoff in Maine Sunday",A Bombardier Challenger 600 carrying eight people crashed on takeoff at around 7:45 p.m. Sunday as New England grappled with a massive winter storm.,https://ground.news/interest/mass-live
CP24,Center,"U.S. Federal Aviation Administration says 7 killed, 1 survived jet crash in snow in Bangor, Maine",The U.S. Federal Aviation Administration says seven people were killed and a crew member survived with serious injuries when a private business jet crashed in a snowstorm at Maine’s Bangor International Airport.,https://ground.news/interest/cp24
TrendingPolitics,Right,BREAKING: Airplane Crashes At Major U.S. Airport,"An aircraft carrying eight people crashed during a takeoff attempt Sunday night in Maine, according to federal officials. The Federal Aviation Administration said a Bombardier Challenger 600 went down while departing Bangor International Airport at about 7:45 p.m. local time on Jan. 25. “A Bombardier Challenger 600 crashed as it was taking off from Bangor International Airport in Maine around 7:45 p.m local time on Sunday, Jan. 25,” the FAA said…",https://ground.news/interest/trendingpoliticsnewscom
NDTV,Right,'Aircraft Upside Down': 7 Dead After Jet Crashes In Snowstorm In US' Maine,The Federal Aviation Administration says seven people were killed and a crew member survived with serious injuries when a private business jet crashed in a snowstorm at Maine's Bangor International Airport.,https://ground.news/interest/ndtv
focus.de,Right,Seven Dead in a Plane Crash in a Snowstorm in the Usa,"According to the US aviation agency FAA, seven people were killed in a snowstorm in a private jet crash and one person was seriously injured.",https://ground.news/interest/focusde
WFSB,Center,"7 people died and 1 was seriously injured in crash of private jet in snowstorm, FAA reports",A business jet carrying eight people flipped over and caught fire as it tried to take off during a snowstorm from Maine’s Bangor International Airport.,https://ground.news/interest/wfsb
milescitystar.com,Lean Left,Federal Aviation Administration says 7 people died and 1 was seriously injured in crash of private jet in snowstorm,Federal Aviation Administration says 7 people died and 1 was seriously injured in crash of private jet in snowstorm.,https://ground.news/interest/milescitystarcom
Law.com,Center,Private Plane Linked to Houston Plaintiff Law Firm Arnold & Itkin Crashes in Maine,"According to the Federal Aviation Administration, the private plane, which crashed while departing the Bangor International Airport, had eight aboard, and there were seven fatalities.",https://ground.news/interest/lawcom
The Macomb Daily,Center,"Air traffic control in Bangor, Maine: ‘We have a passenger aircraft upside down’","BANGOR, Maine (AP) — A business jet carrying eight people flipped over and caught fire as it tried to take off during a snowstorm from Maine’s Bangor International Airport, according to federal authorities and air traffic controller recordings. The Bombardier Challenger 600 crashed on the airfield around 7:45 p.m. Sunday, and there was no immediate word on the conditions of those aboard. The Federal Aviation Administration and the National Trans…",https://ground.news/interest/macomb-daily
The Savage Nation,Far Right,MichaelSavage.com – Private Jet That Crashed in Maine Was Registered to Anti-ICE Lawyers Spending Millions to Elect Democrats in Texas,The private jet that crashed during takeoff from Bangor International Airport in Maine on Sunday evening is registered to prominent anti-ICE lawyers who were spending tens of millions of dollars to elect Democrats in the upcoming Texas primaries. The crash resulted in seven fatalities and one serious injury. The jet was registered to Arnold &…,https://ground.news/interest/the-savage-nation
WFTV 9 abc,Center,"Federal Aviation Administration says 7 killed, 1 survived jet crash in snow in Bangor, Maine",The Federal Aviation Administration says seven people were killed and a crew member survived with serious injuries when a private business jet crashed in a snowstorm at Maine’s Bangor International Airport,https://ground.news/interest/wftv-9-abc
WPLG,Center,Six people died when a business jet trying to take off in Maine crashed in a snowstorm,Six people died when a business jet trying to take off in Maine crashed in a snowstorm,https://ground.news/interest/wplg
The Gateway Pundit,Far Right,Private Jet Crashes in Maine With Eight People on Board as Storms Batter East Coast,A private business jet carrying eight people crashed while attempting to take off from Bangor International Airport in Maine on Sunday.,https://ground.news/interest/the-gateway-pundit
CTV News,Center,Private jet with 8 aboard crashes in Maine,"A private aircraft carrying eight people crashed on takeoff Sunday night at Maine’s Bangor International Airport, the Federal Aviation Administration said.",https://ground.news/interest/ctv-news
Worthy Christian News,Center,7 Killed As Private Jet Crashes At Takeoff In Maine,"by Stefan J. Bos, Worthy News Chief International Correspondent PORTLAND, USA (Worthy News) – Seven people died and a crew member survived with serious injuries when a private plane crashed while taking off at Bangor International Airport in the U.S. state of Maine, as steady snowfall from a massive winter storm swept across the region, aviation officials said Monday. The Federal Aviation Administration (FAA) confirmed the death toll just hours …",https://ground.news/interest/worthy-christian-news
Fox News,Right,"Airplane crashes at Maine airport with 8 on board, FAA says","An aircraft crashed in Maine on Sunday with eight individuals on board, according to the Federal Aviation Administration, which indicated that it and the NTSB would investigate.",https://ground.news/interest/fox-news_a44aba
WANE-TV,Center,"7 killed, 1 survived jet crash in Maine snow",A crew member survived with serious injuries when a private business jet crashed in a snowstorm at Maine’s Bangor International Airport.,https://ground.news/interest/wane-tv
IBTimes UK,Lean Left,Bangor Plane Crash: Fate of 8 Unknown as Jet Linked to Houston Law Firm Overturns,"A private jet carrying eight people crashed and burst into flames during takeoff at Bangor International Airport in Maine on Sunday evening, triggering a massive emergency response and shutting down the facility as a winter storm battered the region. The Federal Aviation Administration confirmed the Bombardier Challenger 600 went down around 7:45 p.m. local time on 25 January. Emergency crews from multiple fire departments rushed to the scene, w…",https://ground.news/interest/ibtimes-uk
KYMA,Center,Six dead after private jet crashes during takeoff at Maine airport,"UPDATE (12:38 PM): A plane carrying six people crashed during takeoff from the Bangor International Airport (BGR) in Maine Sunday night. According to press release by BGR Monday, all six are presumed dead. The airport says the identities of the passengers had not been released. The airport will remain closed until at least noon on Wednesday when the NTSB and FAA are expected to arrive to begin their investigation. ""We appreciate your understand…",https://ground.news/interest/kyma
The Maine Wire,Right,Private Jet Flips during Takeoff at Bangor AirPort with Eight Aboard as Winter Storm pounds Maine,"BANGOR, Maine — A private jet carrying eight people crashed during takeoff Sunday night at Bangor International Airport, prompting an emergency response and forcing the airport to shut down, according to federal aviation officials The Federal Aviation Administration said the aircraft was a Bombardier Challenger 600 that went down at about 7:45 p.m. The agency [...] The post Private Jet Flips during Takeoff at Bangor AirPort with Eight Aboard as …",https://ground.news/interest/the-maine-wire
Toronto Sun,Right,"Private plane with 8 aboard crashes at Bangor, Maine airport",A private plane registered in Texas crashed during takeoff Sunday night at Bangor International Airport in Maine with eight people on board.,https://ground.news/interest/toronto-sun
The Washington Post,Lean Left,Six presumed dead in crash at Maine's Bangor International Airport ...,,https://ground.news/interest/the-washington-post
WGN 9,Center,"All six passengers aboard jet that crashed in Maine died, according to airport",A crew member survived with serious injuries when a private business jet crashed in a snowstorm at Maine’s Bangor International Airport.,https://ground.news/interest/wgn-9
The Business Journals,Center,Multiple people dead after business jet linked to Houston law firm crashes in Maine (update),,https://ground.news/interest/the-business-journals
BBC News,Center,Six people presumed dead in private jet crash in Maine,Poor visibility was reported at Bangor International Airport during a storm that has affected a large swathe of the US.,https://ground.news/interest/bbc-news_bf95f4
Audacy,Center,Private jet linked to Texas law firm crashes at Bangor International Airport,"A private jet carrying eight people crashed while attempting to take off from Bangor International Airport Sunday evening amid a major winter storm, federal officials confirmed.",https://ground.news/interest/audacycom
Sky News UK,Center,US storm latest: Central Park snow breaks 121-year record; private jet crashes moments after take-off,"A major winter storm hit the US over the weekend, with 37 states affected. More than 850,000 households are without power and 14,400 flights have been cancelled. Follow the latest.",https://ground.news/interest/sky-news
The Free Press (Tampa),Right,"7 Dead, 1 Survivor After Texas-Based Private Jet Crashes On Takeoff In Maine During Storm","A heavy winter storm turned tragic Sunday night in Maine when a private business jet crashed while trying to take off from Bangor International Airport. Seven people lost their lives in the accident, and one crew member survived but was left with serious injuries. The crash happened around 7:45 p.m. as heavy snow was falling […] 7 Dead, 1 Survivor After Texas-Based Private Jet Crashes On Takeoff In Maine During Storm",https://ground.news/interest/the-free-press-tampa
Le Parisien,Right,Winter Storm in the United States: a Private Jet Carrying 8 People Crashes on Take-Off at Maine Airport,The accident occurred while New England and a large part of the United States are facing a major winter storm.,https://ground.news/interest/le-parisien
The Daily Wire,Right,Seven Dead After Private Jet Crashes During Winter Storm,"Seven people are dead, and one is injured after a private jet crashed in Maine on Sunday night. The crash took place at around 7:45 p.m. at Bangor International Airport after the craft attempted to take off during harsh winter conditions. The identities of the victims have not yet been released, and federal authorities are expected to arrive on Monday to investigate.  The Associated Press first reported the deaths and noted that the injured pers…",https://ground.news/interest/the-daily-wire
World,Right,Private jet crash amid snow in Maine kills seven,"WORLD is a news organization producing Biblically sound, daily coverage of global, national, and cultural current events.",https://ground.news/interest/wngorg
CBC News,Lean Left,Plane involved in fatal crash in Maine had history of problems,The business jet that crashed Sunday evening while trying to take off in a snowstorm in Maine and killed at least a half dozen people is a plane model that has a history of problems with crashes caused by ice buildup on the wings.,https://ground.news/interest/cbc-news
WTEN,Center,Private jet with 8 aboard crashes on takeoff in Maine,The Bombardier Challenger 600 is a wide-bodied business jet configured for nine to 11 passengers.,https://ground.news/interest/wten
KHBS,Center,"Private jet crashes at Maine's Bangor International Airport with 8 on board, FAA says",The Federal Aviation Administration says eight people were on board a private jet that crashed at Maine's Bangor International Airport Sunday night.,https://ground.news/interest/khbs
Berliner Morgenpost,Center,US-„Monstersturm“: Privatjet stürzt in Maine ab - „Flugzeug auf dem Dach“,"Im US-Bundesstaat Maine ist ein Privatjet mit acht Insassen an Bord abgestürzt. Vieles deutet darauf hin, dass schlechte Sicht herrschte.",https://ground.news/interest/berliner-morgenpost
KENS,Center,Multiple people dead after business jet linked to Houston law firm crashes in Maine,"The plane is registered to a limited liability corporation in Houston, according to federal records reviewed by CNN.",https://ground.news/interest/kens
La Tercera,Right,"What Is Known About the Private Jet Crash that Crashed at Bangor Airport, Maine","On Sunday night, January 25, an accident was reported at Bangor Airport, Maine, in the United States.It was a private jet carrying about eight people, which crashed during its take-off. Bangor City and Bangor International Airport issued a joint statement on Monday morning, stating that “emergency teams are still in place.” They added that they are expected to “work actively” there “for several more hours before additional information is availab…",https://ground.news/interest/la-tercera
WBNS- 10TV,Center,"Private jet carrying 8 crashes at airport in Bangor, Maine. Here's what we know.","A Bombardier Challenger 600 carrying eight people crashed Sunday night during a storm shortly after takeoff at an airport in Bangor, Maine.",https://ground.news/interest/wbns-10tv
WBIR,Center,"At least six killed after private jet crashes during winter storm at airport in Bangor, Maine","A Bombardier Challenger 600 crashed Sunday night during a winter storm shortly after takeoff at an airport in Bangor, Maine.",https://ground.news/interest/wbir
Metro News,Lean Left,Private jet crashes with eight people on board in middle of huge snowstorm,Open the article to view the coverage from Metro News,https://ground.news/interest/metro-news
KVUE,Center,Officials to give update on crash involving plane registered to Houston-based law firm,Officials to give update on crash involving plane registered to Houston-based law firm.,https://ground.news/interest/kvue
charter97.org,Lean Left,"In the United States, a Plane Crashed because of a Snowstorm.",Business Jet fell during take-off.,https://ground.news/interest/charter97org
Houston Public Media,Center,"Several killed as private jet registered to Houston company crashes on takeoff in Maine, FAA says","FAA records show the plane is registered to a corporation with the same Houston address as the Arnold & Itkin law firm, a prominent personal injury firm.",https://ground.news/interest/houston-public-media
India Today,Right,"Private jet with 8 onboard crashes, bursts into flames at US airport amid winter storm",A private jet carrying eight people crashed and caught fire during takeoff at Bangor International Airport. Authorities have launched an investigation amid winter storm conditions that may have influenced the accident.,https://ground.news/interest/india-today
24ur.com,Center,Wreckage in the Snow: Private Plane Crashes During Takeoff,"A private plane with eight people on board crashed during takeoff in the US state of Maine, the Federal Aviation Administration (FAA) said. Rescuers are at the scene, but the fate of the passengers and crew is not yet officially known. The cause of the crash is also not yet known, although a heavy snowstorm had previously hit the area.",https://ground.news/interest/24urcom
KIFI,Center,"7 dead, 1 seriously injured in plane crash at airport in Bangor, Maine, FAA says",Open the article to view the coverage from KIFI,https://ground.news/interest/kifi
Daily Mirror,Lean Left,Bangor International Airport plane crash as jet carrying 8 smashes into ground - The Mirror,Eight people were onboard a Bombardier Challenger 600 that crashed at Maine's Bangor International Airport shortly after taking off on Sunday night with an investigation now underway,https://ground.news/interest/daily-mirror
Daily Express,Right,Plane crashes as chilling traffic control audio unveils moments before incident,The aircraft was engulfed by fire after the crash.,https://ground.news/interest/daily-express
KTVB,Center,"FAA: 7 killed, 1 injured in private jet crash at airport in Bangor, Maine","A Bombardier Challenger 600 carrying eight people crashed Sunday night during a winter storm shortly after takeoff at an airport in Bangor, Maine.",https://ground.news/interest/ktvb
Mt. Airy News,Lean Left,"Plane crash claims 8 lives, FAA says",The Federal Aviation Administration says a private aircraft with eight people on board has crashed on takeoff from Bangor International Airport in Maine. The Bombardier Challenger 600 crashed around 7:45 p.m. Sunday. There was no immediate word on the conditions…,https://ground.news/interest/mt-airy-news
La Libre,Center,United States: Eight-Person Aircraft Crashes on Take-Off,"The accident took place in Maine, the plane had just taken off from Bangor International Airport. ...",https://ground.news/interest/la-libre
WJBK,Center,Private jet carrying 8 people crashes at Maine airport,Federal Aviation Administration officials said the private aircraft crashed on takeoff from Bangor International Airport in Maine on Sunday night.,https://ground.news/interest/wjbk
NBC Chicago,Center,"7 killed, 1 survivor seriously injured after private jet crashes in Maine",The Federal Aviation Administration says seven people were killed and one injured when a small business jet with eight people on board crashed and caught fire...,https://ground.news/interest/nbc-chicago
The US Sun,Right,Eerie message heard from cockpit before plane crashed at US airport killing 7,A HORROR plane crash killed seven people and seriously injured one other – and a chilling message was heard before the disaster. The jet was...,https://ground.news/interest/the-us-sun
Just the News,Right,"FAA says 7 killed, 1 survived in private jet crash at Maine airport","""The airport is closed and we ask that the public avoid the area,"" the City of Bangor and Bangor International Airport said",https://ground.news/interest/justthenewscom
Arutz Sheva,Right,Plane Carrying Eight Crashes in Maine,"Twin-engine jet carrying eight crashes during takeoff in Bangor, Maine.",https://ground.news/interest/arutz-sheva
Novinky.cz,Lean Left,Plane Carrying Eight People Crashes in Maine Amid Massive Snowstorm,"A private plane carrying eight people crashed during takeoff in the US state of Maine in the midst of a heavy snowstorm. Their fate is unknown. A large fire broke out at the scene and all traffic at the airport was suspended, The Independent reported.",https://ground.news/interest/novinkycz
CBS News,Center,"Plane with 8 aboard crashes at Bangor, Maine airport after taking off in storm","A private aircraft carrying eight people crashed on takeoff Sunday night at Maine's Bangor International Airport, the Federal Aviation Administration said. There was no word on the fate of those on board.",https://ground.news/interest/cbs-news
nationalworld.com,Lean Left,Bangor Maine plane crash: Private jet carrying eight passengers crashes at Bangor International Airport closing the runway,A private plane carrying eight passengers crashed during take-off from Bangor International Airport.,https://ground.news/interest/nationalworldcom
Globo,Right,Special Jato Falls in Calls at Maine Airport with Eight People on Board,"The plane had arrived at Maine when he came from Texas, said a government official.",https://ground.news/interest/globo
CNBC,Center,Private jet crashes in flames at Maine airport with eight aboard,"A private jet crashed in flames as it was taking off from a Maine airport with eight aboard, but their fate and identities were not immediately known.",https://ground.news/interest/cnbc
romaniatv.net,Right,A Plane Landed at the Airport of Maine Is an Emergency Station in the United States. It Has Eight People on Board.,"An iron storm warning was issued for most of Maine's state, including for Bangor, the third city as state sizes. The Air Force article was posted at the Maine airport in the United States. It had eight people on board for the first time appeared in Romania TV.",https://ground.news/interest/romaniatvnet
One News Page,Center,Winter storm in US: Private jet carrying 8 passengers crashes during takeoff,"A private Bombardier Challenger 600 jet crashed during takeoff at Bangor International Airport in Maine on Sunday night, carrying eight people. The incident occurred amid a severe winter storm battering the eastern United States, disrupting air travel nationwide. Federal authorities, including ...",https://ground.news/interest/one-news-page
KTVH,Center,"FAA says 7 killed, 1 survived jet crash in snow in Bangor, Maine","The Federal Aviation Administration says seven people were killed and a crew member survived with serious injuries when a private business jet crashed in a snowstorm at Maines Bangor International Airport. <a href=""https://www.mapsdirections.info/de/evolkerung-auf-einer-karte-berechnen/"">Demografie Karte Deutschland</a> The Bombardier Challenger 600 carrying eight people crashed on takeoff at around 7:45 p.m. Sunday night as New England and much…",https://ground.news/interest/ktvh
Protothema,Right,"Private Jet Crashes in Maine, Us, During Takeoff with Eight People on Board",Passengers' fate unknown - Bangor Airport closed - Authorities' investigation underway,https://ground.news/interest/protothema
abc News,Lean Left,"Private jet carrying 8 people crashes in Bangor, Maine: FAA",A private jet carrying eight people crashed as it was taking off from Bangor International Airport in Maine on Sunday night.,https://ground.news/interest/abc-news_409efb
India TV News,Right,Private jet with eight aboard crashes during takeoff at Maine airport in US amid winter storm,"A private aircraft carrying eight people crashed during takeoff at Bangor International Airport in Maine, US, on Sunday night, the Federal Aviation Administration (FAA) said. The crash occurred amid a massive winter storm that brought steady snowfall to Bangor and large parts of the eastern United States. The Bombardier Challenger 600 went down around 7:45 pm. There was no immediate information on the condition of those on board. The FAA and the…",https://ground.news/interest/india-tv-news
Sporting News,Center,"Private jet carrying 8 crashes at Bangor, Maine airport, linked to Texas Football mega-donors",The incident occurred early Sunday evening in Maine; it's unclear about the passengers' condition.,https://ground.news/interest/sporting-news
Anadolu Ajansı,Right,Private jet carrying 8 people crashes in northeastern US state,Extent of passengers' injuries not yet known - Anadolu Ajansı,https://ground.news/interest/anadolu-ajans
svt Nyheter,Lean Left,Private Plane Crashes in Maine – Winter Storm Hits Eastern Us,"Winter storm wreaks havoc in eastern US - private plane crashes in Maine, airport closed. Millions affected by weather warnings.",https://ground.news/interest/svt-nyheter
Boston Globe,Lean Left,"Private jet with 8 on board crashes at Bangor airport, FAA says - The Boston Globe","The Bombardier Challenger 600 crashed at about 7:45 p.m. while taking off at Bangor International Airport in Maine, officials said.",https://ground.news/interest/boston-globe
The Independent,Lean Left,"Seven dead, one survivor, in fiery Maine private plane crash",Bombardier Challenger 600 went down at Bangor International Airport Sunday evening leaving one survivor,https://ground.news/interest/the-independent_ff73a6
20minutos,Center,A Private Plane with Eight People on Board Crashes Into a Maine Airport,"A private plane with eight people on board crashed this Sunday during takeoff in Bangor, Maine, in the northeast of the United States, according to Bangor International Airport.""Please avoid the airport.The runway is closed at this time.An incident is being investigated at the facility.The emergency teams are on site and are assessing the situation,"" said the text on the airport's social networks.According to CNN, the plane is an executive jet B…",https://ground.news/interest/20minutos
VINnews,Center,Private Jet Linked to Jewish Famed Trial Attorney Crashes at Maine Airport,"BANGOR, Maine (AP/VInnews) — A private jet registered to a company associated with prominent trial attorney Jason Itkin crashed during takeoff Sunday night at Bangor International Airport amid steady snowfall, according to federal aviation officials. Join our WhatsApp group Subscribe to our Daily Roundup Email The aircraft, a Bombardier Challenger 600 carrying eight people, went […]",https://ground.news/interest/vinnews
The Hindu,Lean Left,"Private jet with 8 aboard crashes on takeoff in Maine, says FAA","The Bombardier Challenger 600 crashed around 7:45 p.m., and and there was no immediate word on the conditions of those aboard",https://ground.news/interest/the-hindu
HuffPost,Left,FAA: Small Plane Carrying 8 Crashes At Airport In Maine,"Federal authorities are investigating the incident, which reportedly occurred during takeoff.",https://ground.news/interest/huffpost
Latestly,Right,Maine Plane Crash: Private Bombardier Challenger 650 Aircraft Carrying 8 Crashes at Bangor International Airport,"On Sunday evening, January 25, a Bombardier Challenger 650 jet with eight people on board crashed and overturned at Bangor International Airport during a severe winter storm. While scary videos of smoke from the wreckage emerged, no fatalities have been confirmed. The incident caused an immediate runway closure and major flight delays. Maine Plane Crash: Private Bombardier Challenger 650 Aircraft Carrying 8 Crashes at Bangor International Airpor…",https://ground.news/interest/latestly
PerthNow,Center,Private jet carrying eight crashes at Maine airport,"The fate of the eight people on board a plane that crashed on takeoff at an airport in Bangor, Maine is not immediately known.",https://ground.news/interest/perthnow
NBC News,Lean Left,"7 dead, 1 survivor after business jet crashes during takeoff in Maine","A business jet crashed and burst into flames during takeoff Sunday night in Maine, killing seven of the eight people on board, officials said",https://ground.news/interest/nbc-news
Newsweek,Center,Private jet crashes on takeoff in Maine: What we know,A private jet carrying eight people crashed during takeoff at Bangor International Airport Sunday evening amid a winter storm.,https://ground.news/interest/newsweek
WPRI 12,Center,FAA: Private jet with 8 aboard crashes on takeoff in Maine,The Bombardier Challenger 600 crashed around 7:45 p.m. Sunday.,https://ground.news/interest/wpri-12
New York Post,Right,"Private plane carrying 8 passengers crashes in Bangor, Maine, as Winter Storm Fern batters state","A private jet carrying eight people crashed as it was taking off from a Bangor, Maine, airport amid heavy snowfall in the region Sunday evening, according to authorities.",https://ground.news/interest/new-york-post
Associated Press News,Lean Left,"Private jet with 8 aboard crashes on takeoff in Maine, FAA says",The Federal Aviation Administration says a private aircraft with eight people on board has crashed while taking off from Bangor International Airport in Maine.,https://ground.news/interest/associated-press-news
Lewiston Sun Journal,Center,​Bangor plane crashes with 8 on board,The Bangor International Airport has halted flights after a reported crash around 7:45 p.m. The condition of those aboard is unclear.,https://ground.news/interest/lewiston-sun-journal
Central Maine News,Center,8 people onboard plane that crashed at Bangor airport,The Bangor International Airport has halted flights after a reported crash around 8 p.m.,https://ground.news/interest/central-maine-news
Daily Journal,Center,"A private aircraft carrying 8 people has crashed on takeoff at Maine’s Bangor airport, FAA says","A private aircraft carrying 8 people has crashed on takeoff at Maine’s Bangor airport, FAA says.",https://ground.news/interest/daily-journal_17eacc
Live Mint,Center,"Private jet carrying 8 people, crashes after take-off at Bangor, Maine airport amid massive winter snowstorm","A Bombardier Challenger 650 carrying eight people crashed shortly after take-off from Bangor, Maine, as severe winter weather hit the region.",https://ground.news/interest/live-mint
USA Today,Lean Left,"Private jet carrying 8 crashes at Maine airport, FAA says","A private jet carrying eight people crashed during takeoff from an airport in Maine on Jan. 25, the Federal Aviation Administration said.",https://ground.news/interest/usa-today
Devdiscourse,Center,Tragedy in Maine: Jet Crash Sparks Flames and Uncertainty,Read more about Tragedy in Maine: Jet Crash Sparks Flames and Uncertainty on Devdiscourse.,https://ground.news/interest/devdiscourse
KPRC-TV,Center,Private jet with ties to Houston crashes at Maine airport,"A private business jet carrying eight people crashed on takeoff from Bangor International Airport in Maine Sunday, according to NBC News.",https://ground.news/interest/kprc-tv
KESQ,Center,"A Private Plane with Eight People on Board Crashed at Bangor Airport in Maine, According to the Faa.","By Zoe Sottile and Pete Muntean, CNN - A private plane with eight people on board crashed during takeoff in Bangor, Maine, Sunday afternoon, according to the FAA. The extent of their injuries is unknown, a source familiar with the incident told CNN. The plane is a Bombardier Challenger 650 business jet. The airport told CNN in a statement that emergency crews responded to an incident around 7:45 p.m. ET. The airport is closed. The FAA and NTSB w…",https://ground.news/interest/kesq
Reuters,Center,"Private jet carrying 8 people crashes at Bangor, Maine, airport, CNN says","A private jet carrying eight people crashed on takeoff from Bangor, Maine, on Sunday evening, CNN reported, citing a source briefed on the incident based on preliminary information.",https://ground.news/interest/reuters_fa2539
Indian Express,Lean Left,Plane crash: Private jet carrying 8 people crashes at Bangor international airport in Maine,"A private jet carrying ‍eight ⁠people crashed on ​takeoff from ‌Bangor, Maine.",https://ground.news/interest/indian-express
CGTN,Lean Left,Bombardier Challenger 650 private jet carrying 8 people crashed on takeoff from Bangor International Airport in Maine,,https://ground.news/interest/cgtncom
TVA Nouvelles,Lean Left,Bombardier Aircraft with Eight People on Board Crashes in Maine,A private Bombardier aircraft carrying eight people crashed on Sunday at Bangor Airport in Maine.,https://ground.news/interest/tva-nouvelles
noticiasya.com,Center,"Private Plane with Eight People on Board Crashes at Bangor Airport, Maine, According to a Source","A private plane with eight people on board crashed during take-off in Bangor, Maine, on Sunday night, according to an informed source about the incident, according to CNN, based on preliminary information. The severity of their injuries is unknown, the source said. The plane is an executive jet Bombardier Challenger 650. The airport informed CNN in a statement that emergency teams responded to an incident around 7:45 p.m. (Miami time). The airpo…",https://ground.news/interest/noticiasyacom
CNN,Lean Left,"6 people presumed dead in Maine plane crash, Bangor airport says","All six people on board a private jet that crashed during takeoff Sunday evening are presumed dead, the Bangor International Airport in Maine said Monday.",https://ground.news/interest/cnn
KGAN,Right,Plane crashes during takeoff at Maine's Bangor airport with 8 on board,A private jet with eight people on board crashed during takeoff at the Bangor International Airport.,https://ground.news/interest/kgan
WGME,Right,Incident shuts down runway at Bangor Airport,"BANGOR, ME (WGME) - First responders are on scene at Bangor Airport after an incident.",https://ground.news/interest/wgme
KUTV,Right,"Bangor airport disputes FAA report, says 6 people died in Sunday night's plane crash",A private jet with eight people on board crashed during takeoff at the Bangor International Airport.,https://ground.news/interest/kutv
abc 7 WJLA,Right,Plane crashes during takeoff at Bangor airport with 8 on board,A private jet with eight people on board crashed during takeoff at the Bangor International Airport.,https://ground.news/interest/abc-7-wjla
Mirror US,Lean Left,Panic as aircraft crashes at US airport in horror winter conditions,Panic has broken out in Maine after an aircraft crashed at Bangor International Airport on Sunday due to horrific winter conditions.,https://ground.news/interest/themirrorcom
Bangor Daily News,Lean Left,DEVELOPING: Bangor airport reports ‘incident’ and says runway is closed,"“Please avoid the airport. The runway is closed at this time,” the airport said on Facebook.",https://ground.news/interest/bangor-daily-news
WMTW,Center,Bangor officials dispute FAA report on plane crash at airport,"An incident report released by the Federal Aviation Administration indicates the seven people died in the crash and one was seriously injured. Bangor officials say, however, there were only six people on board and there were no survivors.",https://ground.news/interest/wmtw
BNO News,Center,Business jet with 8 people on board crashes at Bangor airport in Maine,"A business jet owned by a law firm in Texas has crashed while attempting to take off from Bangor International Airport in Maine, officials say. Eight people were on board but their conditions were not immediately known. The accident happened just before 8 p.m. on Sunday when the aircraft, a Bombardier Challenger 650, was trying to take off from Bangor Airport after a flight from Houston earlier in the day. The airport confirmed at 8:25 p.m. that…",https://ground.news/interest/bno-news
KDFW,Center,Plane registered to Houston company crashes in Maine: Reports,"The plane was carrying eight people when it crashed, the FAA reports.",https://ground.news/interest/kdfw
UPI,Center,"Jet with eight aboard crashes on takeoff in Maine, closing Bangor airport","A jet with eight people aboard crashed Sunday evening in Maine, prompting officials to close Bangor International Airport.",https://ground.news/interest/upi_0b956e
mainepublic.org,Lean Left,"FAA: 7 dead, one survivor in private aircraft crash at Bangor airport",The Federal Aviation Administration says seven people were killed and a crew member survived with serious injuries when a private business jet crashed in a snowstorm at Maine’s Bangor International Airport.,https://ground.news/interest/mainepublicorg
KHOU 11,Center,"Plane registered to Houston-based law firm crashes during takeoff at Maine airport, 8 on board","The plane is registered to a limited liability corporation in Houston, according to federal records reviewed by CNN.",https://ground.news/interest/khou-11
NBC Boston,Lean Left,Aircraft incident prompts large emergency response at Maine airport,An aircraft incident on Sunday night has prompted a large emergency response at Maine's Bangor International Airport.,https://ground.news/interest/nbc-boston
WCSH,Lean Left,Aircraft incident prompts emergency response at Bangor Airport,"Crews are on scene at Bangor Airport due to an aircraft-related incident. Details are scarce, but updates are expected as information becomes available.",https://ground.news/interest/wcsh_6f407b
NBC Dallas-Fort Worth,Lean Left,Small business jet with 8 people aboard crashes at Maine airport,"A small business jet crashed at Maine’s Bangor International Airport on Sunday night, prompting a large emergency response. “AN INCIDENT AT THE AIRPORT IS UNDER INVESTIGATION. FIRST RESPONDERS ARE ON SCENE AND ASSESSING THE SITUATION,” Bangor International Airport said in a Facebook post just before 8:30 p.m. They asked people to avoid the airport and said the runway is closed. The Federal Aviation Administration later said the plane was a Bomba…",https://ground.news/interest/nbc-dallas-fort-worth
9NEWS Denver,Center,Private jet carrying 8 crashes at Maine airport,Bangor International Airport said it's investigating an incident and the airport is closed.,https://ground.news/interest/9news-denver
abc10 Sacramento,Center,"Private jet carrying 8 crashes at Maine airport, reports say",Bangor International Airport said it's investigating an incident and the airport is closed.,https://ground.news/interest/abc10-sacramento_50e928
Newsmax,Right,"Small Private Jet Crashes in Bangor, Maine",,https://ground.news/interest/newsmax
democraticaccent.com,Right,Well-known Texas attorney’s wife among victims of deadly private jet crash in Maine – Democratic Accent,"Family and friends are mourning after six people were killed when a private business jet bound for France crashed during takeoff from Bangor International Airport in Maine Sunday night, erupting into flames and leaving no survivors. The Federal Aviation Administration (FAA) said the jet flipped and caught fire during departure at about 7:45 p.m. during Winter Storm Fern. Right before takeoff, someone was heard on the flight radio saying, “Let th…",https://ground.news/interest/democraticaccentcom
The Week,Lean Left,Grok in the crosshairs as EU launches deepfake porn probe,"While Elon Musk lauds his proprietary Grok AI bot as a vital tool in the search for “deeper truth and appreciation of beauty,” as he said on X, European regulators are decidedly less optimistic about the tech billionaire’s latest offering. This week, the European Commission announced it had opened an official investigation into the chatbot, alleging in a press release that Grok “manipulated sexually explicit images, including content that may am…",https://ground.news/interest/the-week_fd0add
Wired,Lean Left,The State-Led Crackdown on Grok and xAI Has Begun,At least 37 attorneys general for US states and territories are taking action against xAI after Grok generated a flood of nonconsensual sexual images of women and minors.,https://ground.news/interest/wired
RollingStone,Left,The European Union Investigates Grok for His Ability to Sexualize Images,"The European Union announced on Monday the beginning of a research for the social network X of the technological mogul Elon Musk, for disseminating illegal content. The decision is made following the growing discontent on the part of its users, since the app's chatbot, Grok has been able to explicitly modify images that actually were not. An example of this is the sexualization of public figures — or anyone, without discriminating who they are —…",https://ground.news/interest/rollingstone_6de571
butlerradio.com,Center,"AGs Calling On X To Restrict AI Sexual Images - ButlerRadio.com - Butler, PA","Attorney General Dave Sunday is co-leading a bipartisan group of 35 state Attorney Generals demanding the platform X take action on the creation of nonconsensual sexual content. The letter sent to “xAI” accuses the embedded AI software “Grok”, “ability to create nonconsensual intimate images appears to be a feature, not a bug.” The AGs are demanding that xAI ensures “Grok” cannot produce nonconsensual intimate images or child sexual abuse materi…",https://ground.news/interest/butlerradiocom
Hawaii Tribune-Herald,Center,Elon Musk’s X faces European inquiry over sexualized AI images,LONDON — European Union regulators on Monday announced an investigation of Elon Musk’s social media platform X after authorities said that it had failed to stop the spread of sexualized images generated by artificial intelligence.,https://ground.news/interest/hawaii-tribune-herald
RocketNews,Lean Left,‘Among the worst we’ve seen’: report slams xAI’s Grok over child safety failures,"A new risk assessment has found that xAI’s chatbot Grok has inadequate identification of users under 18, weak safety guardrails, and frequently generates sexual, violent, and inappropriate material. In other words, Grok is not safe for kids or teens.  The damning report from Common Sense Media, a nonprofit that provides age-based ratings and reviews of media and tech for families, comes as xAI faces criticism and an investigation into how Grok w…",https://ground.news/interest/rocketnews-top-news-stories-from-around-the-globe
The New York Sun,Right,Pressure Builds on xAI as Nearly Three Dozen Attorneys General Urge the Platform To Stop Users From ‘Undressing’ Women,The EU is also investigating X over the ‘undressing’ matter.,https://ground.news/interest/the-new-york-sun
Silicon Republic,Center,EU launches DSA probe into X over Grok AI undressing fiasco,X was fined €120m after being found to have breached the DSA in a separate investigation last month. Read more: EU launches DSA probe into X over Grok AI undressing fiasco,https://ground.news/interest/silicon-republic
kreiszeitung.de,Center,Eu Investigates Grok-Chatbot for Sexualised Ai Images,The EU Commission is initiating proceedings against Elon Musk's platform X. The reason for this is sexualized images created by the AI Chatbot Grok.,https://ground.news/interest/kreiszeitungde
KVUE,Center,European Union investigating 'Grok' chatbot,"The European Union is investigating Elon Musk's chatbot, Grok, for allegedly creating sexually explicit images.",https://ground.news/interest/kvue
News24,Center,EU investigates Elon Musk’s X over AI Chatbot creating sexualized deepfakes of children,"The EU on Monday hit Elon Musk’s X with an investigation over AI chatbot Grok’s generation of sexualised deepfake images of women and minors, in the latest step of an international backlash against the tool.",https://ground.news/interest/news24
Rappler,Lean Left,Musk's X investigated by EU over Grok sexualized images after public outcry,"BRUSSELS, Belgium – Elon Musk’s X faces investigation by the European Union into whether it disseminates illegal content, following public outcry over the spreading of manipulated sexualized images by its artificial intelligence Grok chatbot. The European Commission, the 27-nation bloc’s executive arm, said on Monday, January 26, that it would investigate whether social media platform X protected consumers by properly assessing and mitigating ri…",https://ground.news/interest/rappler_028051
Boston Globe,Lean Left,European Union opens investigation into Musk’s AI chatbot Grok over sexual deepfakes - The Boston Globe,The 27-nation EU’s executive said it was looking into whether X has done enough as required by the bloc’s digital regulations to contain the risks of spreading illegal content.,https://ground.news/interest/boston-globe
jurist.org,Lean Left,EU launches probe into sexual deepfakes on X,The European Commission opened an investigation on Monday into X (formerly Twitter) and the use of its AI chatbot Grok to generate sexually explicit images of women and underage girls without their co...,https://ground.news/interest/juristorg
Mediaweek,Center,EU probes X over Grok deepfake images under Digital Services Act,"The European Commission has launched a formal investigation into Elon Musk’s X, escalating global regulatory pressure on the platform after its AI chatbot Grok was linked to the creation of sexually explicit deepfake images of real people. The probe, announced this week, follows a similar investigation opened in January by UK regulator Ofcom, and could expose X to fines of up to 6 per cent of its global annual turnover under the European Union’s…",https://ground.news/interest/mediaweek
Deseret News,Center,Why is the European Union investigating Elon Musk’s X again?,The European Union is investigating Elon Musk’s X for allegedly failing to mitigate AI-generated sexualized images after a surge in such content.,https://ground.news/interest/deseret-news
The Verge,Lean Left,X faces EU investigation over Grok’s sexualized deepfakes,"X is facing an investigation from the European Commission over the sexualized deepfakes generated by its Grok AI chatbot. In its announcement, the Commission says it will evaluate whether X ""properly assessed and mitigated risks"" associated with Grok's image-generating capabilities in the EU, as reported earlier by The New York Times. Advocacy groups and lawmakers from around the world have raised the alarm on Grok's AI image editing feature aft…",https://ground.news/interest/the-verge
Semafor,Lean Left,EU opens investigation into Elon Musk’s X over Grok deepfakes,"The EU signaled it is stepping up oversight of large US tech platforms, risking further ire from Washington. The European Commission on Monday opened an investigation into Elon Musk’s social media network, X, over a proliferation of nonconsensual sexualized deepfakes created by its AI tool. The EU also plans to heighten scrutiny of WhatsApp after subjecting Meta’s messaging platform to the bloc’s toughest standards over its high numbers of users…",https://ground.news/interest/semaforcom
Japan Today,Lean Left,European Union opens investigation into AI chatbot Grok over sexual deepfakes,European Union regulators on Monday opened a formal investigation into Elon Musk's social media platform X after his artificial intelligence chatbot Grok started spewing nonconsensual sexualized deepfake images on the platform. The scrutiny from Brussels comes after Grok sparked a global backlash by allowing users through its AI image generation…,https://ground.news/interest/japan-today
GB News,Right,Keir Starmer and EU launch new assault on free speech as Elon Musk mocks censorship bid,"The EU has sparked uproar for fears of an assault on free speech when after announcing an investigation into X and Grok.Despite the outcry, the EU ploughed on, saying not only would it be investigating grok, but also the algorithm. WATCH ABOVE. Our Standards: The GB News Editorial Charter",https://ground.news/interest/gbnewscom
RTV Slovenija,Lean Left,Brussels Launches Investigation Into X Network over Sexually Explicit Content,"The European Commission has launched an investigation into the social network X due to sexually explicit content created with the artificial intelligence assistant Grok, in which they will determine whether the obligations under the European Digital Services Act are being complied with.",https://ground.news/interest/rtv-slovenija
The Huntsville Item,Lean Left,AGs call on Musk’s xAI to disable chatbot from creating deepfake sexual imagery,"HARRISBURG — xAI, the company behind the post-Twitter social media website X and the chatbot Grok, is called on by 35 attorneys general, including Pennsylvania’s Dave Sunday, to act further to prevent the AI-powered chatbot from being used to create…",https://ground.news/interest/itemonlinecom
PBS NewsHour,Lean Left,EU investigates Musk's AI chatbot Grok over sexual deepfakes,European Union regulators have opened a formal investigation into Elon Musk's social media platform X after its AI chatbot Grok started producing nonconsensual sexualized deepfake images.,https://ground.news/interest/pbs-newshour
Neue Zürcher Zeitung,Right,Eu Takes Action Against X: Dispute over Trump's Freedom of Expression and Musks Grok Sharpens,"Because the Chatbot Grok presented numerous women and even children against their will in bikinis, the EU Commission opens an investigation against X. Why does it continue to publish news there?",https://ground.news/interest/neue-zurcher-zeitung
BFM TV,Center,"The Eu Will Not ""Tolerate Foolish Behaviors"": Ursula Von Der Leyen Warns Digital Platforms, After the Scandal of Sexualized Images Generated by Grok","The European Commission has announced the opening of an investigation into social network X, following the sexualized images of minors and women generated by IA Grok. Its president Ursula von der Leyen also warned Elon Musk's platform against ""unwise behaviour"".",https://ground.news/interest/bfm-tv
New York Post,Right,EU launches probe into Elon Musk’s X over deepfakes of undressed women and children,The European Union has formally launched an investigation into Elon Musk’s social media company X over what it described as deepfakes of undressed women and children generated by its intelligence-powered chatbot Grok.,https://ground.news/interest/new-york-post
KOKI,Center,"OK AG, along with 34 others, sign letter demanding Musk's xAI create guardrails to prevent abuse","Oklahoma Attorney General Gentner Drummond, along with 34 other state attorney generals, signed a letter demanding Elon Musk's company xAI, the owner of X and the AI chatbot Grok, create guardrails to prevent the chatbot from creating nonconsensual sexual images and child sex abuse material.",https://ground.news/interest/koki
Breitbart,Right,European Commission Opens Investigation into Elon Musk's X over AI Deepfake Scandal,The European Commission has initiated a formal investigation into Elon Musk's social media platform X over the scandal centering on its Grok AI generating sexualized deepfake images of women and children. The post European Commission Opens Investigation into Elon Musk’s X over AI Deepfake Scandal appeared first on Breitbart.,https://ground.news/interest/breitbart
Gizmodo,Lean Left,Elon Musk's Grok Is Under EU Investigation Over Sexual Deepfakes,Regulatory scrutiny of nonconsensual sexual image generation is rising. But will it be enough to address the problem?,https://ground.news/interest/gizmodo
Irish Mirror,Lean Left,"Grok should be 'immediately suspended' while EU conducts investigation, says Irish MEP","The app, part of X, has allowed users to create explicit fake AI images of adults and children.",https://ground.news/interest/irish-mirror
"La Nación, Grupo Nación",Right,Eu Opens Research Against Social Network X by Nudes Generated with Ai,"Brussels. The European Commission announced on Monday a new investigation against the social network X, owned by Elon Musk, for the images of minors and naked women generated by Grok, his artificial intelligence assistant.Europe will not “tolerate senseless behaviors” of digital platforms, such as “false nude images of women and children,” said European Commission President Ursula von der Leyen, in statements to AFP. “Our position is clear: we w…",https://ground.news/interest/la-nacion-grupo-nacion
Global News,Lean Left,EU investigating Musk’s X platform over AI chatbot Grok sexual deepfakes - National,The European Union opened a formal investigation into social media platform X on Monday after artificial intelligence chatbot Grok spewed non-consensual sexualized deepfake images.,https://ground.news/interest/global-news
Quartz,Center,EU opens probe into Musk’s Grok over sexualized deepfakes,"Brussels opens a Digital Services Act investigation into X over Grok deepfakes, widening scrutiny while U.S. lawmakers sharpen enforcement tools",https://ground.news/interest/quartz
Al Jazeera,Lean Left,"EU probes Musk’s Grok AI feature over deepfakes of women, minors",European Commission says its investigation will examine if the AI tool has met its legal obligations.,https://ground.news/interest/al-jazeera_1a2e2c
Modern Diplomacy,Right,Big Tech Faces New Crackdown from European Regulators,European regulators have initiated various investigations into major technology companies in recent years.,https://ground.news/interest/modern-diplomacy
The Daily Caller,Right,Elon Musk's X Hit With EU Probe Over Sexual Deepfakes,"EU regulators have launched a new investigation into X over concerns that its AI chatbot generates sexually explicit deepfake images, including of children.",https://ground.news/interest/the-daily-caller
CBS News,Center,"X, Grok AI still allow users to digitally undress people without consent, as EU announces investigation","As the European Union announces an investigation, the Grok chatbot tells CBS News, &quot;Yes, tools like me should face meaningful regulation.&quot;",https://ground.news/interest/cbs-news
Straight Arrow News,Center,European Union launches investigation into Elon Musk’s Grok over AI-generated images,"The European Union has launched an investigation into Elon Musk’s Grok chatbot and its  “spicy mode” after it generated AI photos of minors “in sexualized attire based on a user’s prompt.” The images sparked public outcry and prompted the chatbot to say it may have violated U.S. laws.  The scandal initially led Musk to restrict access to the tool for subscribers. However, the company later changed course, blocking all users from using Grok to cr…",https://ground.news/interest/straight-arrow-news
brusselssignal.eu,Right,EC opens formal investigation into Musk’s Grok after sexualised pics go viral,"The European Commission has launched a formal investigation into X under the Digital Services Act (DSA), focusing on the platform’s recommender systems and the…",https://ground.news/interest/brusselssignaleu
The Hill,Center,EU investigating X over sexualized Grok images,"The European Union (EU) said Monday it is launching a new probe into Elon Musk’s X over the deployment of the AI chatbot Grok following a recent surge in sexualized images of women and children. The EU’s executive arm, the European Commission, is investigating whether the social media platform “properly assessed and mitigated risks” from…",https://ground.news/interest/the-hill
Deutschlandfunk,Center,Because of Sexualized Pictures - Eu Commission Opens Case Against Elon Musk's Ai-Chatbot Grok,"The EU Commission is initiating proceedings against the artificial intelligence Chatbot Grok of US company X. The agency accuses X of misevaluating and not reducing risks associated with the introduction of the service, including sexualised images created by artificial intelligence.",https://ground.news/interest/deutschlandfunk
europapress.es,Center,Brussels Opens File Punishing X for Sexual images...,The European Commission reported this Monday on the initiation of a formal investigation against X by the...,https://ground.news/interest/europapresses
Inc.,Center,"Elon Musk's AI Chatbot, Grok, Faces Investigation Over Sexual Deepfakes",The E.U. opened an investigation after Grok spewed nonconsensual sexualized deepfake images on the platform.,https://ground.news/interest/inccom
Deadline,Center,European Union The Latest To Investigate Grok,Elon Musk's Grok for X is being investigated by the European Union after the California attorney general and Ofcom announced similar probes.,https://ground.news/interest/deadline
Fast Company,Lean Left,Why the European Union is launching a probe into Elon Musk’s Grok chatbot,The EU watchdog is looking into whether X has complied with digital regulations to contain the risks of spreading illegal content.,https://ground.news/interest/fast-company
Spectrum Local News,Center,European Union opens investigation into Musk's AI chatbot Grok,The European Union opened a formal investigation into Elon Musk's social media platform X on Monday.,https://ground.news/interest/spectrum-local-news
Australian Financial Review,Right,EU probes X over Grok’s sexualised deepfakes,"The AI chatbot has been generating sexualised imagery and posting it to X, prompting swift rebukes from regulators and child safety advocates.",https://ground.news/interest/australian-financial-review
The Epoch Times,Right,EU Opens New Investigation Into X Over Grok,"The European Commission (EC) on Jan. 26 opened a new formal investigation into Elon Musk’s X, stepping up scrutiny of the platform’s artificial intelligence tool Grok over concerns that it was used to create sexualized images of real people. The probe aims to examine whether X properly assessed and reduced the risks associated with the rollout of Grok’s features on its platform in the European Union. The EU’s executive branch said those risks in…",https://ground.news/interest/the-epoch-times
n-tv.de,Right,"""Willn't Tolerate This"": Eu Investigates X for Ai-Chatbot Grok","Internationally, the AI-Chatbot Grok is getting massively critical because it enables the sexualisation of images of women and children. The EU is now announcing an investigation into child abuse against the service. Thus, it risks another conflict with the US and tech billionaire Musk.",https://ground.news/interest/n-tvde
UPI,Center,European Commission investigates Elon Musk's Grok AI for deepfake pics,The European Commission announced Sunday that it is investigating X's Grok AI chatbot over images that undress adults and children without consent.,https://ground.news/interest/upi_0b956e
The Siasat Daily,Lean Left,EU investigates into Elon Musk's AI chatbot Grok over sexual deepfakes,"Brussels: European Union (EU) regulators on Monday, January 26, opened a formal investigation into Elon Musk’s social media platform X after his artificial intelligence (AI) chatbot Grok started spewing nonconsensual sexualised deepfake images on the platform. The scrutiny from Brussels comes after Grok sparked a global backlash by allowing users through its AI image generation and editing capabilities to undress people, putting females in trans…",https://ground.news/interest/the-siasat-daily
Ars Technica,Center,EU launches formal investigation of xAI over Grok's sexualized deepfakes,Elon Musk's company faces fines of up to 6 percent of its daily turnover.,https://ground.news/interest/ars-technica
NBC News,Lean Left,E.U. opens investigation into X and Musk's AI chatbot Grok over sexual deepfakes,The EU opened an investigation into Elon Musk’s social media platform X after his AI chatbot Grok started spewing sexualized deepfake images on the platform.,https://ground.news/interest/nbc-news
The Express Tribune,Center,Musk’s X investigated by EU over Grok sexualised images after public outcry,"Probe follows Ofcom inquiry and temporary Grok bans in Indonesia, the Philippines and Malaysia.",https://ground.news/interest/the-express-tribune
telex.hu,Lean Left,Eu Proceedings Launched over X Stripper's Artificial Intelligence,"Sexual deepfakes of women and children are unacceptable forms of degradation, the European Commission has warned.",https://ground.news/interest/telexhu
News.de,Lean Left,Elon Musk: Immoral Ai Brings Joy – How Deep Has Society Fallen?,"The KI Grok creates images from absurd montages to liberal representations. While the software shows remorse, Elon Musk reacts with ridicule. How deep does our society still have to sink? A comment.",https://ground.news/interest/newsde
Engadget,Lean Left,The EU is investigating Grok and X over potentially illegal deepfakes,Europe is probing Elon Musk's X for failing to take action to prevent the spread of AI-generated sexually explicit images including CSAM.,https://ground.news/interest/engadget
Observador,Right,"Grok. ""Europe Doesn't Like Social Networks""","The EU investigates X's tool for creating sexually explicit images. Rodrigo Adan da Fonseca, data protection specialist, speaks in ""cultural war"" between Europe and technology companies.",https://ground.news/interest/observador
Variety,Lean Left,Elon Musk’s X to Be Investigated by the EU Over Grok’s Sexually Explicit Deepfakes,"The European Union has launched an investigation into Elon Musk’s X over the sexually explicit deepfakes that have been generated by its AI chatbot Grok. The EU probe follows a similar one initiated by the U.K. watchdog Ofcom earlier this month. In the U.K., Musk faces a fine of up to 10% of X’s worldwide […]",https://ground.news/interest/variety
The Register,Center,European Commission opens new investigation into X's Grok,: Probe follows outcry over use of creepy image generation tool,https://ground.news/interest/theregistercom
Welt,Right,Sexualized Ai Images: Eu Commission Takes Action Against Musks Chatbot Grok,The EU Commission is taking action against the Chatbot Grok by US billionaire Elon Musk for sexualised pictures of women and children of AI. Commission President Ursula von der Leyen said that the EU will not accept that large digital companies make money on such images.,https://ground.news/interest/welt
EU Observer,Lean Left,Brussels opens investigation into X over Grok’s sexualised deepfakes,The European Commission has opened an investigation into X due to risks from integrating its AI chatbot Grok directly into the platform — examining if Elon Musk's social media platform complies with the risk assessment and mitigation requirements under the Digital Services Act.,https://ground.news/interest/eu-observer
Helsinki Times,Lean Left,EU opens probe into X over Grok sexual deepfakes,"The European Commission has launched a formal investigation into Elon Musk’s social media platform X over the use of its Grok artificial intelligence tool to create sexualised images of real people, including women and minors. The probe focuses on whether X breached obligations under the EU’s Digital Services Act by failing to assess and limit the risks linked to Grok after the tool was integrated into the platform and its recommendation systems.",https://ground.news/interest/helsinki-times
Meduza,Left,"The European Commission Has Started an Investigation because of the Chat Bot Grok, ""Undressing"" People.","The European Commission has started an investigation because of the chat bot Grok, which can create sexy images based on photos of real people.",https://ground.news/interest/meduza
Deutsche Welle,Center,EU opens probe into Musk's Grok chatbot,"The European Commission is to look into whether Elon Musk's Grok AI chatbot is spreading illegal content in the EU. Among other things, Grok has been used to make manipulated sexualized images, often of women and minors.",https://ground.news/interest/deutsche-welle
9to5Mac,Center,"EU also investigating as Grok generated 23,000 CSAM images",The EU has opened its own investigation into the Grok chatbot generating child sexual abuse material. It’s estimated that Grok...,https://ground.news/interest/9-to-5-mac
Fria Tider,Far Right,The Eu Can Shut Down Grok,Initiates proceedings against Elon Musk's AI service. The background is bikini photos of Ebba Busch and other powerful people.,https://ground.news/interest/fria-tider
Kronen Zeitung,Right,Sexualized Ai Images: Eu Investigates Musk,"Elon Musk's KI Grok is said to have created several million sexualized images in January alone – most of them show women and also minors naked or in bikinis. The majority of the images were created without the consent of the people concerned. The EU is now investigating the tech billionaire. ""In Europe, no company will earn money in violating our fundamental rights,"" said a Commission spokesman in Brussels on Monday. Brussels investigators are n…",https://ground.news/interest/kroneat
Corriere Della Sera,Center,Eu Launches Investigation Into X for Violation of the Digital Service Act: Elon Musk's Social Media Would Spread Child Pornography Generated with Grock,"The Commission opens its second investigation into Musk's platform: ""It has not mitigated the risks associated with Grok.",https://ground.news/interest/corriere-della-sera
7NEWS Australia,Right,Europe probes Grok chatbot over sexualised images,Elon Musk's chatbot will be investigated on whether ​it disseminates illegal content.,https://ground.news/interest/7news-australia
Sueddeutsche Zeitung,Lean Left,Sexualized Images of Minors: Eu Commission Investigates Deepfakes Against Musks X,"Using the AI of the network X, users created thousands of sexualized images of real people, including minors. The EU Commission is now taking action against them.",https://ground.news/interest/sueddeutsche-zeitung
NDTV,Right,EU Opens Probe Into Elon Musk's Grok Over Sexual AI Deepfakes,"The EU on Monday hit Elon Musk's X with an investigation over AI chatbot Grok's generation of sexualised deepfake images of women and minors, in the latest step of an international backlash against the tool.",https://ground.news/interest/ndtv
9News,Right,EU launches investigation into Musk's AI bot over sexual deepfakes,"Elon Musk's Grok artificial intelligence tool is facing more heat with the launch of a European Union investigation into its controversial image generation capabilities.Grok Imagine prompted a public backlash in multiple countries, including Australia, when it began allowing sexualised images of women and children to be generated without their consent.The European Commission today launched a formal investigation against X, formerly known as Twit…",https://ground.news/interest/9news
Tagesschau,Center,Eu Launches Investigation Against X,"The EU Commission is launching an investigation against Platform X. The basis is Europe's digital laws. The focus is on Chatbot Grok, which is about sexualized AI images. By Kathrin Schmid.[more]]>",https://ground.news/interest/tagesschau
detector.media,Lean Left,The European Commission Has Launched an Investigation Into Grok over the Generation of Sexualized Images,The investigation has been launched in accordance with the EU Digital Services Act.,https://ground.news/interest/detectormedia
NOS,Right,Europe Launches Investigation Into X-Chatbot Grok over Sexual Deepfakes,X has long been under fire worldwide for generating sexual deepfakes of women and minors on a large scale.,https://ground.news/interest/nos_4ae905
Eesti Rahvusringhääling,Center,Eu Launches Investigation Into Musk's Platform Chatbot,"The European Union on Monday launched an investigation into Elon Musk's Platform X over sexual deepfakes created by its AI-powered chatbot Grok, which also features minors.",https://ground.news/interest/eesti-rahvusringhaaling
24ur.com,Center,X Network Investigated for Sexually Explicit Content,"The European Commission has launched an investigation into the social network X due to sexually explicit content created with the artificial intelligence assistant Grok. They will determine whether X complies with the obligations under the European Digital Services Act (DSA), Brussels said.",https://ground.news/interest/24urcom
The Globe & Mail,Center,EU regulators launch probe into Musk’s AI chatbot Grok over sexual deepfakes,Europe is examining whether X met its obligations to contain the risks of spreading illegal content on its platform,https://ground.news/interest/the-globe-and-mail
BleepingComputer,Center,EU launches investigation into X over Grok-generated sexual images,"The European Commission is now investigating whether X properly assessed risks before deploying its Grok artificial intelligence tool, following its use to generate sexually explicit images. [...]",https://ground.news/interest/bleepingcomputer
El Universo,Right,Europe Investigates X for Sexualized Images without Consent Generated by Artificial Intelligence,"The European Commission announced on Monday the opening of an investigation against social network X for the creation of sexualized and naked images without consent by its artificial intelligence, Grok, and will examine whether the company owned by tycoon Elon Musk meets its obligations under European digital laws.",https://ground.news/interest/el-universo
The Oregonian,Center,EU investigates Musk’s AI chatbot Grok over sexual deepfakes,"Grok sparked backlash by using AI to undress people, including children, in images.",https://ground.news/interest/the-oregonian
delo.si,Lean Left,Musk's Grok Also Targeted by Brussels Investigation for Sexually Explicit Content,X claims to have taken technological measures to prevent grok from enabling the manipulation of images of people by undressing them.,https://ground.news/interest/delosi
Il Post,Lean Left,The European Commission Opened an Investigation Into Gork because It Allowed to Strip People in Photos on X,,https://ground.news/interest/il-post
Forbes,Center,EU Launches Investigation Into Grok After Weeks Of Tension,The move comes about two weeks after a formal request for X to retain all internal data related to Grok under the Digital Services Act,https://ground.news/interest/forbes
CartaCapital,Left,The European Union Investigates X by Generation of Sexualized Images,The European Commission opens an investigation to assess whether chatbot Grok has violated the Digital Services Act with the generation of sexually explicit images by artificial intelligence,https://ground.news/interest/cartacapitalcombr
Business Insider,Lean Left,The EU is probing Grok over its spreading of sexual AI images,"The EU previously fined X $140 million over ""deceptive"" blue checkmarks.Nicolas TUCAT / AFP via Getty ImagesGrok is facing another investigation over AI-generated sexual images — this time from the EU.The European Commission said it had opened a probe into X over the spread of images generated by Grok.X previously said it had removed Grok's ability to edit images of real people into revealing clothing after a global backlash.The European Union i…",https://ground.news/interest/business-insider
Investing.com,Center,Elon Musk’s Grok faces EU probe over illegal content concerns By Investing.com,Elon Musk’s Grok faces EU probe over illegal content concerns,https://ground.news/interest/investingcom
franceinfo.fr,Lean Left,The European Union Opens an Investigation Against Social Network X After the Dissemination of Images of Naked Women and Children with Its Ia Grok,The purpose of the investigation is to verify whether Elon Musk's platform has breached European digital rules that require it to protect users from illegal content.,https://ground.news/interest/franceinfofr
Live Mint,Center,European Union opens investigation into Musks AI chatbot Grok over sexual deepfakes,European Union opens investigation into Musk's AI chatbot Grok over sexual deepfakes,https://ground.news/interest/live-mint
Berliner Morgenpost,Center,Eu Launches Case Against Musks X for Sexualised Ai Images,"After sexualised AI images, Hitler's lob and growing criticism of the moderation, the EU Commission is now breaking through with Elon Musk's platform X.",https://ground.news/interest/berliner-morgenpost
Wall Street Journal,Center,EU Probes Elon Musk’s X Amid Grok Deepfake Outcry,"The investigation will focus on how well X assesses, mitigates systemic risks",https://ground.news/interest/wall-street-journal
Newsweek,Center,"Elon Musk's X, Grok under new investigation: ""Violent, unacceptable""",The probe comes amid Trump administration attacks on Europe for its regulation of U.S. tech firms.,https://ground.news/interest/newsweek
Globo,Right,"Eu Opens Investigation Against X for Sexualized Ai Images, Says Mp.","""When credible reports emerge of AI systems being used in ways that harm women and children, it is essential that EU legislation be reviewed and applied without delay,"" said Regina Doherty.",https://ground.news/interest/globo
Sapo,Right,Brussels Progresses Research Into Grok by Sexually Explicit Images,"The European Commission announced this afternoon a formal investigation to Grok, the chatbot of artificial intelligence developed by XAI and integrated in the X (old Twitter) platform, in the context of the implementation of the Services Act...",https://ground.news/interest/sapo
Dagens Nyheter.,Right,Eu Launches Investigation Into Grok,"The European Commission has launched a new formal investigation into the controversial AI tool Grok. According to sources to German newspaper Handelsblatt, the aim is to have Grok withdrawn from EU countries.",https://ground.news/interest/dagens-nyheter
sta.si,Center,Brussels Investigates X Network over Sexually Explicit Content,"The European Commission today launched an investigation into the social network X due to sexually explicit content created with the artificial intelligence assistant Grok. They will determine whether X complies with the obligations under the European Digital Services Act (DSA), Brussels said.",https://ground.news/interest/stasi
La Libre,Center,"European Commission Launches Survey on Grok: Europe Will Not ""Tolerate Foolish Behaviour""","The European Commission announced on Monday that it has opened a formal investigation against Grok, the artificial intelligence tool of the US billionaire Elon Musk's X network, which has allowed the generation of illegal ""deepfakes"" hyperstructures of naked women and children. ...",https://ground.news/interest/la-libre
The Straits Times,Right,"EU opens investigation into AI chatbot Grok over explicit imagery, lawmaker says",The probe will assess whether X has complied with its obligations under the EU's digital legislation. Read more at straitstimes.com.,https://ground.news/interest/the-straits-times_9bb9e6
El Mundo,Right,Brussels Opens File Punishing X for Sexual Images Deepfake and Other Grok Contents,The European Commission acts to clarify whether Elon Musk's company is taking appropriate measures to assess and mitigate systemic risks posed by the Grok Chatbot Read,https://ground.news/interest/el-mundo
Frankfurter Allgemeine,Right,Eu Investigates X for Sexualised Ai Images,"Following the scandal over sexualized AI images by Elon Musks Chatbot Grok, the EU Commission is launching a case against US Group X. If the EU X can prove violations, the platform is threatened with penalties.",https://ground.news/interest/frankfurter-allgemeine
merkur.de,Center,Grok in Focus: Eu Investigates Musks X for Sexualised Ai Images,The EU has opened an investigation into X. Elon Musk's chatbot Grok is linked to the scandal over sexualized AI images.,https://ground.news/interest/merkurde
Helsingin Sanomat,Lean Left,Social Media | Commission Launches Investigation Into Nude Photos of Children Produced by Musk's Ai Bot,Grok produced sexually suggestive content for users using photographs of women and children.,https://ground.news/interest/helsingin-sanomat
Daily Sabah,Right,EU probes X over Grok's sexual AI deepfakes,European Union regulators said on Monday that a formal investigation has been launched into Elon Musk's social media platform X in relation to its...,https://ground.news/interest/daily-sabah
Le Figaro,Right,Ia: Brussels Opens an Investigation Into Grok After the Scandal of Virtual Undressing on the Social Network X,The dialogue between the European Commission and X has already made it possible to block the generation of images denuding real people in mid-January.,https://ground.news/interest/le-figaro
Politico Europe,Lean Left,EU probes Elon Musk’s X following Grok sexual images,European Commission’s move follows explosion of sexually explicit deepfakes of women and children.,https://ground.news/interest/politico-europe
vrt,Center,Europe Formally Opens Investigation Into Elon Musk's Ai Chatbot for Its Ability to Generate Fake Nude Images,"The European Commission is opening a formal investigation into Grok, X’s AI application. The investigation focuses on Grok’s ability to generate fake nude images. “Sexual deepfakes of women and children without their consent are a violent and unacceptable form of degradation,” said European Commissioner Henna Virkkunen.",https://ground.news/interest/vrt
El Pais,Lean Left,Brussels Tightens the Siege on Grok and X with New Research for the Generation of Sexualized Images of Minors,"The European Commission is taking a new step in its battle to ensure that the major technology companies comply with European laws. It has just launched an investigation into Grok, the artificial intelligence tool of social network X, on account of the function that allows sexualized images of minors and other illegal content, “including content that may constitute child sexual abuse material”, announced the EU Executive. This file adds to that …",https://ground.news/interest/el-pais
Spiegel,Lean Left,Sexualized Deepfakes: Eu Commission Takes Action Against Elon Musk's Ai Bot Grok,"The EU Commission has opened a case against X because the platform is said to have spread AI-generated child pornography. Thus, the Commission is on a confrontation course with Elon Musk.",https://ground.news/interest/spiegel
La Vanguardia,Center,Brussels Investigates X for the Manipulated Pictures of Grok's Nude,"Brussels does not speak out against Elon Musk and takes a new step against X. Specifically, against his Grok, the artificial intelligence of generation and editing of images integrated into the social network of Donald Trump's former advisor.The European Commission has opened a formal investigation this Monday to clarify whether the company has taken the necessary actions to prevent European citizens from being victims of sexualized deepfakes th…",https://ground.news/interest/la-vanguardia
Bloomberg,Lean Left,Musk's X Probed by EU Over Grok's Spread of Sexual Deepfakes,,https://ground.news/interest/bloomberg
France24,Center,EU launches probe of Musk's Grok AI chatbot over sexualised images,"The European Commission on Monday opened an investigation into the AI chatbot Grok over its production of explicit images, MEP Regina Doherty said. Grok, which is integrated into social media platform X, has been embroiled in controversy in recent weeks as it has complied with user requests to produce realistic sexualised images of individuals – including children.",https://ground.news/interest/france24
RTÉ,Center,EU Commission to open proceedings against Grok,"The ⁠EU Commission will open proceedings against Elon Musk's AI chatbot Grok under the Digital Services Act today, Germany's Handelsblatt has reported, ⁠citing three high-ranking ⁠EU officials.",https://ground.news/interest/rte
The Journal,Lean Left,EU Commission opens proceedings against Elon Musk's social media platform X,"Musk’s chatbot has been used to create nonconsensual sexualised images of people, including children.",https://ground.news/interest/the-journal_0d766b
svt Nyheter,Lean Left,Data: Eu Launches Legal Process Against Musk's Grok,"The EU will launch legal proceedings against Elon Musk's AI chatbot Grok on Monday, German newspaper Handelsblatt reports. The legal action is aimed at forcing Musk's company xAi to withdraw the chatbot from the EU.",https://ground.news/interest/svt-nyheter
Euronews,Center,European Commission opens investigation into Elon Musk’s X,The formal investigation into X comes after outcry at the platform's failure to prevent the creation of sexually explicit images of real people – including children.,https://ground.news/interest/euronews
Irish Independent,Right,Elon Musk’s Grok chatbot to be investigated by EU Commission,The European Union has opened a formal investigation into Elon Musk's social media platform X after his artificial intelligence chatbot Grok started producing non-consensual sexualised deepfake images on the platform.,https://ground.news/interest/independentie
Svenska Dagbladet,Right,Grok Is Being Investigated for Fake Sex Photos,"The European Commission has launched a new formal investigation into the controversial AI tool Grok. According to sources to German newspaper Handelsblatt, the aim is to have Grok withdrawn from EU countries.",https://ground.news/interest/svenska-dagbladet
Irish Examiner,Lean Left,EU opens investigation into X over Grok's sexualised imagery,"The formal inquiry also extends an investigation into X’s recommender systems, algorithms that help users discover new content.",https://ground.news/interest/irish-examiner
Handelsblatt,Right,Ai: Eu Commission Opens Case Against Chatbot Grok,"The EU Commission wants to take a tougher approach to sexualized images of the AI bot. The Handelsblatt learned this exclusively. Previously, the decision had been postponed due to political concern.",https://ground.news/interest/handelsblattcom
Zero Hedge,Right,EU Launches New Probe Into Musk's AI Chatbot Grok,"ZeroHedge - On a long enough timeline, the survival rate for everyone drops to zero",https://ground.news/interest/zero-hedge
EDRi,Right,EDRi calls for action as EU probes X’s Grok over AI-generated harm - European Digital Rights (EDRi),"The European Commission has opened a DSA investigation into Grok, X’s AI chatbot. EDRi welcomes this decision and is calling for a swift resolution to this matter, to ensure that X complies fully with its DSA obligations and protects its users. The post Press Release: EDRi calls for swift action as EU probes X’s Grok over AI-generated harm appeared first on European Digital Rights (EDRi).",https://ground.news/interest/edri
Cherokee Tribune Ledger News,Center,"Nearly half a million without power and dozens of deaths. A winter storm's toll, in numbers","A severe storm has left nearly half a million people without power across the South. Although the storm has moved out to sea, temperatures are forecast to plunge below freezing Tuesday evening. People without power are struggling to stay warm,…",https://ground.news/interest/cherokee-tribune-ledger-news
Staten Island Advance,Center,Deadly U.S. winter storm killed 42 people; hundreds of thousands still without power,"KENNESAW, Ga. — As a deadly storm that brought crippling ice to the South and deep snow to the Northeast finally swirled out to sea, it represented a light at the end of the tunnel for some.",https://ground.news/interest/staten-island-advance
Signs of the Times,Right,US ski resort storm totals: Winter Storm Fern dumps up to 34...,"Winter Storm Fern lived up to the hype and was one of the biggest snowstorms in the East in years, dropping more than 18 inches on some ski resorts. The storm was predicted to affect millions of people in the South, Mid-Atlantic, and Northeast over the weekend. It was forecast to bring heavy snow, ice, and brutally cold temperatures throughout the East. Several ski resorts are reporting more than a foot of snow fell on Sunday, with ski resorts i…",https://ground.news/interest/sottnet
IER,Right,Winter Storm Wrecks Power Lines as Hundreds of Thousands are Still Without Power,Open the article to view the coverage from IER,https://ground.news/interest/ier
The Courier-Times,Right,Winter Storm Fern pushes through Henry County,"Henry County residents are feeling the after effects of Winter Storm Fern, which moved into the local area the evening of Jan. 24.",https://ground.news/interest/thecouriertimescom
Pioneer Press,Center,More arctic air is expected for Southern states hit by ice and riddled with power outages,"By RUSS BYNUM and KRISTIN M. HALL When a massive winter storm descended on the Northeast and parts of the South over the weekend, Lisa Patterson planned to stick it out at her family’s home in Nashville. But after she and her husband lost power, trees fell onto their driveway and their wood stove proved no match for the frigid temperatures. Along with their dog, the couple had to be rescued and taken to a warming shelter. “I’ve been snowed in up…",https://ground.news/interest/pioneer-press
American Military News,Right,Pics: Millions of Americans lose power due to major winter storm,"A massive winter storm has left millions of Americans across the southern and eastern United States without power and has resulted in at least 18 deaths. According to Fox Business, over 1 million Americans were without power as of Sunday afternoon. The outlet noted that significant power outages were reported in Tennessee, Mississippi, Louisiana, Texas, Georgia, West Virginia, Kentucky, and Alabama. FlightAware, a flight-tracking website, confir…",https://ground.news/interest/american-military-news
20minutos,Center,34 Dead Due to the Heavy Snow and Ice Storm in the United States,"The death toll from a heavy snow and ice storm in the U.S. during the past week has risen to 34, according to the latest stock of authorities in more than a dozen states that have been affected and in which thousands of people are still without power.The storm, described as ""monstrous,"" has left the country with freezing and heavy snowfall temperatures in areas ranging from Texas to Kansas and which have also sparked ""great danger"" in states suc…",https://ground.news/interest/20minutos
The Times of Northwest Indiana,Center,Winter storm leaves at least 30 dead,Many in the U.S. faced another night of below-freezing temperatures and no electricity after a colossal winter storm heaped more snow Monday on the Northeast and kept parts of the South coated in ice. At least 30 deaths were reported…,https://ground.news/interest/nwitimescom
Logan Daily News,Lean Left,Winter Storm Fern hits Logan,"LOGAN — Like many parts of the country, Logan was buried in snow by Winter Storm Fern, triggering a level 3 snow emergency and causing multiple closures, including Logan-Hocking Schools, local government offices and the Logan Daily News.",https://ground.news/interest/logan-daily-news
Republic World,Right,Fresh Arctic Blast Expected In Storm-Hit Southern US Amid Power Outages,"A massive winter storm descended on the Northeast and parts of the South over the weekend. At least 30 deaths have been reported in states afflicted with severe cold. New York City saw its snowiest day in years, with neighborhoods recording 8 to 15 inches (20 to 38 centimeters) of snow.",https://ground.news/interest/republic-world
Mt. Airy News,Lean Left,More arctic air expected in South still covered in ice,"A new influx of arctic air is expected to spur freezing temperatures in parts of the South already covered in snow and ice. Many people have fled to warming shelters, and crews worked Tuesday to restore power knocked out by…",https://ground.news/interest/mt-airy-news
The Anniston Star,Lean Left,Extreme cold grips millions as US digs out of deadly snowstorm,Perilously cold temperatures threatened millions of Americans Monday in the wake of a sprawling winter storm that left at least 23 people dead as it knocked out power and paralyzed transportation.,https://ground.news/interest/the-anniston-star
thairath.co.th,Right,"Twenty People Have Died After a Winter Storm Battered the United States, and Power Outages Are Affecting Hundreds of Thousands.","A winter storm sweeping across more than half the United States has already claimed 20 lives, resulted in the cancellation of thousands of flights daily, and left hundreds of thousands without power.",https://ground.news/interest/thairathcoth
WFMZ,Center,US braces for more freezing cold as winter storm leaves at least 26 dead,Many U.S. residents are facing another night of below-freezing temperatures and no electricity after a massive winter storm dumped more snow in Northeast and left parts of the South coated in ice. The colossal storm halted air and road traffic…,https://ground.news/interest/wfmz
India Today,Right,"29 killed as colossal winter storm brings more snow to US, millions without power","A powerful winter storm has swept across the United States, killing at least 29 people and causing widespread disruptions. The storm's aftermath includes extensive power outages, travel chaos and a historic ice storm in Mississippi.",https://ground.news/interest/india-today
WBNG,Center,At least 26 deaths reported as massive winter storm hits US,The colossal storm halted air and road traffic in many areas and sent temperatures plunging.,https://ground.news/interest/wbng
LancasterOnline,Center,Colossal Winter Storm Leaves at Least 25 Dead in the Us; More Snow Expected for the Northeast,"The northeastern United States continued to accumulate snow on Monday as part of the tail end of a massive winter storm that caused persistent disruption in parts of the southern region of the country, where sleet left hundreds of people stranded.",https://ground.news/interest/lancasteronline
noticiasya.com,Center,Winter Storm and Brutal Cold in the u.s. Leave More than a Dozen Dead and Prolonged Power Cuts,"Chris Dobry left his house on Sunday and found himself face-to-face with fallen trees and thick ice sheets covering the power lines in his neighborhood of Greenwood, Mississippi. “The ice storm in Mississippi is wreaking havoc,” Dobry wrote in a Facebook post. “Without electricity, fallen lines and trees are literally breaking down.” He told CNN that “it can take days” to recover electricity. Meanwhile, he has been using his gas fireplace to war…",https://ground.news/interest/noticiasyacom
RTV Slovenija,Lean Left,Nearly Half of Us States Declare States of Emergency Due to Snow and Cold,"The polar cold continues to linger over much of the United States, where a winter storm has already claimed more than 20 lives and left a million households without power. Snow and ice have closed several roads and canceled thousands of flights.",https://ground.news/interest/rtv-slovenija
Audacy,Center,"At least 14 killed across US during winter storm, thousands of flights canceled again","At least 14 killed across US during winter storm, thousands of flights canceled again amid power outages. The U.S. Transportation Secretary says things won’t return to normal until midweek.",https://ground.news/interest/audacycom
Taipei Times,Lean Left,Historic winter storm in US kills at least 10 people,Bringing Taiwan to the World and the World to Taiwan,https://ground.news/interest/taipei-times
The Columbus Dispatch,Center,Winter Storm Fern leaves its mark on central Ohio,Having trouble keeping up with all the winter storm news? Find the highlights of our coverage here.,https://ground.news/interest/the-columbus-dispatch
Le Monde,Lean Left,Photos of the Winter Mega-Storm that Caused the Death of at Least 11 People in the United States,"Storm Fern caused cold temperatures, heavy snowfall and ice build-up in an area extending from Texas to the east of the country through the Central Plains region.",https://ground.news/interest/le-monde
Lietuvos Radijas ir Televizija,Center,"Winter Storm in the Us Kills 11, Cancels Flights, Disrupts Power Supply",A powerful winter storm in the United States killed at least 11 people on Monday.,https://ground.news/interest/lietuvos-radijas-ir-televizija
El Pais,Lean Left,"At Least 14 Dead and More than 800,000 Homes without Light in the United States Due to the ‘Fern’ Storm","The storm Fern continues to wreak havoc in the U.S. after one of the crudest weekends to be remembered. The great storm of ice, snow and temperatures that have reached -45oC is hitting the east of the country, after causing damage and deaths in its passage through the south and center of the United States. The latest official figures collect at least 14 deaths as a result of extreme conditions in Texas, New York, Louisiana and Kansas. In additio…",https://ground.news/interest/el-pais
WGAL,Center,35 people dead from effects of winter storm as more freezing cold pummels country,"Massive winter storm dumped up to 2 feet of snow from Arkansas to New England, causing 500,000 outages, thousands of flight disruptions and at least 30 deaths",https://ground.news/interest/wgal
Cardinal News,Center,Thousands without power after winter storm as Arctic air outbreak rolls in,Open the article to view the coverage from Cardinal News,https://ground.news/interest/cardinal-news_cb03c5
europapress.es,Center,A Strong Snow and Ice Storm Leaves More than a dozen...,At least thirteen people have died in the last few days from a heavy snow and ice storm...,https://ground.news/interest/europapresses
Bulletin-Review,Center,"Northeast sees more snow from colossal winter storm, at least 13 deaths reported",The colossal storm halted air and road traffic in many areas and sent temperatures plunging.,https://ground.news/interest/denison-bulletin-and-review-dbrnewscom
Washington Examiner,Right,Over a dozen declared dead after major winter storm,"Over a dozen people have been declared dead after this weekend’s major winter storm blanketed the country from the Midwest to the Northeast and closed schools, offices, and airports early this week. As of Monday morning, at least 14 people died across multiple states. The death toll may rise. At least five of those deaths were reported in New York City by Mayor Zohran Mamdani, who did not confirm whether the cause of their deaths was weather-rel…",https://ground.news/interest/washington-examiner
WMBD,Center,"Northeast sees more snow from the tail end of a colossal winter storm, at least 13 deaths reported","The U.S. workweek opened with yet more snow dumping on the Northeast under the tail end of a colossal winter storm that brought ice and power outages, impassable roads, canceled flights and frigid cold to much of the southern and eastern United States. At least 13 weather-related deaths have been reported. Deep snow — over [...]",https://ground.news/interest/centralillinoisproud
La Tercera,Right,Heavy Snow and Ice Storm Leaves More than a Dozen Dead in the United States,"At least thirteen people have died during the last few days due to a heavy snow and ice storm in several states in the southeast of the United States, where nearly 90 million people have been affected and about 800,000 people continue this Monday without electricity supply.New York Mayor Zohran Mamdani has reported that there are already five deaths in the city during the weekend, as temperatures fall and forecasts point to it continuing to snow…",https://ground.news/interest/la-tercera
The Advocate,Center,Red Cross calls on local volunteers to help neighbors during the winter storm,"As Winter Storm Fern continues its icy path across the country, the American Red Cross is issuing a statewide call for volunteers. The organization is looking for volunteers to help their neighbors who are in need.",https://ground.news/interest/the-advocate_30a610
TVN,Center,Historical Winter Storm in the United States Leaves at Least 10 Dead,"At least 20 states and the capital, Washington, declared a state of emergency.",https://ground.news/interest/tvn
WABC,Right,"Crippling winter storm slams U.S., bringing deadly cold and leaving over 1M without power","A sprawling and unusually powerful winter storm has battered vast portions of the United States, coating roads in dangerous ice, burying cities under heavy snow, and plunging temperatures to life-threatening lows. The system has knocked out electricity for more than one million customers across the mid-Atlantic, South, and Midwest, while disrupting travel nationwide and forcing widespread closures. The storm has also proven deadly, with at least…",https://ground.news/interest/wabc
NDTV,Right,"Freezing Rain, Travel Chaos, Blackouts: The US Winter Storm In Photos","A massive winter storm headed towards the northeast United States after sweeping across much of the country, threatening tens of millions of Americans with blackouts, transportation chaos and...",https://ground.news/interest/ndtv
The Jakarta Post,Lean Left,Historic winter storm kills at least 10 across US - Americas,Historic winter storm kills at least 10 across US - Americas - The Jakarta Post,https://ground.news/interest/the-jakarta-post
TF1 INFO,Center,Historical Winter Storm in the United States: About 10 Deaths and Nearly 1 Million Households without Current,"A severe winter storm, with heavy snowfalls at the key, sweeps the United States since last weekend. About ten people have died across the country. More than a million homes are without electricity. - Historical winter storm in the United States: about ten deaths and nearly one million households without electricity (International).",https://ground.news/interest/tf1-info
actu.fr,Center,"At Least Ten Dead, a Million Homes without electricity... the Ravages of the Winter Storm in the United States","Extreme temperatures and huge snowfalls paralyze North America. Several cities in the United States, as well as Toronto, are experiencing a rare winter storm.",https://ground.news/interest/actufr
CartaCapital,Left,Historic Wintertime Leaves at Least 10 Dead in the United States,Extreme conditions continue this afternoon,https://ground.news/interest/cartacapitalcombr
WFMY,Center,"Colossal winter storm killed 29 as final stretch of bitter cold, snow and ice hit the US","Meanwhile, bitter cold followed in the storm's wake, with the entire lower 48 states expected to have lower-than-normal temperatures.",https://ground.news/interest/wfmy
One News Page,Center,Frozen America: A brutal winter storm has gripped the United States,"A massive winter storm battered large parts of the United States, bringing heavy snow, sleet and freezing rain that disrupted travel, power supply and daily life. Millions were placed under winter weather warnings as Arctic cold followed the system, pushing temperatures to dangerous lows. ...",https://ground.news/interest/one-news-page
997wpro.com,Right,Severe Winter Storm Leaves Millions Facing Dangerous Conditions Across the US,"According to weather officials and emergency agencies, a powerful winter storm is sweeping across large parts of the United States, bringing heavy snow, ice, and freezing temperatures that have disrupted daily life for millions. The system has stretched from the South into the Midwest and Northeast, creating hazardous travel conditions and widespread power outages. Authorities say snow and ice have coated roads and power lines, forcing schools t…",https://ground.news/interest/997wprocom
La Libre,Center,A Major Winter Storm Kills at Least 10 People in the United States,"A major winter storm caused the death of at least ten people in the United States, also depriving more than a million homes of electricity and nailing thousands of aircraft to the ground. ...",https://ground.news/interest/la-libre
TVA Nouvelles,Lean Left,Major Winter Storm Causes at Least 10 Deaths in the United States,"A major winter storm killed at least ten people in the United States, also depriving more than one million households of electricity.",https://ground.news/interest/tva-nouvelles
Phys.org,Center,Historic winter storm kills at least 10 across US,"A monster storm barreling across swaths of the United States has killed at least 10 people and prompted warnings to stay off the roads, mass flight cancellations and power outages, as freezing conditions persisted into Monday.",https://ground.news/interest/phys
El Mundo,Right,The Monstrous Snow and Ice Storm that Affects Two Thirds of the Us Now Leaves at Least Ten Dead and Almost One Million Homes without Electricity,A big ice and snow storm that has affected two thirds of the U.S. geography has left at least six dead this Sunday and produced power cuts...,https://ground.news/interest/el-mundo
The Journal,Lean Left,At least ten dead from massive winter storm in US as Trump questions reality of climate change,At least 20 states and the US capital Washington have declared states of emergency.,https://ground.news/interest/the-journal_0d766b
KATC,Center,Red Cross Urges Louisiana Residents to Volunteer as Winter Storm Fern Increases Need,"With a Winter Storm bringing icy conditions and raising the risk of power outages across Louisiana, the American Red Cross is calling on residents to step up and volunteer. As temperatures drop, the need for warmth, shelter, and safety is rising, and more volunteers are essential to sustaining these efforts.While the winter storm has created an immediate demand, Red Cross officials stress that emergencies happen year-round. We depend on the peop…",https://ground.news/interest/katc
CBS8,Lean Left,Colossal winter storm leaves behind bitter cold for the US in final surge,"A major winter storm is dumping sleet, freezing rain and snow across much of the U.S. CBS 8's Jenny Day is in Little Rock, AR, with a look at conditions there.",https://ground.news/interest/cbs8com
KTVB,Center,30 people dead from effects of winter storm as more freezing cold pummels US,"Meanwhile, bitter cold followed in the storm's wake, with the entire lower 48 states expected to have lower-than-normal temperatures.",https://ground.news/interest/ktvb
Die Presse,Right,Heavy Winter Storm for Dead and Power Outages in the Usa,"In New York five people died, in Louisiana two. In at least 20 states the emergency was declared. More than one million households are without electricity. Almost 15,000 flights were cancelled.",https://ground.news/interest/die-presse
Tribune Chronicle,Center,At least a dozen states declare emergencies in wake of storm,"A massive winter storm dumped sleet, freezing rain and snow across much of the U.S. on Sunday, bringing subzero temperatures and halting air and road traffic. Tree branches and power lines snapped under the weight of ice, and hundreds of thousands of homes and businesses in the Southeast were left without electricity. The ice and snowfall were expected to continue into Monday followed by very low temperatures which could cause “dangerous travel …",https://ground.news/interest/tribtodaycom
King5 News,Center,"Colossal winter storm killed 25 as final stretch of bitter cold, snow and ice hit the US","Meanwhile, bitter cold followed in the storm's wake, with the entire lower 48 states expected to have lower-than-normal temperatures.",https://ground.news/interest/king5-news
npr,Lean Left,"Snow, sleet and ice takes out power, cancels flights in several states","As arctic weather and icy conditions gripped several states, up to a million people were without power on Sunday and thousands of flights were cancelled.",https://ground.news/interest/npr
The Hindu,Lean Left,Ice from winter storm leaves million customers without power in U.S.,"Heavy snow was forecast from the Ohio Valley to the Northeast, while “catastrophic ice accumulation” threatened from the Lower Mississippi Valley to the Mid-Atlantic and Southeast",https://ground.news/interest/the-hindu
Dawn,Lean Left,"Winter storm grips much of US in snow, ice, Arctic cold","A powerful winter storm spread a paralyzing mix of heavy snow, sleet and freezing rain from the Ohio Valley and mid-South to New England on Sunday, compounded by bitter, Arctic cold gripping much of the US east of the Rockies. Winter storm warnings were posted for most of the eastern third of the United States covering 118 million people, as the deep freeze strained energy supplies in some areas, and the National Weather Service predicted widesp…",https://ground.news/interest/dawn_a02aa2
teleSUR,Left,At Least 10 People Die From Winter Storm in the u.s.,"A large winter storm continues to affect much of the United States, with an increasing number of victims currently counting ten fatalities and one million users at the moment, they are in the dark. READ ALSO: Winter Storm: records in Canada and hundreds of thousands without electricity in the United States. According to [...]",https://ground.news/interest/telesurtvnet
Benzinga,Center,"Americans Are Betting On How Much It's Going To Snow In NYC, DC As Winter Storm Fern Paralyzes Normal Life",Prediction markets are betting actively on snowfall totals in major cities amid a brutal winter storm that has led to widespread power outages and grounded thousands of flights.,https://ground.news/interest/benzinga
Iredell Free News,Center,EnergyUnited crews face deteriorating road conditions in aftermath of winter storm,Special to IFN EnergyUnited crews were prepared to respond to a spike in power outages as temperatures dropped overnight across the cooperative’s 19-county service area. After Winter Storm Fern blanketed,https://ground.news/interest/iredell-free-news
The Statesman,Center,US winter storm: One million without power as cold grips states; flights cancelled and deaths reported,"A massive US winter storm has knocked out power to over a million, halted flights and caused deaths as extreme cold grips multiple states.",https://ground.news/interest/the-statesman_fb6331
American Faith,Right,Massive Winter Storm Knocks Out Power to Nearly a Million,"A massive winter storm sweeping across the United States has knocked out electricity to close to a million homes and businesses as ice, snow, sleet, and frigid temperatures batter large swaths of the country. The storm, affecting more than two thousand miles from the Southern Plains through the Southeast and up into the Northeast, has overwhelmed infrastructure, toppled trees and power lines, and crippled travel and daily life. The worst impacts…",https://ground.news/interest/american-faith
Bild,Right,Weather in Usa: Monsterstorm Is Now Taking Off,"Winterstorm Fern hits USA hard: power outages, cancelled flights and emergency in 17 states.",https://ground.news/interest/bild
Kronen Zeitung,Right,New York in Winter Storm: Emergency and Snow Joy,"New York, like many other US states, is fighting against the massive winter storm, which has now claimed the first fatalities. While thousands of flights have been cancelled and public transport is restricted, some New Yorkers have also found favor in white splendor. More than half of the U.S. population is struggling with the current extreme winter weather, i.e. nearly 190 million people according to the authorities. The emergency is already in…",https://ground.news/interest/kroneat
Business Insider,Lean Left,Dramatic photos show how massive the winter storm is that's pummeling the US,"Men in New York City helped move a car stuck in the snow during the winter storm on Sunday.Andres Kudacki/Getty ImagesA huge winter storm struck the US this weekend, impacting hundreds of millions of people.The storm stretched over 2,000 miles from New Mexico to Maine.Photos show how the storm affected travel and the economy.A major winter storm blanketed the US this weekend with heavy snow and ice, threatening nearly 180 million Americans from …",https://ground.news/interest/business-insider
Latestly,Right,"Winter Storm in US: Massive Storm Causes 850,000 Power Outages, Forces 10,000 Flight Cancellations","More than 850,000 customers were without electricity due to massive winter storm, according to PowerOutage.us, with at least 290,000 in Tennessee and over 100,000 each in Mississippi, Texas and Louisiana. Other affected states include Kentucky, Georgia, Virginia, and Alabama. Winter Storm in US: Massive Storm Causes 850,000 Power Outages, Forces 10,000 Flight Cancellations.",https://ground.news/interest/latestly
New York Post,Right,"Winter Storm Fern rages across US, canceling near-record flights — and leaving more than 1M without power","Winter Storm Fern pummeled 34 states in snow and ice on Sunday, cancelling more than 11,000 flights and leaving more than a million without power — with winter warnings still on for Monday.",https://ground.news/interest/new-york-post
The Tribune-Democrat,Lean Left,"Ice from huge winter storm knocks out power around South, dumps heavy snow in the Northeast","A massive winter storm dumped sleet, freezing rain and snow across much of the U.S. on Sunday, bringing subzero temperatures and halting air and road traffic.",https://ground.news/interest/the-tribune-democrat
WTRF,Center,Tens of thousands lose power as Winter Storm Fern hits,"WHEELING, W.Va. — Winter Storm Fern continued to hammer Appalachian Power’s service area Sunday, knocking out electricity to tens of thousands of homes and businesses as heavy snow, sleet, and freezing rain moved through the region. As of 5:30 p.m., about 45,000 customers were without power, and company officials warned that the number could rise [...]",https://ground.news/interest/wtrf
Gulf News,Right,"US winter storm causes 850,000 power outages, forces 10,000 flight cancellations","More than 850,000 customers were without electricity, with at least 290,000 in Tennessee and over 100,000 each in Mississippi, Texas and Louisiana. Other affected states include Kentucky, Georgia, Virginia, and Alabama",https://ground.news/interest/gulf-news
PBS NewsHour,Lean Left,Winter storm leaves hundreds of thousands of customers without power across the South,"A massive winter storm dumped sleet, freezing rain and snow across much of the U.S. on Sunday, leaving hundreds of thousands of homes and businesses in the Southeast without electricity.",https://ground.news/interest/pbs-newshour
Dnevni list Danas,Lean Left,"In the Usa, About 900,000 Users Were Left without Electricity Due to the Snow Storm","About 900,000 users were left without electricity in the US today, mostly in the south, American media reported, adding that about 20 federal states declared a state of emergency due to the snowstorm that swept the country.",https://ground.news/interest/dnevni-list-danas
The Daily Advance,Center,Winter storm across the US in photos,"A big winter storm dumped sleet, freezing rain and snow across much of the U.S. on Sunday, paralyzing air and road traffic while sending temperatures plunging. Power lines were draped in ice, and hundreds of thousands of homes and businesses…",https://ground.news/interest/dailyadvancecom
Sydney Morning Herald,Lean Left,"Snowfall in Chicago part of massive winter storm across the US brings ice, frigid temperatures","Snowfall in Chicago part of massive winter storm across the US brings ice, frigid temperatures",https://ground.news/interest/sydney-morning-herald
Fox Business,Right,More than 1 million Americans lose power as monster winter storm sweeps across the US,"More than 1 million Americans were without power Sunday afternoon as a historic winter storm barreled across large portions of the U.S.As of 2:35 p.m. ET, Tennessee was the hardest-hit state, with approximately 306,700 customers experiencing outages. Mississippi followed with about 175,300 outages, while Louisiana reported roughly 145,100, according to data from PowerOutage.us.Significant outages were also reported in Texas, where about 93,000 p…",https://ground.news/interest/fox-business
Semafor,Lean Left,Dangerous winter storm blasts US,"A massive winter storm pounded much of the US with snow, ice, and dangerously cold temperatures. Airlines canceled more than 17,000 flights on Sunday — a level last seen during the early days of the pandemic, according to an aviation analytics firm — while ice across the mid-Atlantic and South knocked out power for more than 1 million customers; outages could last for days in hard-hit areas like Nashville. The storm shattered records and was uni…",https://ground.news/interest/semaforcom
Floyd Chronicle & Times,Center,Historic winter storm pounds US from south to northeast,"A life-threatening winter storm brought hazardous conditions to a wide swath of the United States on Sunday, from Texas to New England, prompting warnings to stay off roads, along with mass flight cancellations and power outages.",https://ground.news/interest/floyd-chronicle-and-times
Express US,Right,Ice storm leaves a million customers without power across the South,"The hardest-hit states include Tennessee, Mississippi, and Louisiana, with significant outages also in Texas, Kentucky, and Georgia.",https://ground.news/interest/the-expresscom
Tagesschau,Center,Winter Storm in the Usa: One Million Households without Power,"The severe winter storm in the US has now affected 190 million residents. A state of emergency has been declared in at least 20 states. More than one million customers have experienced power outages. More than 11,000 flights have been canceled.",https://ground.news/interest/tagesschau
Protothema,Right,Trump Cuts Funding for Ice Body Cameras and Is Accused of Limiting Its Oversight,At least three of the eight or more agents at the scene of Saturday's shooting were wearing body cameras.,https://ground.news/interest/protothema
Jerusalem Post,Center,"US storm leaves 1 million without power, forces 10,000 flight cancellations","As snow, sleet, freezing rain, and dangerously frigid temperatures swept into the eastern two-thirds of the US on Sunday, the number of power outages continued to rise.",https://ground.news/interest/jerusalem-post
Straight Arrow News,Center,More than 1 million without power as winter storm batters the US,"More than 1 million Americans are without power as a destructive storm of snow and ice continues to pummel parts of the United States. Twenty-three states have declared a state of emergency. Tennessee has the most outages reported with more than 300,000 customers reporting issues.  Icicles form on a mailbox on a neighborhood street as a winter storm moves through Nashville, Tenn,, Sunday, Jan,. 25, 2026. (AP Photo/Holly Meyer) Splintered and d…",https://ground.news/interest/straight-arrow-news
Devdiscourse,Center,The Battle Over Body Cameras: Trump Administration's Controversial Stance,"The Battle Over Body Cameras: Trump Administration's Controversial Stance The Trump administration's decision to resist the expansion of body camera use among immigration officers has been a point of contention, notably in cities like Minneapolis where officer presence surged. The opposition to body cameras has been criticized for reducing transparency in violent confrontations.Efforts to pilot body cameras were stalled in 2024, with Trump reque…",https://ground.news/interest/devdiscourse
abc 6 Philadelphia,Lean Left,Tracking snow totals across the Philadelphia region for Jan. 25 snowstorm,"Snow is falling across the Philadelphia region, and it is already starting to pile up.",https://ground.news/interest/abc-6-philadelphia
RNZ,Center,"US storm leaves 850,000 without power, forces 10,000 flight cancellations","More than 10,000 flights were cancelled as snow and freezing rain low temperatures swept into the eastern two-thirds of the nation.",https://ground.news/interest/rnz
saarbruecker-zeitung.de,Center,Snow and Ice in the Usa: Winter Storm in the Usa : One Million Customers without Electricity,"The effects of the winter storm in the U.S. are getting more and more violent, and power outages are increasing, and there are deaths.",https://ground.news/interest/saarbruecker-zeitungde
Global News,Lean Left,Major U.S. winter storm leaves at least 1M without power across South - National,"The ice and snowfall were expected to continue into Monday in much of the country, followed by very low temperatures, the National Weather Service said.",https://ground.news/interest/global-news
연합뉴스-Yonhap News Agency,Right,"Winter Storm in the Us Knocks Out Power to 1 Million Homes, Disrupts Oil and Gas Supplies, and Also Hits the South.","(Los Angeles = Yonhap News) Correspondent Im Mi-na = As a powerful winter blizzard hits the United States, a state of emergency has been declared in at least 22 states and the capital, Washington, D.C.",https://ground.news/interest/_ae7d36
Euro Weekly News,Lean Left,"Monstrous Winter Storm Leaves 700,000 Without Power in U.S.","A powerful winter storm that has stretched from the central United States into the Northeast has left almost 700,000 people and businesses without electricity…",https://ground.news/interest/euro-weekly-news
South China Morning Post,Center,"‘Historic’ winter storm kills 11, grips US in Arctic cold","More than 11,000 flights cancelled and a million homes and businesses left without power as temperatures plunge.",https://ground.news/interest/south-china-morning-post
Santa Monica Observer,Far Right,"Historic Winter Storm Fern Batters Much of U.S., Causing Widespread Disruptions and Fatalities","January 25, 2026 - A massive winter storm unofficially named Winter Storm Fern by The Weather Channel has unleashed heavy snow, freezing rain, ice, and Arctic cold across a vast swath of the United States, impacting more than 230 million people from Texas and the Southwest to the Northeast and parts of Canada. The storm, which originated from an upper-level low developing over the Pacific near...",https://ground.news/interest/santa-monica-observer
Las Vegas Review-Journal,Center,Ice from winter storm leaves a million without power across the South,"Tree branches and power lines snapped under the weight of ice, and about a million homes and businesses in the Southeast were left without electricity.",https://ground.news/interest/las-vegas-review-journal
la Nacion,Right,How Many Inches of Snow Fell in New York so Far because of the Heavy Winter Storm This Weekend,"More than 30 states in the United States are facing a severe winter storm that combines snowfall, ice and extreme cold.New York is one of the most affected, with snow accumulations that trigger alarms.The accumulation of snow between New York counties According to ABC7, the state's snow accumulations vary by location and continue to increase as the winter storm progresses. Brooklyn is one of the most reported areas within the city, with more tha…",https://ground.news/interest/la-nacion_7042bc
Reforma,Right,Leaves Winter Storm to a Million Homes without Light in the United States,"Winter storm hitting the U.S. has left a million homes without light; Tennessee, Louisiana and Mississippi are the most affected states.",https://ground.news/interest/reformacom
The Daily Wire,Right,Millions Without Power As Massive Winter Storm Batters Swaths Of The United States,"Over a million Americans are without power, and at least nine are dead as a result of the winter storm battering the southern and eastern United States.Winter Storm Fern has blanketed the country with ice, snow, and freezing temperatures — a dangerous combination that has many concerned power outages will last into next week. Airlines across the United States have canceled the highest number of flights since the coronavirus pandemic, according t…",https://ground.news/interest/the-daily-wire
HuffPost,Left,Impact Of Winter Storm Across The South Becomes Clear,About a million customers were without power Sunday as a massive winter storm coated tree branches and power lines with heavy ice across the South.,https://ground.news/interest/huffpost
The Telegraph,Right,Half a million without power as winter storm sweeps across US,,https://ground.news/interest/the-telegraph
Wral News,Center,Ice from winter storm leaves more than a million customers without power across the South,"More than a million customers were without power Sunday as a massive winter storm coated tree branches and power lines with heavy ice across the South. Tennessee was the hardest hit, with more than 300,000 customers losing power, while Texas, Mississippi and Louisiana each had more than 100,000 c...",https://ground.news/interest/wral-news
Inc.,Center,"Massive Winter Storm Across the U.S. Brings Ice, Frigid Temperatures, and Widespread Power Outages",Flights across the country were cancelled.,https://ground.news/interest/inccom
Zero Hedge,Right,"12,000 Flights Canceled, NatGas Spikes Again As Winter Storm Fern Paralyzes Eastern US","ZeroHedge - On a long enough timeline, the survival rate for everyone drops to zero",https://ground.news/interest/zero-hedge
KTAL NBC 6 News,Center,"Winter storm Fern leaves 63,000 SWEPCO customers without power","SWEPCO has restored over 100 major breakers and is conducting damage assessments to restore power to 63,000 customers affected by Winter Storm Fern.",https://ground.news/interest/ktalnewscom
La Opinion,Lean Left,"Winter Storm in the u.s. Leaves More than 700,000 Households without Electricity, Mostly in the South",The cold weather has led to the activation of emergency protocols in more than 20 states and the cancellation of thousands of flights,https://ground.news/interest/laopinioncom
EFE,Center,The Storm Leaves More than a Million Homes without Electricity in the Us and Causes Numerous Flight Cancellations,"The great ice and snow storm that affects the U.S. leaves more than a million homes, mainly in the south, without electricity supply.",https://ground.news/interest/efe
100% FED UP!,Far Right,"Winter Storm Update: Hundreds Of Thousands Without Power, Most Flights Cancelled On A Single Day Since The Pandemic * 100PercentFedUp.com * by Anthony","It looks like the meteorologists were right. Well, at least in most states. Dozens of states have been hit by […]",https://ground.news/interest/100percentfedupcom
Metro,Center,About 950 Thousand Customers without Light in the United States Due to Winter Storm,The atmospheric system caused the declaration of a state of emergency in at least 17 states and the District of Columbia.,https://ground.news/interest/metro
diario.mx,Center,"Massive Winter Storm in the Us Brings Ice, Freezing Temperatures and Power Outages","A huge winter storm continued on Sunday morning, throwing snow showers, icy rain and snow along the south of the United States and to New England, causing freezing temperatures, widespread power cuts and dangerous conditions on the roads. Ice and snow are expected to continue until Monday in much of the country, followed by very low temperatures, which will cause ""dangerous impacts on travel and infrastructure"" to persist for several days, the N…",https://ground.news/interest/diariomx
Hola News,Center,"The Storm Leaves More than 700,000 Households without Electricity in the Us, Mainly in the South","Washington, Jan. 25 (EFE).- The great ice and snow storm that has affected two thirds of the U.S. geography has left more than 700,000 households this Sunday, mainly in southern states, without power supply. Data from the specialized poweroutage.us website show particularly noteworthy supply cuts in the state of Tennessee, where more than 244,000 customers are without electricity, and also in Texas and Louisiana, where there are about 134,000 an…",https://ground.news/interest/hola-news
Syracuse NY,Center,"Massive winter storm brings widespread power outages across US; 11,000 flights canceled","A massive winter storm continued Sunday morning, dumping sleet, freezing rain and snow across the South and up through New England, bringing frigid temperatures, widespread power outages and treacherous road conditions.",https://ground.news/interest/syracuse-ny
The Oregonian,Center,"Massive East Coast storm cancels more than 10,000 Sunday flights","NASHVILLE — A massive winter storm made for a brutal travel day Sunday, with widespread cancellations and delays at some of the nation’s busiest airports.",https://ground.news/interest/the-oregonian
Il Post,Lean Left,"A Winter Storm Is Causing Many Problems in the United States, with Flights Cancelled and Almost a Million People without Electricity",,https://ground.news/interest/il-post
KTLA 5,Center,"Monster winter storm cancels thousands of flights, disrupts LAX","A massive winter storm sweeping across the United States has canceled thousands of flights, knocked out power to hundreds of thousands of customers and triggered ripple-effect delays at Southern California airports, including Los Angeles International Airport. KTLA’s Gene Kang reported live from LAX on Sunday morning, where clear skies and sunshine masked the nationwide aviation [...]",https://ground.news/interest/ktla-5
USA Today,Lean Left,A million power outages? Map shows winter storm impact.,Roughly a million power outages were reported on Jan. 25 as a massive winter storm raged across the country.,https://ground.news/interest/usa-today
The Thinking Conservative,Far Right,"US Storm Leaves Over 1 Million Without Power, Nearly 11,000 Flights Canceled - The Thinking Conservative News","More than 1 million Americans were without power Jan. 25 as a severe winter storm hit the South and forced airlines to cancel nearly 11000U.S. flights. The post US Storm Leaves Over 1 Million Without Power, Nearly 11,000 Flights Canceled appeared first on The Thinking Conservative News.",https://ground.news/interest/the-thinking-conservative
Telegrafi,Lean Left,"Us Storm Leaves 850,000 Customers without Power, 10,000 Flights Canceled","More than 850,000 customers in the U.S. as far west as New Mexico were left without power and more than 10,000 flights were canceled Sunday during a massive winter storm that paralyzed eastern and southern states with heavy snow and ice. As snow, freezing rain and dangerously cold temperatures swept across the eastern two-thirds of the country on Sunday, the number of power outages continued to rise. As of 10:47 a.m. EST on Sunday, more than 850…",https://ground.news/interest/telegrafi
Euronews,Center,Usa: Huge Storm Spreads Snow Blanket Even the Southern States - Hundreds of Thousands Left without Power,"An unusually strong winter storm is moving across the United States, affecting nearly every state from the Rocky Mountains to the Atlantic Ocean.",https://ground.news/interest/euronews
Inquirer,Lean Left,Philly snow updates: Sleet takes over after largest snowfall in 10 years; updated totals and what's next,Over 9 inches of snow fell in Philadelphia during the day Sunday.,https://ground.news/interest/inquirer_765f9a
World,Right,"Winter storm cripples travel, leaves more than 1 million without power","WORLD is a news organization producing Biblically sound, daily coverage of global, national, and cultural current events.",https://ground.news/interest/wngorg
vrt,Center,"More than 1 Million American Homes without Power Due to Winter Storm: ""This Is the Amount of Snow We've Never Seen Before""","More than 1 million households in the United States are without power due to the severe winter storm Fern. The southern and midwestern states, including Tennessee, Mississippi, Louisiana, and Texas, have been particularly hard hit. David from Geel, who is vacationing in New York, is also watching the snow fall in buckets. ""It's truly insane.""",https://ground.news/interest/vrt
Clarin,Right,"Snowstorm in the United States, en Vivo: Map by States, Polar Wave and Extreme Cold, Cancelled Flights and Blackouts, Today January 25th",The phenomenon has already hit the southwest and center of the country and now reached New York.I followed minute by minute in Clarín all the news of the ice and snow storm in the U.S.,https://ground.news/interest/clarin_5fa6ca
Spiegel,Lean Left,Winter Storm in the Usa: Hundreds of Thousands of Households with Icy Cold without Electricity,"Many U.S. states have declared an emergency due to extreme weather. Already in the morning, over 700,000 households in the country were without electricity, thousands of flights were cancelled.",https://ground.news/interest/spiegel
BBC News,Center,Winter storm grips US as millions face power outages and disruption,"A powerful winter storm swept across the country, with heavy snow, ice and dangerously low temperatures affecting millions.",https://ground.news/interest/bbc-news_bf95f4
Welt,Right,Extreme Weather: Winter Storm Hits Usa Hard – Fatalities and Massive Power and Flight Failures,From New Mexico to North Carolina: A heavy winter storm swept across the southwest and center of the US and caused snow and ice rain. It caused massive power and flight failures – and claimed the first fatalities.,https://ground.news/interest/welt
CBN,Right,"880,000+ Lose Power as Massive Winter Storm Dumps Ice and Snow Across US","A massive winter storm dumped sleet, freezing rain and snow across much of the U.S.",https://ground.news/interest/cbn
yle,Center,"Over 800,000 Customers without Electricity in the United States – Energy Secretary Orders Power Plants to Exceed Emissions Limits","Airlines have announced at least 15,000 flight cancellations as the storm approaches the capital.",https://ground.news/interest/yle
Star Advertiser,Center,"U.S. storm cuts power for 1 million, thousands of flight canceled | Honolulu Star-Advertiser","WASHINGTON >> A powerful winter storm spread a paralyzing mix of heavy snow, sleet and freezing rain from the Ohio Valley and mid-South to New England on Sunday, compounded by bitter, Arctic cold gripping much of the U.S. east of the Rockies.",https://ground.news/interest/star-advertiser
GV Wire,Lean Left,"US Storm Leaves 800,000 Without Power, 10,000 Flights Cancelled","WASHINGTON — More than 800,000 customers in the U.S. as far west as New Mexico were without electricity and over 10,000 flights were canceled on Sunday ahead of a monster winter storm that threatened to paralyze eastern states with heavy snowfall. Forecasters said snow, sleet, freezing rain and dangerously frigid temperatures would sweep the eastern two-thirds of the nation on Sunday and into the week. Calling the storms “historic,” President Do…",https://ground.news/interest/gv-wire
20 Minutes,Lean Left,"More than 600,000 Private Customers of Electricity by Storm in the United States","Tennessee, Texas, Mississippi and Louisiana, in the south, have the largest number of residential and commercial customers without electricity",https://ground.news/interest/20-minutes
Zeit Online,Lean Left,Winter Storm in the Usa: More than Half a Million Households in the Usa without Electricity,"Because of heavy snowfall and freezing temperatures, the emergency is in many US states. Hundreds of thousands of people have no electricity.",https://ground.news/interest/zeit-online
CTV News,Center,"Massive winter storm dumps sleet, freezing rain and snow around much of U.S.","A massive winter storm continued Sunday morning, dumping sleet, freezing rain and snow across the South and up through New England, bringing frigid temperatures, widespread power outages and treacherous road conditions.",https://ground.news/interest/ctv-news
Reuters,Center,"US storm leaves 800,000 without power, forces 10,000 flight cancellations","Forecasters said snow, sleet and freezing rain, accompanied by dangerously frigid temperatures, would sweep the eastern two-thirds of the nation.",https://ground.news/interest/reuters_fa2539
The Morning Call,Lean Left,"Massive Winter Storm in the Us Brings Ice, Freezing Temperatures and Widespread Power Outages","By KATE BRUMBACK and JULIE WALKER A massive winter storm continued Sunday morning, dumping sleet, freezing rain, and snow across the southern United States and into New England, causing frigid temperatures, widespread power outages, and hazardous road conditions. Ice and snow are expected to continue through Monday across much of the country, followed by very low temperatures, causing “dangerous impacts on travel and infrastructure” to persist f…",https://ground.news/interest/the-morning-call
Boston Herald,Right,Severe Winter Storm Leaves 1 Million Customers without Power in the Southern Us,"By KATE BRUMBACK and JULIE WALKER A massive winter storm dumped sleet, freezing rain, and snow across the southern United States and into New England on Sunday, bringing frigid temperatures and paralyzing air and road traffic. Tree limbs and power lines snapped under the weight of the ice, and about 1 million homes and businesses in the Southeast lost power. Ice and snow are expected to continue through Monday across much of the country, followe…",https://ground.news/interest/boston-herald
The News,Right,"US storm leaves more than 700,000 without power, disrupts thousands of flights","In the latest reports received, the US storm has left more than 700,000 people without power.The U.S. citizens in New Mexico were without electricity, and almost 10,000 flights were canceled on...",https://ground.news/interest/the-news
Novinky.cz,Lean Left,"Over 800,000 People in America Are without Power Due to an Ice Storm","An ice storm has hit the United States hard. Heavy snowfall, freezing rain and freezing temperatures have left more than 800,000 people without power. More than 10,000 flights have been canceled and ground transportation is becoming increasingly disrupted. At least 23 states have declared a state of emergency.",https://ground.news/interest/novinkycz
The New Indian Express,Lean Left,"Massive winter storm across US brings ice, frigid temperatures, power outages; over 10K flights cancelled","Heavy snow was forecast from the Ohio Valley to the Northeast, while ""catastrophic ice accumulation"" threatened from the Lower Mississippi Valley to the Mid-Atl",https://ground.news/interest/the-new-indian-express
Kokomo Tribune,Lean Left,Massive winter storm brings frigid temperatures and dangerous road conditions,"A massive winter storm continues to hit large parts of the country, dumping snow, sleet and freezing rain. Frigid temperatures, power outages, and treacherous road conditions were widespread. The National",https://ground.news/interest/kokomo-tribune
Hollywood Life,Lean Left,"How Many Inches of Snow Are We Getting? Amount in NY, NJ, PA, & More States",The January 2026 winter storm is affecting most of the East Coast. Find out which states are getting snow and how much of it to expect.,https://ground.news/interest/hollywood-life
InsideNoVA.com,Center,Nearly 1M without power as massive winter storm rages,(The Center Square) – Nearly a million American homes are without power as a massive winter storm sweeps the country.,https://ground.news/interest/insidenovacom
svt Nyheter,Lean Left,Hundreds of Thousands without Power in the Blizzard-Hit Us,"Nearly 800,000 homes are without power and over 18,000 flights have been affected in the US due to this weekend's snowstorm. In New York, garbage trucks are now being converted into plow trucks in preparation for what awaits the city.",https://ground.news/interest/svt-nyheter
Tallahassee Democrat,Center,Winter storm Fern spreads as Florida sends reinforcements north,"A number of Florida cities, including Tallahassee, deployed crews as Winter Storm Fern dumps snow and ice over more than two dozen states.",https://ground.news/interest/tallahassee-democrat
Boston Globe,Lean Left,Massive winter storm across US brings frigid temperatures and power outages - The Boston Globe,"As of Sunday morning, about 213 million people were under some sort of winter weather warning.",https://ground.news/interest/boston-globe
NOS,Right,"More than 700,000 Households without Power in Us, Three Dead in New York",Snowstorm Fern is battering a large part of the country. A state of emergency is in effect in 23 states.,https://ground.news/interest/nos_4ae905
The Globe & Mail,Center,Massive winter storm leaves hundreds of thousands without power across much of U.S.,"Over 11,000 flights were cancelled with frigid temperatures expected to sweep through two-thirds of the nation",https://ground.news/interest/the-globe-and-mail
CBC News,Lean Left,"Massive winter storm across U.S. brings snow, frigid temperatures, widespread power outages","Forecasters said snow, sleet, freezing rain and dangerously frigid temperatures would sweep the eastern two-thirds of the United States on Sunday and into the week.",https://ground.news/interest/cbc-news
WYFF,Center,"Freezing rain, sleet begin","Freezing rain, sleet fall across area",https://ground.news/interest/wyff
KAKE News,Center,Major winter storm pounds US from south to northeast,"A major winter storm brought hazardous conditions to a wide swath of the United States on Sunday, from Texas to New England, prompting warnings to stay off roads, along with mass flight cancellations and power outages.",https://ground.news/interest/kakecom
San Diego Union Tribune,Center,Winter Storm Covers Much of the United States with Sleet and Snow,"A massive winter storm dumped sleet and snow across the southern United States and into New England on Sunday, bringing frigid temperatures and paralyzing air and road traffic. Tree limbs and power lines buckled under the weight of the ice, leaving hundreds of thousands of homes and businesses in the Southeast without power. Ice and snow were forecast to continue through Monday across much of the country, followed by sub-freezing temperatures th…",https://ground.news/interest/san-diego-union-tribune
Boston.com,Center,Massive winter storm across the U.S. brings frigid temperatures and widespread power outages,"A massive winter storm continued Sunday morning, dumping snow, sleet and freezing rain across the South and up through New England.",https://ground.news/interest/bostoncom
The Epoch Times,Right,"LIVE NOW: Massive Winter Storm Hits US With Heavy Snow, Ice, and Power Outages in Multiple Cities","A massive winter storm is pounding much of the United States on Jan. 25 bringing heavy snow (up to 8–16 inches) to Northeast cities including Philadelphia, New York City, Baltimore, Washington, Boston, Pittsburgh, and Providence; crippling ice, sleet, and freezing rain (with widespread power outages) to Southern and central cities including Dallas/Fort Worth, Oklahoma City, Little Rock, Nashville, Atlanta, Charlotte, Tulsa, Cincinnati, and parts…",https://ground.news/interest/the-epoch-times
WBAL,Center,"Massive winter storm across the US brings ice, frigid temperatures and","A massive winter storm continued Sunday morning, dumping sleet, freezing rain and snow across the South and up through New England, bringing frigid temperatures, widespread power outages and treacherous road conditions. The ice and snowfall were expected to continue through Monday in much of the country, followed by very low temperatures, causing “dangerous travel and infrastructure impacts” to linger for several days, the National Weather Servi…",https://ground.news/interest/wbal
Associated Press News,Lean Left,"Massive winter storm dumps sleet, freezing rain and snow around much of US","A massive winter storm has dumped sleet, freezing rain and snow across much of the U.S., halting air and road traffic and sending temperatures plunging.",https://ground.news/interest/associated-press-news
Live Mint,Center,"US winter storm: Emergencies in 17 states, 5 lakh without power, grids strained, 9,600 flights cancelled — 10 points","The US faces historic winter weather as a storm triggers widespread power outages, disrupts travel, and impacts lakhs of population. Emergency disaster declarations cover 17 states, more than 500,000 homes are without electricity, and thousands of flights have been canceled.",https://ground.news/interest/live-mint
Deutsche Welle,Center,"""Historical Winter Storm"" Brings Snow and Ice to the Usa","Snow, cold, downtimes: The winter storm in the United States upsets public life in many states. Hundreds of thousands of households are without electricity in the cold.",https://ground.news/interest/deutsche-welle
WHYY,Lean Left,"Philadelphia snow updates: Latest forecast, storm timing, travel impact and more","Significant snow accumulations are impacting Pennsylvania, New Jersey and Delaware. Here’s everything you need to know.",https://ground.news/interest/whyy_0c00ae
KARE,Center,More than a million customers without power across the South as massive winter storm brings heavy ice,More than a million customers without power across the South as massive winter storm brings heavy ice.,https://ground.news/interest/kare
The Weather Channel,Center,Winter Storm Fern Turns Deadly,Impacts from this storm are expanding. Here's what we know right now.,https://ground.news/interest/the-weather-channel
KSDK,Center,"Winter storm across the U.S, in photos","A big winter storm dumped sleet, freezing rain and snow across much of the U.S. on Sunday, bringing subzero temperatures and paralyzing air and road traffic.",https://ground.news/interest/ksdk
Frankfurter Allgemeine,Right,Power Outages and Icy Cold by Winter Storm in the Usa,"Snow, cold, failures: A violent storm sweeps over the US. 190 million Americans struggle with the consequences. The authorities warn against long-lasting power failures.",https://ground.news/interest/frankfurter-allgemeine
wz.de,Center,Winter Storm Hits Usa Hard: Power Outages and Icy Cold,"Snow, cold, failures: A violent storm sweeps over the US. 190 million Americans struggle with the consequences. The authorities warn against long-lasting power failures.",https://ground.news/interest/wzde
The Columbian,Center,Massive winter blast sweeps across U.S.,"A massive winter storm dumped sleet, freezing rain and snow across much of the United States on Sunday, bringing subzero temperatures and paralyzing air and road traffic. Power lines were draped in ice, and hundreds of thousands of people in the Southeast were left without electricity. Read more...",https://ground.news/interest/the-columbian
The Gilmer Mirror,Center,Winter Storm Fern Tracks Through Northeast Texas,,https://ground.news/interest/the-gilmer-mirror
The Business Journals,Center,CVG cancels dozens of flights as Winter Storm Fern disrupts travel across Northeast,,https://ground.news/interest/the-business-journals
nj,Center,"Massive snow, ice storm blasts across N.J. See updated snowfall forecast maps.","Snow started falling across New Jersey right on schedule early Sunday, with the heaviest snowfall along with a mix of sleet and freezing rain in some areas expected this afternoon.",https://ground.news/interest/nj
Forbes,Center,"Winter Storm Update: 11,500+ Flights Disrupted, 800,000 Without Power","At least 739,000 customers were out of power as the winter storm hit on Sunday, primarily in the South.",https://ground.news/interest/forbes
Breitbart,Right,"Snow, Sleet, Ice and Power Down as Winter Storm Smashes 140M+ Americans","A monster winter storm started smashing vast areas of the U.S. early Sunday morning delivering snow, ice, sleet and power outages to millions.",https://ground.news/interest/breitbart
Deutschlandfunk,Center,"Minus 40 Degrees - Winter Storm in the Usa: More than 230,000 Households without Electricity - Thousands of Flights Cancelled","In the USA, more than 230,000 households are now without electricity due to a winter storm.",https://ground.news/interest/deutschlandfunk
n-tv.de,Right,Emergency Situation in 20 States: over Half a Million Us Households Due to Snowstorms without Electricity,"A ""historical winter storm"" sweeps across the US. Millions of people will be affected by it, the government says. While people in some regions are still on a lot of snow and ice, thousands in other parts of the country are already without electricity.",https://ground.news/interest/n-tvde
Just the News,Right,Nearly 1 million without power as massive winter storm rages,"Nearly 290,000 were without power in Tennessee and 140,500 in Mississippi as of mid-morning Sunday.",https://ground.news/interest/justthenewscom
France24,Center,US storm leaves 160.000 without power,"Around 160 million people across the United States, from Texas to New York, are bracing for arctic temperatures as a massive winter storm pushes toward the country’s northeast, forcing thousands of flight cancellations and prompting authorities to urge residents to stock up on food and medicine, as Charlotte Hughes and colleagues at France 2 report.",https://ground.news/interest/france24
delo.si,Lean Left,Cold of the Century Paralyzes the Us,"In some places, temperatures dropped to minus 40 degrees Celsius.",https://ground.news/interest/delosi
Sky News UK,Center,"US weather: 14,400 flights cancelled and more than 850,000 without power as huge winter storm hits","""An Arctic siege has taken over our state,"" says New York governor Kathy Hochul. ""It is brutal, it is bone-chilling and it is dangerous.""",https://ground.news/interest/sky-news
focus.de,Right,"Winter Storm Hits Usa Hard: 250,000 Households without Electricity","Snow, cold, failures: The fall of the winter in the United States confuses public life in many states. Thousands of households are without electricity in the cold.",https://ground.news/interest/focusde
NBC News,Lean Left,Winter storm live updates: Death toll rises as winter storm continues dumping snow across the U.S,"The storm's heaviest impacts shift today into the mid-South, Midwest and mid-Atlantic, where a dangerous mix of snow, sleet and ice is expected.",https://ground.news/interest/nbc-news
The Straits Times,Right,"US storm leaves 1 million without power, forces 10,000 flight cancellations",Seventeen states and the District of Columbia have declared weather emergencies. Read more at straitstimes.com.,https://ground.news/interest/the-straits-times_9bb9e6
Al Bawaba,Right,"Major winter storm cancels over 10,000 US flights",ALBAWABA - Thousands of flights were canceled in the United States as a major winter storm is expected to leave 190 million people across several states,https://ground.news/interest/albawaba
KTHV,Center,Winter storm causes power outages across Arkansas,Thousands of Arkansans are without power on Sunday morning as a winter storm continues to move across the state.,https://ground.news/interest/kthv
Winnipeg Free Press,Center,Massive winter storm across the US brings frigid temperatures and widespread power outages,"Breaking News, Sports, Manitoba, Canada",https://ground.news/interest/winnipeg-free-press
der Standard AT,Lean Left,United States Paralyzed in Large Parts Due to Winter Storms,"At least 570,000 households across the country are currently without electricity. South and Midwest are particularly affected",https://ground.news/interest/der-standard_389fff
Eesti Rahvusringhääling,Center,Powerful Winter Storm Sweeps Across the Us,"A powerful winter storm moving across the northeastern United States on Saturday brought snow and freezing rain from New Mexico to North Carolina, threatening tens of millions of Americans with power outages, transportation chaos and freezing temperatures.",https://ground.news/interest/eesti-rahvusringhaaling
KVUE,Center,More than 1 million without power as winter storm drops snow and ice across half the country on Sunday,"The winter storm knocked out power to hundreds of thousands, canceled 15K flights and left more than half of all Americans facing sub-zero wind chills.",https://ground.news/interest/kvue
KYTX,Center,"850,000+ power outages as winter storm drops snow and ice across half the country on Sunday","The winter storm knocked out power to hundreds of thousands, canceled 15K flights and left more than half of all Americans facing sub-zero wind chills.",https://ground.news/interest/kytx
読売新聞オンライン,Right,"As ICE Arrests Surged, Trump Administration Sought to Cut Bodycam Program","The Trump administration proposed massive cuts to Immigration and Customs Enforcement’s body camera program for this fiscal year as officers surged into U.S. cities to arrest immigrants, calling into question the agency’s commitment to deploying cameras.",https://ground.news/interest/_3899b7
WMBF News,Center,"LOOK: Winter storm brings snow, ice across the South",Winter weather will soon hit the Carolinas.,https://ground.news/interest/http-wwwwmbfnewscom
New Hampshire Union Leader,Center,"Storm leaves 1 million without power, forces 10,000 flight cancellations","More than 1 million customers in the U.S. as far west as New Mexico were without electricity and over 10,000 flights were canceled on Sunday during a monster winter storm that paralyzed eastern and southern states with heavy snow and…",https://ground.news/interest/unionleadercom
Fortune,Center,"Massive winter storm leaves 800,000 without power as Trump declares emergencies in at least a dozen states","“Behind the storm it’s just going to get bitterly cold across basically the entirety of the eastern two-thirds of the nation, east of the Rockies.""",https://ground.news/interest/fortune
readingeagle,Center,"Snow, sleet predictions change again for weekend storm in southeastern PA, NJ","Early Saturday morning the National Weather Service walked back its snow predictions slightly for the storm that will hit southeastern Pennsylvania and New Jersey early Sunday. “Snowfall amounts reduced slightly, with highest reductions south and east of the I-95 corridor as confidence increases in mixing occurring,” a 5 a.m. NWS briefing stated. “Impacts are unchanged as the combination of snow/sleet/freezing rain will bring major disruptions t…",https://ground.news/interest/readingeagle
WTXF,Center,"Winter storm warning: When, how much snow expected for PA, NJ and DE?","A significant winter storm is affecting the region this weekend, with heavy snow, icy conditions and dangerous cold expected across eastern Pennsylvania, New Jersey and Delaware as conditions intensify through the day and into tonight.",https://ground.news/interest/wtxf
Financial Post,Right,"Worst Houston Windstorm in 40 Years Leaves 800,000 Without Power","The worst windstorm in Houston in 40 years killed at least four people, left more than 800,000 customers without power and grounded hundreds of flights across Texas. 2 years ago · Canada",https://ground.news/interest/financial-post
The Verge,Lean Left,"Storm leaves over 800,000 Californians without power.","[Image: Over 610,000 people still without power. https://platform.theverge.com/wp-content/uploads/sites/2/chorus/uploads/chorus_asset/file/25267617/California_power_outage.jpg?quality=90&strip=all] Severe wind and rain left more than&nbsp;870,000 customers without power on Sunday evening according to data compiled by&nbsp;poweroutage.us, and remains at over 610,000 as Monday dawns. It&rsquo;s no wonder people who can afford them are increasingly… 2 years ago · United States",https://ground.news/interest/the-verge
▷ Diario Primera Linea,Left,The Extreme Cold Wave Hitting the Us Has Already Left at Least 11 Dead and More than a Million People without Electricity.,"A great winter storm advanced on Sunday from the south and center to the northeast of the United States after affecting two thirds of the country, leaving at least eleven dead, causing blackouts in more than a million homes and generating the worst day of air cancellations since the pandemic, according to authorities and monitoring sites. The phenomenon, considered by meteorologists as one of the worst winter episodes of recent decades in the Un…",https://ground.news/interest/diario-primera-linea
diariodesevilla.es,Left,The Monstrous Ice and Snow Storm that Has Hit America and Left 10 Dead,"Extreme snowfall and ice have left almost a million homes without electricity, causing the worst day of air cancellations since 2020 These are all the images of snowfall",https://ground.news/interest/diariodesevillaes
lrytas.lt,Left,"Chaos in the Us - Cold and Snow Hit: Thousands of Flights Canceled, Many People Left without Power","Among other things, the states of Mississippi, Louisiana, and Texas have been severely affected.",https://ground.news/interest/lrytaslt
Caraota Digital,Left,"Powerful Winter Storm 'Fern' Has Left More than 500,000 People without Electricity","The powerful winter storm ‘Fern’, which threatens to paralyze the east of the United States, has already left more than 500,000 customers without electricity, while authorities expect the cancellation of more than 9,600 flights this Sunday, in the face of the advance of this phenomenon. Meteorologists warn that snow, snow showers and dangerously cold temperatures will hit the eastern two-thirds of the country throughout the week. The National Me…",https://ground.news/interest/caraota-digital
Akşam,Left,"A Historic Snow Nightmare Hits the us... 770,000 People Left without Electricity.","Nearly 770,000 people in the US were left without electricity due to the snowstorm and cold weather.",https://ground.news/interest/akam
Liner.hu,Left,"A Winter Storm so Severe that 230,000 People Were Left without Power","Eastern and southern states in the United States are facing an unprecedented winter storm after more than 4,000 flights were canceled by Saturday and 230,000 customers were left without power as far west as Texas.",https://ground.news/interest/linerhu
CNN,Lean Left,Headline Unavailable,,https://ground.news/interest/cnn
voz.us,Right,Military Purge in China: Party Deposes Top General After Xi Jinping · Global Voices,Zhang Youxia had climbed the military and political ladder to occupy the vice presidency of a commission controlled by the People's Liberation Army. Among the accusations against him would be that he had leaked information from the Chinese nuclear program to the United States.,https://ground.news/interest/vozus
kreiszeitung.de,Center,Top General of China Is Said to Have Stabbed Nuclear Secrets to the Us,"The leader of the People's Liberation Army was disembarked in the course of Xi Jinping's military cleansing: ""Severe violations of discipline.""",https://ground.news/interest/kreiszeitungde
Washington Times,Right,Report: Purged Chinese general probed for leaking nuclear secrets,"The Chinese military's most senior general under investigation for corruption leaked nuclear secrets to the United States, the Wall Street Journal reported.",https://ground.news/interest/washington-times
India Today,Right,"Xi's purge targets aide and top generals, exposes deep rot in Chinese military","China’s highest-ranking general and once a close confidant of Xi Jinping, General Zhang Youxia is facing allegations of leaking nuclear secrets and corruption. Thousands of officers with ties to Zhang and other implicated generals now face heightened scrutiny, intensifying pressure on the upper ranks of the People’s Liberation Army.",https://ground.news/interest/india-today
The Week,Lean Left,China’s Xi targets top general in growing purge,"What happenedChina’s Ministry of Defense announced Saturday that the country’s top general, Zhang Youxia, and another member of the Central Military Commission, Gen. Liu Zhenli, were being investigated over “grave violations of discipline and the law.” The Defense Ministry did not disclose the allegations against either general, but Zhang was accused of “leaking information about the country’s nuclear-weapons program to the U.S. and accepting br…",https://ground.news/interest/the-week_fd0add
Japan Today,Lean Left,China's Xi targets his close ally in purge,"China’s investigation into its top general is taking President Xi Jinping’s years-long corruption purge into his innermost circle, underlining that even close personal ties do not offer protection…",https://ground.news/interest/japan-today
El Mundo,Right,"The Fall of General Zhang, the Last War Veteran Who Overshadowed Xi Jinping's Absolute Control","Son of a founding general of the People's Liberation Army (EPL), veteran of the war against Vietnam in 1979 and ally of President Xi Jinping since childhood, the figure...",https://ground.news/interest/el-mundo
News,Right,Stunning claim against China’s top general as President Xi purges military staff,Xi Jinping’s highest-ranked general is being probed amid allegations he shared a critical secret with the United States.,https://ground.news/interest/news_356a3f
CNN,Lean Left,Analysis: Xi has absolute control over China’s military. Now he wants more,"Chinese leader Xi Jinping’s decision to place the country’s top-ranking general under investigation is a stunning move that leaves Xi virtually alone at the top of the military hierarchy – raising deep questions about the implications for the world’s largest armed forces, as well as Beijing’s ambitions to take control of Taiwan.",https://ground.news/interest/cnn
El Pais,Lean Left,China Purges Its Military Leadership and Accuses the Maximum General of “Pisting” Xi Jinping’s Authority,"Zhang Youxia, China’s highest-ranking general, so far considered a man close to Chinese President Xi Jinping, has been put under investigation in a new coup by Beijing’s anti-corruption machinery against senior military commanders. The Army accuses Zhang and Liu Zhenli, another of the top military commanders, of undermining Xi’s authority, who is ultimately responsible for the country’s armed forces. Continue reading",https://ground.news/interest/el-pais
Novinky.cz,Lean Left,Shock in China. the Country's Top General Has Been Arrested,"The Chinese military leadership is shaking to its core. General Zhang Youxi, one of the top military officials and a close ally of Chinese President Xi Jinping, has been accused of leaking information about the country's nuclear weapons program to the United States and accepting bribes, The Wall Street Journal reports.",https://ground.news/interest/novinkycz
Tribune India,Right,Xi decapitates top military leadership in China - The Tribune,"Chairman Xi Jinping caused shockwaves by arresting the highest military leader inChina - General Zhang Youxia - it was announced on 24 January. Simultaneously, General Liu Zhenli, Chief of Staff of the Joint Staff Department, had been detained.",https://ground.news/interest/tribune-india
Svenska Dagbladet,Right,The Battle Against China: Supposedly Leaked Nuclear Weapons Data,"The man once considered President Xi Jinping's most trusted military man is now accused of bribery and leaking nuclear weapons data to the United States. According to experts, the development is ""unprecedented in China's military history"" and reduces the likelihood of an immediate invasion of Taiwan.",https://ground.news/interest/svenska-dagbladet
Sky News UK,Center,Xi's purge of top general paints a fascinating picture of power and control within a ruthless and unforgiving system,"General Zhang Youxia's removal marks the most senior scalp taken in a spate of high-level military purges. He was a close and longstanding ally of Xi Jinping, and his ousting says something remarkable about the lengths the president is willing to go.",https://ground.news/interest/sky-news
Hot News,Lean Left,Why Has the Head of the Chinese Army Arrived for an Investigation. Suspects About Secret Relations with u.s.a. - hotnews.ro,"General with China's highest rank, Zhang Youxia, is accused of publishing to the US information on the country's nuclear weapons programme and of receiving bribes for various official acts, including...",https://ground.news/interest/hot-news
Berliner Zeitung,Lean Left,China's Top General Is Said to Have Passed Nuclear Data to the Us,"In China, General Zhang Youxia and another high-ranking military are being investigated, and the allegations weigh heavily, according to a report.",https://ground.news/interest/berliner-zeitung
Newser,Lean Left,China's Top General Accused of Leaking Nuclear Secrets to US,"China's military just saw one of its most powerful figures fall under accusations that go far beyond routine corruption. At an internal briefing for top officers on Saturday, officials laid out allegations that Gen. Zhang Youxia—China's highest-ranking active-duty general and long viewed as a close ally of Xi Jinping—...",https://ground.news/interest/newsercom
News.ro,Lean Left,Wsj: the High-Ranking General in China Is Accused of Exposing u.s. Nuclear Secrets,"The General with China's highest rank is accused of publishing to the US information on the country's nuclear weapons programme and of accepting half for various official acts, including the promotion of an officer as a defence minister, told The Wall Street Journal (WSJ) people familiar with high-level information about the charges brought to them.",https://ground.news/interest/newsro
Handelsblatt,Right,China: Top General Reportedly Betrayed Nuclear Weapons Secrets to Usa,"In an investigation against the Vice-Chief of the Military Commission, China's leader Xi Jinping continues his purging campaign to strengthen control of the military.",https://ground.news/interest/handelsblattcom
Die Presse,Right,Cleansing Wave in China: Xi Jinping Cleans up in the Military,"After two defense ministers and leading officers, it has now met the country's highest-ranking general.",https://ground.news/interest/die-presse
La Repubblica,Lean Left,He Revealed the Secrets of Nuclear Power to the u.s.: the Shock Charges to Number One of the Chinese Army,The revelation of the Wall Street Journal. The general had been put under investigation on Saturday for violations of the discipline and law.,https://ground.news/interest/la-repubblica
The Diplomat,Center,The Purge of Zhang Youxia and Liu Zhenli: Why and What’s Next for China’s Military,"The PLA is in a major crisis, with a level of leadership instability unseen since the heyday of the Cultural Revolution.",https://ground.news/interest/the-diplomat
GB News,Right,Top Chinese general could be put to DEATH by CCP after 'leaking nuclear secrets to US',A senior Chinese general could face the death penalty after being accused of leaking nuclear secrets to the US,https://ground.news/interest/gbnewscom
The Daily Caller,Right,Senior Chinese General Under Investigation For Leaking Nuclear Weapons Info To US,China's top military officer faces accusations of passing nuclear weapons secrets to US becoming the most explosive allegation from Beijing's military purge.,https://ground.news/interest/the-daily-caller
Globo,Right,"China's Far-Fetched High Public Is Accused of Breaking Nuclear Secrets to the Us, Says the Newspaper","There are also mistrust that a member of the high military scale accepted a bribe for official acts, says The Wall Street Journal.",https://ground.news/interest/globo
The Straits Times,Right,Top China general Zhang Youxia accused of leaking nuclear secrets to US: WSJ,The 75-year-old general is also accused of accepting bribes for official acts. Read more at straitstimes.com.,https://ground.news/interest/the-straits-times_9bb9e6
Zero Hedge,Right,China's Sacked Top General Accused Of Leaking Nuclear Secrets To US: Report,"ZeroHedge - On a long enough timeline, the survival rate for everyone drops to zero",https://ground.news/interest/zero-hedge
Semafor,Lean Left,China’s top general is ousted as Xi ramps up crackdown,"China’s top general was ousted after being accused of leaking nuclear secrets to the US, a stunning purge that raises questions about Beijing’s military readiness. Zhang Youxia — who was second in military command only to Chinese leader Xi Jinping and considered one of his closest confidants — allegedly undermined Xi’s authority, official statements suggest, but The Wall Street Journal reported that he was also accused of providing data on China…",https://ground.news/interest/semaforcom
telex.hu,Lean Left,Wsj: Fired Chinese General Accused of Passing Nuclear Secrets to Us,"In addition, corruption is also among the charges brought against Zhang Yuxia.",https://ground.news/interest/telexhu
El Financiero,Right,China Investigates Its ‘Red Prince’: General Zhang Youxia Is Accused of Handing over Nuclear Secrets to the Us,"Zhang Youxia, considered the closest military to China's president, Xi Jinping, is accused of leaking information about Beijing's nuclear weapons program to the United States and accepting bribes in exchange for appointments in the Army.The charge was announced by China's Ministry of National Defence on Saturday, January 24, through a statement with few details in addition to pointing out violations of Communist Party discipline and laws.",https://ground.news/interest/el-financiero
Australian Financial Review,Right,China’s top general ‘leaked nuclear secrets to US’,"Xi Jinping purged the military official, who is reportedly accused of leaking information about the country’s nuclear weapons program.",https://ground.news/interest/australian-financial-review
focus.de,Right,Xi Jinping Disembarks General: He Is Said to Have Betrayed China's Nuclear Secrets to the United States,"The most powerful army general in China is being investigated - because of the transmission of secrets to the US and corruption. However, the removal of the man ranks in an unprecedented cleansing action by China's most powerful man in the ranks of the People's Liberation Army.",https://ground.news/interest/focusde
The Telegraph,Right,Top Chinese general 'leaked nuclear secrets to US',,https://ground.news/interest/the-telegraph
Digi 24,Center,"The Scandal in the Chinese Army. General of the Top, Near Jinping, Accused of Transmitting u.s. Nuclear Secrets.","A high-ranking general of the Chinese army, considered to be close to Beijing's leader Xi Jinping, is subjected to extremely serious charges, suspecting that it would have provided the United States with sensitive information about China's nuclear programme, according to a study published by The Wall Street Journal. The developments appear in the context in which Beijing authorities officially announced the opening of a disciplinary investigatio…",https://ground.news/interest/digi-24
RedState,Right,China Accuses Fired General of One-Upping General Mark Milley: He Gave Nuclear Secrets to the CIA,China's military faces turmoil as General Zhang Youxia is accused of leaking nuclear secrets to the CIA.,https://ground.news/interest/redstate
The Maritime Executive,Center,President Xi Continues His Purge of Senior Chinese Officers,"President X Jinping appears to have completed his purge of senior officer in the People’s Liberation Army (PLA), with a disproportionate number comin...",https://ground.news/interest/maritime-executivecom
Al Bawaba,Right,China's War on Corruption Topples Historic Military Figure and Exposes Beijing's Most Dangerous Secrets,"The Wall Street Journal revealed in an extensive report that a sensitive investigation has been opened in China targeting General Zhang Yuxia, one of the highest-ranking military commanders and one of the closest to Chinese President Xi Jinping, on serious charges of corruption and breaching national security...",https://ground.news/interest/albawaba
Protothema,Right,"Wall Street Journal Exposes: Top Chinese General, Confidant of President Xi Jinping, Leaked Nuclear Secrets to the Us","According to the American newspaper, the Chinese general is accused of leaking information about his country's nuclear weapons to the United States, while at the same time being bribed to... hand out promotions.",https://ground.news/interest/protothema
EADaily,Right,"Xi's right-hand man, General Zhang Youxia, is suspected of passing nuclear secrets to the United States","Zhang Yuxia, deputy chairman of the Central Military Commission and a member of the Politburo of the Communist Party of China, is suspected of transferring key technical data on Chinese nuclear weapons to the United States.",https://ground.news/interest/eadaily
Daily Express,Right,Top Chinese general accused of trading nuclear information with US,Zhang Youxia has been accused of corruption and leaking highly confidential secrets to the US.,https://ground.news/interest/daily-express
UPI,Center,Ousted China general accused of leaking nuclear secrets to U.S.,"Gen. Zhang Youxia, who helmed China's military, faces allegations of sharing nuclear secrets with the United States, The Wall Street Journal reported.",https://ground.news/interest/upi_0b956e
Times of India,Right,China’s top general accused of leaking nuclear secrets to US in exchange for official promotions: Report - The Times of India,"US News: China’s most senior general, Gen. Zhang Youxia, came under investigation on allegations that included leaking information about the country’s nuclear .",https://ground.news/interest/times-of-india
diario.mx,Center,Chinese General Accused of Filtering Nuclear Secrets to the Us · Global Voices,"Washington.- The highest-ranking Chinese general is accused of leaking information to the US about the country's nuclear weapons program and accepting bribes for official acts, including the promotion of an official to Minister of Defense, published The Wall Street Journal which quotes people with knowledge of a high-level briefing on the allegations. It is General Zhang Youxia, who, according to WSJ, was once considered the most trusted militar…",https://ground.news/interest/diariomx
Wall Street Journal,Center,China’s Top General Accused of Giving Nuclear Secrets to U.S.,"China’s senior-most general is accused of leaking information about the country’s nuclear-weapons program to the U.S. and accepting bribes for official acts, including the promotion of an officer to defense minister, said people familiar with a high-level briefing on the allegations.",https://ground.news/interest/wall-street-journal
Express US,Right,China's most senior general accused of leaking secret nuclear plans to US,China's top general is accused of taking bribes for official actions and leaking nuclear weapons secrets to the U.S.,https://ground.news/interest/the-expresscom
La Libre,Center,Xi Jinping Suddenly Gets Rid of China's Highest-Ranking Military Officer,The dismissal of General Zhang Youxia testifies to the intensification of the struggle for power in Beijing. ...,https://ground.news/interest/la-libre
Newsmax,Right,Report: China's Top General Leaked Nuclear Intelligence to US,Report: China's Top General Leaked Nuclear Intelligence to US,https://ground.news/interest/newsmax
charter97.org,Lean Left,The Chinese General Was Accused of Handing over Nuclear Secrets to the Us.,What is known.,https://ground.news/interest/charter97org
Ynet News,Lean Left,Report: Senior Chinese army general accused of passing nuclear secrets to United States,,https://ground.news/interest/ynet-news
The Thinking Conservative,Far Right,Xi Jinping’s Military Purge Signals a High-Stakes Battle Inside China’s Elite - The Thinking Conservative News,The removal of two top generals has intensified speculation that Xi is confronting powerful factions long embedded in the CCP. The post Xi Jinping’s Military Purge Signals a High-Stakes Battle Inside China’s Elite appeared first on The Thinking Conservative News.,https://ground.news/interest/the-thinking-conservative
The Epoch Times,Right,Xi Jinping’s Military Purge Signals a High-Stakes Battle Inside China’s Elite Circle,"News analysis The sudden downfall of two of China’s most senior military leaders has fueled speculation that Chinese leader Xi Jinping is entering a decisive—and potentially destabilizing—phase of internal power consolidation. On Jan. 24, China’s Ministry of National Defense announced that Zhang Youxia, a Politburo member and vice chairman of the Central Military Commission (CMC), and Liu Zhenli, a CMC member and chief of the Joint Staff Departm…",https://ground.news/interest/the-epoch-times
Indian Express,Lean Left,"As China purges top military general Zhang Youxia, the key theories around the extraordinary move","From Zhang’s influence posing a threat to Xi Jinping, to his possibly leaking nuclear weapons-related information to the US, to inefficiencies in Taiwan-related planning, a range of theories has been offered. Here is what makes the event unprecedented, and what it says about Xi and the Chinese military.",https://ground.news/interest/indian-express
Frankfurter Allgemeine,Right,China's Military: No One Is Safe From Xi Jinping,"In the end, there is only one left: what does the removal of the Chinese military leadership mean for the country's readiness to fight?",https://ground.news/interest/frankfurter-allgemeine
South China Morning Post,Center,Why China’s swift ousting of Zhang Youxia is a warning from Xi on party purity,Seemingly risky move to oust two generals ahead of Communist Party congress and PLA centenary sends a message about anti-corruption drive.,https://ground.news/interest/south-china-morning-post
Latin Times,Lean Left,China's Top General Reportedly Accused Of Leaking Data About Its Nuclear Weapons Program To The U.S.,"China's top general has been accused of leaking information to the United States and taking bribes for official acts, including promoting an officer to be defense minister, according to a new report.",https://ground.news/interest/latin-times
Neue Zürcher Zeitung,Right,Xi Jinping Disarms Confident Zhang Youxia: Power Fight in China,"With Zhang Youxia, China's head of state and party has killed one of the top military leaders and a long-time companion. Who is the man who suddenly fell into displeasure?",https://ground.news/interest/neue-zurcher-zeitung
Political Wire,Center,China’s Top General Accused of Giving Secrets to U.S.,"“China’s senior-most general is accused of leaking information about the country’s nuclear-weapons program to the U.S. and accepting bribes for official acts, including the promotion of an officer to defense minister,” the Wall Street Journal reports.",https://ground.news/interest/political-wire
The Washington Post,Lean Left,China fires top general in shocking purge of senior military command,,https://ground.news/interest/the-washington-post
Hawaii Tribune-Herald,Center,The rule of law in Minneapolis: Feds cannot be trusted on Minnesota justifications,"The Minnesota Bureau of Criminal Apprehension and the local Minneapolis county attorney’s office shouldn’t have had to sue the federal government for access to the evidence from Saturday’s fatal shooting of Alex Pretti by Border Patrol agents, but in the age of President Donald Trump and Homeland Security Secretary Kristi Noem, it was needed.",https://ground.news/interest/hawaii-tribune-herald
The Intercept,Left,"While Minnesotans Rejoice Over Greg Bovino’s Ouster, His Replacement is a Deportation Hardliner",The most notable difference between Tom Homan and Greg Bovino is that Homan has deported a lot more people — and done it at a national scale.,https://ground.news/interest/the-intercept
Wonkette,Left,"The Softer Side Of ICE. Tabs, Wed., Jan. 28, 2026","Tabs gif by your friend Martini Glambassador! Good morning good morning, Trump doesn’t like the shootings, it’s time to “de-escalate” and have “heart.” Like so:Why public opinion sometimes moves really really fast, in this case on “immigration” and abolish ICE. (G. Elliott Morris) You can’t train your way out of evil. (The New Republic)But you can train your way out of ignorant! Get all the important news that matters!“Embattled” Kristi Noem is …",https://ground.news/interest/wonkette
Afro,Left,Bovino set to leave Minneapolis as president reshuffles leadership of immigration crackdown,"Senior U.S. Border Patrol official Greg Bovino is set to leave Minnesota on Jan. 27 after intense immigration raids that led to the shooting deaths of two residents at the hands of federal agents. (AP Photo/Erin Hooley) By Steve Karnowski and Mike Balsamo Border Patrol Commander Gregory Bovino is expected to leave Minneapolis on Jan. 27, according to a person familiar with the matter, as the Trump administration reshuffles leadership of its immi…",https://ground.news/interest/afro
Observador,Right,Vigilations by Pretti Continue in Minneapolis Requiring Justice Even After the Replacement of Bovino,"Residents demand justice for Alex Pretti's death, shot by federal agents on Saturday. Tom Human replaced Greg Bovino in command of operations in the city.",https://ground.news/interest/observador
Associated Press News,Lean Left,Homeland Security Secretary Kristi Noem faces rising calls for her firing or impeachment,"A groundswell of voices have come to the same conclusion: Kristi Noem must go. Democratic Party leaders, top advocacy organizations and even some of the most centrist lawmakers in Congress are calling for the Homeland Security secretary to step aside after the shooting deaths in Minneapolis of two p",https://ground.news/interest/associated-press-news
The Daily Signal,Right,"In Homan’s Hands, Could Minneapolis Become Model for How Trump Deals With Sanctuary Jurisdictions?",Border czar Tom Homan can “hopefully” pioneer a model in Minnesota that the Trump administration could use in other sanctuary states.,https://ground.news/interest/the-daily-signal
Time Magazine,Lean Left,What to Know About Border Patrol Commander Greg Bovino,"As the commander-at-large of Customs and Border Protection (CBP), Gregory Bovino has served as a public face of an immigration crackdown whose agents’ identities are often concealed behind masks. And now, with backlash mounting over immigration officers’ aggressive enforcement tactics following two fatal shootings in Minneapolis, he has become a visible emblem of the controversy—and the Trump Administration’s efforts to quell it. [time-brightcov…",https://ground.news/interest/time-magazine
Mother Jones,Left,How Bovino proved too openly fascistic for Trump,And what it means—or doesn’t—that border czar Tom Homan is taking over.,https://ground.news/interest/mother-jones
BBC News,Center,Tom Homan: Trump's border tsar replacing Bovino in Minneapolis,The US border tsar has long been a ferocious defender of Donald Trump's immigration policies.,https://ground.news/interest/bbc-news_bf95f4
Media Matters for America,Right,“Looks like a surrender”: Right-wing media figures are disappointed by Trump’s demotion of Border Patrol commander Greg Bovino,"Some right-wing media figures are frustrated over Border Patrol commander Greg Bovino’s demotion and removal from Minneapolis following widespread backlash against the fatal shooting of Alex Pretti by masked Border Patrol agents there on January 24. Bovino has been the face of the Trump administration’s mass deportation efforts on the ground, overseeing operations in various cities across the U.S. Following Pretti’s killing, Bovino made statemen…",https://ground.news/interest/media-matters-for-america
Svenska Dagbladet,Right,Sat for Two Hours with Trump – Can Hang Loose,"After task force leader Greg Bovino was forced to leave his role as task force leader in Minnesota, reports are coming that Secretary Kristi Noem could be next in line. “I wouldn’t be surprised if she resigns or is replaced,” says US expert Jacob Gunderson.",https://ground.news/interest/svenska-dagbladet
News One,Left,"Greg Bovino, Kristi Noem Caught In Trump Admin ICE Cleanup","Source: OCTAVIO JONES / Getty Welp, we called it — the Trump administration’s routine strategy of spinning the fallout from violent immigration agents by smearing the victims and making the feds out to be innocent servants who are trying to do their jobs has backfired now that President Donald Trump and his MAGA-fied sycophants have tried to apply it to the killing of Minnesota health professional Alex Pretti. Because video footage of Pretti’s s…",https://ground.news/interest/news-one
Louder With Crowder,Far Right,Nick Sortor shares some shocking details about what's really going on at Homeland Security,"Watch Louder with Crowder every weekday at 11:00 AM Eastern, only on Rumble Premium!Nick Sortor joined today’s show to discuss ICE, Minnesota, and the Left’s riot machine.Sorter clarified a story about Border Patrol official Greg Bovino. He said Bovino wasn’t fired, but was removed from his role. According to Sorter, the decision came from within the agency, and President Trump wasn’t initially aware of it. According to CNN, “Homan is expected t…",https://ground.news/interest/louder-with-crowder
The Northern Echo,Center,Immigration crackdown chief to leave Minneapolis,US President Donald Trump is scaling back the federal presence in the city in the wake of a second fatal shooting by Ice officers.,https://ground.news/interest/the-northern-echo
New York Magazine,Left,How Greg Bovino’s Strongman Act Backfired Spectacularly,"Greg Bovino is reportedly being demoted, and Tom Homan is taking over for ICE in Minneapolis. The Border Patrol officer who wanted attention for his “badass” persona has been removed for failing to control the fallout.",https://ground.news/interest/new-york-magazine
EFE,Center,"Minneapolis, After the Departure of Commander Greg Bovino: ""It Is a Big Step but We Must Continue in the Streets""","Inhabitants of Minneapolis (Minnesota, USA) keep vigils to honor Alex Pretti, shot down by federal immigration agents, and demand justice after it was announced that controversial Greg Bovino will stop leading the deployment in the city.",https://ground.news/interest/efe
WSB_TV Atlanta 2,Center,Warnock goes to Minneapolis amid tension between ICE and protesters following killings,It comes as the man at the center of the immigration crackdown there is expected to leave the state.,https://ground.news/interest/wsb-tv-atlanta-2
BT,Right,Criticism of Us Border Agents Mounts: 'Lies From Those at the Top',Secretary of State challenges border guards' explanation after another shooting in Minneapolis.,https://ground.news/interest/bt
Pioneer Press,Center,"What to know about Gregory Bovino, the commander of Trump’s immigration crackdown","By The Associated Press The commander of President Donald Trump’s immigration crackdown in Minneapolis is leaving the city after federal agents fatally shot two people in less than three weeks. Gregory Bovino had been the go-to architect for the large-scale immigration crackdowns ordered by Trump and the public face of his administration’s city-by-city sweeps. The Border Patrol chief led agents in Los Angeles, Chicago and New Orleans before he h…",https://ground.news/interest/pioneer-press
The Paintsville Herald,Center,US border enforcer set to leave Minneapolis as Trump tries to calm crisis,"The US Border Patrol commander famed for reveling in aggressive, televised immigration crackdowns, and some federal agents were expected to leave Minneapolis on Tuesday as the White House sought to stem fallout over the second fatal shooting of a protester…",https://ground.news/interest/the-paintsville-herald
Sky News UK,Center,Gregory Bovino: The US immigration commander known for his 'turn and burn' tactics,"Nicknamed ""Little Napoleon"" by his critics, Gregory Bovino has become the face of Trump's crackdown but has been pulled out of Minneapolis after controversial ICE shootings.",https://ground.news/interest/sky-news
Distractify,Lean Left,Greg Bovino and His SS-Like Greatcoat Are Leaving Minnesota — Is He Donezo or Just Demoted?,Greg Bovino is leaving Minneapolis and he's taking his lies with him. Was the U.S. Border Patrol Commander demoted or fired? Here's what we know.,https://ground.news/interest/distractify
Bossip,Left,"ICE Taking Heat: Press Secretary Karoline Leavitt Dodges Question About Alex Pretti Slander, Border Patrol Chief Greg Bovino Removed","Source: Probal Rashid / Getty Alex Pretti’s public execution, which is defined by Merriam-Webster as “a putting to death especially as a legal penalty”, has put even more fuel on the fire that was sparked when Renee Nicole Good was gunned down by ICE agents three weeks ago. Minneapolis, Minnesota, is ground zero for righteous indignation, and the people there show no signs of letting up. The city’s occupation by 3,000 ICE agents and DHS officer…",https://ground.news/interest/bossip
War Room: Impeachment,Far Right,Episode 5096: Bovino To Leave Minneapolis; Deportations To Continue - Stephen K Bannon's War Room,"We discuss polling, economy, battleground states, and more. Our Guests Are:  Stay ahead of the censors – Join us warroom.org/join Aired On: 1/26/2026 Watch:On the Web: https://www.warroom.orgOn Gettr: @WarRoomOn X: @Bannons_WarRoomOn Podcast: Apple, iHeart Radio, Google On TV: PlutoTV Channel 240, Dish Channel 219, Roku, Apple TV, FireTV or on https://AmericasVoice.news. #news #politics #realnews    The post Episode 5096: Bovino To Leave Minneap…",https://ground.news/interest/war-room-impeachment
Independent Sentinel,Right,The Hardcore Left Is Growing in Strength,"Many people are upset about Greg Bovino leaving Minnesota, but I’ve learned to trust President Trump’s judgment in most cases. He appears to be making a temporary decision by transferring Greg Bovino and calming the situation in Minneapolis. I don’t like it; it seems like caving, but we don’t have President Trump’s perspective. ICE isn’t […] The post The Hardcore Left Is Growing in Strength appeared first on www.independentsentinel.com.",https://ground.news/interest/wwwindependentsentinelcom
Channel 4,Lean Left,Minneapolis: Trump pulls agents and Border Patrol chief after killing,"The face of President Trump’s immigration crackdown, Border Patrol Commander Gregory Bovino is set to leave Minneapolis. He’s being stripped of his ‘commander at large’ title following pressure on the Trump administration to take action over federal agents fatally shooting  Alex Pretti. Instead, Trump will be sending his border czar Tom Homan to oversee Minnesota’s ICE operations.",https://ground.news/interest/channel-4
Toronto Sun,Right,U.S. Border Patrol commander Greg Bovino set to leave Minnesota,"U.S. Border Patrol commander Gregory Bovino, a top official in President Donald Trump's nationwide immigration crackdown, is reportedly leaving Minneapolis in the wake of two deadly shootings by federal agents.",https://ground.news/interest/toronto-sun
Salon,Left,"Bovino is out, but Trump isn't relenting","Beyond the heinous fact of Alex Pretti’s killing on Saturday in Minneapolis, when at least 10 bullets were fired by Border Patrol officers at the 37-year-old ICU nurse who was caring for others at a peaceful protest against Immigration and Customs Enforcement operations, it was body language that stood out. The curve of his thin back as he tried to shield a woman before he was dragged away; the swagger of the federal agents who were soon to kill…",https://ground.news/interest/salon
Fox8,Center,Border Patrol commander expected to leave Minnesota,"Greg Bovino, commander-at-large of the U.S. Border Patrol, is expected to depart Minnesota on Tuesday along with some of his agents, according to multiple reports.",https://ground.news/interest/myfox8com
BioBioChile,Right,Head of Border Patrol Gregory Bovino Will Be Removed From Minnesota After Killing Two Civilians,"Gregory Bovino, commander general of the Border Patrol in charge of the operations of the U.S. Immigration and Customs Control Service (ICE), will be removed from Minnesota after two people were killed by agents of the federal agency. According to two officials on condition of anonymity to The New York Times, the Trump administration decided that, along with Bovino, several other members of the Border Patrol will leave the state.",https://ground.news/interest/biobiochile
Irish Times,Lean Left,"Who is Gregory Bovino, the US border patrol’s would-be Napoleon with a viral ‘SS’ coat?",Commander who oversaw chaotic raids in Minnesota is being withdrawn from his frontline role in the midwestern city,https://ground.news/interest/irish-times
El Financiero,Right,"Greg Bovino, Officer Responsible for Raids, Will Leave Minneapolis After the Murder of Alex Pretti and Renee Good","Greg Bovino, the U.S. Border Patrol commander who became the face of President Donald Trump's broad immigration offensive in Minneapolis, leaves the city following growing public outrage over the murder of two U.S. citizens by federal agents in recent weeks.Bovino and some Border Patrol agents are expected to start starting Tuesday, according to local officials.This move follows the protests, political instability, and national scrutiny of Opera…",https://ground.news/interest/el-financiero
The Hill,Center,Bovino expected to leave Minneapolis Tuesday: Reports,"Greg Bovino, commander-at-large of the U.S. Border Patrol, is expected to depart Minnesota on Tuesday along with some of his agents, according to multiple reports. His departure comes in the wake of the fatal shooting of Alex Pretti by a Border Patrol agent in Minneapolis on Saturday. Bovino told CNN on Sunday that Pretti was…",https://ground.news/interest/the-hill
Poynter,Center,How bystander video and newsroom analysis undercut the White House narrative on Alex Pretti,"The administration tried to shape the story, but evidence and detailed analysis appear to have forced a rare recalibration",https://ground.news/interest/poynter
One News Page,Center,MAGA Back Greg Bovino After Minnesota Shake Up,"Amid reports the border patrol agent may leave Minneapolis in the wake of Alex Pretti's death, MAGA figures praised him on X.",https://ground.news/interest/one-news-page
Echo Press,Right,'We can take the alone away',"ALEXANDRIA — Saturday morning, Jan. 24, Minnesotans were learning over their first cups of coffee that someone else, a 37 year old ICU nurse at the Minneapolis VA Health Care System, had been killed by ICE just after 9 a.m. Saturday evening, a small group of Alexandrians were at Veterans Memorial Park with signs and candles, mourning Alex Pretti. “Yesterday was difficult,” says vigil organizer Katie Satterlie. “It was hard to see the news of ano…",https://ground.news/interest/echopresscom
Newser,Lean Left,Border Patrol Commander Greg Bovino Demoted: Sources,"A senior Border Patrol official has been quietly stripped of his high-profile role in Minnesota after two fatal shootings by federal agents there this month, a source tells FOX 2 . Gregory Bovino, who had been serving as Commander-at-Large overseeing Department of Homeland Security operations in Minnesota during the Trump administration's...",https://ground.news/interest/newsercom
Jezebel,Left,Maybe It Is Possible to Be Too Visibly a Nazi for the Trump Administration?,"Less than 24 hours ago, as I wrote about President Donald Trump’s evolving stance on the Border Patrol execution of American citizen Alex Pretti in Minneapolis, I said the following: The most absurd potential outcome of the last 48 hours, but not completely impossible, would be Trump pulling an abrupt about-face to actually condemn the shooting of Pretti and align himself more with public opinion, in the process throwing the likes of Gregory Bov…",https://ground.news/interest/jezebel
Bloomberg,Lean Left,Trump's Border Enforcer Plans to Leave Minnesota After Backlash,,https://ground.news/interest/bloomberg
The Independent,Lean Left,"Who is Greg Bovino? The viral star behind CBP’s tactics, now ditched by Trump",Customs and Border Protection commander stood down from Trump administration’s Minneapolis operation after second fatal shooting of a U.S. citizen in a month,https://ground.news/interest/the-independent_ff73a6
Fria Tider,Far Right,Trump Deescalates in Minnesota,ICE chief Gregory Bovino allowed to leave Minneapolis. Softening of tone after high-profile shooting.,https://ground.news/interest/fria-tider
Il Fatto Quotidiano,Lean Left,Tom Homan: Who Is Trump's Border Tsar with Record 432 Thousand Deportations,"Gregory Bovino has not been relieved from his assignment. On X the spokesperson of the Department of Homeland Security, Tricia McLaughlin, has specified. But the decision is made: the commander of the Border Patrol, under accusation for the violence committed in recent weeks in Minneapolis by his men, should leave the city today along with a part of his agents. Now in Minnesota is expected Tom Homan, the man chosen by Donald Trump to manage the …",https://ground.news/interest/il-fatto-nuotidiano
Le Monde,Lean Left,"Gregory Bovino, the face of the militarized fight against immigration, ousted from Minneapolis","The commander-at-large of the US Border Patrol, known for its aggressive and illegal tactics, came under criticism after his agents killed nurse Alex Pretti in Minneapolis during a protest.",https://ground.news/interest/le-monde
Latin Times,Lean Left,Gavin Newsom Celebrates Removal Of Greg Bovino As Border Patrol's 'Commander At Large': 'Gestapo Greg Is Out',"California Governor Gavin Newsom celebrated reports that Greg Bovino has been removed from his role as Border Patrol's ""Commander at Large"" in the fallout of Alex Pretti's killing in Minneapolis on Saturday.",https://ground.news/interest/latin-times
Berliner Morgenpost,Center,Farmer Sacrifice Bovino: Trump Withdraws Ice Boss – but the System Remains,"After the deaths in Minneapolis, the former Chief of Operations is withdrawn, but the core of the problem remains.",https://ground.news/interest/berliner-morgenpost
Al Arabiya,Right,US official denies report Border Patrol commander ousted,,https://ground.news/interest/al-arabiya
BFM TV,Center,"The Us Government Denies the Departure of the Head of the Border Police, ""Key Member"" of the Trump Administration","On Monday, the American magazine The Atlantic reported that the head of the border police, Greg Bovino, had been removed from office, an information that is now contradicted by the US government.",https://ground.news/interest/bfm-tv
Al Jazeera,Lean Left,"Who is Greg Bovino, the face of Trump’s Minneapolis crackdown?","Bovino’s expected exit comes amid intense scrutiny, as Trump sends border tsar Tom Homan to Minneapolis.",https://ground.news/interest/al-jazeera_1a2e2c
Deutschlandfunk,Center,After Fatal Shots - Several Ice Agents Are Supposed to Leave Minneapolis - Apparently Also Chief of Operations Bovino,"After the deadly shots in Minneapolis, the US government is under pressure. According to Mayor Frey, first ICE forces are being withdrawn. Among them, according to media reports, there is also the controversial operation leader Bovino.",https://ground.news/interest/deutschlandfunk
Metro News,Lean Left,Top ICE commander to leave Minneapolis after Alex Pretti's killing,"Outrage over Alex Pretti's murder has prompted Trump to ask Gregory Bovino and some ICE agents to leave Minnesota, its been reported.",https://ground.news/interest/metro-news
TMZ,Right,Gregory Bovino Could Leave Minneapolis as Early as Tuesday,"U.S. Border Patrol Commander-at-Large Gregory Bovino is leaving Minneapolis as soon as Tuesday, Jan. 27 ... after weeks of unrest across the Twin Cities in response to harsh immigration enforcement activity at the hands of federal agents under Bovino's authority.",https://ground.news/interest/tmz
News.de,Lean Left,Greg Bovino Soon Away From the Window?: Donald Trump in the Tangle - Separation for Us President Is Inevitable,"The fatal shots on US citizen Alex Pretti have put Donald Trump in a mess: after US-wide protests and democrat threats, the US president is forced to separate ICE commander Greg Bovino.",https://ground.news/interest/newsde
UNICORN RIOT,Left,ICE in Minnesota – Days 51-56: Bovino Removed After Pretti Killing; Noise Demo Drives Out Agents; 'ICE Out' Day of Action in Twin Cities,"Operation Metro Surge continues to weigh on Minneapolis, St. Paul and Minnesota as a whole. The federal government has increasingly targeted the state government and local leaders who have engaged in widespread and organized resistance to ICE’s campaign in the region. Resistance has continued, and has been effective at reducing the efficacy of ICE & federal agents’ attempts to detain people and crush protests. Border Patrol “Commander” Greg Bovi…",https://ground.news/interest/unicorn-riot
Geo News,Right,Greg Bovino to leave Minneapolis in ICE leadership shake-up,"In a major shakeup of the United States Immigration and Customs Enforcement leadership in Minneapolis, Gregory Bovino is expected to leave the city after the second fatal shooting involving federal agents.Bovino, a Border Patrol...",https://ground.news/interest/geo-news
The US Sun,Right,Trump holds 2-hour crisis talks with Kristi Noem over Minnesota fallout,"KRISTI Noem, US Secretary of Homeland Security, has been locked in crisis talks with Donald Trump over the fatal shooting of beloved nurse Alex...",https://ground.news/interest/the-us-sun
ladepeche.fr,Lean Left,Manifestant Killed in Minneapolis: the Head of the Ice Gregory Bovino Removed From the City After the Death of Alex Pretti,"Federal agents deployed in Minneapolis will start to leave the city on Tuesday, assured the municipality, while Donald Trump plays appeasement in the face of the wave of indignation caused by death...",https://ground.news/interest/ladepechefr
France24,Center,Bovino to leave Minneapolis as Trump reshuffles immigration operation,"Border Patrol commander Gregory Bovino – the US official behind President Donald Trump's aggressive immigration enforcement operations – is expected to leave Minneapolis on Tuesday after Saturday's fatal shooting of ICU nurse Alex Pretty ignited political backlash. ""Some federal agents"" will also leave the city, the Minneapolis mayor said.",https://ground.news/interest/france24
franceinfo.fr,Lean Left,"""It's Just Trump's Puppet"": in Minneapolis, Protesters Outraged by the Arrival of the ""Tsar of Borders""",ICE Commander Gregory Bovino left the city on Monday. Donald Trump decided to send his immigration advisor Tom Homan.,https://ground.news/interest/franceinfofr
New Strait Times,Center,US denies Border Patrol chief Gregory Bovino ousted amid Minneapolis backlash,"WASHINGTON: The Department of Homeland Security denied a report Monday that US Border Patrol commander Gregory Bovino had been removed from his post, despite President Donald Trump reassessing harsh immigration crackdown tactics that led to the deaths of two Americans in Minneapolis.",https://ground.news/interest/new-strait-times
La Libre,Center,Tension with Immigration Police in the Us: Us Government Denies the Departure of the Head of the Border Police,"The US government denied on Monday press reports that the head of the border police, Greg Bovino, one of the symbols of Donald Trump's fierce struggle against illegal migrants, had been removed from his office. ...",https://ground.news/interest/la-libre
il Giornale,Right,Trump Brakes on Minneapolis: the Commander of Border Patrol Bovino Leaves the City: Coming the Faithful Homan,"Trump administration reduces federal presence in Minnesota after a second death shooting of Border Patrol. Commander Bovino leaves Minneapolis, while management passes to Tom Homan, among political criticism and requests for impartial investigation",https://ground.news/interest/ilgiornaleit
Hot News,Lean Left,Trump Threw Him Off the Launch Line of the Fight Against Immigration / American Press Writes that He Follows an Important Name From the Us Government - hotnews.ro,"Greg Bovino was removed from the ""general commander"" of the U.S. Border Police and will return to his former job in El Centro, California, where he is expected to retire...",https://ground.news/interest/hot-news
444.hu,Lean Left,"Trump Replaces Unpopular, and Even Hated by Many, Greg Bovino in Minneapolis","President Donald Trump, according to the assessment of the entire Anglo-Saxon press, has sounded a retreat and would ease the tension experienced in Minneapolis for weeks, after he decided on Monday evening to replace the commander of the federal alien law enforcement forces occupying the city of Minneapolis, Greg Bovino, and to send Tom Homan, the “border czar” responsible for immigration issues, in his place. It seems that Trump may also reduc…",https://ground.news/interest/444hu
Sud Ouest,Center,"Minneapolis: Eci Officers Will Leave Town This Tuesday, Trump Replaces the Head of the Border Police","While tension has risen again in Minnesota after the death of a second protester killed by the immigration police, the U.S. President is trying to calm things down.",https://ground.news/interest/sud-ouest
The Hindu,Lean Left,U.S. official denies report Border Patrol commander Gregory Bovino ousted,"DHS denies claims that Border Patrol commander Gregory Bovino was ousted, reaffirming his crucial role amid immigration policy reassessment.",https://ground.news/interest/the-hindu
Euronews,Center,Border patrol chief Greg Bovino and other agents to leave Minneapolis,"The Trump administration agreed to scale back federal presence after a second fatal shooting by federal officers. President Donald Trump said he will replace Border Patrol chief Gregory Bovino with border czar, Tom Homan.",https://ground.news/interest/euronews
El Pais,Lean Left,"Minneapolis Fires Greg Bovino, the Face of Trump’s Repression in the Democratic City with Protest · Global Voices","About 150 people, of those who protest every day against the deployment of 3,000 Donald Trump immigration police officers in Minneapolis, concentrated this Monday on the blazing parking lot of an I-94 hotel on the outskirts of the city, to weather the farewell to Gregory Bovino, commander-in-chief of the Border Patrol and so far in charge of field operations in the city of the Midwest.Continue reading",https://ground.news/interest/el-pais
Il Post,Lean Left,Greg Bovino and some Federal Agents Will Leave Minnesota,"The head of Border Patrol will be transferred, after the many criticisms received for the murder of Alex Pretti",https://ground.news/interest/il-post
Die Presse,Right,Controversial Border Guard Commander Bovino to Leave Minneapolis,"After the death of U.S. citizen Alex Pretti by gunshots at a deployment of federal officials, more and more protest is building up in the city and nationwide against the Trump administration and its rigorous deportation policy.",https://ground.news/interest/die-presse
Boston Globe,Lean Left,Bovino to leave Minneapolis as Trump reshuffles the leadership of his immigration crackdown - The Boston Globe,"Saturday’s fatal shooting of Pretti, an ICU nurse, by Border Patrol agents ignited political backlash and raised fresh questions about how the operation was being run.",https://ground.news/interest/boston-globe
der Standard AT,Lean Left,Deadly Deployment: Controversial Ice Commander to Leave Minneapolis,"According to the U.S. media, some of his border guards are to be removed as well as the executive. Instead, another hardliner is sent to the city.",https://ground.news/interest/der-standard_389fff
Sueddeutsche Zeitung,Lean Left,Minneapolis Protests: Why General Bovino Must Give Way,"After the death shots of Minneapolis, the Martial commander Bovino of the Border Patrol is replaced by the border guard Homan. Does Donald Trump change course?",https://ground.news/interest/sueddeutsche-zeitung
Firstpost News,Center,"Has Gregory Bovino, Trump’s Border Patrol chief, been fired after second Minneapolis shooting?","Border Patrol commander Gregory Bovino oversaw federal immigration operations in Minneapolis amid three agent-involved shootings this month. Following political backlash and court scrutiny, Trump placed border czar Tom Homan in charge, while Bovino is among federal officials expected to leave the city",https://ground.news/interest/firstpost-news
Express US,Right,Border Patrol chief removed after deadly Minneapolis ICE shootings,"Gregory Bovino has been removed from his role as CBP's ""commander at large"" following the fatal shooting of two American citizens by immigration enforcement agents in Minneapolis.",https://ground.news/interest/the-expresscom
telex.hu,Lean Left,Cnn: Border Patrol Chief and some Agents Withdraw From Minneapolis,Gregory Bovino made several claims about the circumstances of Alex Pretti's death that contradicted what was seen in the video footage that was later released.,https://ground.news/interest/telexhu
Marca,Center,"Who is Greg Bovino, Trump's immigration enforcer leaving Minneapolis? Was he fired?",Gregory Bovino has emerged as one of the most controversial figures in the Trump administration's renewed campaign for aggressive immigration enforcement across U.S. cities.,https://ground.news/interest/marca
The Japan Times,Center,Trump’s border chief Greg Bovino to leave Minnesota amid backlash over killings,"Bovino and some Border Patrol agents are expected to depart as soon as Tuesday, following protests and nationwide scrutiny of the U.S. president's immigration crackdown.",https://ground.news/interest/the-japan-times
Tagesschau,Center,Ice Trains and Border Guards: First Emergency Personnel Are to Leave Minneapolis,"Following a phone call with US President Trump, the mayor of Minneapolis announced the withdrawal of the first ICE and border patrol agents. Among them is reportedly the controversial border patrol operations commander, Bovino.",https://ground.news/interest/tagesschau
Washington Times,Right,Greg Bovino to leave Minneapolis as Trump reshuffles leadership of immigration crackdown,"Border Patrol commander Gregory Bovino is expected to leave Minneapolis on Tuesday, according a person familiar with the matter, as the Trump administration reshuffles leadership of its immigration enforcement operation and scales back the federal presence after a second fatal shooting by federal officers.",https://ground.news/interest/washington-times
DNyuz,Right,"Trump paves the ground for Minnesota retreat as he touts talks with governor, mayor: ‘lots of progress is being made’","President Donald Trump softened his tone Monday on the immigration crackdown in Minnesota, touting productive conversations with the governor and Minneapolis mayor as he sent the border czar to take charge of much of the enforcement effort. Some federal agents were expected to leave as soon as Tuesday. Minneapolis Mayor Jacob Frey said he spoke by phone with Trump, who praised the discussion and declared that “lots of progress is being made.” Fr…",https://ground.news/interest/dnyuz
Florida Today,Center,Who is Greg Bovino? Top Trump immigration enforcer to leave Minneapolis,"Amid President Donald Trump’s immigration enforcement across the United States, Border Patrol Cmdr. Gregory Bovino has emerged as a central figure.",https://ground.news/interest/florida-today
Orlando Sentinel,Lean Left,Trump’s border enforcer plans to leave Minnesota after backlash,"Greg Bovino, the U.S. Border Patrol commander who became the face of President Donald Trump’s sweeping immigration crackdown in Minneapolis, is leaving the city following a mounting public outcry over the killing of two U.S. citizens by federal agents in recent weeks. Bovino and some Border Patrol agents are expected to begin departing as soon as Tuesday, according to local officials. The move ...",https://ground.news/interest/orlando-sentinel
Novinky.cz,Lean Left,Border Patrol Commander Fired After Minneapolis Shooting,"Greg Bovino was removed from his position as field commander of the U.S. Border Patrol on Monday and reassigned to California, where he is expected to retire soon, in response to the shooting death of 37-year-old paramedic Alex Pretti on Saturday.",https://ground.news/interest/novinkycz
svt Nyheter,Lean Left,"Information: Border Patrol ""Commander-in-Chief"" Gregory Bovino Is Removed","The head of the US Border Patrol, Gregory Bovino, has reportedly been removed from his role and will return to his regular job in California, where he is expected to retire soon, The Atlantic reports, citing sources. However, according to the Department of Homeland Security, he has not been fired.",https://ground.news/interest/svt-nyheter
Stuff,Lean Left,Border Patrol commander behind Trump’s aggressive immigration crackdown ‘removed from role’,Reports say Greg Bovino will leave Minneapolis and return to his old job in California.,https://ground.news/interest/stuff_0ae80d
voz.us,Right,"Gregory Bovino, ""General Commander"" of the Border Patrol, Was Demoted as Several Agents Prepare to Leave Minnesota","Gregory Bovino, senior Border Patrol officer (CBP), was demoted after the operation that ended with the death of civilian Alex Jeffrey Pretti. According to The Atlantic, where they spoke to a source from the Department of Homeland Security (DHS), the official will return to his former work in El Centro, California, where he is expected to retire soon. However, from the DHS they denied that Bovino has been removed from his duties. Read more",https://ground.news/interest/vozus
Fox 59 Indianapolis,Center,Gregory Bovino relieved as Border Patrol commander-at-large,Border czar Tom Homan is heading to Minneapolis and will meet with Minneapolis Mayor Jacob Frey on Tuesday.,https://ground.news/interest/fox-59-indianapolis
Staten Island Advance,Center,Greg Bovino and some Border Patrol agents are likely to leave Minnesota,The departure comes days after ICU nurse Alex Pretti was fatally shot.,https://ground.news/interest/staten-island-advance
Daily Express,Right,Trump's six-words show he's cracking under the strain of ICE shootings,"In a dramatic twist, President Trump has reshuffled his border team amidst rising tensions in Minneapolis, leaving many to wonder about the implications.",https://ground.news/interest/daily-express
NDTV,Right,Gregory Bovino Removed From Top US Border Patrol Post Days After Minneapolis Killing: Report,"Gregory Bovino has been removed from his role as the ""commander at large"" for the US Border Patrol and will return to his former job in California, where he is expected to retire soon",https://ground.news/interest/ndtv
Hola News,Center,"Trump Says Progress Is Being Made in Defusing Tension in Minneapolis, After Calling with Mayor","Washington, Jan. 26 (EFE).- With his combative attitude and military dress, U.S. Border Patrol senior official Gregory Bovino has been the hard face of the most aggressive immigration campaigns during President Donald Trump's second term, which has decided to relieve him of operations in Minneapolis to calm the moods after Alex Pretti's death. U.S. President Tom Homan announced today that his border tsar, Tom Homan, will arrive tomorrow in Minne…",https://ground.news/interest/hola-news
n-tv.de,Right,"He Sees Ice Officials as ""Victims"": Border Guard Commander Bovino to Leave Minneapolis",The border guard commander Gregory Bovino has become the face of the operations of federal officials in Minneapolis. Now he is apparently to be withdrawn - together with some of his border guards.,https://ground.news/interest/n-tvde
KVIA,Center,"Gregory Bovino, the Controversial Border Patrol Commander, Is Set to Leave Minneapolis on Tuesday, According to Sources.","By Priscilla Alvarez, Kristen Holmes, Kaitlan Collins, and Michael Williams. Border Patrol Commander General Gregory Bovino and some of his agents are expected to leave Minneapolis on Tuesday and return to their respective sectors, according to three sources familiar with the discussions, sidelining a key player in the Trump administration’s immigration offensive. The move comes after President Donald Trump announced he was sending White House b…",https://ground.news/interest/kvia
Penn Live,Center,Border Patrol commander to leave Minnesota amid immigration surge backlash,Greg Bovino's departure follows fatal shooting of ICU nurse Alex Pretti as Trump sends border czar Tom Homan to oversee operations.,https://ground.news/interest/penn-live
Schweizer Radio und Fernsehen (SRF),Lean Left,According to Media Reports - Border Guard Commander Gregory Bovino Is to Leave Minneapolis,"In addition to him, some of his border guards are also to be removed, as the US stations CNN and CBS News reported.",https://ground.news/interest/schweizer-radio-und-fernsehen-srf
ANSA,Center,"Minneapolis, Media: Border Patrol Commander Removed From Office but Denial Arrives - North America",'The Minister for Homeland Security also denies the place.' Washington denies the news about Bovino (ANSA),https://ground.news/interest/ansa
Star Advertiser,Center,Report: Bovino removed as Border Patrol ‘commander at large’ | Honolulu Star-Advertiser,"Gregory Bovino has been removed from his role as the “commander at large” for the U.S. Border Patrol in Minneapolis and will return to his former job in California, where he is expected to retire soon, the Atlantic reported on Monday, citing a Homeland Security official and two people with knowledge of the change.",https://ground.news/interest/star-advertiser
Spiegel,Lean Left,Controversial Border Guard Gregory Bovino Appears to Be Being Withdrawn From Minneapolis,"Border Patrol commander Gregory Bovino is regarded as a central figure in the unrest in Minneapolis. Now he and some of his people are supposed to leave the city. Instead, the US president sends his ""border guard"" there.",https://ground.news/interest/spiegel
Live Mint,Center,Greg Bovino to leave Minnesota as Trump faces backlash over second fatal ICE shooting; ‘border czar’ to take charge,Border Patrol commander Greg Bovino's departure marks a significant public shift in federal law enforcement posture amid mounting outrage over the fatal shooting of 37-year-old ICU nurse Alex Pretti by Border Patrol agents.,https://ground.news/interest/live-mint
The Gateway Pundit,Far Right,DEVELOPING: Border Patrol Commander Greg Bovino to Leave Minnesota... And Has No Access to His Social Media?,Update: Bovino’s access to his social media has reportedly been suspended.,https://ground.news/interest/the-gateway-pundit
WLTReport,Far Right,BREAKING: Gregory Bovino Relieved of Duty?,"Conflicting reports are emerging today that Gregory Bovino has been relieved of duty as the Commander at Large of the U.S. Border Patrol. From Nick Sortor, live on the ground in Minneapolis: MAJOR BREAKING: Gregory Bovino has now been RELIEVED OF DUTY as Commander at Large of the U.S. Border Patrol, I’ve exclusive learned This is BS! Trump must reverse this NOW! Bovino put his life on the line EVERY SINGLE DAY pushing for mass deportations acro…",https://ground.news/interest/wltreportcom
The Oregonian,Center,Border Patrol commander Greg Bovino to leave Minnesota amid immigration crackdown fallout,Greg Bovino's departure follows controversial defense of fatal shooting as Trump and local officials report progress in resolving tensions.,https://ground.news/interest/the-oregonian
Fortune,Center,"Trump paves the ground for Minnesota retreat as he touts talks with governor, mayor: 'lots of progress is being made'","President Donald Trump softened his tone Monday on the immigration crackdown in Minnesota, touting productive conversations with the governor and Minneapolis mayor as he sent the border czar to take charge of much of the enforcement effort. Some federal agents were expected to leave as soon as Tuesday. Minneapolis Mayor Jacob Frey said he spoke by phone with Trump, who praised the discussion and declared that “lots of progress is being made.” Fr…",https://ground.news/interest/fortune
Corriere Della Sera,Center,"Minneapolis, Trump Turn: Bovino and His Agents Away From the City","Bovino (who will soon retire) will return to his previous position in California: he has also been deprived of access to social media. U.S. president points to Homan, the ""duro"" Tsar of the borders, instead of Minister Noem to direct operations",https://ground.news/interest/corriere-della-sera
Just Jared,Center,"Border Patrol Commander Greg Bovino & Some of His Agents Expected to Leave Minneapolis, Sources Say | Just Jared: Celebrity News and Gossip","Border Patrol Commander Greg Bovino & Some of His Agents Expected to Leave Minneapolis, Sources Say Controversial Border Patrol commander Greg Bovino and some of his fellow agents are expected to leave Minneapolis imminently. The reports come from multiple sources…",https://ground.news/interest/just-jared
stern.de,Center,Media: Border Guard Commander to Leave Minneapolis,"Commander Gregory Bovino has become the face of the controversial operations of federal officials in Minneapolis. Now he is to be removed according to media reports. According to media reports, Gregory Bovino, the controversial commander of the border guard agency, is to leave Minneapolis soon. Next to him, some of his border guards are to be removed shortly, as the US stations CNN and CBS News reported. They rely on familiar sources. According …",https://ground.news/interest/sternde
rp-online.de,Right,After Fatal Shots: Controversial Border Guard Commander Bovino to Leave Minneapolis,Commander Gregory Bovino has become the face of the controversial deployments of federal officials in Minneapolis. Now he is to be withdrawn according to media reports.,https://ground.news/interest/rp-onlinede
abc,Right,"Gregory Bovino, Trump's Hard-Handed Migratory Face, Leaves Minneapolis","Tom Homan, who was a senior immigration and border police officer (ICE) in Barack Obama's government, will be at the forefront of the operations",https://ground.news/interest/abc_0c202e
Straight Arrow News,Center,Border Patrol chief Greg Bovino exiting Minneapolis after second fatal shooting,"Border Patrol commander Greg Bovino, along with several agents, is expected to leave Minneapolis Tuesday, according to reports. These reports follow President Donald Trump’s announcement that “border czar” Tom Homan is now leading Immigration and Customs Enforcement operations in Minnesota.  Minnesota, especially Minneapolis, has seen growing protests after the Trump administration sent the largest deployment of ICE agents into the state followi…",https://ground.news/interest/straight-arrow-news
OpsLens,Right,Border Patrol chief Greg Bovino and some of his agents leaving Minnesota ‘imminently’ * WorldNetDaily * by Joe Kovacs,"Source link Border Patrol Commander Greg Bovino walks alongside BORTAC officers at a Speedway gas station in Minneapolis on Thursday, Jan. 22, 2026. (Photo by Chad Davis) As President Trump’s border czar Tom Homan arrives in Minnesota to help quell ongoing violence against federal officers, Greg Bovino, the head of Border Patrol, and some of",https://ground.news/interest/opslens
Globo,Right,"Gregory Bovino, u.s. Border Patrol Commander, Must Leave Mineapolis, Says Tv","Trump sent the border guard, Tom Human, to Minnesota to take charge of ICE operations",https://ground.news/interest/globo
WND,Far Right,Report: Border Patrol chief Greg Bovino and some of his agents leaving Minnesota 'imminently' * WorldNetDaily * by Joe Kovacs,'Several federal agents had their body cameras on during the interaction that led to the deadly shooting of Alex Pretti',https://ground.news/interest/wnd
Chicago Sun Times,Lean Left,"Border Patrol boss Gregory Bovino, some agents expected to leave Minneapolis on Tuesday","MINNEAPOLIS — A senior Border Patrol commander and some agents are expected to leave Minneapolis as early as Tuesday, a person familiar with the matter told The Associated Press.The expected departure of Customs and Border Protection Cmdr. Gregory Bovino, who has been at the center of the Trump administration’s aggressive immigration enforcement surge in cities nationwide, comes as President Donald Trump dispatched border czar Tom Homan to Minne…",https://ground.news/interest/chicago-sun-times
100% FED UP!,Far Right,"High-Ranking Border Patrol Official To ""Imminently"" Leave Minnesota * 100PercentFedUp.com * by Danielle","U.S. Border Patrol Commander Gregory Bovino and some patrol agents are expected to “imminently” leave Minnesota,Fox Newsreports. “Multiple federal sources […]",https://ground.news/interest/100percentfedupcom
Komo News,Center,"Border patrol head, some federal agents depart Minneapolis in Homeland Security shake-up",Bovino’s departure from Minnesota comes as President Donald Trump announced that he would be sending border czar Tom Homan.,https://ground.news/interest/komo-news
Reforma,Right,Border Patrol Command Will Leave Minneapolis,"A high command of the Border Patrol and some agents may leave Minneapolis ma ana, while the border czar arrives.",https://ground.news/interest/reformacom
KYMA,Center,Border Patrol agents to be reduced in Minneapolis,(KYMA) - An administration official told NBC News Monday about a reduction of Border Patrol agents in Minneapolis. Border Patrol Commander Greg Bovino is expected to leave the state on Tuesday. A law enforcement official tells NBC News that Customs and Border Protection will be reducing the amount of agents later in the week. The post Border Patrol agents to be reduced in Minneapolis appeared first on KYMA.,https://ground.news/interest/kyma
The Post Millennial,Right,"BREAKING: DHS pulls Border Patrol’s Gregory Bovino from Minneapolis, sends Tom Homan to oversee operations",Border Patrol commander Gregory Bovino and some agents are set to be pulled out of Minneapolis.,https://ground.news/interest/the-post-millennial
KSTP News,Center,"Border Patrol commander Bovino, some agents to leave Minnesota","Border Patrol Commander at Large Greg Bovino's departure from Minnesota is imminent, according to reports from ABC News and the Associated Press.",https://ground.news/interest/kstp-news
La Repubblica,Lean Left,Trump Hunts Bovino and Withdraws the Ice: Minneapolis Arrives the Border Tsar,"The president removes and punishes the leader of the Border Patrol but says: ""A magnificent job has been done."" In his place the ideologist of deportations. Even Republicans in revolt",https://ground.news/interest/la-repubblica
CTV News,Center,U.S. Border Patrol commander Bovino and some agents expected to leave Minneapolis,"A senior U.S. Border Patrol commander and some agents are expected to leave Minneapolis as early as Tuesday, a person familiar with the matter told The Associated Press.",https://ground.news/interest/ctv-news
Alabama Live,Center,Controversial Border Patrol commander likely leaving Minnesota with some ICE agents,"A senior Border Patrol commander and some agents are expected to leave Minneapolis as early as Tuesday, a person familiar with the matter told The Associated Press.",https://ground.news/interest/alabama-live
Colorado Politics,Center,Border Patrol shooting in Minneapolis sparks tense debate on Colorado Senate floor,"The death of Alex Pretti in Minneapolis in the hands of Border Patrol agents over the weekend prompted a debate among Colorado senators on Monday, with Democrats saying he and others were just exercising their rights, while Republicans questioned bringing a loaded weapon to a protest. “We are witnessing the conflation of immigration status, dissent, […]",https://ground.news/interest/colorado-politics
Mass Live,Center,U.S. Border Patrol commander is leaving Minneapolis after a nurse was shot. Here’s what we know,Greg Bovino faced mounting criticism for defending the fatal shooting of 37-year-old ICU nurse Alex Pretti as Trump sends his border czar to take control,https://ground.news/interest/mass-live
notus.org,Lean Left,Border Patrol Commander Greg Bovino Is Leaving Minnesota,"Angelina Katsanis/APBorder Patrol commander Greg Bovino, a high-ranking federal immigration official, is expected to leave Minnesota, according to an administration official.The move comes as the White House tries to calm tensions in the state, after two U.S. citizens were fatally shot by federal agents as the administration carries out an immigration operation. Bovino is known for his aggressive tactics leading deportation campaigns in Chicago …",https://ground.news/interest/notusorg
CBS News,Center,"Commander Gregory Bovino, some Border Patrol agents set to leave Minneapolis, sources say","Border Patrol Commander Gregory Bovino and some of his agents are expected to soon leave the Minneapolis area, three sources tell CBS News.",https://ground.news/interest/cbs-news
HuffPost,Left,Bovino To Leave Minneapolis As Trump Reshuffles Leadership Of His Immigration Crackdown,A senior U.S. Border Patrol commander and some agents are expected to leave Minneapolis as early as Tuesday.,https://ground.news/interest/huffpost
Deutsche Welle,Center,Border Patrol commander and some agents set to depart Minneapolis,,https://ground.news/interest/deutsche-welle
Chicago Tribune,Center,Border Patrol commander Greg Bovino and some agents expected to leave Minneapolis,"MINNEAPOLIS — A senior Border Patrol commander and some agents are expected to leave Minneapolis as early as Tuesday, a person familiar with the matter told The Associated Press. The expected departure of Border Patrol commander Greg Bovino, who has been at the center of the Trump administration’s aggressive immigration enforcement surge in cities nationwide, comes as President Donald Trump dispatched border czar Tom Homan to Minnesota to take c…",https://ground.news/interest/chicago-tribune
The Daily Caller,Right,Top Border Patrol Leader Reportedly Leaving Minnesota After Second Deadly Shooting,Border Patrol agents will reportedly be largely leaving Minnesota after the second federal immigration-related shooting death occurred in the state.,https://ground.news/interest/the-daily-caller
GazetteXtra,Center,"Border Patrol commander Greg Bovino and some agents are expected to leave Minneapolis tomorrow, AP source says","Border Patrol commander Greg Bovino and some agents are expected to leave Minneapolis tomorrow, AP source says.",https://ground.news/interest/gazettextra
americanliberty.news,Right,Minneapolis Border Patrol Commander Greg Bovino Reassigned - American Liberty News,"Categories: Crime•Government•Law Enforcement Tags: Breaking News, Crime, Greg Bovino, Killing of Alex Pretti, Law Enforcement, Minneapolis, Twin Cities, U.S. Customs and Border Protection, U.S. Immigration and Customs Enforcement Senior Border Patrol commander Greg Bovino — the face of the Trump administration’s immigration enforcement in the Twin Cities — is being reassigned from the northern metropolis, along with some of the agents he oversaw…",https://ground.news/interest/americanlibertynews
Wavy,Center,Some Border Patrol agents in Minnesota to depart after Pretti shooting,"Some Border Patrol agents in Minnesota are expected to leave the state after Saturday’s fatal shooting of Alex Pretti in Minneapolis, multiple sources told NewsNation, The Hill’s sister outlet.&nbs…",https://ground.news/interest/wavy
New York Post,Right,"Border Patrol chief Greg Bovino, some agents pull out of Minneapolis in wake of Alex Pretti shooting","The US Border Patrol's chief Greg Bovino and some agents have been ordered out of Minneapolis in a stunning turnaround after a second US citizen was killed by federal agents in the city this month, according to reports.",https://ground.news/interest/new-york-post
Newsweek,Center,Greg Bovino and Border Patrol agents expected to leave Minneapolis,Border Patrol chief Greg Bovino and several agents are expected to depart Minneapolis on Tuesday and return to their assigned sectors.,https://ground.news/interest/newsweek
Global News,Lean Left,"U.S. Border Patrol Commander talks making ‘good choices,’ says Alex Pretti’s death was ‘preventable’","Watch U.S. Border Patrol Commander talks making ‘good choices,’ says Alex Pretti’s death was ‘preventable’ Video Online, on GlobalNews.ca",https://ground.news/interest/global-news
CNN,Lean Left,"Controversial Border Patrol chief and some agents expected to leave Minneapolis on Tuesday, sources say","Top Border Patrol official Gregory Bovino and some of his agents are expected to leave Minneapolis on Tuesday and return to their respective sectors, according to three sources familiar the discussions, sidelining a key player in the Trump administration’s immigration crackdown.",https://ground.news/interest/cnn
WJBK,Center,Source: Border Patrol Commander Gregory Bovino demoted amid fallout from Minnesota shootings,"Gregory Bovino has been demoted from his role as the Border Patrol Commander-at-Large following two deadly shootings of American citizens at the hands of federal agents in Minnesota, FOX 2 has confirmed.",https://ground.news/interest/wjbk
Alternet,Left,'Major shift in strategy' as Trump pulls 'key player' out of Minneapolis,"U.S. Border Patrol commander Greg Bovino is now reportedly leaving Minneapolis, Minnesota along with several other Border Patrol officials, according to a new report.CNN's Priscilla Alvarez reported Monday that Bovino and an unnamed number of Border Patrol agents will be called back to their original offices before they were deployed as part of Operation Metro Surge in Minneapolis. Alvarez called it ""a major shift in strategy"" by President Donal…",https://ground.news/interest/alternet
TVA Nouvelles,Lean Left,Tension in Minneapolis: Federal Agents Should Leave the City Tomorrow,"Federal agents, including the senior official of the U.S. border patrol, Gregory Bovino, are expected to leave Minneapolis on Tuesday.",https://ground.news/interest/tva-nouvelles
Audacy,Center,Report: Some U.S. Border Patrol agents and Commander Greg Bovino to leave Minnesota on Tuesday,"There appears to be more de-escalation of the immigration crackdown in Minnesota, with a report that some Border Patrol agents, and their commander Greg Bovino, will be leaving Minnesota and return to their specific sectors. Here’s the latest:",https://ground.news/interest/audacycom
Mediaite,Lean Left,JUST IN: Controversial Border Patrol Commander Greg Bovino Reassigned Out of Minneapolis,Controversial border patrol commander Gregory Bovino will be leaving Minneapolis where he has been vehemently defending his border control officers.,https://ground.news/interest/mediaite
Protothema,Right,"Trump Removes Bovino From Minneapolis, Sends ""Border Czar"" Tom Homan - Blames Democrats","Tim Walsh's office says he had a ""productive phone conversation"" with the president - De-escalation moves two days after protester's death",https://ground.news/interest/protothema
Wall Street Journal,Center,"Gregory Bovino to Leave Minnesota Imminently, Administration Officials Say",,https://ground.news/interest/wall-street-journal
Le Figaro,Right,"Tom Homan, Trump's ""Border Tsar"" to Oversee Operations in Minneapolis","PORTRAIT - Donald Trump's Special Adviser on Immigration must refocus action against illegal immigrants who have committed crimes, and investigate massive fraud against social assistance for the Somali community in the city.",https://ground.news/interest/le-figaro
NY1,Center,N.Y. Democrats react to Minneapolis border patrol killing,"Micah Lasher, an Upper West Side state lawmaker, caught a flight to Minneapolis after a Border Patrol agent there fatally shot 37-year-old Alex Pretti",https://ground.news/interest/ny1com
Raw Story,Left,Trump's Border Patrol enforcer​ to leave Minneapolis amid fierce backlash: report,"President Donald Trump's infamous Border Patrol enforcer is set to withdraw from Minneapolis, according to a new report.According to CNN's Priscilla Alvarez, ""Gregory Bovino and some of his agents are expected to leave Minneapolis and return to their respective sectors.""This follows weeks of rising ...",https://ground.news/interest/raw-story
American Wire News,Right,Ex Vikings Jack Brewer sees Dems so angry at ICE because 'we're deporting THEIR VOTERS' · American Wire News,"Once honored by Mayor Jacob Frey (D), former Minnesota Vikings captain Jack Brewer said what’d he’d like to do to Hizzoner while calling out the ballot box connection to immigration enforcement. Even before the Democratic Party set a record for the longest government shutdown amid their push for American taxpayers to cover the cost of health care for illegal aliens, opposition to voter ID laws had made clear their stance on election integrity. S…",https://ground.news/interest/american-wire-news
NBC New York,Lean Left,"Border Patrol commander Gregory Bovino and some agents plan to leave Minneapolis, sources say","Border Patrol commander Gregory Bovino is expected to leave Minneapolis on Tuesday, a White House official and another Trump administration official familiar with the decision told NBC News. The administration official and a law enforcement official said U.S. Customs and Border Protection also plans to reduce the number of agents in Minneapolis this week. The size of the reduction is still under discussion, they said. Bovino had emerged as the p…",https://ground.news/interest/nbc-new-york
USA Today,Lean Left,Border Patrol chief calls agents the 'victims' in Pretti shooting,"Border Patrol leader Greg Bovino doubled down on allegations that Pretti intended to harm agents, without offering explanation or evidence, in an interview.",https://ground.news/interest/usa-today
PBS NewsHour,Lean Left,White House blames deadly shooting of ICU nurse in Minnesota on Democrats,"White House press secretary Karoline Leavitt said the shooting and killing by a federal immigration officer of 37-year-old Alex Pretti in Minneapolis ""occurred as a result of a deliberate and hostile resistance by Democrat leaders in Minnesota.""",https://ground.news/interest/pbs-newshour
The Globe & Mail,Center,Bovino to leave Minneapolis as Trump reshuffles leadership of immigration crackdown,Border Patrol commander drew condemnation for claiming man killed by ICE agents had been planning to ‘massacre’ law enforcement officers,https://ground.news/interest/the-globe-and-mail
NBC Chicago,Center,"Border Patrol commander Bovino and some agents plan to leave Minneapolis, sources say","Gregory Bovino, a public face of Trump's immigration crackdown, is losing his ""commander"" title, sources told NBC News.",https://ground.news/interest/nbc-chicago
The Daily Wire,Right,Border Patrol Partially Withdraws From Minnesota After Pretti Shooting,"Border Patrol Commander Gregory Bovino will reportedly leave Minnesota immediately as the Trump administration handles fallout from a fatal agent-involved shooting. Bovino will exit the state along with a portion of Border Patrol agents, according to The Wall Street Journal. President Donald Trump has said that he will recall all Border Patrol agents from Minnesota if the state agrees to cooperate with Immigration and Customs Enforcement. White …",https://ground.news/interest/the-daily-wire
Just the News,Right,"Greg Bovino, some Border Patrol agents to leave Minnesota: Fox News","The reasons for Bovino's departure remain unclear. Border Czar Tom Homan is set to arrive in the state, however.",https://ground.news/interest/justthenewscom
The spokesman-Review,Lean Left,Border Patrol official Gregory Bovino set to leave Minnesota,MINNEAPOLIS – President Donald Trump and Minnesota Gov. Tim Walz each struck a conciliatory tone on Monday after a private phone call in a sign the two sides were seeking to defuse a crisis over the Trump-ordered deportation drive that has claimed the lives of two U.S. citizens in Minneapolis.,https://ground.news/interest/the-spokesman-review
The Free Press (Tampa),Right,"Border Patrol Chief Greg Bovino, Some Agents Being Sent Home From Minnesota: Sources","Big changes are happening in Minneapolis. Just days after a deadly shooting and a phone call with Governor Tim Walz, President Donald Trump is shaking up his team on the ground. Sources confirm that Gregory Bovino, the top Border Patrol official leading the crackdown in Minnesota, is expected to leave the city tomorrow. He and […] Border Patrol Chief Greg Bovino, Some Agents Being Sent Home From Minnesota: Sources",https://ground.news/interest/the-free-press-tampa
Fox 9,Center,"Border Patrol Commander Bovino, some agents leaving Minnesota 'imminently'","Greg Bovino and some border patrol agents are expected to leave Minnesota imminently, according to multiple reports.",https://ground.news/interest/fox-9
KARE,Center,"Border chief Bovino, some agents to leave Minnesota on Tuesday",The development comes following a shift in strategy by the Trump Administration on Monday after the fatal shooting of 37-year-old Alex Pretti.,https://ground.news/interest/kare
Crooks and Liars,Left,Border Butthead Bovino Being Ousted From Minnesota,Gregory Bovino has been shown the door following Kristi Noem being replaced by General Zod.,https://ground.news/interest/crooksandliarscom
Welt,Right,"Gregory Bovino: Donald Trump's Top Border Guard Blames Victims - Hard Criticism of ""Gestapo Gregs"" Methods","With his martial appearance, U.S. border guard Gregory Bovino is critical. After the fatal shots at Alex Pretti in Minneapolis, Bovino is blaming himself and his colleagues. The suspect has brought himself into this situation.",https://ground.news/interest/welt
Krem2 News,Center,"Report: Border chief Gregory Bovino, some agents leaving Minnesota","CNN cited an official who said Bovino's departure was a ""mutual decision.""",https://ground.news/interest/krem2-news
WPLG,Center,"The Latest: Border Patrol commander and some agents expected to leave Minneapolis, AP source says","The Latest: Border Patrol commander and some agents expected to leave Minneapolis, AP source says",https://ground.news/interest/wplg
The Mercury news,Lean Left,"Border Patrol commander and some agents expected to leave Minneapolis, AP source says","A senior Border Patrol commander and some agents are expected to leave Minneapolis as early as Tuesday, a person familiar with the matter told The Associated Press.",https://ground.news/interest/the-mercury-news
Axios,Lean Left,"Border Patrol head Bovino and some agents leaving Minnesota, Walz, Frey say","The pullback came after Trump and Walz had a ""productive"" phone call on the situation in Minnesota.",https://ground.news/interest/axios
The Tennessean,Center,Who is Greg Bovino? Top Trump immigration enforcer leaves Minneapolis,,https://ground.news/interest/the-tennessean
The New Republic,Left,Karoline Leavitt Appears to Throw CBP Chief Under the Bus on Minnesota,"Customs and Border Patrol boss Greg Bovino’s time in Minnesota appears to have come to a close.The commander-at-large has overseen ICE and Border Patrol operations across the country, moving from city to city as the agencies violently scour neighborhoods to satisfy Homeland Security adviser Stephen Miller’s mandate to arrest upwards of 3,000 people per day.But press secretary Karoline Leavitt revealed during a White House press briefing Monday t…",https://ground.news/interest/the-new-republic
Forbes,Center,Border Patrol Commander Gregory Bovino Will Leave Minnesota Amid Persistent Protests,Protests are continuing in the state after an ICE agent fatally shot 37-year-old Alex Pretti on Saturday.,https://ground.news/interest/forbes
Townhall,Right,Border Patrol Head Greg Bovino Tells the Press Just How Many Illegals He Plans to Remove from MN,Border Patrol's Greg Bovino addresses illegal immigration and safety concerns in MN.,https://ground.news/interest/townhall
Reuters,Center,"Top US Border Patrol official Bovino, some agents to leave Minneapolis, CNN reports","Top U.S. Border Patrol official Gregory Bovino and some of his agents are expected to leave Minneapolis on Tuesday and return to their respective sectors, CNN reported on Monday, citing sources familiar with the discussions.",https://ground.news/interest/reuters_fa2539
Winnipeg Free Press,Center,Border Patrol commander Bovino and some agents expected to leave Minneapolis,"Breaking News, Sports, Manitoba, Canada",https://ground.news/interest/winnipeg-free-press
Alpha News,Right,Federal officials refer Minnesota to DOJ for allowing boys in girls' sports,"Share This StoryFederal officials have referred Minnesota to the Justice Department (DOJ) over alleged civil rights violations stemming from the state’s refusal to halt male participation in female sports. The referral came from the Education Department (ED) and Department of Health and Human Services (HHS), which concluded in September that the state violated Title IX’s prohibition on sex-based discrimination in federally funded education. In a…",https://ground.news/interest/alpha-news_19a627
KAKE News,Center,Education Department refers Minnesota Title IX case to DOJ,(The Center Square) – The U.S. Department of Education and the Department of Health and Human Services announced this week that they are referring alleged Title IX violations by the Minnesota Department of Education and the Minnesota State High School…,https://ground.news/interest/kakecom
The Advocate,Lean Left,Trump admin targets Minnesota for allowing trans girls to participate in sports,"This story was originally reported by Kate Sosin of The 19th. Meet Kate and read more of their reporting on gender, politics and policy.The Trump administration on Monday targeted Minnesota schools, saying they have violated federal law by allowing transgender girls to play sports with their peers. Minnesota is not the first state to be targeted by the administration over trans girls in sports, but the move came as the administration confronts b…",https://ground.news/interest/gay-news-lgbt-rights-politics-entertainment
KSTP News,Center,Federal agencies seek DOJ action against Minnesota over trans athlete policies,Two federal agencies are seeking legal action against Minnesota for its refusal to comply with federal Title IX interpretations.,https://ground.news/interest/kstp-news
Newsmax,Right,Trump Admin Refers Minn. Title IX Trans Sports Case to DOJ,,https://ground.news/interest/newsmax
The Epoch Times,Right,Federal Officials Refer Minnesota to DOJ for Allowing Boys in Girls’ Sports,"Federal officials have referred Minnesota to the Justice Department (DOJ) over alleged civil rights violations stemming from the state’s refusal to halt male participation in female sports. The referral came from the Education Department (ED) and Department of Health and Human Services (HHS), which concluded in September that the state violated Title IX’s prohibition on sex-based discrimination in federally funded education. In a news release on…",https://ground.news/interest/the-epoch-times
realnewsnow.com,Far Right,Trump Admin Moves Closer to Stripping Minnesota of Federal Funds Over Trans Athlete Policy - Real News Now,"The Trump administration took a major step Monday toward pulling federal funding from the state of Minnesota, officially referring its transgender athlete investigation to the Department of Justice after the state refused to comply with Title IX enforcement. The referral sets the stage for a high-profile legal showdown between the Trump administration and Democrat-led Minnesota over the state’s policy of allowing biological males to compete in g…",https://ground.news/interest/realnewsnowcom
Breitbart,Right,Trump Admin Refers Minnesota to DOJ for Allowing Men in Women's Sports,The Trump administration has referred Minnesota to the DOJ for allowing transgender-identifying males in female sports and spaces.,https://ground.news/interest/breitbart
The 19th,Lean Left,Minnesota targeted by federal government over trans girls in sports,"The Trump administration on Monday targeted Minnesota schools, saying they have violated federal law by allowing transgender girls to play sports with their peers.  Minnesota is not the first state to be targeted by the administration over trans girls in sports, but the move came as the administration confronts backlash to the increasingly unpopular wave of immigration enforcement action focused in the state.  On Monday, a joint announcement by …",https://ground.news/interest/the-19th
Valley News Live,Center,Federal agencies say they’re referring Minnesota to Justice Department over Title IX violations,"The federal agencies said Minnesota violated Title IX of the Education Amendments of 1972 by allowing males to compete in girls’ sports and occupy female-only facilities, according to the agencies.",https://ground.news/interest/valley-news-live
USA Today,Lean Left,Trump officials raise pressure on Minnesota over transgender sports,The announcement on transgender sports comes as Minnesota officials fight the Trump administration over immigration enforcement.,https://ground.news/interest/usa-today
WABC,Right,"HHS, Education Refer Minnesota to DOJ in Title IX Dispute Over Girls’ Sports","WASHINGTON—JANUARY 26, 2026, According to an announcement by HHS and Education, the U.S. Departments of Health and Human Services and Education say they have referred Minnesota to the Department of Justice for enforcement action over alleged Title IX violations tied to girls’ sports and female-only facilities. In a notice issued January 26, 2026, the agencies said Minnesota officials have declined to change policies that allow male athletes to c…",https://ground.news/interest/wabc
The Hill,Center,"Education Department, HHS seek further action against Minnesota over transgender athletes policy",The Education Department and HHS want to take enforcement action against Minnesota over its policies allowing transgender girls on women's sports teams.,https://ground.news/interest/the-hill
Post Bulletin,Center,"Feds seek action against Minnesota Department of Education, Minnesota State High School League over Title IX","MINNEAPOLIS — Two federal agencies notified the Minnesota State High School League and the Minnesota Department of Education that they are seeking ""enforcement action"" against the state organizations for their “refusal to comply” with Title IX requirements regarding participation in women’s sports. The U.S. Department of Education made the announcement on Monday, Jan. 26, and said it was making the recommendation, along with the U.S. Department …",https://ground.news/interest/post-bulletin
The Daily Caller,Right,EXCLUSIVE: Minnesota Facing Yet Another Crisis As Trump Admin Puts Federal Funding In Peril,"The Minnesota Department of Education is at risk of losing its federal funds after an investigation found they violated Title IX, the Daily Caller has learned.",https://ground.news/interest/the-daily-caller
KARE,Center,Minnesota's transgender athletes case referred to US Justice Department,The Trump administration has threatened to withhold federal funding should Minnesota not comply with the president's executive order.,https://ground.news/interest/kare
The Daily Wire,Right,Trump Admin Moves Closer To Yanking Federal Funding For Minnesota Over Trans Athletes Probe,"The Department of Education referred its Minnesota transgender athletes investigation to the Justice Department on Monday, a major step toward pulling funding for the Democrat-run state’s education and high school sports agencies.Minnesota has so far refused to negotiate with the Trump administration on the issue after the federal government found that the state violated Title IX by allowing boys to compete against girls. Now, Minnesota is close…",https://ground.news/interest/the-daily-wire
Just the News,Right,Trump admin refers Minnesota to DOJ for allowing transgender athletes to compete in girl sports,"The Trump administration said the referral comes after it offered Minnesota a proposed Resolution Agreement to voluntarily resolve their Title IX violations, which the state has not responded to.",https://ground.news/interest/justthenewscom
Politico,Lean Left,Education Department refers Minnesota trans athletes probe ...,,https://ground.news/interest/politico
abc 7 LA,Center,Doctors are ignoring new federal vaccine recommendations,The American Academy of Pediatrics on Monday released its updated recommendations for what vaccines children should get.,https://ground.news/interest/abc-7-la
Gizmodo,Lean Left,"US Pediatricians Give Middle Finger to RFK Jr., Issue Their Own Vaccine Recommendations",The American Academy of Pediatrics and 12 other medical groups are recommending the same childhood shots once endorsed by the CDC.,https://ground.news/interest/gizmodo
KTSM,Center,American Academy of Pediatrics departs from CDC with childhood vaccine guidance,"The American Academy of Pediatrics (AAP) has once again diverged from recent federal vaccine guidance, publishing its own childhood immunization schedule for 2026 that recommends vaccinations against illnesses the Centers for Disease Control and Prevention (CDC) dropped earlier this month.",https://ground.news/interest/ktsm
IFLScience,Lean Left,American Academy of Pediatrics Breaks With CDC And Releases Its Own Childhood Vaccine Guidance,"The organization said the CDC's recommendations ""no longer offer the optimal way to prevent illnesses in children.""",https://ground.news/interest/iflscience
KPAX,Center,Pediatricians group issues vaccine schedule at odds with CDC,"The American Academy of Pediatrics has released its own childhood vaccine schedule, breaking with updated guidance from the Centers for Disease Control and Prevention.The AAP recommends that children be vaccinated against 18 diseases, including respiratory syncytial virus, hepatitis A and B, rotavirus, influenza and meningococcal disease.Current CDC guidance recommends vaccination against 11 diseases and no longer calls for universal childhood v…",https://ground.news/interest/kpax
The New York Sun,Right,"American Academy of Pediatrics, Other Associations Reject HHS Advice Over Vaccine Schedule, Recommend Shots For 18 Diseases",The Trump administration calls critics of Health and Human Services’ reduced vaccine schedule ‘angry.’,https://ground.news/interest/the-new-york-sun
NHK World,Right,US pediatrics group will not follow CDC's childhood vaccine recommendations,"The American Academy of Pediatrics says it will keep its recommendations for childhood immunizations unchanged, in a break from the overhaul announced under the administration of President Donald Trump.",https://ground.news/interest/nhk-world
CBS News,Center,American Academy of Pediatrics releases childhood vaccine recommendations that differ from CDC,"The AAP is recommending immunization against 18 diseases.​ Earlier this month, the CDC reduced its recommendations for childhood vaccines to 11 diseases.",https://ground.news/interest/cbs-news
DNyuz,Right,"Pediatricians urge Americans to stick with previous vaccine schedule, despite CDC’s recent changes","For decades, the American Academy of Pediatrics and the U.S. Centers for Disease Control and Prevention spoke with a single voice when advising the nation’s families on when to vaccinate their children. Since 1995, the two organizations have worked together to publish a single vaccine schedule for parents and healthcare providers that clearly laid out which vaccines children should get and exactly when they should get them. Today, that united fr…",https://ground.news/interest/dnyuz
Medical Xpress,Center,American Academy of Pediatrics releases childhood vaccine schedule based on previous recommendations,"As an alternative to new federal vaccine recommendations, the American Academy of Pediatrics released its own childhood vaccine schedule Monday with the backing of a dozen of the nation's most prominent medical groups and associations.",https://ground.news/interest/medical-xpress
Los Angeles Times,Center,"Pediatricians urge Americans to stick with previous vaccine schedule, despite CDC's recent changes",America’s pediatricians and the Centers for Disease Control and Prevention were once in lockstep on how vaccines impact child health. Not anymore.,https://ground.news/interest/los-angeles-times
Straight Arrow News,Center,Pediatricians split from CDC in childhood vaccine recommendations,"The American Academy of Pediatrics (AAP) on Monday released its 2026 childhood vaccine schedule. The guidance — endorsed by 12 other independent health organizations — is largely unchanged from last year’s version, but now diverges significantly from the updated immunization schedule announced this month by the Centers for Disease Control and Prevention (CDC). AAP continues to recommend that all children receive vaccines against 18 infectious di…",https://ground.news/interest/straight-arrow-news
NBC News,Lean Left,Doctors break with CDC on vaccine guidance for children,"The leading group of pediatricians issued its annual guidelines for children's vaccines, the first major break from the CDC's proposed vaccine schedule in 30 years.",https://ground.news/interest/nbc-news
KGAN,Right,Medical groups endorse American Academy of Pediatrics vaccine list over CDC advice,"A dozen leading medical groups lent their support to the American Academy of Pediatrics' childhood vaccine recommendations, which run counter to the CDC's list.",https://ground.news/interest/kgan
The Hill,Center,American Academy of Pediatrics departs from CDC with childhood vaccine revisions,"The American Academy of Pediatrics (AAP) has once again diverged from recent federal vaccine guidance, publishing its own childhood immunization schedule for 2026 that recommends vaccinating against illnesses the Centers for Disease Control and Prevention (CDC) dropped earlier this month. The AAP on Monday published its 2026 Recommended Child and Adolescent Immunization Schedule, which recommends…",https://ground.news/interest/the-hill
WXII,Center,American Academy of Pediatrics releases updated children's vaccination recommendations,"“The science hasn’t changed,” said Dr. Claudia Hoyen, a pediatric infectious disease specialist. “We will continue to follow the science.”",https://ground.news/interest/wxii
CBN,Right,Debate Widens Over Which Vaccines Children Need as Federal Guidelines Shift,The nation's largest pediatrician group is expanding its lawsuit against Health and Human Services Secretary Robert F.,https://ground.news/interest/cbn
KTVB,Center,"Pediatricians reject CDC vaccine changes, back routine childhood shots",The American Academy of Pediatrics says it will continue recommending routine vaccines against 18 diseases despite a revised CDC schedule.,https://ground.news/interest/ktvb
The Columbian,Center,American Academy of Pediatrics releases childhood vaccine schedule that is at odds with federal recommendations,"As an alternative to new federal vaccine recommendations, the American Academy of Pediatrics released its own childhood vaccine schedule Monday with the backing of a dozen of the nation’s most prominent medical groups and associations. Read more...",https://ground.news/interest/the-columbian
The CT Mirror,Center,How will CDC vaccine schedule changes affect CT residents?,The Centers for Disease Control and Prevention announced updates to its recommendations for childhood vaccines. Here's what to know.,https://ground.news/interest/the-ct-mirror
Chicago Sun Times,Lean Left,Why pediatricians are breaking with the CDC on childhood vaccines,Open the article to view the coverage from Chicago Sun Times,https://ground.news/interest/chicago-sun-times
CTV News,Center,Doctors ignore new U.S. federal vaccine recommendations to stick with science,"The American Academy of Pediatrics on Monday released its updated recommendations for what vaccines children should get. It’s a routine revision, hardly different from last year’s recommendations, but it carries more significance this year: More states and doctors are relying on it instead of a controversial new schedule from the U.S. Centers for Disease Control and Prevention.",https://ground.news/interest/ctv-news
NBC LA,Lean Left,Pediatrics group issues its own vaccine schedule. How it differs from the CDC's list,"The American Academy of Pediatrics still recommends protecting kids against 18 different diseases, including those removed from the CDC's schedule.",https://ground.news/interest/nbc-la
RTV Slovenija,Center,"In the Us, More and More Doctors Are Not Following Federal Guidelines for Vaccinating Children","Following changes to the childhood vaccination program proposed by the US Centers for Disease Control and Prevention (CDC), more and more states and doctors in the US are relying on guidelines proposed by the American Academy of Pediatrics.",https://ground.news/interest/rtv-slovenija
Parents,Center,The American Academy of Pediatrics Just Released Its 2026 Vaccine Schedule—Here’s What Changed,"On the heels of the changes in the Centers for Disease Control vaccine guidance, the AAP has unveiled its own recommendations.Choreograph (Konstantin Yuganov) / Getty ImagesKey TakeawaysThe AAP’s 2026 vaccine schedule still recommends protecting kids against 18 diseases, even as the CDC advises 11 vaccinations.Pediatricians say the AAP’s science-backed schedule offers the best protection for children’s health in the United States.If you're unsur…",https://ground.news/interest/parents
CNN,Center,Doctors ignore new federal vaccine recommendations to stick with science,"The American Academy of Pediatrics on Monday released its updated recommendations for what vaccines children should get. It’s a routine revision, hardly different from last year’s recommendations, but it carries more significance this year: More states and doctors are relying on it instead of a controversial new schedule from the US Centers for Disease Control and Prevention.",https://ground.news/interest/cnn
Chicago Tribune,Center,"Following federal vaccine changes, Illinois-based American Academy of Pediatrics releases its own vaccination schedule","As an alternative to new federal vaccine recommendations, the Itasca-based American Academy of Pediatrics released its own childhood vaccine schedule Monday with the backing of a dozen of the nation’s most prominent medical groups and associations. The American Academy of Pediatrics’ vaccine schedule differs from the new federal one in a number of ways, largely sticking to previous recommendations. For example, it continues to recommend routine …",https://ground.news/interest/chicago-tribune
MedPage Today,Center,"AAP Releases 2026 Child Vax Schedule, No Longer Endorses CDC's Version","(MedPage Today) -- The American Academy of Pediatrics (AAP) released its 2026 childhood and adolescent immunization schedule, which continues to recommend routine immunization for protection against 18 diseases. The AAP's 2026 recommendations...",https://ground.news/interest/medpagetodaycom
Poli Alert,Center,Pediatricians Break with CDC on Childhood Vaccine Guidance,"The American Academy of Pediatrics on Monday released new childhood immunization recommendations that break sharply with updated guidance issued earlier this month by the Centers for Disease Control and Prevention, marking an unusual public split between the nation’s leading pediatric group and federal health officials. The AAP said it will continue to recommend routine immunization against 18 diseases, including respiratory syncytial virus, hep…",https://ground.news/interest/poli-alert
USA Herald,Center,"American Academy of Pediatrics Issues Expanded Childhood Vaccine Guidance, Diverging From CDC Schedule","The American Academy of Pediatrics (AAP) has released a new set of childhood immunization recommendations that significantly diverge from recently updated guidance issued by the Centers for Disease Control and Prevention (CDC), reigniting debate over vaccine policy and public health standards in the United States. In guidance published Monday, the AAP reaffirmed its support for",https://ground.news/interest/usa-herald
JAMA Network,Center,AAP Continues Recommending Birth Dose of Hepatitis B Vaccine After ACIP’s Vote to Remove,"The US Centers for Disease Control and Prevention’s (CDC) Advisory Committee on Immunization Practices (ACIP) recently voted to remove the hepatitis B vaccine’s universal birth dose recommendation. In response, the American Academy of Pediatrics (AAP) released a statement continuing to recommend the hepatitis B vaccine for all infants.",https://ground.news/interest/jamanetworkcom
Telemundo Area de la Bahía 48,Center,Pediatrics Publish Vaccination Schedule that Contradicts Cdc Changes,"The American Academy of Pediatrics (AAP) published its updated schedule of vaccinations for children and adolescents for the year 2026, keeping to a large extent previous recommendations that differ significantly from the controversial changes recently made by the Centers for Disease Control and Prevention (CDC). Earlier this month, CDC announced an unprecedented reform in the schedule of childhood vaccines that recommends fewer doses for all ch…",https://ground.news/interest/telemundo-area-de-la-bahia-48
The Gilmer Mirror,Center,Commissioner Buckingham Applauds Trump Administration’s $1.6 Billion Investment in USA Rare Earth’s Domestic Production,Open the article to view the coverage from The Gilmer Mirror,https://ground.news/interest/the-gilmer-mirror
heatmap.news,Left,Trump Takes an Equity Stake in Another Rare Earth Company,Current conditions: Winter Storm Fern may have caused up to $115 billion in economic losses and triggered the longest stretch of subzero temperatures in New York City’s history • Temperatures across the American South plunged up to 30 degrees Fahrenheit below historical averages • South Africa’s Northern Cape is roasting in temperatures as high as 104 degrees. THE TOP FIVE1. Trump takes an equity stake in another rare earth company A nickel mine…,https://ground.news/interest/heatmapnews
thedailyupside.com,Center,Trump Bolsters Critical Minerals Pipeline with $1.6 Billion Stake in USA Rare Earth,"Now that the White House has swapped threats of force in Greenland for a diplomatic ‘factory reset,’ the real work begins. The US is rushing to stand up a critical minerals pipeline to break Beijing’s chokehold. With China controlling 70% of the rare earths used in everything from fighter jets to chips, this isn’t just a supply chain update; it’s a race for technological survival. The Department of Commerce struck a deal on Monday to take a roug…",https://ground.news/interest/thedailyupsidecom
Investopedia,Center,USA Rare Earth Is Surging. A Big Government Funding Deal Is Lifting the Stock,USA Rare Earth secured a blockbuster public-private funding deal to build a domestic rare earth supply chain.,https://ground.news/interest/investopedia
Anadolu Ajansı,Right,US Commerce Department to invest $1.6B in USA Rare Earth,"Department offers mining company $277M in federal funding, $1.3B loan from CHIPS Act - Anadolu Ajansı",https://ground.news/interest/anadolu-ajans
Inc.,Center,Trump Is Turning the U.S. Government Into a Major Investor in 1 Critical Industry (It's Not AI Chips),The Trump administration is increasingly stepping into the role of shareholder as it advances its latest rare earth deal.,https://ground.news/interest/inccom
The Epoch Times,Right,"USA Rare Earth Lines Up $3.1 Billion Public, Private Funding to Fast-Track Mining Operations","USA Rare Earth said on Jan. 26 that it had entered into a non-binding letter of intent with the Department of Commerce for a $1.6 billion financing agreement that includes a $1.3 billion secured loan and $277 million in federal funding. In addition to the loan package, issued under the Department of Commerce’s CHIPS program, USA Rare Earth said it had raised an additional $1.5 billion in private equity funding anchored by Inflection Point that’s…",https://ground.news/interest/the-epoch-times
Washington Examiner,Right,"Daily on Energy, presented by Americans for Fusion: Trump’s latest stake in critical minerals, winter storm fallout, and the ban on Russian gas finalized","WHAT’S HAPPENING TODAY: Good afternoon and happy Monday, readers! If you were in the path of the winter storm that hit the South and East Coast over the weekend, we hope you hunkered down at home and stayed safe! Be cautious when hitting the roads over the next few days as cities like Washington, D.C., and New York continue to clear the heavy snow and ice from major roadways.  Kicking things off this week, we have the latest on the Trump adminis…",https://ground.news/interest/washington-examiner
Fortune,Center,Trump administration buys stake in USA Rare Earth as wave of government deals in critical minerals continues,The White House stake in USA Rare Earth could exceed 15% for the mining and magnet-manufacturing player.,https://ground.news/interest/fortune
EFE,Center,Us Government Plans to Invest $1.6 Billion in Usr Rare Earth Mining,Donald Trump’s government plans to invest $1.6 billion in the rare earth mining company USA Rare Earth (USAR) in order to reduce its dependence on these key elements for technological development with China.,https://ground.news/interest/efe
BBC News,Center,Trump administration to invest $1.6bn for stake in rare earths firm,The deal is the Trump administration's latest attempt to reduce its reliance on China.,https://ground.news/interest/bbc-news_bf95f4
The Norfolk Daily News,Center,Trump administration invests in US rare earth miner to loosen China's grip on supply,"The U.S. is taking a minority stake in an Oklahoma rare earth miner, the latest government investment in the sector as it seeks to minimize its reliance on imports of a material used prevalently in smartphones, robotics, electric vehicles and…",https://ground.news/interest/the-norfolk-daily-news
UPI,Center,Commerce Department takes equity stake in USA Rare Earth,Critical minerals startup USA Rare Earth said that the Department of Commerce will give the company a $1.3 billion loan and $277 million in funding.,https://ground.news/interest/upi_0b956e
readingeagle,Center,Trump administration invests in another US rare earth miner to loosen China’s grip on supply,"By MICHELLE CHAPMAN, Associated Press Business Writer The U.S. is taking a minority stake in an Oklahoma rare earth miner, the latest government investment in the sector as it seeks to minimize its reliance on imports of a material used prevalently in smartphones, robotics, electric vehicles and many other high tech products. Related Articles Judge rules US Justice Department filed a lawsuit over Georgia voter data in the wrong cit…",https://ground.news/interest/readingeagle
WBAL,Center,Trump administration invests in another US rare earth miner to loosen,"The U.S. is taking a minority stake in an Oklahoma rare earth miner, the latest government investment in the sector as it seeks to minimize its reliance on imports of a material used prevalently in smartphones, robotics, electric vehicles and many other high tech products. China processes more than 90% of the world’s critical minerals and has used its dominance in the market to gain leverage in the trade war with Washington. USA Rare Earth said …",https://ground.news/interest/wbal
Associated Press News,Lean Left,Trump administration invests in another US rare earth miner to loosen China's grip on supply,"The U.S. is taking a minority stake in an Oklahoma rare earth miner, the latest government investment in the sector as it seeks to minimize its reliance on imports of a material used prevalently in smartphones, robotics, electric vehicles and many other high tech products.",https://ground.news/interest/associated-press-news
RocketNews,Lean Left,"Stocks making the biggest moves premarket: USA Rare Earth, Allied Gold, CoreWeave, Enphase & more",Check out the companies making the biggest moves before the bell: USA Rare Earth — Shares rose more than 21% after the Trump administration took a stake in the rare earths miner. The company will issue 16.1 million shares of common stock and 17.6 million in warrants. Allied Gold — The gold miner climbed more than 3% after it agreed to be acquired by Hong Kong-based Zijin Gold for C$5.5 billion in cash. The deal is expected to close by late April…,https://ground.news/interest/rocketnews-top-news-stories-from-around-the-globe
CTV News,Center,USA Rare Earth shares surge on $1.6 billion U.S. funding proposal,Shares of USA Rare Earth jumped more than 30 per cent before the bell on Monday as the miner unveiled a proposal for US$1.6 billion in funding from the U.S. Department of Commerce.,https://ground.news/interest/ctv-news
Investor's Business Daily,Right,Rare Earth Stocks Jump On Trump Stake In USA Rare Earth,"Rare earth stocks rallied on news that the Trump administration took a 10% equity stake in USA Rare Earth, part of $1.6 billion in federal financing.",https://ground.news/interest/investors-business-daily
Investing.com,Center,USA Rare Earth stock soars after $1.6 billion Trump administration investment By Investing.com,USA Rare Earth stock soars after $1.6 billion Trump administration investment,https://ground.news/interest/investingcom
Barron's,Center,USAR Stock Surges 40%. How Trump Is Boosting Rare-Earth Companies.,The White House has made shoring up rare earths—key components in products like smartphones and fighter jets—a top priority.,https://ground.news/interest/barrons
Forbes,Center,USA Rare Earth Surges 13% After Trump Administration Invests $1.6 Billion,The Trump administration has acquired equity in several miners to cut dependence on China.,https://ground.news/interest/forbes
Firstpost News,Center,"Amid tussle with China, US turns to domestic rare earth supply chain — with $1.6 bn boost","The Trump administration is set to acquire a 10 per cent stake in USA Rare Earth as part of a $1.6 billion investment package, signalling Washington’s growing willingness to deploy state capital to counter China’s dominance in rare earth processing and secure supply chains vital for defence, artificial intelligence and clean energy technologies",https://ground.news/interest/firstpost-news
digitimes.com,Center,Trump administration plans US$1.6 billion investment in US Rare Earth to reduce reliance on China,"The Trump administration is planning to acquire a 10% equity stake in US rare earth mining company US Rare Earth through a combined debt-and-equity investment valued at approximately US$1.6 billion, according to multiple media reports. The move is aimed at reducing the US's reliance on China for critical minerals while strengthening national security and high-tech supply chains.",https://ground.news/interest/digitimescom
The Globe & Mail,Center,"USA Rare Earth Announces Letter of Intent with the U.S. Government for Access to $1.6 Billion in Funding to Accelerate the Domestic Heavy Rare Earth Value Chain. Concurrently, USA Rare Earth Raises $1.5 Billion in Private Sector Investment.",Detailed price information for USA Rare Earth Inc (USAR-Q) from The Globe and Mail including charting and trades.,https://ground.news/interest/the-globe-and-mail
Dawn,Lean Left,"US to inject $1.6bn into rare earths miner for 10pc stake, Financial Times reports","Government investment and separate $1 billion private financing deal slated to be announced on Monday, report says.",https://ground.news/interest/dawn_a02aa2
The Star Kuala Lumpur,Right,US to invest US$1.6bil in USA Rare Earth,"NEW YORK: The Trump administration is planning to invest US$1.6bil into USA Rare Earth, the Financial Times reports, citing unidentified people familiar with the matter.",https://ground.news/interest/the-star-kuala-lumpur
sherwood.news,Lean Left,"The US government is taking a 10% equity stake in USA Rare Earth, the FT reports","Less than $300 million of reported financing is for equity and warrants, with the remainder going towards debt....",https://ground.news/interest/sherwoodnews
Semafor,Lean Left,US set to make its largest investment in rare earths,"The US government is reportedly pursuing a $1.6 billion investment in an American rare earth company, its largest such foray into the sector, as Washington looks to build up its domestic mineral supply chain. The planned 10% stake in USA Rare Earth, the Financial Times reported, marks the latest intervention by the Trump administration into private industries it deems central to national security: The government has stakes in at least six other …",https://ground.news/interest/semaforcom
INTELLINEWS,Center,USA Rare Earth Rockets 17% on Thrilling New Partnership Reveal,"Shares of USA Rare Earth (USAR) surged 17% in early trading following the announcement of a strategic new partnership, signaling increased investor confidence in the company’s growth prospects. The collaboration aims to bolster USAR’s position in the critical minerals market, a sector gaining heightened attention amid global supply chain concerns and growing demand for sustainable [...]",https://ground.news/interest/intellinews
Zero Hedge,Right,Heavily Shorted USA Rare Earth To Soar After US Govt Takes 10% Stake,"ZeroHedge - On a long enough timeline, the survival rate for everyone drops to zero",https://ground.news/interest/zero-hedge
Oklahoman,Center,Report: US to inject $1.6B into Oklahoma-based USA Rare Earth,"The government would receive 16.1 million shares in the rare earths company, along with warrants for a further 17.6 million, according to the report.",https://ground.news/interest/oklahoman
Il Sole 24 Ore,Right,Us Government Will Invest 1.6 Billion in American Rare-Earth Societies,"The Trump administration plans to invest $1.6 billion in an American rare-earth company, its largest investment in the sector, in Washington's latest initiative to support private industry...",https://ground.news/interest/il-sole-24-ore
Handelsblatt,Right,Raw Materials: Usa Apparently Invest 1.6 Billion in Rare Earth Company,"The ""Financial Times"" reports that Washington wants to join the US Rare Earth company, which would be the Trump administration's fourth raw material investment.",https://ground.news/interest/handelsblattcom
Benzinga,Center,Trump Admin To Acquire Stake In USA Rare Earth For $1.6 Billion: Report - USA Rare Earth (NASDAQ:USAR),The Trump administration plans to invest $1.6 billion in USA Rare Earth Inc. to secure essential mineral supplies.,https://ground.news/interest/benzinga
Fort Worth Report,Lean Left,The Greenland connection: Fort Worth emerges as linchpin in U.S. policy push for critical minerals,Open the article to view the coverage from Fort Worth Report,https://ground.news/interest/fort-worth-report
The West Australian,Right,Trump picks another rare earths player to back,"The Trump administration is planning to invest $US1.6 billion ($2.3b) into USA Rare Earth, the Financial Times has reported.",https://ground.news/interest/the-west-australian
Seeking Alpha,Right,U.S. government to invest $1.6B in USA Rare Earth for 10% stake,,https://ground.news/interest/seeking-alpha
CNBC,Center,"Trump administration to take 10% stake in USA Rare Earth in $1.6 billion deal, sources say","The miner has brought in Cantor Fitzgerald, chaired by Brandon Lutnick, son of Secretary of Commerce Howard Lutnick, to help with fundraising.",https://ground.news/interest/cnbc
Times of India,Right,"Trump admin to take 10% stake in USA Rare Earth in $1.6 bn deal, sources say","The Trump administration is investing $1.6 billion in USA Rare Earth, acquiring a 10% stake to develop a domestic mine and magnet facility. This move aims to boost U.S. production of critical minerals, reducing reliance on China. The deal includes equity and warrants, with a separate $1 billion private investment also announced.",https://ground.news/interest/times-of-india
Reuters,Center,"US to inject $1.6 billion into rare earths miner for 10% stake, FT reports","The United States is planning to inject $1.6 billion into Oklahoma-based miner USA Rare Earth and will receive a 10% stake in the company, the Financial Times reported on Saturday, citing people familiar with the matter.",https://ground.news/interest/reuters_fa2539
The Motley Fool,Lean Left,"America Needs Rare Earth Magnets, and USA Rare Earth Is Positioning Itself to Fill the Gap",Key PointsGrowing trade tensions with China have intensified U.S. efforts to develop a self-sufficient supply chain of critical minerals. USA Rare Earth is looking to position itself as a key player in the sector by establishing a vertically integrated supply chain.It acquired Less Common Metals to reduce reliance on Chinese sources and aims to start production soon at its Oklahoma facility. 10 stocks we like better than USA Rare Earth › Critica…,https://ground.news/interest/the-motley-fool
Bloomberg,Lean Left,US to Invest $1.6 Billion In USA Rare Earth: Financial Times,"The Trump administration is planning to invest $1.6 billion into USA Rare Earth, the Financial Times reported, citing unidentified people familiar with the matter.",https://ground.news/interest/bloomberg
Euronews,Center,Is Europe losing the race to secure rare earth materials?,US President Trump’s threat of additional tariffs to force the acquisition of Greenland highlights a persistent concern: Europe is lagging in the global competition for rare earths and critical minerals. Has it already lost the race?,https://ground.news/interest/euronews
Daily Montanan,Lean Left,Helena City Commission grapples with immigration resolution,A child sits on shoulders as people gather outside the City-County building in Helena prior to a City Commission meeting. (Jordan Hansen / Daily Montanan)HELENA — Hundreds of people packed a Helena City Commission meeting this week to ask the city to protect them from aggressive immigration tactics by federal law enforcement agents. The Helena City Commission voted 4-1 on Monday on a resolution reiterating its support for immigrant communities a…,https://ground.news/interest/daily-montanan
ABC FOX Montana,Center,Helena commission passes resolution that city police avoid aiding ICE,"Before an overflow crowd and after hours of public comment and deliberation, the commission approved the resolution by a 4-1 vote.",https://ground.news/interest/abc-fox-montana
KPAX,Center,"Helena City Commission adopts resolution on when, how police interact with immigration officials","Amid the ongoing controversy over federal immigration enforcement in Minneapolis, immigration policy was in the spotlight in the city of Helena Monday night.The Helena City Commission voted 4-1 on Monday to adopt a resolution, clarifying policies for when and how the Helena Police Department will cooperate with federal immigration officials. The debate already scheduled ended up happening just days after a Border Patrol agent shot and killed a m…",https://ground.news/interest/kpax
Associated Press News,Lean Left,Police department in Montana's capital city exits drug task force over border patrol involvement,The Helena Police Department has announced its exit from a regional drug task force after the agency decided to collaborate with U.S. Border Patrol agents.,https://ground.news/interest/associated-press-news
Montana Free Press,Center,Helena PD exits drug task force over border patrol involvement,"The Helena Police Department has announced its exit from a regional drug task force after the agency decided to collaborate with U.S. Border Patrol agents.  Wednesday evening, Helena Police Chief Brett Petty told city commissioners during a meeting that he had decided to withdraw HPD from the Missouri River Drug Task Force. Petty said the drug task force had been discussing the deployment of border patrol agents for over a year and, last Novembe…",https://ground.news/interest/montana-free-press
Montana Standard,Center,"Helena withdraws from drug task force over Border Patrol membership, East Helena stays on",Helena PD withdrew from a multi-jurisdictional drug task force after it added federal U.S. Border Patrol agents based in Helena and Bozeman to its ranks.,https://ground.news/interest/montana-standard
