outlet,bias,headline,summary,ground_news_interest_url
Hawaii Tribune-Herald,Center,"With new EU loan, Ukraine avoids budget crunch and can plan war effort","BRUSSELS — European leaders agreed Friday to help keep Ukraine funded for two years with a loan of 90 billion euros, or about $105 billion, though they decided against using frozen Russian assets to pay for the support. 3 months ago",https://ground.news/interest/hawaii-tribune-herald
sgtreport.com,Right,"Putin marathon Q & A; conflict, theft and love. €90B “LOAN” to Ukraine. EU farmers angry",from Alex Christoforou: TRUTH LIVES on at https://sgtreport.tv/ 3 months ago,https://ground.news/interest/sgtreportcom
Buffalo News,Center,"Europe OKs billions for Ukraine, falters geopolitically","BRUSSELS — Just before 3 a.m. Friday, the news began to percolate through the European Union's cavernous headquarters in central Brussels. After more than 16 hours of negotiations, leaders from across the 27-nation bloc had come up with a plan… 3 months ago · Buffalo, United States",https://ground.news/interest/buffalo-news
Worthy Christian News,Center,EU Agrees 90 Billion Euro Loan For Ukraine Despite Divisions Over Frozen Russian (Worthy News Radio,"by Stefan J. Bos, Worthy News Europe Bureau Chief BRUSSELS/WARSAW/BUDAPEST (Worthy News) – After hours of tense negotiations, European Union leaders agreed to provide Ukraine with a 90 billion euro loan (about $100 billion) to meet the wartorn nation’s urgent financial needs. However, they failed to reach a consensus on whether the loan should be secured using Russia’s frozen assets held in Europe. https://www.worthynews.com/wordpressimages/2025… 3 months ago",https://ground.news/interest/worthy-christian-news
tz.de,Center,Why Russia Welcomes the Eur 90 Billion Eu Loan to Ukraine,"Kremlin officials praise the agreement after the lengthy debate on frozen assets as a ""serious blow to the war thugs in the EU."" 3 months ago",https://ground.news/interest/tzde
ladepeche.fr,Lean Left,Decryptage. War in Ukraine: Where Do the €90 Billion Lent by Europe Come From and What Are They Going to Be Used For?,"After a night of tense negotiations, the Twenty-Seven decided on Friday 19 December: a €90 billion zero-rate loan to support Ukraine, while excluding the use of Russian assets. 3 months ago",https://ground.news/interest/ladepechefr
il Giornale,Right,The Agreement in Brussels and the Defeat of Ursula: Loan of 90 Billion,No to the use of frozen assets The EU budget guarantees 3 months ago · Italy,https://ground.news/interest/ilgiornaleit
OPB,Center,"EU leaders agree on $105bn Ukraine loan, but without relying on frozen Russian assets","European Union leaders agreed on Friday to provide a massive interest-free loan to Ukraine to meet its military and economic needs for the next two years, but they failed to bridge differences with Belgium that would have allowed them to use frozen Russian assets to raise the funds.After almost four years of war, the International Monetary Fund estimates that Ukraine will need 137 billion euros ($161 billion) in 2026 and 2027. The government in … 3 months ago · Portland, United States",https://ground.news/interest/opb
nationalsecurityjournal.org,Center,EU Leaders Approve €90 Billion for Kyiv as the Frozen-Assets Strategy Hits a Wall,"Key Points and Summary – EU leaders have agreed to lend Ukraine €90bn over 2026–27 to avert a cash crunch and keep public services and war spending funded. The package will be raised on markets and backed by EU budget headroom, with repayment envisioned only after Russia pays reparations. Putin in August 2025. Image Credit: Creative Commons. -But the bloc failed to secure consensus on its more explosive plan: using €210bn in frozen Russian sover… 3 months ago",https://ground.news/interest/nationalsecurityjournalorg
El Mundo,Right,"Belgium Demanded ""Unlimited Guarantees"" and Orban Gave the 'Yes' to the Debt when the Situation Was Blocked: This Is How the Eu Loan to Ukraine Was Approved","There was a time during the evening-night of yesterday when the possibility of approving the use of Russian assets seemed real in Brussels. The European Commission and Belgium... 3 months ago · Madrid, Spain",https://ground.news/interest/el-mundo
Deutschlandfunk,Center,Questions and Answers - What Is Known About the Eu Compromise on the Financing of Ukraine,The EU countries have agreed on a compromise on the financing of Ukraine for the next two years. Russian assets are not directly included - unlike the German Chancellor Merz wanted - but instead there is an interest-free loan. We explain what is so far known about the agreement. 3 months ago · Germany,https://ground.news/interest/deutschlandfunk
PressTV,Right,"Fearing risks in using Russian assets, EU agrees €90bn Ukraine war loan","European Union leaders have agreed to provide Ukraine with a €90 billion loan but have chosen not to use frozen Russian assets. 3 months ago · Tehran, Iran (Islamic Republic of)",https://ground.news/interest/presstv
The Moscow Times,Lean Left,"EU Agrees to New Ukraine Loan, But Russian Asset Plan Fails","EU leaders agreed Friday to provide Ukraine with a loan of 90 billion euros ($105 billion) to stabilize the war-torn country’s finances, but failed to reach consensus on a more ambitious plan to use frozen Russian assets to fund additional aid. 3 months ago · Amsterdam, Netherlands (Kingdom of the)",https://ground.news/interest/the-moscow-times
Responsible Statecraft,Lean Left,EU avoids risky precedent in Ukraine aid deal,"The European Union’s leaders began their crucial summit on Thursday aimed at converging around the Commission’s proposal to use Russian funds frozen in Europe to guarantee a “reparations loan” to Ukraine. In the early hours on Friday, they opted instead to extend a loan of €90 billion backed only by the EU’s own budget. The attempt to leverage the Russian assets opened a breach within the EU that could not be overcome. As the meeting opened, sev… 3 months ago",https://ground.news/interest/responsible-statecraft
The Conversation,Center,"EU agrees €90 billion loan to Ukraine, but squabbles over frozen Russian assets expose the bloc’s deep divisions","By agreeing to provide a loan of €90 billion (£79 billion) for the years 2026-2027, EU leaders have set the direction for the future of support for Ukraine. At stake at the meeting of the European Council on December 18 was not just Kyiv’s ability to continue to defend itself against Russia’s ongoing aggression, but also the credibility of the EU as a player in the future of European security. The key decision for the EU’s leaders was whether, a… 3 months ago",https://ground.news/interest/the-conversation
Channel 4,Lean Left,Ukraine seals €90bn loan from EU amid internal division,"Ukraine’s war machine is in danger of stalling without more cash. Today, after fractious talks, it was thrown a lifeline. The EU has approved €90 billion to Ukraine for the next two years. ‘Perfect is the enemy of the good’, Ukraine’s deputy foreign minister said as European leaders, burning the midnight oil, finally came to a compromise. But the deal will not be funded by frozen Russian assets, which President Zelenskyy had hoped for, as EU lea… 3 months ago · London, United Kingdom",https://ground.news/interest/channel-4
thecradle.co,Left,EU greenlights €90bn loan to Ukraine after Belgium blocks theft of Russian funds,The Belgian prime minister blocked the EU's attempt to confiscate 210 billion euros in frozen Russian funds for Ukraine 3 months ago,https://ground.news/interest/thecradleco
Origo,Right,"They Still Won't Use Russian Assets, They Will Continue to Finance Ukraine with War Loans","Hungary, Slovakia and the Czech Republic do not participate in this. 3 months ago · Budapest, Hungary",https://ground.news/interest/origohu
Berliner Zeitung,Lean Left,"Bsw Boss De Masi Criticizes Billions of Loans for Ukraine: ""Financing Further Death on Instalments","Fabio De Masi criticises the EU plan to grant Kiev an interest-free loan of EUR 90 billion. He speaks of ""war extension"" and warns against liability risks. 3 months ago",https://ground.news/interest/berliner-zeitung
The European Conservative,Right,Small Victory for Common Sense: European Council Decides Against Using Russian Assets To Finance Ukraine,"Czechia, Hungary and Slovakia opted out of a mega loan to Kyiv that will impose yet another burden on European taxpayers. 3 months ago",https://ground.news/interest/the-european-conservative
The Week,Lean Left,Who is paying for Europe’s €90bn Ukraine loan?,"EU leaders have chosen to raise €90 billion in joint debt to fund the Ukrainian war effort for the next two years after German-led proposals for a “reparations loan” secured against frozen Russian assets fell apart in the face of internal dissent.Notably, Hungary, Czechia and Slovakia will not participate in the joint debt scheme, meaning an “EU of 27 member states turned into a gang of 24” at the summit in Brussels last night, said Politico.Wha… 3 months ago · Washington, United States",https://ground.news/interest/the-week_fd0add
censor.net,Lean Left,Maternova on a Loan of €90 Billion for Ukraine: “Exceptionally Favorable Conditions”,"EU Ambassador to Ukraine Katarina Maternova believes that the decision to provide Ukraine with a loan of 90 billion euros, adopted during the EU summit in Brussels, will preserve the financial stability of the state over the next two years. 3 months ago",https://ground.news/interest/censornet_caee9a
Fox News,Right,"Putin claims 'troops are advancing,' will achieve goals as EU approves massive Ukraine loan","As the Russia-Ukraine war drags on, Russian President Vladimir Putin indicated that his nation's ""troops are advancing,"" according to The Associated Press. 3 months ago · New York, United States",https://ground.news/interest/fox-news_a44aba
The Epoch Times,Right,EU Leaders Agree on $105 Billion Loan to Fund Ukraine Without Using Russian Frozen Assets,"The European Union will borrow money for a 90 billion euro ($105 billion) loan to Ukraine to fund the country’s defense over the next two years, rather than use frozen Russian assets, the 27-nation bloc said on Dec. 19. Member states also gave consent for the European Commission, the bloc’s executive arm, to keep working on a so-called reparations loan based on Moscow’s immobilized assets, but were unable to get that scheme off the ground for no… 3 months ago · New York, United States",https://ground.news/interest/the-epoch-times
Digi 24,Center,"Vladimir Putin Strongly Criticises the Eu's Attempt to ""Get"" Russian Assets: ""No Matter What Stolen or How I Do It, They Will Have to Return""","Although the EU blockade's plan to use Russian assets for Ukraine's financing has failed, Russian President Vladimir Putin has kept EU leaders critical of this attempt, reports Politico. 3 months ago · Romania",https://ground.news/interest/digi-24
"La Nación, Grupo Nación",Right,Eu Agrees to Lend 90 Billion Euros to Ukraine without Using Russian Assets,"Brussels. The leaders of the European Union (EU) agreed in the early morning of this Friday to grant a loan of €90 billion to Ukraine for the period 2026-2027, without resorting to frozen Russian assets, after failing to reach consensus on that option during a protracted summit in Brussels.The agreement, reached after more than a day of negotiations, seeks to ensure the financial stability of Kiev at a critical moment of the war begun in 2022, a… 3 months ago",https://ground.news/interest/la-nacion-grupo-nacion
Mediapart,Lean Left,Eu Lends €90 Billion to Ukraine but Refuses to Use Frozen Russian Assets,"The Twenty-Seven will continue to assist Kyiv, but without resorting to a ""reparation loan"" guaranteed by the Russian assets that are immobilized. A half-victory for Moscow, which had directly threatened those who would support this solution. 3 months ago · Paris, France",https://ground.news/interest/mediapart
The Independent (US),Lean Left,Rachel Reeves welcomes EU deal to loan billions to Ukraine,Ukrainian President Volodymyr Zelensky has said the move will ‘truly strengthen our resilience’. 3 months ago · United States,https://ground.news/interest/the-independentcom
perspectivemedia.com,Lean Left,Reeves welcomes EU deal to loan billions to Ukraine,Ukrainian President Volodymyr Zelensky has said the move will ‘truly strengthen our resilience’. Rachel Reeves said the UK’s support for Ukraine remains “iron-clad” as she welcomed a European deal to provide billions more in financial support for Kyiv. The European Council agreed on Thursday to provide an interest-free loan worth 90 billion euros (£78.8 billion) to support Ukraine’s military and economic needs over the next two years. The Chance… 3 months ago,https://ground.news/interest/perspectivemediacom
CGTN,Lean Left,EU secures €90bn loan for Ukraine as frozen Russian assets plan stalls,"Brussels agrees major financial support for Kyiv over the next two years, but leaders fail to unlock frozen Russian funds amid legal and political hurdles. 3 months ago · Beijing, China",https://ground.news/interest/cgtncom
presseportal.de,Right,Alice Weidel/tino Chrupalla: Ukraine Loan Is a Political and Fiscal Disaster,"AfD Group in the German Bundestag [Newsroom]Berlin (ots) - The EU intends to raise a total of 90 billion euros in joint debt in 2026 and 2027 in order to grant Ukraine an interest-free loan. The repayment is to be made either via Russian reparation payments or via a ... Continue reading here...Original content of: AfD Group in the German Bundestag, transmitted by news up-to-date 3 months ago",https://ground.news/interest/presseportalde
HuffPost UK,Left,Putin Threatens EU 'Burglars' For Trying To Use Frozen Russian Assets To Help Ukraine,"The Russian leader claimed there will be ""serious consequences"". 3 months ago · United Kingdom",https://ground.news/interest/huffpost-uk
Xinhua,Left,EU approves 90-bln-euro loan for Ukraine,EU approves 90-bln-euro loan for Ukraine 3 months ago · China,https://ground.news/interest/newscn
News24,Center,"EU agrees to borrow money to help Ukraine fight Russia, avoiding ‘chaos and division’","European Union leaders decided to borrow cash to fund Ukraine’s defence against ‌Russia for the next two years rather than use frozen Russian assets, sidestepping divisions over an unprecedented plan to finance Kyiv with Russian sovereign cash. 3 months ago · South Africa",https://ground.news/interest/news24
abc,Right,"Putin Warns the Eu About the Use of Frozen Russian Assets: ""the Consequences Could Be Serious for Thieves""","After weeks of waiting, this Friday was the big day for the Russian president. Vladimir Putin's expected 'direct line', a kind of macro-run of press by the Kremlin chief where citizens can send him their questions, has touched on some of the hottest issues today, such as the war in Ukraine, the economy and relations with the West.Just at the beginning of the event, Putin referred to the EU's approval of an initiative to send 90 billion euros to … 3 months ago · Spain",https://ground.news/interest/abc_0c202e
Semafor,Lean Left,EU leaders agree to loan $105B to Ukraine,"EU leaders agreed a $105 billion loan to Ukraine after efforts to leverage frozen Russian assets in order to help Kyiv stumbled. The bloc has debated using the $246 billion in Russian funds for months, but Belgium, where most of the money is held, was concerned about financial and security repercussions, and demanded guarantees from other EU countries, which they rejected. Still, the loan provides vital cash for Ukraine — President Volodymyr Zel… 3 months ago · New York, United States",https://ground.news/interest/semaforcom
brusselssignal.eu,Right,"Belgium wins battle over Russian assets, EU to lend Ukraine €90bn instead",European leaders have decided to loan €90 billion to Ukraine over the next two years using their own means instead of frozen Russian assets. After 15 hours of… 3 months ago · Belgium,https://ground.news/interest/brusselssignaleu
Report24,Far Right,90 Billion for Ukraine - Taxpayers Bear the Risk,"The EU Heads of State and Government (of course not all) have agreed to lend the Ukraine 90 billion euros without interest over the next two years. The interest is paid by the EU tax payers and the Kleptocrats over there continue to fill their pockets. In the European Union, there is madness. Well, not everywhere, because countries like Hungary, Slovakia and the Czech Republic have declared that they do not want to contribute, but the rest of th… 3 months ago",https://ground.news/interest/report24
France24,Center,EU leaders agree on €90 billion loan to Ukraine as 'plan B' to use of Russian assets,"European Union leaders agreed on December 19 to provide a €90 billion interest-free loan to Ukraine. The joint borrowing will cover two-thirds of the country's financial needs for the next two years. Although hailed by several European leaders as a clear sign that the block stays behind Ukraine, it also comes as they failed to agree on a plan to use frozen Russian assets to fund military aid to Ukraine, says FRANCE 24's correspondent to Brussels… 3 months ago · France",https://ground.news/interest/france24
Firstpost News,Center,Putin warns of 'severe consequences' for 'robbers' who use Russian frozen assets,"Earlier today, the EU reached an agreement to provide a loan of $106 billion to Ukraine to help the country catch up on its budget shortfall. However, the decision to use Russian frozen assets has been put on hold for now 3 months ago · Mumbai, India",https://ground.news/interest/firstpost-news
Sveriges Radio,Lean Left,EU to lend Ukraine 90 billion euros in financial aid plan - Radio Sweden,"To avoid Ukraine going bankrupt early next year, the EU is lending them 90 billion euros. EU officials agreed overnight to take out a loan together to ... 3 months ago · Stockholm, Sweden",https://ground.news/interest/sveriges-radio
Al Arabiya,Right,Russia’s ‍Dmitriev welcomes EU summit decision to not use Russian frozen funds,3 months ago · Saudi Arabia,https://ground.news/interest/al-arabiya
Novinky.cz,Lean Left,Jurečka: Babiš Betrayed Friends and Allies at the Summit,"The opposition sharply criticizes Prime Minister and ANO leader Andrej Babiš for refusing to guarantee a loan to Ukraine at the European Union summit, thus siding with Hungary and Slovakia. According to Jurečka from KDU-ČSL, this is treason. According to Kupka from ODS, it is swindling. 3 months ago",https://ground.news/interest/novinkycz
delo.si,Lean Left,The European Union Will Allocate 90 Billion Euros to Help Ukraine! Slovenia Is Expected to Contribute Such a Large Amount,"Hungary, the Czech Republic and Slovakia do not want to participate in the loan. 3 months ago",https://ground.news/interest/delosi
Zero Hedge,Right,"EU Folds On Russian Asset 'Reparations', Commits $105BN Loan To Ukraine","ZeroHedge - On a long enough timeline, the survival rate for everyone drops to zero 3 months ago · United States",https://ground.news/interest/zero-hedge
Liberation,Lean Left,"Eu Grants €90 Billion Loan for Ukraine, without Using Russian Assets","The leaders of the 27 had been meeting since Thursday 18 December in the morning to find a financing solution for Ukraine. 3 months ago · Paris, France",https://ground.news/interest/liberation
PerthNow,Center,Kyiv welcomes EU loan despite no deal on Russian assets,"The EU will lend Ukraine $160 billion to help it continue fighting, a move welcomed by Kyiv even though it wanted the money to come from frozen Russian assets. 3 months ago · City of Perth, Australia",https://ground.news/interest/perthnow
조선일보,Right,European Union Agrees to Provide Ukraine 90 Billion Euros in Interest-Free Loans,"European Union Agrees to Provide Ukraine 90 Billion Euros in Interest-Free Loans EU-backed loan covers Ukraines military and fiscal needs 2026-2027, avoiding frozen Russian assets 3 months ago",https://ground.news/interest/chosuncom
Meduza,Left,The Eu Did Not Agree on the Use of Russian Frozen Assets. Ukraine Will Receive a 90 Billion Euro Loan From the Bloc's Budget,"Following the summit, the EU countries agreed to provide Ukraine with a loan of 90 billion euros, secured by the bloc's own budget, without using Russian frozen assets, said Antonio Costa, President of the European Council. 3 months ago · Riga, Latvia",https://ground.news/interest/meduza
Devdiscourse,Center,EU Approves €90 Billion Loan for Ukraine Amid Asset Controversy,"EU Approves €90 Billion Loan for Ukraine Amid Asset Controversy European Union leaders have secured a €90 billion loan for Ukraine to bolster its financial stability for the next two years in light of Russia's invasion. The loan will be drawn from EU funds rather than utilizing frozen Russian assets.The straightforward agreement faced pushback, especially from Belgium, due to complexity and legal hurdles. Meanwhile, Hungarian Prime Minister Vikt… 3 months ago · India",https://ground.news/interest/devdiscourse
Deutsche Welle,Center,Eu Agrees on Eur 90 Billion Loan for Ukraine,"The EU now secures the financing of the Ukraine attacked by Russia by the end of 2027. However, the compromise found in Brussels looks different than originally planned. 3 months ago · Bonn, Germany",https://ground.news/interest/deutsche-welle
teleSUR,Left,Eu Approves Eur 90 Billion of Aid to Ukraine for 2026-2027,"The agreement generated resistance in several countries and entities, including Belgium, Bulgaria, Slovakia, Hungary, Italy, Malta, the Czech Republic, Euroclear and the European Central Bank 3 months ago",https://ground.news/interest/telesurtvnet
TF1 INFO,Center,"""A Clear Message to Putin"": Eu to Lend €90 Billion to Ukraine","The Heads of State and Government of the EU's Twenty-Seven countries met at a summit in Brussels on Thursday to find a solution to finance Ukraine over the next two years. Negotiations lasted until late in the night on how best to proceed with this funding. Leaders managed to pull out an agreement in the middle of the night. - ""A clear message to Putin"": the EU will lend €90 billion to Ukraine (International). 3 months ago",https://ground.news/interest/tf1-info
Libertad Digital,Right,Eu Agrees €90 Billion in Financial Support to Ukraine without Using Russian Assets,The agreement reinforces the Community's commitment to Kiev while the debate on the use of frozen Russian funds continues. 3 months ago,https://ground.news/interest/libertad-digital
NRC Handelsblad,Lean Left,"Eu to Lend 90 Billion to Ukraine, Route via Russian Assets Fails","EU summit: Months of talks about using Russian money to help Ukraine came to nothing. At 3 a.m., the European… 3 months ago · Netherlands (Kingdom of the)",https://ground.news/interest/nrc-handelsblad
Euro Weekly News,Lean Left,Ursula defeated: 16 Hours of debate - Mercosur delayed and Russian assets off the table,"After a marathon 16-hour EU summit in Brussels on December 18 that went into the early hours of Friday 19, European leaders delivered twin setbacks to proposals from European Commission President Ursula von der Leyen. After intense negotiations, the bloc approved a €90 billion loan for Ukraine but rejected the highly risky use of frozen Russian assets, opting instead for joint EU borrowing. Source 3 months ago · Spain",https://ground.news/interest/euro-weekly-news
Radio France Internationale,Center,"EU green lights €90bn loan for Ukraine, without frozen Russian assets","EU leaders have agreed a €90 billion loan package for Ukraine, offering Kyiv a vital financial lifeline as it faces mounting budget pressures – but stopped short of the more contentious step of using frozen Russian state assets to raise the cash. 3 months ago · Paris, France",https://ground.news/interest/radio-france-internationale
yle,Center,"Friday's papers: EU's €90bn loan for Ukraine, PM says government has addressed racism scandal, and pricey hotel breakfasts","""[The loan] is a tolerable solution, even if it's not quite what we set out to get here,"" Prime Minister Petteri Orpo (NCP) said. 3 months ago · Finland",https://ground.news/interest/yle
der Standard AT,Lean Left,Eu Countries Secure Ukraine Assistance without Access to Russian Assets,"Kyyiv receives 90 billion euros via interest-free EU loans. Moscow's funds remain frozen. Hungary, Slovakia and the Czech Republic do not go with guarantees 3 months ago · Vienna, Austria",https://ground.news/interest/der-standard_389fff
Lietuvos Radijas ir Televizija,Center,EU ready to revisit Ukraine funding if new loan falls short – Lithuania’s president,"The European Union will revisit the issue of financing Ukraine if a newly agreed 90-billion-euro loan proves insufficien... 3 months ago · Vilnius, Lithuania",https://ground.news/interest/lietuvos-radijas-ir-televizija
Dnevni list Danas,Lean Left,"Eu Approves €90 Billion Loan to Kiev, Will Not Use Russian Assets","Ukraine wanted the EU to use 200 billion euros of frozen Russian assets, but Belgium opposed the move. 3 months ago · Belgrade, Serbia",https://ground.news/interest/dnevni-list-danas
Il Sole 24 Ore,Right,Support From 90 Billion to Ukraine: because the Eu Has Chosen the Debt and Not the Russian Assets,"BRUSSELS After hours of discussions here in Brussels, the Heads of State and Government of the European Union decided to help Ukraine in its war against Russia, gathering... 3 months ago · Milan, Italy",https://ground.news/interest/il-sole-24-ore
Euronews,Center,Video. €90 billion EU support for Ukraine agreed at summit,"Video. Belgium hosted an EU summit ending with a €90bn Ukraine support deal, while divisions over the Mercosur trade pact forced leaders to delay a decision. 3 months ago · France",https://ground.news/interest/euronews
focus.de,Right,90 Billion Euros for Ukraine! Eu Saves Ukraine with New Compromise on Russian Assets,"Happy End for Ukraine: The country attacked by Russia receives much needed money from the EU. However, not as originally provided by Chancellor Friedrich Merz. 3 months ago · Berlin, Germany",https://ground.news/interest/focusde
Anadolu Ajansı,Right,EU fails to reach agreement on using frozen Russian assets for Ukraine,"Member states instead agree to raise $105 billion through EU borrowing on capital markets for next 2 years, says EU Commission chief - Anadolu Ajansı 3 months ago · Ankara, Türkiye",https://ground.news/interest/anadolu-ajans
Il Fatto Quotidiano,Lean Left,"Ukraine, 90 Billion Eu Loan: Agreement to the European Council","The announcement arrived in the night. ""We have gathered with a clear objective: to address the urgent financial needs of Ukraine for the next two years. And I am very pleased to say: we have made it,"" exclaimed the president of the European Commission Ursula von der Leyen, at the end of the European Council in Brussels. ""As you know he added -, the Commission had proposed two solutions. Both legally valid. Both technically feasible. On the one … 3 months ago · Rome, Italy",https://ground.news/interest/il-fatto-nuotidiano
Schweizer Radio und Fernsehen (SRF),Lean Left,Eu Summit: Ukraine Receives the 90 Billion Loan,"Only after long negotiations do the EU countries find a compromise. This was not decisive action. 3 months ago · Zürich, Switzerland",https://ground.news/interest/schweizer-radio-und-fernsehen-srf
politika.rs,Right,German Chancellor: Interest-Free Loan to Ukraine a Political Message to Russia,"EU approves 90 billion euros interest-free loan to Ukraine 3 months ago · Belgrade, Serbia",https://ground.news/interest/politikars
Modern Diplomacy,Right,"EU opts for joint borrowing to bankroll Ukraine, shelves risky Russian asset plan","European Union leaders agreed to raise 90 billion euros through joint borrowing backed by the EU budget to support Ukraine’s defence over the next two years, setting aside a controversial plan to use frozen Russian sovereign assets. 3 months ago",https://ground.news/interest/modern-diplomacy
intellinews.com,Center,"Reparation Loan vote fails, EU agree on Plan B €90bn loan instead","The EU’s vote on approving the €210bn Reparation Loan to fund Ukraine’s war for another two years failed after late night talks on December 18 failed to find a compromise. 3 months ago · Berlin, Germany",https://ground.news/interest/intellinewscom
The Journal,Lean Left,EU to loan Ukraine €90 billion but leaders fail to agree on using frozen Russian assets,The number one option on the table had been to tap around €200 billion of Russian central bank assets frozen in the EU to generate a loan for Ukraine. 3 months ago · Ireland,https://ground.news/interest/the-journal_0d766b
www.larazon.es,Right,Eu Agrees to Help Ukraine with 90 Billion Eurobonds but without Resorting to Frozen Russian Assets,"The European Union will finance Ukraine with a loan of €90 billion to keep it afloat for the next two years, although it will not for the time being resort to frozen Russian assets in the Union, confirmed the President of the European Council, António Costa, after European leaders have parked this option because of the difficulties associated with this plan. ""We have an agreement"", said the former Portuguese Prime Minister in a message on social… 3 months ago · Spain",https://ground.news/interest/wwwlarazones
Mediazona,Left,"In the Eu, the Transfer of 90 Billion Euros to Ukraine From the Total Budget Rather than From Russia ' S Frozen Assets Was Agreed.","EU leaders have agreed to allocate 90 billion euros to Ukraine for the next two years from the total budget of the bloc, para. 3 months ago",https://ground.news/interest/_57539d
merkur.de,Center,Ukraine War at the Moment: Russia Advances in Donetsk and Saporish – Eu Lends Eur 90 Billion,A plan by Ukraine seemed too risky for the decision-makers at the EU summit in Brussels. The current situation in the Ukraine war in the ticker. 3 months ago,https://ground.news/interest/merkurde
24ur.com,Center,Eu Financial Support for Ukraine Extended for Two More Years,"EU leaders reached an agreement in Brussels on further support for Ukraine in the form of a €90 billion loan for the next two years. They did not agree on the use of frozen Russian assets, which several member states had been pushing for. Ukrainian President Zelensky has already thanked the EU for the financial support, while Russia is pleased that the EU has not reached an agreement on the use of Russian assets. 3 months ago · Ljubljana, Slovenia",https://ground.news/interest/24urcom
Kronen Zeitung,Right,Eu Joins 90 Billion Package for Ukraine,"The EU Heads of State and Government have agreed on financing Ukraine for 2026 and 2027. A total of 90 billion euros is to be allocated, financed through joint borrowing, informed EU Council President Antonio Costa. Russian funds remain frozen. Federal Chancellor Christian Stocker (ÖVP) welcomed the decision. Stocker stressed that the measure was ""pleasant"" and meant ""no direct burden on the Austrian taxpayer"" from the budget. Funding was secure… 3 months ago · Vienna, Austria",https://ground.news/interest/kroneat
Le Huffington Post,Left,"""A Clear Message"" to Putin: the Eu Makes a Giant Loan of €90 Billion to Ukraine","In the absence of an agreement for funding, Ukraine was at risk of running out of money in the first quarter of 2026. 3 months ago · Paris, France",https://ground.news/interest/le-huffington-post
Sud Ouest,Center,"War in Ukraine: ""Promise Held"", Eu Unlocks €90 Billion to Support Kiev","Europeans commit to finance Ukraine's war effort for the next two years, despite the blockage on the use of Russian assets Europeans decided on the night of 3 months ago · France",https://ground.news/interest/sud-ouest
Observador,Right,6h. Eu Leaders Reached Agreement on the Financing of Ukraine in the Next Two Years,"This is a 90 billion euro loan, through the issue of a common debt. Still, it was Portuguese and was found dead on the suspicion that he had been shot to death at Brown University. 3 months ago · Portugal",https://ground.news/interest/observador
Welt,Right,Eu Summit: New Debt Instead of Russian Billions – Eu Leaders Agree on Ukraine Funding,"The EU states have pledged 90 billion euros to Ukraine for the next two years in the defence struggle against Russia. 3 months ago · Dortmund, Germany",https://ground.news/interest/welt
Irish Times,Lean Left,Ukraine deal: EU leaders agree €90bn loan after frozen Russian assets plan fails,"Crunch summit breaks up with agreement for EU loan to shore up Ukraine’s finances for next two years 3 months ago · Dublin, Ireland",https://ground.news/interest/irish-times
Al Jazeera,Lean Left,EU agrees hefty $105bn Ukraine loan without using Russian assets,"EU leaders decide to borrow cash to fund Ukraine’s defence rather than use frozen Russian monies, diplomats said. 3 months ago · Qatar",https://ground.news/interest/al-jazeera_1a2e2c
Japan Today,Lean Left,EU leaders agree on 90 billion euro loan to Ukraine after plan to use Russian assets unravels,"European Union leaders agreed on Friday to provide a massive interest-free loan to Ukraine to meet its military and economic needs for the next two years, but they… 3 months ago · Sakado, Japan",https://ground.news/interest/japan-today
KEYT,Center,The Eu Reaches a $105 Billion Agreement to Finance Ukraine and Will Not Use Frozen Russian Assets,"By Joseph Ataman and Ross Adkin, CNN - European Union leaders announced a multi-billion dollar financing plan for Ukraine's economy and armed forces on Friday, to be carried out over the next two years. The package, for now, will be financed through loans and will not draw on the billions of dollars in frozen Russian assets held by the bloc. Partly due to US funding cuts, Ukraine will face a $160 billion (€137 billion) financing shortfall over t… 3 months ago",https://ground.news/interest/keyt
KVIA,Center,Europe Saves Its Credibility with a Last-Minute Funding Agreement of Us$ 105 Billion for Ukraine,"By Joseph Ataman and Ross Adkin, CNN - European Union leaders announced a multi-billion dollar financing plan for Ukraine's economy and armed forces on Friday, to be carried out over the next two years. The package, for now, will be financed through loans and will not draw on the billions of dollars in frozen Russian assets held by the bloc. Partly due to US funding cuts, Ukraine will face a $160 billion (€137 billion) financing shortfall over t… 3 months ago · Panama City, United States",https://ground.news/interest/kvia
De Morgen,Lean Left,Prime Minister De Wever Triumphs: Europe Will Not Touch Russian Assets After All,"Europe ultimately opts for plan B: a traditional European loan of 90 billion euros for Ukraine. Russian assets remain untouched. A... 3 months ago · Antwerp, Belgium",https://ground.news/interest/de-morgen
derwesten.de,Center,"Eu Decides Mega-Credit for Ukraine! Merz with a Clear Message to Putin: ""War Won't Be Worth it.""",EU agrees on new Ukraine aid: Chancellor Merz holds a compromise at the summit that secures Kiev billions. 3 months ago · Germany,https://ground.news/interest/derwestende
Le Figaro,Right,"In Direct - War in Ukraine: ""a Decisive Message"", the Eu Unlocks €90 Billion for Kiev and without Resorting to Russian Assets","For his part, Emmanuel Macron estimated on Friday, after the agreement reached by the EU to release 90 billion for Ukraine, that he would ""become useful again"" for him and the Europeans to speak to Russian President Vladimir Putin. 3 months ago · Paris, France",https://ground.news/interest/le-figaro
Il Post,Lean Left,European Council Reached Agreement on Funds for Ukraine,"It will be given a loan of 90 billion euros, but without using the Russian frozen goods 3 months ago · Italy",https://ground.news/interest/il-post
leprogres.fr,Center,"War in Ukraine. ""Promise Held"": Eu Unlocks €90 Billion to Help Kiev","On Friday, Europeans decided to finance Ukraine's war effort for at least two years, via a joint loan of €90 billion, and without resorting to Russian assets for lack of agreement on this unprecedented solution. 3 months ago",https://ground.news/interest/leprogresfr
RTV Slovenija,Lean Left,Financing Ukraine without Frozen Russian Assets Through Joint Borrowing,"After a marathon meeting lasting more than 15 hours, the leaders of the European Union member states reached an agreement overnight that the 90 billion euros in aid to Ukraine over the next two years will be financed through joint borrowing and not by using frozen Russian assets. 3 months ago",https://ground.news/interest/rtv-slovenija
ABC Australia,Lean Left,EU to lend Ukraine $160b after plan to mobilise Russian assets unravels,EU leaders agree to provide a massive interest-free loan to Ukraine to meet its military and economic needs for the next two years after failing to reach an agreement on the use of frozen Russian assets. 3 months ago · Australia,https://ground.news/interest/abc-australia
charter97.org,Lean Left,The European Union Has Approved the Provision of Assistance to Ukraine for the Us$90 Billion.,The interest-free loan will have to be repaid only after the Russian Federation has paid its reparations. 3 months ago,https://ground.news/interest/charter97org
vrt,Center,"Ukraine War - De Wever's Pride, Zelensky's Gratitude, Russians' Mockery: These Are the Reactions to the Loan for Ukraine","Follow all updates on the war in Ukraine in this live blog. 3 months ago · Antwerp, Belgium",https://ground.news/interest/vrt
The Times,Center,"EU leaders agree €90bn loan for Ukraine, without frozen Russian assets",Marathon Brussels summit ended after 15 hours with a plan to fund Kyiv through joint borrowing between 24 EU countries 3 months ago · United Kingdom,https://ground.news/interest/thetimescom
stern.de,Center,Eu Helps Ukraine Against Russia with a Further Eur 90 Billion,"Ukraine receives 90 billion euros from the EU as an interest-free loan.The money is intended to help the country defend itself against Russia.After months of dispute, the EU countries agreed on a compromise to finance Ukraine for the next two years. As Chancellor Friedrich Merz announced after the EU summit in Brussels, the country attacked by Russia receives an interest-free loan of 90 billion euros from the EU. If Russia does not pay compensat… 3 months ago · Germany",https://ground.news/interest/sternde
NOS,Right,Zelensky Grateful for Eu Agreement on Billions for Ukraine,"Ukrainian President Zelensky is grateful for the billions in European aid for his country. ""This is significant support that really strengthens Ukraine's resilience,"" he said on X. ""Thank you for the result and the unity. Together we defend the future of our continent."" Caretaker Prime Minister Schoof is pleased that European countries have reached an agreement on how the billions in loans for Ukraine will be financed. Late at night, European le… 3 months ago · Netherlands (Kingdom of the)",https://ground.news/interest/nos_4ae905
Politiken,Lean Left,"Ukraine Gets Its Eu Loan, but It Won't Be with the Help of Russian Money","The task was clear: to get Ukraine a billion-dollar loan. Quickly. The solution was a joint loan created by almost all EU countries. The frozen Russian funds remain untouched in Belgium – for now. 3 months ago · Copenhagen, Denmark",https://ground.news/interest/politiken
Die Presse,Right,Eu Sends 90 Billion Euros to Kiev • Question Hours with Putin •...,"Good morning! Today is Friday, December 19, 2025. You should know that for a good start to the day. 3 months ago · Vienna, Austria",https://ground.news/interest/die-presse
rp-online.de,Right,Brussels Summit: Eu Governments Decide 90 Billion Euro Loan for Ukraine,The EU Heads of State and Government have pledged a loan of EUR 90 billion to Ukraine for the years 2026 and 2027. At night they agreed on how to secure the loan. 3 months ago,https://ground.news/interest/rp-onlinede
20minutos,Center,Eu Leaders Agree to Finance Ukraine with €90 Billion in 2026 and 2027,"The leaders of the European Union (EU) have agreed this Friday to finance Ukraine with €90 billion in 2026 and 2027, according to European Council President António Costa.""We have an agreement. The decision to provide €90 billion in aid to Ukraine is approved for 2026-2027. We are committed and fulfilled,"" said Costa via social networks at the end of a summit of the leaders of the Twenty-Seven that has been extended since Thursday morning.At a p… 3 months ago · Madrid, Spain",https://ground.news/interest/20minutos
La Vanguardia,Center,Eu Agrees Loan to Ukraine with Joint Debt Following Failure of Russian Asset Plan,"Neither the warnings of the Ukrainian Volodimir Zelenski, nor the insistence of the German Friedrich Merz, nor the tireless efforts of the team of the president of the European Commission, Ursula von der Leyen. European leaders return to celebrate the Christmas holidays to their respective countries without having managed to unwind the plan to use Russian assets to deliver a loan to Ukraine. After more than sixteen hours of negotiations, the EU … 3 months ago · Granada, Spain",https://ground.news/interest/la-vanguardia
DR,Lean Left,Huge Billion-Dollar Loan on Its Way to Ukraine After Prolonged Arm-Wrestling,"But it didn't quite turn out as Prime Minister Mette Frederiksen (S) had dreamed of. 3 months ago · Copenhagen, Denmark",https://ground.news/interest/dr
telex.hu,Lean Left,The Eu Summit Decided to Provide Ukraine with a 90 Billion Euro Loan without Any Financial Obligations for Hungary.,"The Hungarian Prime Minister on Thursday called the plan to use seized Russian central bank assets dead, with 25 out of 27 EU leaders reserving the right to use them. 3 months ago",https://ground.news/interest/telexhu
GB News,Right,Keir Starmer's Ukraine plans snubbed by EU as Brussels approves mega-fund to fend off Russia,"Sir Keir Starmer's plans for how to fund Ukraine have been snubbed by the EU as the bloc instead agreed on a huge €90billion fund of its own members' money 3 months ago · London, United Kingdom",https://ground.news/interest/gbnewscom
TVN24.pl,Lean Left,There Is No Consent to the Use of Russian Assets. Money for Ukraine From the Joint Debt,EU leaders at a summit in Brussels decided to grant Ukraine a loan instead of using frozen Russian assets. European Council President Antonio Costa announced that European leaders had decided to provide Ukraine with loan support for the next two years. 3 months ago · Poland,https://ground.news/interest/tvn24pl
The Straits Times,Right,"EU agrees $136 billion loan for Ukraine, but without Russian assets",The EU estimates Ukraine needs an extra €135 billion to stay afloat over the next two years. Read more at straitstimes.com. 3 months ago · Singapore,https://ground.news/interest/the-straits-times_9bb9e6
Neue Zürcher Zeitung,Right,Ukraine Receives Interest-Free Eu Loan – a Clear Signal to Russia,"Kiev will receive an interest-free loan of 90 billion euros. Chancellor Friedrich Merz sells the agreement as a success – although he had always advertised for another variant. 3 months ago · Zürich, Switzerland",https://ground.news/interest/neue-zurcher-zeitung
sta.si,Center,Sta: Costa: Eu to Allocate 90 Billion Euros in Support to Ukraine in 2026-27,"The European Union will provide Ukraine with 90 billion euros over the next two years, European Council President Antonio Costa announced today after a summit of EU leaders in Brussels. After hours of discussion, the leaders reached a compromise agreement on a loan to Ukraine, backed by the EU budget, instead of using frozen Russian assets. 3 months ago",https://ground.news/interest/stasi
Australian Financial Review,Right,Europe agrees $159b loan for broke Ukraine to keep fighting,"European leaders hailed the agreement which hands Ukraine a critical lifeline, but the earlier proposal to use immobilised Russian sovereign assets collapsed. 3 months ago · Sydney, Australia",https://ground.news/interest/australian-financial-review
Expressen,Right,The Eu's Huge Support for Ukraine,"The EU has approved new support for Ukraine. 90 billion euros will be lent interest-free – but the Russian assets will remain frozen. – There was not enough support for that at all, says Prime Minister Ulf Kristersson. 3 months ago · Stockholm, Sweden",https://ground.news/interest/expressen
20 Minutes,Lean Left,Eu Finds €90 Billion for Kiev without Touching Russian Assets,"Invited to an EU Summit, Zelensky leaves with a €90 billion loan without getting Putin's Russia paid 3 months ago · France",https://ground.news/interest/20-minutes
Eldiario.es,Lean Left,Eu Fails to Use Russian Assets and Settles for a Joint Loan to Finance Ukraine,The European Union approves a loan of €90 billion to finance Ukraine in its war with Russia backed by the EU budget.The President of the European Commission and the German Chancellor leave the summit like the two great defeatedThe EU trade agreement with Mercosur will have to wait The European Union fails in its attempt to use the €18 billion of frozen Russian assets to finance Ukraine in its war with Russia.After more than 16 hours of negotiati… 3 months ago · Spain,https://ground.news/interest/eldiarioes
CNBC,Center,European Union approves over $105 billion toward Ukraine aid package for next two years,"European Union countries have agreed to allocate 90 billion euros ($105.5 billion) in aid to Ukraine for 2026 and 2027, the EU Council President said on Friday. 3 months ago · United States",https://ground.news/interest/cnbc
InsideNoVA.com,Center,"EU agrees 90-bn-euro loan for Ukraine, but without Russian assets",EU leaders struck a deal Friday to provide Ukraine a 90-billion-euro loan to plug its looming budget shortfalls -- but failed to agree on using frozen Russian assets to come up with the funds. 3 months ago,https://ground.news/interest/insidenovacom
Bild,Right,Eu Agrees on Financial Aid: Eur 90 Billion for Ukraine!,"Agreement on Friday night! The EU grants Ukraine a loan of 90 billion euros. 3 months ago · Berlin, Germany",https://ground.news/interest/bild
Tagesschau,Center,Eu Achieves Compromise: Eur 90 Billion Loan for Ukraine,"There is now a compromise in the struggle for the future financing of Ukraine: the country under attack receives an interest-free loan of EUR 90 billion from the EU. According to Chancellor Merz, Russian assets remain frozen for the time being.[more]]> 3 months ago · Hamburg, Germany",https://ground.news/interest/tagesschau
Dagens Nyheter.,Right,Done: 90 Billion Euros From the Eu to Ukraine,"EU support for Ukraine has been approved, after a late-night tussle at the EU summit. But EU leaders failed to agree on using frozen Russian assets as the basis for the multi-billion-euro loan. Instead, the solution will be to take out joint EU loans. 3 months ago · Stockholm, Sweden",https://ground.news/interest/dagens-nyheter
RTÉ,Center,"EU to loan €90bn to Ukraine, not using Russian assets","EU leaders struck a deal to provide Ukraine a €90 billion loan to plug its looming budget shortfalls, but failed to agree on using frozen Russian assets to come up with the funds. 3 months ago · Ireland",https://ground.news/interest/rte
Le Parisien,Right,"""A Clear Message to Putin"": the European Union Decides to Lend €90 Billion to Ukraine","The European leaders, meeting at the summit, decided in the night from Thursday to Friday to lend 90 billion euros to Ukraine, but without recourse to Russian assets, for lack of agreement on this unprecedented solution. ""We have an agreement. The decision to grant 90 billion euros in support to Ukraine for 2026-2027 was approved"", welcomed on X the President of the European Council Antonio Costa, who led the work of this European summit. The Eu… 3 months ago · Paris, France",https://ground.news/interest/le-parisien
mannheim24.de,Center,Eu Achieves Compromise in Dispute over Ukraine Financing,"The EU has promised Ukraine that it will keep it financially above water until at least the end of 2027. However, the question of how provided a lot of bad blood. Now there is a deal. 3 months ago",https://ground.news/interest/mannheim24de
Globo,Right,Eu Agreement to Provide Eur 90 Billion in Aid to Ukraine,"European leaders reached an agreement on Friday afternoon (19, local date) to unlock 90 billion euros (R$ 583 billion) to help Ukraine in the next two years, announced the President of the European Council, Antonio Costa. ""We reached an agreement. The decision to grant aid of 90 billion euros in Ukraine for 2026-2027"" wrote Costa on the social network X. 3 months ago · Brazil",https://ground.news/interest/globo
EU Observer,Lean Left,EU opts for joint borrowing after marathon talks on Russian frozen assets fail,"EU leaders decided to use joint borrowing instead of Russian frozen assets to support Ukraine, in a big win for Belgian prime minister Bart De Wever, who had long opposed the idea of a reparations loan amid fears of retaliation from Russia. 3 months ago · Brussel, Belgium",https://ground.news/interest/eu-observer
Wall Street Journal,Center,EU Commits to $105 Billion Loan to Ukraine—but Without Russian Assets,"Bloc is divided about how to confront Russia over its war in Ukraine 3 months ago · New York, United States",https://ground.news/interest/wall-street-journal
Bloomberg,Lean Left,EU Agrees to €90 Billion Loan for Ukraine for 2026-2027,"European Union leaders reached an agreement to loan Ukraine €90 billion ($106 billion) for the next two years, aiming to strengthen Kyiv’s hand at the negotiating table and keep the war-torn country afloat. 3 months ago · United States",https://ground.news/interest/bloomberg
Reuters,Center,EU changes tack from using frozen Russian assets to joint borrowing for Ukraine,"European Union leaders decided on Friday to borrow cash to fund Ukraine's defence against Russia rather than use frozen Russian assets, diplomats said. 3 months ago · United Kingdom",https://ground.news/interest/reuters_fa2539
444.hu,Lean Left,"Eu Takes Out €90 Billion Joint Loan to Finance Ukraine, without Czech Republic, Hungary and Slovakia","After more than a day of negotiations, EU heads of state and government have agreed to a €90 billion interest-free EU loan to finance Ukraine. The decision was unanimously approved by the member states, with the proviso that the Czech Republic, Hungary and Slovakia will not have to make any financial commitments. According to the decision, Ukraine will repay the loan from future Russian war reparations. If Russia refuses to pay reparations, the … 3 months ago · Hungary",https://ground.news/interest/444hu
South China Morning Post,Center,"EU agrees US$106 billion loan for Ukraine, but without Russian assets",EU leaders reach a compromise after plans to use frozen Russian assets failed to gain backing. 3 months ago · Hong Kong,https://ground.news/interest/south-china-morning-post
EADaily,Right,The European Union will provide Ukraine with 90 billion euros,"The EU countries have agreed to provide 90 billion euros in aid to Ukraine for 2026-2027, the head of the European Council, Antonio Costa, said on the social network X. 3 months ago",https://ground.news/interest/eadaily
Times of India,Right,"EU agrees €90 bn loan for Ukraine, but without Russian assets","European Union leaders have approved a 90-billion-euro loan for Ukraine. This financial package will help Kyiv address its budget shortfalls through 2026-27. However, a proposal to use frozen Russian assets for these funds did not gain consensus. Ukraine's President Zelensky had advocated for using Russian assets, deeming it moral and fair. 3 months ago · India",https://ground.news/interest/times-of-india
Sueddeutsche Zeitung,Lean Left,Eu Countries Agree on Compromise on Ukraine's Financing,"The plan to use frozen Russian assets directly for Kiev has failed. On the night of Friday, the EU leaders agreed instead on new debts. The trick: Russia is supposed to stick to them in the end. 3 months ago · Munich, Germany",https://ground.news/interest/sueddeutsche-zeitung
Eesti Rahvusringhääling,Center,"No Agreement Reached on Frozen Russian Assets, but Eu Allocates 90 Billion to Kiev","European Union (EU) leaders agreed on Friday night to provide Ukraine with 90 billion euros in aid over the next two years. However, they failed to reach a consensus on the use of frozen Russian assets. 3 months ago · Estonia",https://ground.news/interest/eesti-rahvusringhaaling
Zeit Online,Lean Left,War Against Ukraine: Eu Does Not Want to Use Russian Assets to Help Ukraine for the Time Being,"Ukraine receives EUR 90 billion in grants from the European Union in 2026 and 2027. According to Friedrich Merz, this is an interest-free loan. 3 months ago · Germany",https://ground.news/interest/zeit-online
ANSA,Center,"Understood in the Eu, 90 Billion Loan to Ukraine",EU leaders have reached the agreement to provide a loan of 90 billion euros to support Ukraine for the two-year period 2026-27. The decision was taken in Brussels at the end of a long discussion at the summit of European leaders. (ANSA). (ANSA) 3 months ago · Italy,https://ground.news/interest/ansa
Le Monde,Lean Left,EU strikes deal to provide €90 billion to Ukraine,"German Chancellor Friedrich Merz said Friday the EU had sent a 'clear signal' to Russian leader Vladimir Putin by agreeing to send Kyiv the massive amount of funding. 3 months ago · Paris, France",https://ground.news/interest/le-monde
CNN,Lean Left,Analysis: Europe salvages credibility with $105 billion loan for Ukraine but shelves plan to use Russian funds,"European Union leaders reached a deal early Friday on a $105 billion loan to keep Ukraine’s economy and military from a budgetary blackhole through 2027. While it didn’t come about in the way some of them wanted, the fact it came about at all has been hailed by top officials as a win for the bloc. 3 months ago · Atlanta, United States",https://ground.news/interest/cnn
La Presse,Lean Left,Eu Finds €90 Billion for Ukraine,"On Friday, Europeans decided to finance Ukraine's war effort for at least two years, via a joint loan of €90 billion, and without resorting to Russian assets for lack of agreement on this unprecedented solution. 3 months ago · Montreal, Canada",https://ground.news/interest/la-presse_39d7a8
Protothema,Right,"Eu: Agreement Reached on Financing Ukraine, Joint Borrowing of 90 Billion Euros, ""It Was the Appropriate Solution,"" Says Mitsotakis","""We kept our commitment,"" stressed the president of the European Council after 15 hours of negotiations - What was decided on Russia's frozen assets in Europe 3 months ago",https://ground.news/interest/protothema
Spiegel,Lean Left,Brussels: Eu Countries Agree on Financial Support of Eur 90 Billion to Kyyiv,"""We have an agreement"": European heads of state and government agree in a night session on further support for Ukraine. According to this, 90 billion euros will be spent on Kyiv for the next two years. 3 months ago · Germany",https://ground.news/interest/spiegel
Associated Press News,Lean Left,EU leaders agree on 90 billion-euro loan to Ukraine after a plan to use Russian assets unravels,European Union leaders have agreed to provide a massive interest-free loan to Ukraine to meet its military and economic needs for the next two years. “We have a deal. 3 months ago · United States,https://ground.news/interest/associated-press-news
www.t-online.de,Lean Left,Conflict over Russia's Assets: Eu Countries Pledge Eur 90 Billion to Kiev,The heads of state and government of the EU countries fought in a night session for further financial support from Ukraine. Now there is a compromise. 3 months ago,https://ground.news/interest/wwwt-onlinede
TVA Nouvelles,Lean Left,Eu Agreement to Release €90 Billion for Ukraine,"EU agreement to release €90 billion for Ukraine. 3 months ago · Montreal, Canada",https://ground.news/interest/tva-nouvelles
Svenska Dagbladet,Right,"Russian Response to the Support: ""Spectacular - Resign""","EU support for Ukraine approved – but without frozen Russian assets. Instead, the solution will be to take out joint EU loans. Russia's envoy calls the decision ""a spectacular failure."" 3 months ago · Stockholm, Sweden",https://ground.news/interest/svenska-dagbladet
Frankfurter Allgemeine,Right,Eu Countries Agree on New Financial Assistance to Ukraine,"The EU Heads of State and Government have decided on further aid payments to Ukraine. The country is to receive EUR 90 billion for 2026 and 2027. 3 months ago · Frankfurt, Germany",https://ground.news/interest/frankfurter-allgemeine
Idaho State Journal,Center,"EU leaders agree to provide 90 billion euros to Ukraine over the next two years, summit chairman says","EU leaders agree to provide 90 billion euros to Ukraine over the next two years, summit chairman says. 3 months ago",https://ground.news/interest/idaho-state-journal
svt Nyheter,Lean Left,Eu Agrees on Financing – 90 Billion Euros for Ukraine,"During the summit in Brussels, an agreement was finally reached on support for Ukraine. 90 billion euros will be borrowed jointly by the EU countries. “It is well known that we primarily wanted to use the second option,” says Prime Minister Ulf Kristersson (M). 3 months ago · Stockholm, Sweden",https://ground.news/interest/svt-nyheter
El Debate,Right,Eu Agrees 90 Billion Loan to Ukraine After Failing to Convince Belgium to Release Russian Assets,This loan is the most urgent; in the long term they will continue to negotiate the release of Russian assets 3 months ago,https://ground.news/interest/el-debate
Politico Europe,Lean Left,EU’s deal on Ukraine comes despite turn away from using frozen Russian assets,"24 countries would instead keep Kyiv afloat using joint borrowing. 3 months ago · Brussels, Belgium",https://ground.news/interest/politico-europe
Corriere Della Sera,Center,"Ukraine - Russia, News on the Eu's Live Conflict: Agreement Reached, Loan From 90 Billion to Kiev","The news of Friday, December 19, about the conflict in Ukraine, live. 3 months ago · Italy",https://ground.news/interest/corriere-della-sera
Radio Free Europe/ RadioLiberty,Center,EU Agrees To 90 Billion-Euro Loan For Ukraine After Shelving Russian Asset Proposal,The EU agrees to provide a 90 billion-euro ($106 billion) interest-free loan to Kyiv to help fund the war-torn country after failing to agree on a proposal to use frozen Russian assets to support Ukraine's economic and military needs in the coming years. 3 months ago · Czechia,https://ground.news/interest/radio-free-europe-radioliberty
UPI,Center,EU leaders agree on $105 billion funding plan for Ukraine,"European leaders have agreed to continue funding Ukraine in its fight against Russia with a two -year, $105 billion loan to provide the embattled nation with munitions and other material in the ongoing war. 3 months ago · Washington, United States",https://ground.news/interest/upi_0b956e
BBC News,Center,Zelensky gives stark warning as EU leaders decide on Russia's frozen assets,The EU is deciding whether to loan tens of billions of euros of Russian money to fund Ukraine's military and economic needs. 3 months ago · United Kingdom,https://ground.news/interest/bbc-news_bf95f4
The Washington Post,Lean Left,A divided E.U. races against time to tap Russian assets for Ukraine,"The European Union is set to decide whether to move on Russia’s frozen assets, infuriating Moscow, possibly antagonizing the United States, to fund Ukraine. 3 months ago",https://ground.news/interest/the-washington-post
Bloomberg,Lean Left,Trump Warns Maduro; Doj Releases More Epstein Files,2 months ago · United States,https://ground.news/interest/bloomberg
Truth. Based. Media.,Far Right,Trump DOJ Expects to Finish Epstein File Release in One Week,"The Department of Justice under President Trump continues to roll out thousands of pages from the Jeffrey Epstein investigation, with officials estimating another week of disclosures before wrapping up. A team of about 200 reviewers has already processed and released around 750,000 records, and roughly 700,000 more remain, though many are duplicates. This effort stems from the Epstein Files Transparency Act, passed by Congress and signed by the … 2 months ago",https://ground.news/interest/truth-based-media
Breitbart,Right,"Joe Rogan, Tom Segura Mock Bill Clinton’s Epstein Files Statement: ‘The Killer Joining the Search Party’",Podcaster Joe Rogan and comedian Tom Segura suggested that the released files about convicted child sex predator Jeffrey Epstein could be fake while also roasting former President Bill Clinton's response to being in so many of them. 2 months ago · United States,https://ground.news/interest/breitbart
The American Tribune,Right,"""Looks Like He's About To Cry"": Leftist TV Hosts Have To Admit Trump Vindicated By Epstein Files, Look Depressed - The American Tribune.com","In an utterly absurd segment of “Morning Joe” with co-hosts Mika Brzezinski and Joe Scarborough, a show formerly aired by MSNBC and now by MS NOW, Joe Scarborough looked as if he was brought to tears by the fact that President Trump has once again been vindicated, as there was nothing “damning” about him in the Epstein files. As background, the Trump Department of Justice (DOJ) has started releasing the Epstein files, and as part of that release… 2 months ago · United States",https://ground.news/interest/theamericantribunecom
Washingtonian,Center,"Supreme Court Tells Trump No for Once, More Epstein Files Released, Theater Festival Leaves Kennedy Center","Good morning. Sunny and breezy today, with a high around 52. Clouds increase overnight, with a low near 36. Washingtonian Today will be off until next Monday. You can find me on Bluesky, I’m @abeaujon.87 on Signal, and there’s a link to my email address below. This roundup is available as a morning email newsletter. 2 months ago · Washington, United States",https://ground.news/interest/washingtonian
cascadepbs.org,Lean Left,Where Trump is mentioned in latest Epstein files release,"The Justice Department released nearly 30,000 more pages of documents related to the late convicted sex offender Jeffrey Epstein, including many that reference President Donald Trump. The new batch comes as the DOJ is being criticized for heavily redacting many of the files and not releasing all of them by the deadline set by Congress. White House correspondent Liz Landers reports. 2 months ago",https://ground.news/interest/cascadepbsorg
Mediaite,Lean Left,Joe Rogan Argues Epstein Files Could Be Fake,"Joe Rogan and Tom Segura couldn’t help but scoff at a statement released by former President Bill Clinton’s team on the latest dump of files related to convicted child sex predator Jeffrey Epstein. On Tuesday’s The Joe Rogan Experience, Rogan was joined by fellow comedian Segura, and the conversation turned to the rolling release of Epstein files, the latest of which (about 30,000) were released on Tuesday. Rogan at one point entertained the ide… 2 months ago · United States",https://ground.news/interest/mediaite
Truthout,Left,DOJ Releases New Epstein Files With Disclaimer Attempting to Exonerate Trump,"Trump is mentioned numerous times in the latest batch of documents related to the elite sex trafficker. 2 months ago · Sacramento, United States",https://ground.news/interest/truthout
BT,Right,"Wild Photos Released: Countless Stars, Royals and Prominent Politicians Appear",Friday was the day when a huge amount of the controversial Epstein files were released by the US Department of Justice – several images and the people on them are quite startling. 3 months ago · Denmark,https://ground.news/interest/bt
Democracy Now!,Left,DOJ Races to Redact Documents Ahead of Deadline to Release Epstein Files,"House Democrats have released more photos from the estate of the convicted serial sex offender Jeffrey Epstein ahead of today’s congressionally mandated deadline for the Justice Department to release the Epstein files. The uncaptioned photos show Epstein with film director Woody Allen, Trump’s former adviser Steve Bannon, New York Times opinion columnist David Brooks, MIT linguist and activist Noam Chomsky and billionaire tech mogul Bill Gates. S 3 months ago · New York, United States",https://ground.news/interest/democracy-now
NY Daily News,Lean Left,Trump administration will not release full ‘Epstein files’ by deadline as Dems call for probe,"The congressionally-mandated deadline for the feds to disclose voluminous materials gathered on Jeffrey Epstein arrived Friday, with the Justice Department set to blow it — promising that while a batch was coming, it would take weeks to roll out the full array of documents. In an interview on Fox News, Deputy Attorney General Todd Blanche, the DOJ’s second-in-command and President Trump’s former criminal lawyer, said law enforcement had been wor… 3 months ago · New York, United States",https://ground.news/interest/ny-daily-news
France24,Center,Epstein files: 68 new photographs released,"The new photo drop comes just a day before the public is expected to get the Justice Department's full archive of Epstein documents, which could reignite questions about President Trump's former connections to the financier. 3 months ago · France",https://ground.news/interest/france24
The Siasat Daily,Lean Left,"Bill Gates, Woody Allen, Chomsky in newly released Epstein photos","Washington: As the United States Justice Department faces a Friday deadline to release the Jeffrey Epstein files, the Democrats on the House Oversight Committee released various photos of the convicted sex offender on Thursday, December 18. The photos have revealed Jeffrey alongside prominent figures, prompting strong public interest in identifying the well-known personalities mentioned or photographed with him. The photos released on Thursday s… 3 months ago",https://ground.news/interest/the-siasat-daily
ledauphine.com,Center,"Woody Allen, Bill Gates, Steve bannon... They Appear Alongside Jeffrey Epstein in New Photos","New images of Jeffrey Epstein, on the eve of the deadline for Donald Trump's government's publication of documents in his possession about the sex offender who died in prison, were published on Thursday.The death of Jeffrey Epstein, found hanged in his cell in New York on August 10, 2019, fueled countless conspiracy theories that he was murdered to stifle a scandal splattering leading figures.Some of the photos published on Thursday show him in … 3 months ago",https://ground.news/interest/ledauphinecom
IBTimes UK,Lean Left,New Epstein Photos Released as Congress Prepares to Publish Full Files,"House Democrats on the House Oversight Committee have released a fresh batch of previously unseen photos from Jeffrey Epstein's estate, offering new insight into the late financier's social circle ahead of a wider government disclosure of the Epstein files. The 68 undated images, made public on Thursday, form part of the committee's ongoing investigation into Epstein and his alleged abuse, and were obtained from materials turned over to Congress… 3 months ago · United Kingdom",https://ground.news/interest/ibtimes-uk
OKDIARIO,Right,"New Photos of the ‘Epstein Case’ Appear: Bill Gates, Woody Allen and Noam Chomsky","The Democrats in the U.S. House of Representatives released on Thursday five new images related to the case of pederast Jeffrey Epstein, in which you can see philosopher Noam Chomsky, the creator of Microsoft Bill Gates, and film director Woody Allen. In addition, they have published a screenshot of a conversation about apparent trafficking of women victims of the pederast. From the Democratic committee they have insisted that the publication of… 3 months ago",https://ground.news/interest/okdiario
derwesten.de,Right,New Epstein Photos Released! a Detail Stands Right in the Eye,New photos from the archives of the dead sex offender Jeffrey Epstein have been published. It soon becomes clear that one is missing. 3 months ago · Germany,https://ground.news/interest/derwestende
La Jornada,Left,"Bill Gates and Bannon, Former Trump Advisor, in New Photos Released From the Epstein Archive",Washington. Democratic representatives yesterday published dozens of additional photographs of the estate of convicted sex offender Jeffrey Epstein. 3 months ago · Mexico,https://ground.news/interest/la-jornada
GB News,Right,Unsettling Epstein files published as Bill Gates among newly released photographs,"Dozens of new images from the estate of the late convicted sex offender Jeffrey Epstein have been released, including ones of Microsoft founder Bill Gates 3 months ago · London, United Kingdom",https://ground.news/interest/gbnewscom
AZCentral,Lean Left,"Latest Epstein photos show island, powerful men, women with tattoos","House Democrats on Dec. 18, 2025, released another batch of 68 pictures from accused sex trafficker Jeffrey Epstein’s estate. 3 months ago · Phoenix, United States",https://ground.news/interest/azcentral
Sky News UK,Center,Democrats release more Epstein photos - with crucial deadline now just hours away,The release comes hours before Friday's deadline for the US Justice Department to release all the files it holds on Jeffrey Epstein. The directive was signed into law by Donald Trump last month. 3 months ago · United Kingdom,https://ground.news/interest/sky-news
Indian Express,Lean Left,What is in the new Epstein photos released ahead of DOJ transparency deadline,Democrats on the House Oversight Committee said the photos were chosen to give the public a representative look at the material provided by Epstein’s estate. 3 months ago · India,https://ground.news/interest/indian-express
आज तक,Right,"Epstein Files Spark New Storm in Us, Bill Gates Seen with Women, 68 New Photos Released","Democrats in the US House of Representatives have released 68 new photos from the estate of convicted sex offender Jeffrey Epstein, showing several influential people including Microsoft's Bill Gates, Google's Sergey Brin, Noam Chomsky and former Trump adviser Steve Bannon. 3 months ago",https://ground.news/interest/_421d90
Le Devoir,Center,Democrats Release New Photos Related to Jeffrey Epstein,"The Trump administration must disclose documents on New York's financier by Friday at the latest. 3 months ago · Montreal, Canada",https://ground.news/interest/le-devoir
PBS NewsHour,Lean Left,"‘Lolita,’ passports and more famous figures pictured in latest Epstein photo release","Around 70 photographs come from Epstein’s computer and email accounts, and shed more light on his lifestyle and social circles. The photographs, among 95,000 handed over by Epstein’s estate last week, were provided to the committee without context. 3 months ago · Washington, United States",https://ground.news/interest/pbs-newshour
UPI,Center,Democrats release more Epstein file photos ahead of Friday deadline,"Congressional Democrats released 68 photos from the Jeffrey Epstein estate pm Thursday, bringing the total number to more than 95,000 that have been turned over to the House Oversight Committee. 3 months ago · Washington, United States",https://ground.news/interest/upi_0b956e
Vanity Fair,Left,"New Epstein Pictures, Same Old Greasy, Tired Gluttony on Display","New evidence from the House Oversight Committee features the convicted child sex offender as he relaxes in unpleasant digs, alongside tell-tale signs of his notorious crimes. 3 months ago · United States",https://ground.news/interest/vanity-fair
Toronto Sun,Right,Another batch of Jeffrey Epstein photos released day before U.S. deadline,"Just one day before the deadline for the U.S. Department of Justice to release all government files related to Jeffrey Epstein, another batch of photos obtained from the estate of the convicted sex offender were released by Democrats on Thursday. 3 months ago · Toronto, Canada",https://ground.news/interest/toronto-sun
thairath.co.th,Right,"Democratic Lawmakers Have Released a New Batch of Photos From Epstein's Archives, Including Pictures of Bill Gates.","Democrats have released a new batch of images from Jeffrey Epstein's archives, featuring several celebrities, including Bill Gates and former Trump advisors, along with the message ""I'll send a woman,"" though the sender and recipient remain unknown. 3 months ago",https://ground.news/interest/thairathcoth
Wired,Lean Left,Terrifying New Photos Emerge From the Jeffrey Epstein Estate,"The latest photo dump from Democrats in the House Oversight Committee includes more famous men and upsetting ""Lolita"" quotes written on a woman's body. 3 months ago · United States",https://ground.news/interest/wired
El Financiero,Right,Democrats Publish New Photos of the Epstein Case: Chomsky and Bill Gates Appear,"The Democrats in the U.S. House of Representatives shared on Thursday five new photographs related to the case of pederast Jeffrey Epstein, featuring philosopher Noam Chomsky, tycoon Bill Gates and a screenshot of a conversation about the apparent trafficking of women victims of the pederast. In the photographs, part of an advance of the 95,000 new images that the Lower House Supervisory Committee has received regarding Epstein, is also found th… 3 months ago · Mexico",https://ground.news/interest/el-financiero
diario.mx,Center,Dozens of Epstein's New Images Published by Democrats,"Washington.- Democratic Congressmen released on Thursday dozens of new images from the heritage of the late sex offender Jeffrey Epstein, a day before the U.S. Department of Justice (DOJ) makes public the unclassified archives of their investigation into the financial. 3 months ago",https://ground.news/interest/diariomx
Zeit Online,Lean Left,Epstein Affair: Democrats Publish More Photos From Epstein's Estate,"One day before the deadline for the release of Epstein's files, the Democrats have released new photos. Celebrities, including Noam Chomsky, can be seen again. 3 months ago · Germany",https://ground.news/interest/zeit-online
EFE,Center,"Democrats Publish New Photos of Jeffrey Epstein Case: Chomsky, Passports and Messages","Democrats in the U.S. House shared five new photographs related to the case of pederast Jeffrey Epstein, featuring philosopher Noam Chomsky, tycoon Bill Gates, and a screenshot of a conversation about the apparent trafficking of women victims of pederast. 3 months ago",https://ground.news/interest/efe
The Kyiv Independent,Lean Left,Ukrainian passport appears in newly released Epstein photos,"Democratic members of the U.S. Congress released additional photos from the Jeffrey Epstein estate on Dec. 18, including images of a Ukrainian woman's passport. 3 months ago · Kyiv, Ukraine",https://ground.news/interest/the-kyiv-independent
Peru21,Center,"Woody Allen, Bill Gates and Noam Chomsky in New Photos Linked to Epstein",US Democratic lawmakers release new photos linked to Epstein 3 months ago,https://ground.news/interest/peru21
Bild,Right,Jeffrey Epstein: 68 Pictures Published – but No Files Yet,"Newly published photos from Jeffrey Epstein's estate provide discussion. 3 months ago · Berlin, Germany",https://ground.news/interest/bild
NZ Herald,Center,Bill Gates pictured with women in new Epstein files,"Jeffrey Epstein kept photos of Bill Gates posing alongside women, newly published images show. Democrats published 68 new photographs from Epstein’s estate... 3 months ago · Auckland, New Zealand",https://ground.news/interest/nz-herald
RadarOnline,Center,Trump Advisor Steve Bannon and Bill Gates Seen With Jeffrey Epstein In Newly Released Photos From Late Pedo's Estate,"Among the newly released pics are snaps with world leaders and dignitaries, diagrams of building plans, and shots of a smiling Epstein overseeing it all. 3 months ago",https://ground.news/interest/radaronline
Kronen Zeitung,Right,"Epstein Affair: ""Russian Offered for 1000 Dollars","One day before the deadline for the U.S. Department of Justice to release all the files, the U.S. Democrats released more photos from the estate of the deceased sex offender Jeffrey Epstein. A disturbing chat story also reveals how Epstein's young women were offered like merchandise ... The photos show prominent people again, including Microsoft founder Bill Gates, who holds a young woman in her arms. The authenticity of the photos was initially… 3 months ago · Vienna, Austria",https://ground.news/interest/kroneat
censor.net,Lean Left,"In the United States, the Democrats Released New Materials From Epstein's Estate - They Found the Passport of a Ukrainian Woman. Photo",Democrats on the Oversight Committee of the US House of Representatives have released new photos from the estate of convicted sex crimes financier Jeffrey Epstein. Among the pictures is the Ukrainian passport. 3 months ago,https://ground.news/interest/censornet_caee9a
Novinky.cz,Lean Left,More Photos From the Epstein Case. One Shows a Woman's Czech Passport.,"US Democrats released another batch of photos from the Jeffrey Epstein case on Thursday. One of them shows the passport of a woman from the Czech Republic, while another shows Miroslav Lajčák, a current advisor to Prime Minister Robert Fico. 3 months ago",https://ground.news/interest/novinkycz
News,Right,New Jeffrey Epstein photo dump shows women with ‘Lolita’ quotes scrawled on their bodies,New images have been released from Jeffrey Epstein’s estate — with one haunting set of photos featuring quotes from Lolita inscribed on female body parts. 3 months ago,https://ground.news/interest/news_356a3f
Spectrum Local News,Center,Dems release 'concerning' records from Epstein's estate as DOJ's deadline looms,Two of the photos show Epstein in the company of young women whose faces were covered by the committee with black boxes. 3 months ago · United States,https://ground.news/interest/spectrum-local-news
Schweizer Radio und Fernsehen (SRF),Lean Left,Democrats Release New Photos From Jeffrey Epstein's Estate,"Democrats in the U.S. Congress have again published photos from the archives of the dead sex offender. 3 months ago · Zürich, Switzerland",https://ground.news/interest/schweizer-radio-und-fernsehen-srf
La Tercera,Right,Democrats Press Trump and Post New Photographs Related to the Epstein Case · Global Voices,"The Democrats of the U.S. House of Representatives Oversight Commission have again put pressure on the Trump Administration by publishing another batch of photographs related to sex offender Jeffrey Epstein featuring, among others, intellectual Noam Chomsky on board the plane of the deceased billionaire.The approximately 70 photographs published on Thursday by the commission on the Dropbox storage platform include several passports of censored w… 3 months ago · Chile",https://ground.news/interest/la-tercera
Liberation,Lean Left,"""It's Time to Publish the File"": Us Democrats Publish New Photos Related to Jeffrey Epstein","The opposition is trying to put pressure on Thursday 18 December on the eve of the deadline for the Trump administration to publish documents in its possession on the child criminal businessman who died in prison in 2019. 3 months ago · Paris, France",https://ground.news/interest/liberation
Digi 24,Center,New Photos of Sexual Offender Jeffrey Epstein Were Published,"Democrats of the U.S. Congress have published new pictures of Jeffrey Epstein, one day before the deadline when President Donald Trump's administration has to publish the documents contained in his possession on the sexual offender... 3 months ago · Romania",https://ground.news/interest/digi-24
hna.de,Center,Shortly Before Deadline: Democrats Release New Epstein Photos – to See Celebrities Again,"Tomorrow the deadline for Trump's Ministry of Justice to release the Epstein files will expire. Shortly before that, the Democrats will reopen. 3 months ago",https://ground.news/interest/hnade
404media.co,Lean Left,The Government Added a Comments Section to the Epstein Photo Dump,"Update: After publication of this piece, House Oversight Democrats disabled comments on the photos. The original article follows below.Thursday afternoon House Democrats publicly released a new trove of photographs they’ve obtained from the estate of Jeffrey Epstein via Dropbox. They left the comments on so anyone who is signed into Dropbox and browsing the material can leave behind their thoughts.Given that the investigation into Epstein is one… 3 months ago",https://ground.news/interest/404mediaco
La Opinion,Lean Left,House Democrats Publish New Photos of People Linked to the Epstein Case,"68 new photographs linked to Jeffrey Epstein, leader of a network of sexual exploitation of minors, involving very important people 3 months ago",https://ground.news/interest/laopinioncom
Algemeen Dagblad,Center,"New Batch of Epstein Photos: Texts About Girls 'Delivering', a 'Lolita Foot' and a Photo of Bill Gates","House Democrats have once again released photos from the private archive of Jeffrey Epstein, the deceased human trafficker and sex offender. ""I'm sending you girls now,"" reads one of the released messages. 3 months ago · Amersfoort, Netherlands (Kingdom of the)",https://ground.news/interest/algemeen-dagblad
Die Presse,Right,New Photos Published in Epstein Affair,"The photos show prominent people again, including Microsoft founder Bill Gates, who holds a young woman in her arms. At first, the authenticity of the photos could not be independently verified. 3 months ago · Vienna, Austria",https://ground.news/interest/die-presse
RTV Slovenija,Lean Left,Democrats Release New Photos From Epstein Files,"Democrats in the US Congress released more than 60 photos from the estate of convicted sex offender Jeffrey Epstein on Thursday, a day before the US Justice Department is required by law to release files from the investigation. 3 months ago",https://ground.news/interest/rtv-slovenija
24ur.com,Center,"New From Epstein Files: Hanging Out with Chomsky, Gates with Unknown Woman","Congressional Democrats have released more than 60 photos obtained by the Government Oversight Committee from the estate of late convicted sex offender Jeffrey Epstein, as Americans prepare for Friday's legally mandated release of U.S. Justice Department files. 3 months ago · Ljubljana, Slovenia",https://ground.news/interest/24urcom
NDTV,Right,"Bill Gates, Noam Chomsky Seen In Fresh Pics From Epstein's Estate","US House Democrats published a fresh batch of photographs from Jeffrey Epstein's estate, stepping up pressure on Donald Trump's administration on the eve of its deadline to release federal files on the late financier and convicted sex offender. 3 months ago · New Delhi, India",https://ground.news/interest/ndtv
Live Mint,Center,"Fresh Epstein photos released by House Democrats include Bill Gates, Noam Chomsky, and redacted documents","House Democrats released additional photographs and redacted documents from Jeffrey Epstein’s estate, with personalities like Bill Gates, Noam Chomsky, and Sultan Ahmed bin Sulayem. 3 months ago · New Delhi, India",https://ground.news/interest/live-mint
la Nacion,Right,"Famous, Lolita Quotes and Disturbing Chats: u.s. Congress Reveals New Pictures of Epstein Case · Global Voices","WASHINGTON.– Democratic Congressmen released on Thursday dozens of new images pertaining to the heritage of the late sex offender Jeffrey Epstein, just one day before the U.S. Department of Justice (DOJ) publishes the unclassified files of his investigation into the financier, who died in 2019 while in custody in a New York prison.The new batch of material includes 68 photographs and is part of a much larger set: about 95,000 images that the Hou… 3 months ago · Buenos Aires, Argentina",https://ground.news/interest/la-nacion_7042bc
Washington Examiner,Right,Oversight Democrats release new Epstein photos,"Democrats on the House Oversight Committee on Thursday released new photos related to disgraced financier Jeffrey Epstein in a push to pressure the Department of Justice into releasing all files related to him. The committee released 70 new photos, a minuscule number compared to the 95,000 the Democrats have released so far. The new photos didn’t contain a smoking gun showcasing any unknown involvement — billionaire Bill Gates was pictured next … 3 months ago · Washington, United States",https://ground.news/interest/washington-examiner
Berliner Zeitung,Lean Left,"68 New Epstein Photos: Bill Gates, Passports From Eastern Europe and Chat About ""1000 Dollars per Woman""","Shortly before the release of the Epstein files, US democrats present new photos. Among other things, Bill Gates with women, ID documents and a explosive chat history can be seen. 3 months ago",https://ground.news/interest/berliner-zeitung
Australian Financial Review,Right,Bill Gates and Sergey Brin among new Epstein photos,"US Democrats published another batch of images showing the late sex offender’s wide network of contacts spanning politics, show business, tech and big business. 3 months ago · Sydney, Australia",https://ground.news/interest/australian-financial-review
Business Insider,Lean Left,House Democrats share new Epstein photos featuring Sergey Brin and Bill Gates,"Democrats on the House Oversight Committee released new photos from Jeffrey Epstein's estate, including some featuring other powerful businessmen.House Oversight CommitteeHouse Democrats released a new batch of photographs from Jeffrey Epstein's estate.There are photos of several well-known people, including Bill Gates and Sergey Brin.Some of the photos appear to have been taken at a conference.Democrats on the House Oversight Committee released… 3 months ago · United States",https://ground.news/interest/business-insider
20minutos,Center,"Democrats Bring Out More Pictures of Epstein: Bill Gates, Woody Allen and Noam Chomsky Appear","The Democrats in the U.S. House of Representatives have shared on Thursday five new photographs related to the case of pederast Jeffrey Epstein, featuring philosopher Noam Chomsky, tycoon Bill Gates, film director Woody Allen and a screenshot of a conversation about apparent trafficking of women victims of the pederast. In the photographs, part of an advance of the 95,000 new images that the Lower House Supervisory Committee has received in rela… 3 months ago · Madrid, Spain",https://ground.news/interest/20minutos
Observador,Right,"Lolita's Quotes in a Body and Messages to Offer ""Kids"". Us Democrats Publish New Images of Jeffrey Epstein's Slogan","Several personalities emerge again, such as Steve Bannon or Woody Allen. There are two photos of Bill Gates and images of the map of Epstein's private island. 3 months ago · Portugal",https://ground.news/interest/observador
www.sme.sk,Lean Left,"Usa: New Photos Released in Epstein Case, One of Them Shows Lajčák","The photos show Bill Gates and former Trump advisor Steve Bannon. 3 months ago · Bratislava, Slovakia",https://ground.news/interest/wwwsmesk
Al Jazeera,Lean Left,House Democrats release latest Epstein images as DOJ deadline looms,Legislators have been publishing photos related to convicted sex offender as DOJ faces Friday deadline to release more. 3 months ago · Qatar,https://ground.news/interest/al-jazeera_1a2e2c
Channel 4,Lean Left,Bill Gates and Noam Chomsky in new Epstein Estate pic drop,"In the US, Democrats on the House Oversight Committee have released more photos from Jeffrey Epstein's estate. 3 months ago · London, United Kingdom",https://ground.news/interest/channel-4
One News Page,Center,New Jeffrey Epstein Photos Expose Text Messages of Trafficking Scheme and Prescription for UTIs: 'I Will Send U Girls Now',"Democrats on the House Oversight Committee released a batch of 68 new photos from Jeffrey Epstein's.. • Celebrities • One News Page: Thursday, 18 December 2025 3 months ago",https://ground.news/interest/one-news-page
Spiegel,Lean Left,Jeffrey Epstein Affair: Democrats Publish New Photos,"Chat runs, tattoos and Bill Gates: The Democrats have again released photos from the archives of the dead sex offender Jeffrey Epstein. Screenshots point to the possible mediation of young women. 3 months ago · Germany",https://ground.news/interest/spiegel
Radio-Canada,Lean Left,Democrats Release Other Photos Related to Epstein,"Seeking to maintain pressure on the Department of Justice, the Democrats published 68 photographs from the succession of the deceased paedophy. 3 months ago · Montreal, Canada",https://ground.news/interest/radio-canada
Reuters,Center,Democrats release dozens more new images from Epstein estate,"Congressional Democrats released dozens of new images from the estate of the late convicted sex offender Jeffrey Epstein on Thursday, a day before the U.S. Justice Department is required by law to release unclassified files from its investigation of the disgraced financier. 3 months ago · United Kingdom",https://ground.news/interest/reuters_fa2539
NBC Chicago,Center,Democrats release more Epstein photos with a promise of more to come,"House Oversight Committee Democrats released 68 photos from the Jeffrey Epstein estate, including ones of Epstein with high-profile individuals. 3 months ago · Chicago, United States",https://ground.news/interest/nbc-chicago
ABC Australia,Lean Left,More photos released on eve of Epstein files deadline,"US Democrats continue their drip-feed of material from sex predator Jeffrey Epstein’s estate, releasing more photos on the eve of a deadline for the full publication of the Epstein files. 3 months ago · Australia",https://ground.news/interest/abc-australia
Le Parisien,Right,"Epstein Case: on the Eve of a Crucial Date, Democrats Publish New Photos","A way to put pressure on the US government. Democratic politicians in Congress today released new images related to Jeffrey Epstein, on the eve of the deadline for Donald Trump's administration to publish documents in his possession about the sex offender who died in prison.The 68 new images come from the 95,000 elected officials who said last week that they had received from Jeffrey Epstein's legatees. Their publication aims to push Donald Trum… 3 months ago · Paris, France",https://ground.news/interest/le-parisien
wz.de,Center,New Photos in Epstein-Affäre,"The Democrats have already published photos from the archive of the dead sex offender in the US Congress on several occasions. Now, more pictures will follow that reveal a lot about Epstein and his environment. 3 months ago",https://ground.news/interest/wzde
saarbruecker-zeitung.de,Center,Abuse Cases: New Photos in Epstein Affair,"The Democrats have already published photos from the archive of the dead sex offender in the US Congress on several occasions. Now, more pictures will follow that reveal a lot about Epstein and his environment. 3 months ago",https://ground.news/interest/saarbruecker-zeitungde
Daily Mirror,Lean Left,Seven famous faces in new Epstein photo dump including billionaire and magician,"Microsoft founder Bill Gates, illusionist David Blaine, Google CEO Salar Kamangar and theorist Noam Chomsky are among the famous faces seen in the newly-released Epstein photographs 3 months ago · London, United Kingdom",https://ground.news/interest/daily-mirror
focus.de,Right,"Bill Gates, Young Women and an Ominous Chat: New Epstein Images Released","By Friday, the U.S. government will have to publish the files on the case of the sex offender Jeffrey Epstein. Democratic MPs have now published more photos from Epstein's estate. 3 months ago · Berlin, Germany",https://ground.news/interest/focusde
Stuff,Lean Left,Epstein kept photos of woman with Lolita quotes scrawled on her body,Democrats published 68 new photographs from Epstein’s estate showing various parts of a woman’s body with passages from the novel by Vladimir Nabokov written on her. 3 months ago · New Zealand,https://ground.news/interest/stuff_0ae80d
La Vanguardia,Center,Publish New Epstein Images at Hours when Trump Declassifies Files,"The Democrats have revealed Thursday new images linked to Jeffrey Epstein on the eve of the deadline for the Donald Trump government to make public the documents in their possession about the sex offender who died in prison.Continue reading... 3 months ago · Granada, Spain",https://ground.news/interest/la-vanguardia
KIFI,Center,House Democrats Release More Epstein Photos Ahead of Files Release Deadline,"By Annie Grayer, CNN - Democrats on the House Oversight Committee on Thursday released photos of Jeffrey Epstein's estate, the latest in a series of intermittent revelations that have fueled significant political intrigue in recent weeks over who might have been associated with the convicted sex offender. The five photographs, released without additional context by panel members, include a Ukrainian passport with a female annotation; philosopher… 3 months ago · Idaho Falls, United States",https://ground.news/interest/kifi
Telegrafi,Lean Left,New Photos From Epstein's Estate Published - the Late Pedophile Is Also Seen Next to Lajcak,"The Democratic House Oversight Committee has released a new batch of photos from the estate of the late pedophile Jeffrey Epstein, including several images showing high-profile figures. The move comes as the committee reviews about 95,000 images and other documents related to Epstein's activities, CNN reports. Lajcak admits to communicating with pedophile Epstein: We had conversations within diplomatic duties The latest photos include well-known… 3 months ago",https://ground.news/interest/telegrafi
La Libre,Center,Us Democrats Release New Photos Related to Epstein,"New images of Jeffrey Epstein, on the eve of the deadline for Donald Trump's government's publication of documents in his possession about the sex offender who died in prison, were published by the U.S. Congress officials on Thursday. ... 3 months ago · Brussels, Belgium",https://ground.news/interest/la-libre
The Hill,Center,House Democrats release new Epstein pictures ahead of deadline for files’ release,"Democrats on the House Oversight and Government Reform Committee released 68 more photos from the estate of convicted sex offender Jeffrey Epstein on Thursday, one day before the Department of Justice’s (DOJ) deadline to release all of its information on the disgraced financier on Dec. 19. Some photos show lines from the Vladimir Nabokov novel… 3 months ago · Washington, United States",https://ground.news/interest/the-hill
El Mundo,Right,"Democrats Publish New Pictures of Epstein with Noam Chomsky, Woody Allen and Bill Gates","It is a batch of 68 images that come to light one day before the date set by Congress for the publication of the archives of New York pedophile Read 3 months ago · Madrid, Spain",https://ground.news/interest/el-mundo
Il Fatto Quotidiano,Lean Left,"Epstein Case, Us Commission Spreads New Photos: There Are Also Chomsky and Gates","New photos on the case of Jeffrey Epstein. The MPs of the Democratic Party who are part of the Supervisory Commission of the House of Representatives, on the socied channels of the institution. The images, published without further context, include a Ukrainian passport with indication of female sex, the philosopher Noam Chomsky on a plane with Epstein, Bill Gates posing for a photo with a woman whose face has been obscured. The photos also inclu… 3 months ago · Rome, Italy",https://ground.news/interest/il-fatto-nuotidiano
India Today,Right,"Bill Gates, Woody Allen feature in fresh pictures from Jeffrey Epstein's estate","Among those visible in the newly released images are billionaire Microsoft co-founder Bill Gates, filmmaker Woody Allen, Google co-founder Sergey Brin, philosopher Noam Chomsky and former adviser of US President Donald Trump, Steve Bannon. 3 months ago · India",https://ground.news/interest/india-today
Dagens Nyheter.,Right,Democrats Release New Epstein Photos – Scrawled on Woman's Skin,"Democrats have released a new set of photos taken from Epstein's estate - showing the sex offender surrounded by unknown women. 3 months ago · Stockholm, Sweden",https://ground.news/interest/dagens-nyheter
Irish Times,Lean Left,"Jeffrey Epstein photos: Woody Allen, Noam Chomsky among those pictured in latest release","Democrats release dozens of photographs from Epstein estate ahead of deadline for department of justice to release its files 3 months ago · Dublin, Ireland",https://ground.news/interest/irish-times
KTLA 5,Center,"House Democrats release new Epstein photos showing private island plans, visitors","House Democrats again released a folder of images from the estate of Jeffrey Epstein, publishing dozens of previously unreleased photographs and documents on Thursday as part of an ongoing review tied to their push for the Justice Department to disclose investigative records related to Epstein. The images were released by Democrats on the House Oversight [...] 3 months ago · Los Angeles, United States",https://ground.news/interest/ktla-5
La Presse,Lean Left,Epstein Case: Democrats Publish New Photos,"New images of Jeffrey Epstein, on the eve of the deadline for Donald Trump's government's publication of documents in his possession about the sex offender who died in prison, were released by the Democrats in the U.S. Congress on Thursday. 3 months ago · Montreal, Canada",https://ground.news/interest/la-presse_39d7a8
Le Figaro,Right,Epstein Case: Us Democrats Publish Unpublished Photos on the Eve of a Crucial Date,"Their publication aims to put pressure on Donald Trump's government, which must disclose by Friday at the latest the documents in its possession about the New York financier, who died in prison in 2019. 3 months ago · Paris, France",https://ground.news/interest/le-figaro
svt Nyheter,Lean Left,More Epstein Photos Released – Quote From “Lolita”,"A new batch of photos from the estate of late sex offender Jeffrey Epstein has been released by the US House of Representatives. The 68 new photos are being made public at the initiative of Democrats. 3 months ago · Stockholm, Sweden",https://ground.news/interest/svt-nyheter
Evening Standard,Center,Images from Epstein’s estate published on eve of expected full files release,"A total of 68 images were posted online by democrats from the US House Oversight Committee. 3 months ago · London, United Kingdom",https://ground.news/interest/evening-standard
Express US,Right,Disturbing new Epstein photos show writing on woman's skin beside Lolita book,"The House Oversight Committee on Wednesday released 68 new photos from Jeffrey Epstein's estate, including images showing words written on various body parts 3 months ago",https://ground.news/interest/the-expresscom
InsideNoVA.com,Center,New photo dump fuels Capitol Hill push on Epstein files release,"US House Democrats on Thursday published a fresh batch of photographs from Jeffrey Epstein's estate, stepping up pressure on Donald Trump's administration on the eve of its deadline to release federal files on the late financier and convicted sex offender. 3 months ago",https://ground.news/interest/insidenovacom
il Giornale,Right,New Photos of Epstein Spread by the Dem: Chomsky and Bill Gates Show Up,"The images were posted without further context and include a screenshot of an extract of a conversation via text, where a person discusses sending girls 3 months ago · Italy",https://ground.news/interest/ilgiornaleit
Associated Press News,Lean Left,House Democrats release more photos from Epstein's estate,House Democrats have released several dozen more photos from the estate of the convicted sex offender Jeffrey Epstein. 3 months ago · United States,https://ground.news/interest/associated-press-news
Straight Arrow News,Center,"Passports, 'Lolita' quotes: Inside House Democrats' latest Epstein photo dump","The House Oversight Committee has released another trove of images related to the investigation of convicted child sex offender Jeffrey Epstein. Thursday’s release includes photos of influential and powerful people meeting with Epstein and quotes from the novel “Lolita” written on a person’s body. The release marks the fourth such release from the oversight committee. Some of the people featured in photos are Microsoft founder Bill Gates, profes… 3 months ago",https://ground.news/interest/straight-arrow-news
abc,Right,Democrats Publish 68 New Photos of Epstein: Women with Body Phrases and Images of Noam Chomsky and Bill Gates,"While awaiting the publication of Jeffrey Epstein's reports by the Department of Justice, the Democrats of the United States Congress are going to publish weekly unpublished images linked to the paedophile and tycoon with the aim of increasing pressure on President Donald Trump. They began with the island that the financier acquired in 2016; they continued with photographs of Richard Branson, Bill Clinton, Woody Allen and Bill Gates, and this Th… 3 months ago · Spain",https://ground.news/interest/abc_0c202e
Latestly,Right,More Epstein Estate Photos Surface as Democratic Lawmakers Release New Images | 🌎 LatestLY,"Democratic U.S. lawmakers have released a new batch of photos from Jeffrey Epstein's properties, intensifying scrutiny on his operations and potential associates as investigations continue into his extensive sex trafficking network. 🌎 More Epstein Estate Photos Surface as Democratic Lawmakers Release New Images. 3 months ago",https://ground.news/interest/latestly
USA Today,Lean Left,More Epstein photos released by Democrats show ‘Lolita’ references,House Democrats released another batch of pictures from Jeffrey Epstein showing foreign passports and phrases from 'Lolita' written on a woman's body. 3 months ago · United States,https://ground.news/interest/usa-today
yle,Center,Dozens of New Epstein Photos Released Again – Including References to the Novel Lolita,Democrats in the US House of Representatives have released 68 photos they received from the Epstein estate. 3 months ago · Finland,https://ground.news/interest/yle
"La Nación, Grupo Nación",Right,New Photos Show Figures Like Bill Gates and Noam Chomsky with Jeffrey Epstein: See Images Released by Democrats,"The House Oversight Committee Democrats released a new batch of images linked to Jeffrey Epstein on Thursday, CNN said.The revelations are the most recent chapter in a series of drop-in revelations that have fueled political intrigue in Washington over the past few weeks about who might have had links to the financial person convicted of sex crimes.According to the U.S. network, the five photographs were published without any further context by … 3 months ago",https://ground.news/interest/la-nacion-grupo-nacion
NewsNation,Center,"Bill Gates, Sergey Brin among those in new Epstein photos released by House Dems","Photos released include tech giants Bill Gates and Sergey Brin, filmmaker Woody Allen and former Trump adviser Steve Banon. 3 months ago · Chicago, United States",https://ground.news/interest/wgn-america_663347
9News,Right,More photos from Epstein's estate released featuring high-profile names,"Five photographs, released without additional context by Democrats on the House Oversight Committee, includ... 3 months ago · Australia",https://ground.news/interest/9news
Raw Story,Left,​House Dems release new Epstein photos showing 'Lolita' quotes written on female body,"House Oversight Democrats have released another batch of photos obtained from Jeffrey Epstein's estate.The committee's Democratic minority posted more than four dozen new photos of the late sex offender and his associates, including Bill Gates, Noam Chomsky and David Brooks, along with cryptic close... 3 months ago · United States",https://ground.news/interest/raw-story
Eldiario.es,Lean Left,Epstein's New Images Waiting for Trump to Declassify the Files: Messages About 18-Year-Old Girls and Photos with Bill Gates and Chomsky,Democrats in Congress Spread More Images of Sexual Predator Heritage · Global Voices 3 months ago · Spain,https://ground.news/interest/eldiarioes
www.t-online.de,Lean Left,New Epstein Photos Show Bill Gates and Ex-Trump Advisors – and Mediation of Girls,New images from the estate of the sex offender Epstein show prominent personalities such as Bill Gates and Steve Bannon. The publication also contains chat messages about the possible mediation of young women. 3 months ago,https://ground.news/interest/wwwt-onlinede
tippinsights,Right,"Oversight Panel Releases Fresh Epstein Images, Raising New Questions","House Democrats on the Oversight Committee released five additional photographs from Jeffrey Epstein’s estate on Thursday, intensifying scrutiny as the Justice Department faces a court-mandated deadline to release its investigative files. The images were released without added context and include a Ukrainian passport with a female designation, Epstein pictured with philosopher Noam Chomsky, and Bill Gates photographed with a woman whose face was… 3 months ago",https://ground.news/interest/tippinsights
TVA Nouvelles,Lean Left,"Bill Gates, Texts and Passports: More Photos of Jeffrey Epstein's Succession Unveiled by Elected Democrats","Some 60 unpublished photos from Jeffrey Epstein's succession have been made public. 3 months ago · Montreal, Canada",https://ground.news/interest/tva-nouvelles
abc News,Lean Left,House Democrats release another batch of Epstein photos,"One day before the deadline for the release of the DOJ's files on Jeffrey Epstein, House Democrats released another batch of photos from the late financier's estate. 3 months ago · United States",https://ground.news/interest/abc-news_409efb
iNews,Center,New Epstein images show Lolita sentences written on women's naked skin,"Impartial news & intelligent debate 3 months ago · London, United Kingdom",https://ground.news/interest/inews
Svenska Dagbladet,Right,More Epstein Photos Released,"A new batch of photos from the estate of late sex offender Jeffrey Epstein has been released by the US House of Representatives. The 68 new photos are being made public at the initiative of Democrats. 3 months ago · Stockholm, Sweden",https://ground.news/interest/svenska-dagbladet
Protothema,Right,"New Photos From Epstein's Archive: the Company with Chomsky and the Message About the ""Girl Mission""","Five new photos were released by Democrats on the House Oversight Committee - Bill Gates is the protagonist again - The woman's leg with the excerpt from ""Lolita"" by Russian writer Vladimir Nabokov and the Ukrainian passport 3 months ago",https://ground.news/interest/protothema
Daily Express,Right,"Epstein bombshell as chilling messages and pictures exposed - '$1,000 a girl'",Other images show women's feet with messages written on them. 3 months ago · United Kingdom,https://ground.news/interest/daily-express
The Independent,Lean Left,Dems release more Epstein photos as DOJ faces deadline to publish files,"Photographs include a woman’s body with writing that references Lolita and copies of foreign women’s passports 3 months ago · London, United Kingdom",https://ground.news/interest/the-independent_ff73a6
Alternet,Left,New Epstein photo release shows quotes from Lolita written on woman’s body,"A group of photos from the estate of sex offender Jeffrey Epstein was released on Thursday by the House Oversight and Reform Committee Democrats. The photos show body parts of an individual with quotes from Vladimir Nabokov's novel ""Lolita"" written on the exposed skin. The book, a 1955 novel, describes a French literature professor who falls in love with a 12-year-old girl, becomes obsessed with her, kidnaps her and sexually abuses her after bec… 3 months ago · Washington, United States",https://ground.news/interest/alternet
The US Sun,Right,More Epstein files released by Democrats showing high-profile figures,"A NEW batch of Jeffrey Epstein pictures have been released by US authorities - and they include never-before-seen snaps of his passport. The 68... 3 months ago · New York, United States",https://ground.news/interest/the-us-sun
The Sun,Right,New Epstein pics drop with creepy messages on girl's chest and paedo massaged,A FRESH batch of bombshell Jeffrey Epstein pictures have been released - with never-before-seen snaps showing eerie text scribbled on a girl's... 3 months ago · United Kingdom,https://ground.news/interest/the-sun_dd9bb3
ANSA,Center,"Epstein, Dem Publish New Photos with Chomsky and Gates",Also a text on sending girls and a woman's foot with quote from Lolita (ANSA) 3 months ago · Italy,https://ground.news/interest/ansa
LBC,Right,New photos from Epstein estate released by Democrats,"Democrats on the US House Oversight Committee have released new images from the estate of late paedophile Jeffrey Epstein. 3 months ago · London, United Kingdom",https://ground.news/interest/lbc
HuffPost,Left,House Democrats Release More Images From Epstein Estate,Democrats put out the images a day ahead of a statutory deadline for the Justice Department to release its files on Jeffrey Epstein. 3 months ago · United States,https://ground.news/interest/huffpost
El Pais,Lean Left,Democrats Spread New Photos of Epstein with Noam Chomsky and Bill Gates,The last batch arrives on the eve of the deadline given by Congress to the Department of Justice for the publication of the archives of the millionaire pederast 3 months ago · Spain,https://ground.news/interest/el-pais
BBC News,Center,"New Epstein photos from House Democrats show high-profile figures, island plans and passports","The images released today are related to the late convicted sex offender and are separate from the ""Epstein files"" held by the justice department. 3 months ago · United Kingdom",https://ground.news/interest/bbc-news_bf95f4
CNN,Lean Left,More photos from Epstein’s estate released by House Democrats as deadline to release DOJ files looms,"Democrats on the House Oversight Committee released photos from Jeffrey Epstein’s estate Thursday — the latest in a series of intermittent disclosures that have fueled significant political intrigue in recent weeks about who may have been associated with the convicted sex offender. 3 months ago · Atlanta, United States",https://ground.news/interest/cnn
notus.org,Lean Left,More Photos Released by Oversight Dems Give Disturbing Glimpse Into Epstein’s World,"APDemocrats on the House Oversight Committee released on Thursday nearly 70 photos that were obtained from the Jeffrey Epstein estate, including a screenshot of a message stating a friend “sent me some girls today. But she asks 1000$ per girl.” The message lists the height and weight of an 18-year-old woman. “Maybe someone will be good for J?”The images offer more disturbing glimpses of the life of the late convicted sex offender and disgraced f… 3 months ago",https://ground.news/interest/notusorg
WFLD,Center,New Epstein photos shared a day before case files deadline,"The latest photo dump from Jeffrey Epstein's estate includes a screenshot of messages discussing a “scout"" who sends girls. 3 months ago · Chicago, United States",https://ground.news/interest/wfld
TMZ,Right,New Epstein Photos Feature 'Lolita' Quotes Written on Woman's Body,"New Epstein Photos Feature 'Lolita' Quotes Written on Woman's Body 3 months ago · Los Angeles, United States",https://ground.news/interest/tmz
KERO,Center,House Democrats release more Epstein photos as DOJ's deadline looms,"Democrats on the House Oversight Committee released a new batch of photos a day before the Department of Justice is legally required to make public additional investigative material related to Epstein.The photos released on Thursday offer a glimpse into the world of convicted sex offender Jeffrey Epstein.The latest batch includes 68 photos. Some of the images show a female with handwritten phrases on her skin, though the committee did not provid… 3 months ago",https://ground.news/interest/kero
Politico,Lean Left,Democrats release more photos from Epstein estate,The 70-photo tranche comes on the eve of the deadline for the Justice Department to release the most broad swath of Epstein-related materials yet. 3 months ago,https://ground.news/interest/politico
Tagesschau,Right,Ecj Strengthens Rights Refugee Frontex Is Liable for Illegal Pushbacks,"Frontex must protect the fundamental rights of asylum seekers and can be made mandatory in the event of illegal deportations - that is what the ECJ has decided. That is, Frontex is also liable for illegal pushbacks. By Max Bauer. 3 months ago · Hamburg, Germany",https://ground.news/interest/tagesschau
Associated Press News,Lean Left,"In rare ruling, EU's top court sides with refugee's appeal in a landmark case against Frontex","The European Union's highest court has sided with a Syrian refugee in a landmark case against Frontex, the EU border agency. 3 months ago · United States",https://ground.news/interest/associated-press-news
NRC Handelsblad,Lean Left,Eu Court: Frontex Can Be Held Responsible for Migrant Pushbacks,"A Syrian family filed a case against Frontex after being deported at the Greek border, alleging their rights were violated. The European Court of Justice's ruling now requires Frontex to systematically check whether migrants have been given the opportunity to apply for asylum. 3 months ago · Netherlands (Kingdom of the)",https://ground.news/interest/nrc-handelsblad
Spiegel,Right,European Court of Justice: Frontex Must Protect Fundamental Rights Asylum Seekers,The EU Border Protection Agency Frontex sent a family of Greece refugees from Syria to Turkey – although they actually wanted to apply for asylum. Now the Kurds could receive compensation. 3 months ago · Germany,https://ground.news/interest/spiegel
NOS,Right,Eu Border Guards Responsible for Wrongfully Returning Migrants,"The European border control agency Frontex can be held responsible for so-called pushbacks of refugees. This was ruled by the European Court of Justice in a case brought by a Syrian family. Pushbacks are the practice of sending migrants back without giving them the opportunity to apply for asylum. After the war broke out in Syria, the family fled to Europe via northern Iraq and Turkey in 2016. The Syrians wanted to apply for asylum in Greece, bu… 3 months ago · Netherlands (Kingdom of the)",https://ground.news/interest/nos_4ae905
Zeit Online,Right,"Eu Law: According to the Judgement, Frontex Is Liable for Violations of Fundamental Rights","During deportations, the EU Border Protection Agency Frontex is obliged to protect fundamental rights, the ECJ judges. A Syrian family had demanded damages. 3 months ago · Germany",https://ground.news/interest/zeit-online
El Pais,Lean Left,European Justice Holds Frontex Responsible for a Hot Return for the First Time,"The Court of Justice of the European Union has entered unexplored ground on Thursday by issuing for the first time a judgment that holds the European Border and Coast Guard (Frontex) responsible for a hot return, a practice contrary to international law. The ruling, issued by the Grand Chamber — the most solemn formation of the court — represents a significant step, stating that Frontex can be legally responsible for the activities it oversees o… 3 months ago · Spain",https://ground.news/interest/el-pais
Le Monde,Lean Left,Why the European Central Bank's Fall in Interest Rates Did Not Benefit the Economy,"The Frankfurt Institute dropped its interest rates sharply between 2024 and 2025 – before keeping them unchanged on Thursday 18 December – but for states, households and businesses, this relaxation did not result in a fall in borrowing costs. 3 months ago · Paris, France",https://ground.news/interest/le-monde
The Epoch Times,Right,European Central Bank Keeps Interest Rates Steady; Inflation Expected to Stabilize,"The European Central Bank (ECB) has kept its three key interest rates unchanged while assessing inflation to stabilize it at its target of 2 percent over the medium term, the bank said in a Dec. 18 statement. “The interest rates on the deposit facility, the main refinancing operations and the marginal lending facility will remain unchanged at 2.00 percent, 2.15 percent and 2.40 percent respectively,” the ECB said. The bank projects inflation to … 3 months ago · New York, United States",https://ground.news/interest/the-epoch-times
il Giornale,Right,"2% Fixed Rates, Gdp Growth and Inflation Under Control: Ecb Confirms Course","The Frankfurt decision comes within a framework deemed stable: updated macro projections, domestic demand indicated as the engine of the recovery and expected price path towards the target over the medium term, with the focus on the service component 3 months ago · Italy",https://ground.news/interest/ilgiornaleit
RTV Slovenija,Lean Left,"Ecb Improves Economic Growth Forecasts, Interest Rates Remain Unchanged",The Governing Council of the European Central Bank (ECB) left its three key interest rates unchanged. The latest estimates confirm that inflation will stabilize at its 2% target in the medium term. The ECB also slightly upgraded its economic growth forecasts. 3 months ago,https://ground.news/interest/rtv-slovenija
sta.si,Center,Sta: Ecb Keeps Interest Rates Unchanged,"The Governing Council of the European Central Bank (ECB) today left all three key interest rates unchanged. The latest estimates reaffirm that inflation will stabilize at its 2% target over the medium term. Meanwhile, it slightly upgraded its economic growth forecast for this year and the coming years. 3 months ago",https://ground.news/interest/stasi
20minutos,Center,The Ecb Keeps Rates at 2% for the Fourth Time and Reviews Euro Area Growth Upwards,"The European Central Bank (ECB) has decided to maintain interest rates for the fourth consecutive meeting, so that the deposit facility, which marks the reference for money, stands at 2%, while the main refinancing operations and the marginal lending facility are placed at 2.15% and 2.4% respectively. The Governing Council of the Frankfurt-based body meets market expectations. ""Its updated assessment continues to confirm that inflation should st… 3 months ago · Madrid, Spain",https://ground.news/interest/20minutos
Deutschlandfunk,Center,Economy - Ecb Leaves Key Interest Rates Unchanged in the Euro Area,The European Central Bank leaves the key interest rates unchanged in the euro area for the fourth time in a row. 3 months ago · Germany,https://ground.news/interest/deutschlandfunk
presseportal.de,Right,Decrease Key Rate: Who Waits for the Ecb Pays on It During Construction Financing,"INTERHYP AG [Newsroom]Munich (ots) - The European Central Bank (ECB) today decided to keep the key interest rates unchanged. This will not change the latest increase in construction interest rates. Key interest rate decision is not decisive ""We often observe a ... Continue reading here...Original content of: INTERHYP AG, transmitted by news currently 3 months ago",https://ground.news/interest/presseportalde
El Pais,Lean Left,Ecb Freezes Rates at 2% and Improves Euro Area Growth Forecasts,"The European Central Bank does not leave the lethargy. The Frankfurt-based entity has kept interest rates intact on Thursday at 2% for the fourth time in a row, thus certifying its comfort with the current inflation levels of 2.1% in the euro zone. Growth also gives good news: the updated Eurobank forecasts point to a further advance of GDP in the coming years, from up to five tenths more until 2027. There is no sign of a short-term crisis, nor … 3 months ago · Spain",https://ground.news/interest/el-pais
n-tv.de,Right,Up Next Year?: Ecb Keeps the Key Rate Stable,"Once again, there is no change in the key interest rate in the EU. Among other things, the comparatively high core inflation is against a reduction. In the next year, an increase could even take place - because of Germany. 3 months ago",https://ground.news/interest/n-tvde
Zeit Online,Lean Left,Monetary Policy in the Euro Area: Ecb Extends Interest Break: Key Interest Rates Remain Unchanged,"Here you can find information on the topic ""Monetary policy in the euro area"". Read now ""ECB extends interest break: key interest rates remain unchanged"". 3 months ago · Germany",https://ground.news/interest/zeit-online
Neue Zürcher Zeitung,Right,The Ecb Increases Its Growth Forecast and Maintains the Current Key Interest Rate,"The euro area economy is more resilient than expected, so the ECB is leaving interest rates unchanged, and the likelihood is that the next monetary policy step will be an interest rate hike. 3 months ago · Zürich, Switzerland",https://ground.news/interest/neue-zurcher-zeitung
Eesti Rahvusringhääling,Center,The European Central Bank Again Left Interest Rates Unchanged,The Governing Council of the European Central Bank (ECB) decided on Thursday to leave key interest rates unchanged once again. 3 months ago · Estonia,https://ground.news/interest/eesti-rahvusringhaaling
TVN24.pl,Lean Left,Interest Rates in the Eurozone. There's a New Decision.,"The Governing Council of the European Central Bank decided to keep interest rates unchanged, according to a press release following its Thursday meeting. At the same time, the ECB revised its inflation forecast for 2026 upwards, primarily due to a slower-than-previously expected decline in the price of services. 3 months ago · Poland",https://ground.news/interest/tvn24pl
Politiken,Lean Left,European Central Bank Maintains Interest Rates Again and Expects Stable Inflation,"The European Central Bank expects average inflation of just under two percent next year. 3 months ago · Copenhagen, Denmark",https://ground.news/interest/politiken
Globo,Right,European Central Bank Maintains an Unchanged Deposit Rate of 2% per Year,"Directors strengthened data-dependent approach and ""meeting"" to determine the appropriate path to monetary policy 3 months ago · Brazil",https://ground.news/interest/globo
Politico Europe,Lean Left,ECB keeps rates unchanged as prospects brighten,"The central bank has raised its growth forecasts after dodging Donald Trump’s trade bullets. 3 months ago · Brussels, Belgium",https://ground.news/interest/politico-europe
Investing.com,Center,"ECB holds interest rates steady, sees inflation stabilizing at 2% By Investing.com","ECB holds interest rates steady, sees inflation stabilizing at 2% 3 months ago",https://ground.news/interest/investingcom
Barron's,Center,ECB Holds Rates After BOE Cuts. Why the EU and U.K. Are on Different Paths.,"Resilient euro zone growth and cooling inflation are luxuries that policymakers in London don’t have right now. 3 months ago · New York, United States",https://ground.news/interest/barrons
Schweizer Radio und Fernsehen (SRF),Lean Left,Ecb Leaves Key Interest Rates Unchanged in the Euro Area,"The European Central Bank leaves the key interest rates unchanged in the euro area for the fourth time in a row. 3 months ago · Zürich, Switzerland",https://ground.news/interest/schweizer-radio-und-fernsehen-srf
der Standard AT,Lean Left,Ecb Keeps Key Interest Rate Constant at Two Percent,"As inflation in the euro area is close to the target, the central bank is keeping the deposit rate stable for the fourth time in a row. Meanwhile, initial speculation about the succession of ECB boss Christine Lagarde 3 months ago · Vienna, Austria",https://ground.news/interest/der-standard_389fff
El Mundo,Right,The European Central Bank Maintains Interest Rates for the Fourth Time in a Row,"The European Central Bank (ECB) today confirmed what the markets had already discounted for weeks: interest rates remain unchanged. In the decision taken... 3 months ago · Madrid, Spain",https://ground.news/interest/el-mundo
Irish Times,Lean Left,ECB holds interest rates steady once again,"European Central Bank keeps rates unchanged for fourth month in a row 3 months ago · Dublin, Ireland",https://ground.news/interest/irish-times
Sueddeutsche Zeitung,Lean Left,Ecb Keeps Key Interest Rate Constant at 2.0 Percent,"The ECB maintains the key interest rate stable and aims at an inflation of 2.0 percent. Experts expect rising prices due to labour shortages and CO2 tax. Lagarde's successor is also a topic. 3 months ago · Munich, Germany",https://ground.news/interest/sueddeutsche-zeitung
Seeking Alpha,Right,"ECB holds rates steady, lifts Eurozone growth outlook as domestic demand strengthens (EUR:USD:)",Please provide the article you'd like me to analyze and create a meta description for. 3 months ago · United States,https://ground.news/interest/seeking-alpha
La Vanguardia,Lean Left,The European Central Bank Maintains Interest Rates when Inflation Is Controlled,"There is no Christmas gift for mortgages under the tree of the European Central Bank (ECB) in Frankfurt. The inflation monster seems under control and the institution that presides Christine Lagarde has chosen to leave the price of money unchanged. For the fourth time in a row. The last time there was a cut was last June. The deposit interest rate, the reference rate, stays that way at 2%. Continue reading... 3 months ago · Granada, Spain",https://ground.news/interest/la-vanguardia
Il Post,Lean Left,The Ecb Kept Interest Rates Unchanged for the Fourth Time in a Row,3 months ago · Italy,https://ground.news/interest/il-post
Wall Street Journal,Center,Bank of England Cuts Rates While ECB Holds Steady,"U.K. central bank indicates another cut could follow in coming months 3 months ago · New York, United States",https://ground.news/interest/wall-street-journal
China Daily,Lean Left,ECB keeps interest rates unchanged,3 months ago · China,https://ground.news/interest/china-daily
Xinhua,Left,Ecb Keeps Rates Unchanged,ECB keeps rates unchanged 3 months ago · China,https://ground.news/interest/newscn
Bloomberg,Lean Left,ECB to Hold With Economy on Sturdier Footing: Decision Guide,The European Central Bank is set to keep interest rates unchanged for a fourth meeting with new economic projections likely to point to solid growth and policymakers confident inflation won’t stray excessively from their target. 3 months ago · United States,https://ground.news/interest/bloomberg
Protothema,Right,"Ecb Expected to Keep Interest Rates Steady, Lagarde Will Leave Her Options Open",Everything points to an end to the easing cycle that brought interest rates from 4% to 2% with 8 consecutive reductions - An interest rate increase is much more likely for the near future - What do inflation forecasts say? 3 months ago,https://ground.news/interest/protothema
Tagesschau,Center,Market Report: in Quiet Water,"The ECB is likely to keep interest rates unchanged again today, but until noon, there is not much to be done on the stock exchanges. 3 months ago · Hamburg, Germany",https://ground.news/interest/tagesschau
RTÉ,Center,ECB holds rates steady as economy shows resilience,The European Central Bank kept its policy rates steady today and took a more positive view on a euro zone economy that has shown resilience to global trade shocks. 3 months ago · Ireland,https://ground.news/interest/rte
abc,Right,The Ecb Saves the Ability to Move the Rates Until 2026,"A reduction in interest rates by the European Central Bank (ECB) at this Thursday’s monetary policy meeting is ruled out. Some members of the Governing Council , like Peter Kazimir , have stated in public that “definitely, not in December.” “The underlying inflation is a little bit stronger and wage moderation a little slower... We need to be patient and we need more clarity,” he argued on the ‘impact’ of waiting. And this is added to the fact t… 3 months ago · Spain",https://ground.news/interest/abc_0c202e
KAKE News,Center,ECB set to hold rates but debate swirls over future,"The European Central Bank is expected to hold interest rates steady Thursday for its fourth meeting in a row as inflation remains in check, although debate is heating up about the path forward. 3 months ago",https://ground.news/interest/kakecom
Helsingin Sanomat,Lean Left,"Monetary Policy | the Ecb Will Keep Its Key Interest Rate Unchanged for a Long Time, Economists Estimate","On Thursday, attention will be focused on the central bank's new economic forecast, which is likely to improve its estimate of economic growth in the eurozone. 3 months ago · Helsinki, Finland",https://ground.news/interest/helsingin-sanomat
CNBC,Center,European Central Bank holds rates steady in last gathering of 2025,"The European Central Bank, Bank of England, Riksbank and Norges Bank all met on Thursday. 3 months ago · United States",https://ground.news/interest/cnbc
Reuters,Center,ECB holds rates steady and turns more positive on the economy,3 months ago · United Kingdom,https://ground.news/interest/reuters_fa2539
berria.eus,Left,The Ecb Has Left Interest Rates at 2%.,"The European Central Bank remains in a ""good place"" in its monetary policy, according to Christine Lagarde, the institution's president. It lowered interest rates to 2% at its June meeting, and they will remain at that level at least until the meeting on February 5; since, at today's meeting, the members of the ECB's council decided ""unanimously"" not to make any moves. The main reason for not making any moves is that inflation has finally approa… 3 months ago",https://ground.news/interest/berriaeus
IBTimes UK,Lean Left,Shein Avoids Suspension from French Government Over Sale of Illicit Products,"Outrage has erupted in France after a Paris court refused to shut down Shein's online platform, despite evidence that the fast fashion giant had been selling childlike sex dolls, weapons and other illicit products to French consumers. As reported by The Associated Press, the ruling on Friday blocked a request by the government of President Emmanuel Macron to suspend Shein's operations in France for at least three months, prompting criticism from… 3 months ago · United Kingdom",https://ground.news/interest/ibtimes-uk
Frankfurter Allgemeine,Right,France Fails with Application for Shein Blockade,"A Paris court rejects the request for a ban on the Shein platform. Judges do not see systematic violations – and yet demand stricter age controls. 3 months ago · Frankfurt, Germany",https://ground.news/interest/frankfurter-allgemeine
Globo,Right,French Government Rejected the Request to Suspend Shein for Three Months,"The court ordered Shein to implement age check for adult products sold on its French website, after the anger caused by sexual abuse with childish appearance on its platform 3 months ago · Brazil",https://ground.news/interest/globo
NOS,Right,French Branch of Online Store Shein Does Not Have to Close Down After Selling Child Sex Dolls,"The Chinese online store Shein will not have to be shut down in France after the much-discussed sale of child sex dolls and weapons. The Paris court ruled that this would be ""disproportionate."" According to the court, the online store acted correctly by quickly removing the controversial products. Regarding ""normal"" sex dolls, the website must now verify the age of buyers. A €10,000 fine applies for each instance of failure to do so. The French … 3 months ago · Netherlands (Kingdom of the)",https://ground.news/interest/nos_4ae905
France24,Center,Paris court rejects bid to suspend fashion giant Shein after sex doll ...,3 months ago · France,https://ground.news/interest/france24
Liberation,Lean Left,Shein: Government to Appeal Rejection of Suspension,"The judicial court in Paris found the request of the executive to suspend the online sales platform for at least three months to be ""disproportional"". 3 months ago · Paris, France",https://ground.news/interest/liberation
Capital.fr,Right,"Shein Avoids Suspension of Her Site, Government Appeals","The court in Paris has decided not to suspend Shein's site and allow the reopening of the marketplace, but the platform is forced to set up a system of age verification. The government has decided to appeal. Here is what you need to know. 3 months ago",https://ground.news/interest/capitalfr
La Presse,Lean Left,Illegal Products in France: Shein Escapes a Suspension and Will Gradually Reopen Its Website as Third-Party Sellers,"On Friday, the Paris court rejected the State's request for provisional blocking of the Shein site in France, finding the measure ""disproportionate"" after the voluntary withdrawal of illicit products sold by the Asian giant from online commerce. 3 months ago · Montreal, Canada",https://ground.news/interest/la-presse_39d7a8
BFM TV,Center,Justice Rejects the State's Request and Does Not Suspend Shein in France,The State had requested the suspension of Shein for three months after the discovery of illicit products sold on the Chinese platform. 3 months ago · France,https://ground.news/interest/bfm-tv
Deutsche Welle,Center,France court rejects request to suspend Shein,"The French government aimed to suspend Shein after child-like sex dolls and other illicit items were found on the platform. The site instead has been ordered to implement age-verification measures. 3 months ago · Bonn, Germany",https://ground.news/interest/deutsche-welle
South China Morning Post,Center,Shein avoids France site ban after removing illegal goods,"French court rejects Shein site ban, citing sporadic offences, as platform removes illicit items, but must enforce age checks for adult products. 3 months ago · Hong Kong",https://ground.news/interest/south-china-morning-post
BBC News,Center,French court rejects Shein website ban over childlike sex dolls,The fast-fashion giant welcomed the judgement and said its priority remains protecting French consumers. 3 months ago · United Kingdom,https://ground.news/interest/bbc-news_bf95f4
WWD,Center,Paris Court Rejects France’s Bid to Block Shein,"The government had sought to block the website due to illegal items listed on its marketplace, following intense scrutiny after opening its first physical store in Paris in November. 3 months ago · United States",https://ground.news/interest/wwd
Spiegel,Lean Left,Online Retailer Shein Escapes Lockout in France,"A Paris court has condemned the low-cost platform Shein to implement age review measures for adult products. In each violation, 10,000 euros in fines are threatened. 3 months ago · Germany",https://ground.news/interest/spiegel
diario.mx,Center,Evita Shein Website Suspension in France,"Shein avoided attempts by the government of French President Emmanuel Macron to suspend his online platform in the country following the outrage generated by the sale of childish-looking sex dolls and weapons. Such a ban would have been ""disproportionate"" and constituted an ""unjustified"" violation of the free enterprise, considering that Shein acted quickly to withdraw the articles in question, according to a Paris court ruling in a ruling this … 3 months ago",https://ground.news/interest/diariomx
PerthNow,Center,"Shein must verify age for sex toys, says French court","Shein will have to verify the age of people making sex toy purchases on its sight, after a ruling by a French court. 3 months ago · City of Perth, Australia",https://ground.news/interest/perthnow
Radio France Internationale,Center,France: Shein Escapes a Suspension by the Court Demanded by the State,"The judicial court in Paris rejected on Friday 19 December the request of the State for provisional blocking of the Shein site in France, judging the measure ""disproportionate"" after the voluntary withdrawal of illicit products sold by the Asian giant from e-commerce. 3 months ago · Paris, France",https://ground.news/interest/radio-france-internationale
InsideNoVA.com,Center,French court rejects Shein suspension,"A French court on Friday rejected the state's request to suspend Shein's site in France as ""disproportionate"" after the Asian e-commerce giant removed illicit products sold on its platform. 3 months ago",https://ground.news/interest/insidenovacom
Associated Press News,Lean Left,Paris court rejects bid to suspend Shein platform in France,A Paris court has rejected a government request to suspend the Chinese fast-fashion platform Shein in France. 3 months ago · United States,https://ground.news/interest/associated-press-news
TF1 INFO,Center,"Shein Escapes a Suspension of His Site by the French Justice, the Government Appeals","The site of the fast fashion giant, marked for numerous breaches of the law, will not be suspended, announced this Friday the judicial court in Paris. A measure deemed ""disproportionate"" after the voluntary withdrawal of the illegal products sold by the company. The government, which had launched the procedure calling for the suspension in November, announces to appeal this decision. - Shein escapes a suspension of its site by the French justice… 3 months ago",https://ground.news/interest/tf1-info
der Standard AT,Lean Left,Online Retailer Shein Escapes Lock on Its Platform in France,"A court in Paris refused a request from the French state on Friday for a three-month ban on the platform. However, investigations by the judiciary against Shein continue. 3 months ago · Vienna, Austria",https://ground.news/interest/der-standard_389fff
El Mundo,Right,Shein Escapes Suspension in France Due to Sex Doll Scandal,"The Chinese platform Shein has escaped the request for temporary suspension demanded by the French State for the scandal of the sale of child sex dolls. 3 months ago · Madrid, Spain",https://ground.news/interest/el-mundo
Reuters,Center,Paris court rejects French government request to suspend ...,3 months ago · United Kingdom,https://ground.news/interest/reuters_fa2539
Le Monde,Lean Left,Shein: Justice Rejects the Request for Suspension of the Platform in France,"The Paris court recognized the existence of ""serious harm to public order"" but found the suspension measure ""disproportionate"", considering that the sales of illicit products were ""pointed"" and noting that the platform had withdrawn those products. 3 months ago · Paris, France",https://ground.news/interest/le-monde
franceinfo.fr,Lean Left,"Shein's Online Sales Platform Escapes Judicial Suspension, Government Appeals Decision","The judicial court in Paris ruled the application for provisional blocking of the site made by the state ""disproportionate"" after the Asian giant withdrew the controversial illegal products from the sale. 3 months ago",https://ground.news/interest/franceinfofr
ladepeche.fr,Lean Left,"Shein: Chinese Giant Escapes Suspension in France, Justice Rejects Temporary Ban on Site","After the discovery of sex dolls and several prohibited items on the Chinese giant's site, the state had demanded the blocking of Shein. 3 months ago",https://ground.news/interest/ladepechefr
Devdiscourse,Center,Paris Court Verdict: Shein Avoids Full Shutdown,"A Paris court rejected the French government's request to suspend Shein's entire website. Instead, Shein is prohibited from selling adult products without age verification. The decision follows a scandal involving banned items on the platform, spurring governmental efforts to halt Shein's operations in France. 3 months ago · India",https://ground.news/interest/devdiscourse
Le Télégramme,Center,"Despite the Sale of Illegal Products, Shein Escapes the Suspension in France","The court refused to block Shein in France, despite the sale of illegal products. The court found the measure ""disproportionate"" after the voluntary withdrawal of the products charged by the giant of e-commerce. The government decided to appeal. 3 months ago",https://ground.news/interest/le-telegramme
Le Figaro,Right,Shein: the Platform Escapes a Suspension by the Courts,"The state had brought the case to court in early November to request a ban on the Chinese platform in France. 3 months ago · Paris, France",https://ground.news/interest/le-figaro
Le Huffington Post,Left,Shein Escapes a Suspension by the French Courts,"The state called for the suspension of the platform after the discovery of childish sex dolls and American fist-type weapons on the Chinese platform. 3 months ago · Paris, France",https://ground.news/interest/le-huffington-post
leprogres.fr,Center,"Justice. Shein Avoids a Suspension of Its Website in France, a Defeat for the State.","The Shein website in France escaped suspension this Friday. A defeat for the state, which was taking the Chinese giant to court. 3 months ago",https://ground.news/interest/leprogresfr
Sud Ouest,Center,Shein: Justice Decides on Friday Whether or Not to Suspend the Platform in France,"It is this Friday that the judicial court in Paris renders its decision concerning the request of the state to suspend Shein, a giant of e-commerce, for the sale of prohibited products. 3 months ago · France",https://ground.news/interest/sud-ouest
Observador,Right,Rome Spends 2 Euro of Entry to Fontana Di Trevi From February,"Visit Fontana di Trevi, Rome's most sought-out monument after the Coliseum, ceases to be free from February 1st. Other monuments are also going to cover the ticket. 3 months ago · Portugal",https://ground.news/interest/observador
UPI,Center,Tourists will pay to visit Rome’s Trevi Fountain in 2026,"Most tourists visiting Rome's iconic Trevi Fountain will have to pay a modest fee starting on Feb. 1, but locals and some tourists will not. 3 months ago · Washington, United States",https://ground.news/interest/upi_0b956e
CBS News,Center,Rome introduces tourist fee for some Trevi fountain visitors,Tourists visiting the Trevi Fountain are now going to pay more than just the legendary coin toss over their shoulder. 3 months ago · United States,https://ground.news/interest/cbs-news
Globo,Right,Rome's Source Icon Will Go Through the Entrance to Contain Mass Tourism; Know the Value,"How to save one of the world's most visited posters without closing the doors to tourists? From 1 February, who wants to get close to Fontana di Trevi, in Rome, will have to pay a two-euro rate. The measure was announced by preference as a way to reduce the effects of excessive tourism on the Baroque monument and organize the flow of visitors. It extends between wagons: know the only way of the world where homes are located by a third of the tra… 3 months ago · Brazil",https://ground.news/interest/globo
valeursactuelles.com,Right,Access to the Trevi Fountain in Rome Will Become Paid,"The iconic Trevi Fountain in Rome will become a paying fountain. As of January 7, 2026, tourists wishing to admire the fountain will have to take out a two-euro coin, said Friday, December 19, the mayor of Rome in a press conference, reports CNews. However, access will remain free for the residents of Rome. Those who do not want to spend money to visit the fountain will still be able to look at it from a distance but will not be able to go down … 3 months ago",https://ground.news/interest/valeursactuellescom
France24,Center,City of Rome imposes 2-euro fee on visiting Trevi Fountain,"Starting Feb. 1, the city of Rome is imposing a 2-euro fee for tourists to get close to the fountain made famous by Federico Fellini’s “La Dolce Vita” during prime-time daylight hours. Nicholas Rushworth has more. 3 months ago · France",https://ground.news/interest/france24
OKDIARIO,Right,The Trevi Fountain Will Charge 2 Euros of Entry From 1 February 2026,"Approaching the Trevi Fountain, the most visited monument in Rome, only surpassed by the Colosseum, will cease to be free: the City will begin to charge a general entrance of 2 euros from next 1st February. The emblematic monument, one of the few great attractions of the Eternal City with free access until now, will implement the payment with the aim of regulating the mass influx of visitors. ""It is important to clarify that the Fontana is visib… 3 months ago",https://ground.news/interest/okdiario
DNyuz,Right,Visiting the Trevi Fountain will now cost more than just a coin toss,"ROME — Tourists visiting the Trevi Fountain are now going to pay more than just the legendary coin toss over their shoulder to get an Instagrammable selfie in front of one of the world’s most celebrated waterworks. Starting Feb. 1, the city of Rome is imposing a 2-euro, or roughly $2.35, fee for tourists to get close to the fountain made famous by Federico Fellini’s “La Dolce Vita” during prime-time daylight hours. The view for those admiring th… 3 months ago",https://ground.news/interest/dnyuz
Hot News,Lean Left,Tax on One of the Most Important Tourist Attractions in Rome. Access to the Fountain of Trevi Will Take Place at the Cost of February - hotnews.ro,"Tourists will have to pay two euros to have access to the Trevi Fountain of Rome starting in February, which would bring the city’s 6.5 million euros per year, a... 3 months ago · Romania",https://ground.news/interest/hot-news
telex.hu,Lean Left,"From February, Tourists Will Have to Pay Two Euros to Get Close to Rome's Trevi Fountain",There are too many tourists at the famous attraction. 3 months ago,https://ground.news/interest/telexhu
The Independent (US),Lean Left,Visiting Rome’s Trevi Fountain? You will now have to pay an entrance fee,"Starting Feb. 1, the city of Rome is imposing a €2 (£1.75; $2.35) fee for tourists to get close to the fountain 3 months ago · United States",https://ground.news/interest/the-independentcom
BBC News,Center,Rome: Tourists to face €2 fee to get near Trevi Fountain,Visitors who don't live in Rome will have to pay to view the Baroque monument up close from February. 3 months ago · United Kingdom,https://ground.news/interest/bbc-news_bf95f4
Inquirer,Lean Left,Visiting Rome's Trevi Fountain now will cost more than just a coin toss,"ROME, Italy — Tourists visiting the Trevi Fountain are now going to pay more than just the legendary coin toss over their shoulder to get the Instagrammable selfie in front of one of the world’s most celebrated waterworks. Starting Feb. 1, the city of Rome is imposing a 2-euro ($2.35) fee for tourists to get close to the fountain made famous by Federico Fellini’s “La Dolce Vita” during prime-time daylight hours. The view for those admiring the l… 3 months ago · Manila, Philippines (the)",https://ground.news/interest/inquirer
delo.si,Lean Left,New Entrance Fee: Throwing Coins Into the Trevi Fountain Will Be More Expensive,Rome Mayor Roberto Gualtieri hopes that the introduction of the entrance fee will bring 6.5 million euros annually to the municipal coffers. 3 months ago,https://ground.news/interest/delosi
Sud Ouest,Center,"Tourism: Access to Trevi Fountain Will Become Paying, Announces the Mayor of Rome","From February, visitors will have to pay two euros to admire closely this emblematic monument of Rome, a measure aimed at regulating the influx and generating income for the city. 3 months ago · France",https://ground.news/interest/sud-ouest
Spiegel,Lean Left,Rome: Trevi Fountain Costs Entrance Soon,"In order to combat mass tourism, there will be a ticket obligation at the »Fonta di Trevi« in the future. Other sights in Rome will no longer be free of charge. 3 months ago · Germany",https://ground.news/interest/spiegel
Dnevni list Danas,Lean Left,"Rome: From February 2026, There Will Be a Fee to Enter the Trevi Fountain","Tourists in Rome who want to visit the Trevi Fountain will have to pay a fee of two euros in the future, Mayor Roberto Gualtieri announced today. 3 months ago · Belgrade, Serbia",https://ground.news/interest/dnevni-list-danas
Associated Press News,Lean Left,Visiting the Trevi Fountain now will cost more than just a coin toss with a 2-euro tourist fee,Tourists visiting the Trevi Fountain are now going to pay more than just the legendary coin toss over their shoulder. 3 months ago · United States,https://ground.news/interest/associated-press-news
Deutsche Welle,Center,Rome to introduce entry fee for historic Trevi Fountain,"Rome's mayor said tourists will have to pay to get close to Trevi Fountain, one of the Italian capital's most popular monuments, starting in February. 3 months ago · Bonn, Germany",https://ground.news/interest/deutsche-welle
RTÉ,Center,Rome to charge tourists to get close to Trevi Fountain,"Tourists who want to get close to Rome's Trevi Fountain will soon have to pay a €2 fee, the city mayor said, as authorities look to profit from Italy's popular attractions. 3 months ago · Ireland",https://ground.news/interest/rte
Liberation,Lean Left,"Access to the Trevi Fountain Will Be Paid From February, Announces the Mayor of Rome","The amount has been set at €2 except for residents of the city who will be exempted. The historic site has attracted an average of 30,000 visitors a day this year. 3 months ago · Paris, France",https://ground.news/interest/liberation
444.hu,Lean Left,"The Trevi Fountain and Five Other Major Tourist Attractions in Rome Will Be Subject to Charges, but in Exchange Everything Will Be Free for Locals","A two-euro ticket will be charged to Italian and foreign tourists visiting the Trevi Fountain from February 1, the mayor of Rome announced. Those who want to see the Trevi Fountain from as close as possible, that is, walk down its steps to the edge of the pool to throw coins into the water, will have to buy a ticket. The fee will be in effect every day from 9 a.m. to 10 p.m. The ticket fee will not apply to other parts of the square in front of … 3 months ago · Hungary",https://ground.news/interest/444hu
20minutos,Center,The Trevi Fountain Will Charge Two Euros of Entry From February 2026,"Approaching La Fontana de Trevi, the second most visited monument in Rome will cease to be free: the City Hall will begin to charge a general entrance of 2 euros from February 1, confirmed this Friday the mayor of the Italian capital, Roberto Gualtieri.The emblematic monument, one of the few great attractions of the Eternal City with free access until now, will implement the payment with the aim of regulating the massive influx of visitors. ""It … 3 months ago · Madrid, Spain",https://ground.news/interest/20minutos
El Pais,Lean Left,Visiting the Trevi Fountain Will No Longer Be Free for Tourists: It Will Cost Two Euros From February,"From February 2026 tourists will have to pay two euros to visit the famous Trevi Fountain in Rome. It has been confirmed this Friday by the mayor of the Eternal City, Roberto Gualtieri, at a press conference. The idea, that the town council had been shuffled for some time, is to stop mass tourism and control the crowds of visitors that are generated more and more frequently in the surroundings of this imposing monument, which is the most visited… 3 months ago · Spain",https://ground.news/interest/el-pais
The Star Kuala Lumpur,Right,Rome to charge tourists to get close to the famed Trevi Fountain,"ROME, Dec 19 (Reuters) - Tourists who want ‌to get close to Rome's Trevi Fountain will soon have to pay a two-euro ($2.34) ‌fee, the city mayor said on Friday, as authorities look to profit more ‌handsomely from Italy's many attractions. Read full story 3 months ago · Malaysia",https://ground.news/interest/the-star-kuala-lumpur
Frankfurter Allgemeine,Right,Rome Introduces Entrance Fee for Trevi Fountain,"The Trevi Fountain is one of the most famous sights in Rome. To throttle the rush, a new regulation will soon apply. 3 months ago · Frankfurt, Germany",https://ground.news/interest/frankfurter-allgemeine
franceinfo.fr,Lean Left,"Access to the Trevi Fountain Will Become Paid, Announces the Mayor of Rome","It will cost you two euros if you want to replay the scene of Anita Ekberg and Marcello Mastroianni in the film ""La Dolce Vita"". 3 months ago",https://ground.news/interest/franceinfofr
Der Tagesspiegel,Center,Italy Suffers From Overtourism: Rome Introduces Entry Fee for Trevi Fountain,"The Trevi Fountain is one of the most famous sights in Rome. To see it, you have to accept a lot of crowds. In order to throttle the rush, a new regulation will apply from the coming year. 3 months ago · Berlin, Germany",https://ground.news/interest/der-tagesspiegel
Digi 24,Center,"Access to the Fountain of Trevi Will Be Against the Cost of February, Announced to Rome's Prime Minister","Tourists will have to pay two euros to have access to the Trevi Fountain of Rome starting in February, which would bring the city’s 6.5 million euros per year, announced by Roman Prime Minister Roberto Gualtieri, AFP. 3 months ago · Romania",https://ground.news/interest/digi-24
Le Monde,Lean Left,Access to Trevi Fountain in Rome Will Become Paid for Tourists in February,"Between 1 January and 8 December, some nine million tourists visited the area just outside the fountain, or 30,000 per day, the mayor of Rome, Roberto Gualtieri, announced. 3 months ago · Paris, France",https://ground.news/interest/le-monde
Le Huffington Post,Left,Rome Will Now Charge for Access to This Iconic Monument,"The Roman town hall had already announced that it wanted to regulate access to this place because of an excessive influx in the area, targeted by many pickpockets. 3 months ago · Paris, France",https://ground.news/interest/le-huffington-post
Radio France Internationale,Center,"Italy: Access to the Trevi Fountain Will Become a Fee-Paying One, the Mayor of Rome Announces","Tourists will soon have to pay two euros in order to have access to the Trevi fountain in Rome, announced Friday 19 December the mayor of the Italian capital Roberto Gualtieri. Only residents... 3 months ago · Paris, France",https://ground.news/interest/radio-france-internationale
ilmessaggero.it,Center,"Trevi Fountain, Two Euro Ticket From 1st February for Tourists. Here's What Will Change","Fountain of Trevi paid from February 1, 2026. This is announced by the mayor of Rome Roberto Gualtieri in a press conference at the Esedra room... 3 months ago",https://ground.news/interest/ilmessaggeroit
leprogres.fr,Center,Italy. Rome: Access to the Trevi Fountain Will Become Fee-Paying From February,The Romans will always be able to access it free of charge. This new regulation could raise 6.5 million euros per year according to the city council's estimates. 3 months ago,https://ground.news/interest/leprogresfr
ledauphine.com,Center,Italy. Access to the Trevi Fountain in Rome Will Become Fee-Paying From February,The Romans will always be able to access it free of charge. This new regulation could raise 6.5 million euros per year according to the city council's estimates. 3 months ago,https://ground.news/interest/ledauphinecom
EFE,Center,The Trevi Fountain Will Charge 2 Euros of Entry From February 2026,The City Council will begin to charge a general entrance of 2 euros from next 1 February for the Trevi Fountain. 3 months ago,https://ground.news/interest/efe
stern.de,Center,Two Euros per Tourist: Rome Introduces Entry Fee for Trevi Fountain,"From next year, tourists in Rome will be asked to check out if they want to visit the famous Trevi Fountain in close proximity: from the beginning of February, a fee-paying ticket will be introduced for six sights, including the Trevi Fountain, Rome's mayor Roberto Gualtieri said on Friday. For Romans, the visit will remain free, while tourists will have to pay two euros.According to the plans, the monument can still be visited free of charge if… 3 months ago · Germany",https://ground.news/interest/sternde
La Libre,Center,An Announcement that Makes You React: Access to the Trevi Fountain of Rome Will Become Fee-Paying,"Tourists will have to pay two euros in order to have access to the Trevi fountain in Rome, starting in February, which should bring back 6.5 million euros per year to the city, announced Friday the mayor of Rome Roberto Gualtieri. ... 3 months ago · Brussels, Belgium",https://ground.news/interest/la-libre
InsideNoVA.com,Center,Rome to charge visitors for access to Trevi Fountain,"Tourists will have to pay a two-euro entrance fee to get close to Rome's famous Trevi Fountain, which draws vast crowds daily, Mayor Roberto Gualtieri said on Friday. 3 months ago",https://ground.news/interest/insidenovacom
REALITATEA.NET,Right,"Fantana Trevi, Visit with Money Starting From 2026: How Many Tourists Will Be Removed From the Bison for Access?","2 euros to visit Fâtána TreviTuristi will have to buy 2 euros to enter, while the residents of the Italian capital will continue to benefit from free access. The measure is part of a wider conservation plan, in a context where the Fâtánna was visited by over 5 million people only in the first half of the year.In order to manage the flow of visitors, the authorities will implement a separate payment system and controlled access, with a maximum nu… 3 months ago",https://ground.news/interest/realitateanet
The Local - It,Lean Left,Rome moves closer to introducing Trevi Fountain entry fee,"Rome may introduce a €2 entry fee for tourists visiting the Trevi Fountain as early as January 7th, according to reports - though city hall stressed that nothing is confirmed. 3 months ago · Italy",https://ground.news/interest/the-local-it
romaniatv.net,Right,"From January 2026, Tourists Will Pay to Visit the Famous Fontana Di Trevi in Rome. This Will Be the Price of a Ticket","Foreign tourists who want to admire the famous Fontana di Trevi in Rome will have to pay from 2026. Article From January 2026, tourists will pay to visit the famous Fontana di Trevi in Rome. Which will be the price of a ticket first appeared in Romania TV. 3 months ago",https://ground.news/interest/romaniatvnet
Novinky.cz,Lean Left,Rome Introduces Entrance Fee to Trevi Fountain. Each Tourist Will Pay Two Euros,"Tourists will have to pay two euros (49 crowns) to enter Rome's famous Trevi Fountain from January 7, 2026. The measure is expected to bring in around 20 million euros (487 million crowns) a year to the city's coffers. Residents of the Italian capital will be able to see the iconic monument for free. 3 months ago",https://ground.news/interest/novinkycz
BT,Right,Rome Introduces Entrance Fee to Trevi Fountain,Tourists will have to shell out money if they want to see the famous fountain in the future. 3 months ago · Denmark,https://ground.news/interest/bt
laverita.info,Right,Gualtieri Tax the Coin Launch,"From 7 January next, admission fee for tourists to the Trevi Fountain. The City of Rome evaluates a ticket of 2 euros. Centinario (Lega): they want to make cash.Two euros. It is the one that will have to pay tourists in order to see the Trevi Fountain in Rome from 7 January. Except for the Romans, they will continue to enter for free. One find, that of the City of Rome, that should bring in the urban coffers 20 million euros, according to the Co… 3 months ago",https://ground.news/interest/laveritainfo
Protothema,Right,"Two-Euro ""Ticket"" for Tourists to See the Trevi Fountain - No Decision Has Been Made, the Municipality of Rome Responds",Authorities are limiting the number of visitors who can be in the venue to 400 at a time. 3 months ago,https://ground.news/interest/protothema
abc,Right,Two Euros to See the Fontana Di Trevi: Rome Seeks to Order the Tourism and Make Box,"Rome has been living in a paradox for years: the more its beauty is admired, the more its daily life is altered. The last test comes from one of its most universal scenarios, the Fontana di Trevi , where the City Council (Campidoglio) is willing to charge tolls to see the most visited monument in Rome, after the Colosseum. The news advances it today on the first page of the 'Corriere della Sera': from January 7, 2026, tourists will have to pay 2… 3 months ago · Spain",https://ground.news/interest/abc_0c202e
Lietuvos Radijas ir Televizija,Center,Rome Introduces a Tax on Tourists Who Want to Visit the Famous Trevi Fountain,"The list of monuments in Italy that require you to open your wallet to see is growing. Starting January 7, tourists who want to visit the famous Trevi Fountain in Rome will have to purchase a two-euro ticket. Residents of the Italian capital will not have to pay, orf.at reports. 3 months ago · Vilnius, Lithuania",https://ground.news/interest/lietuvos-radijas-ir-televizija
RTV Slovenija,Lean Left,Rome's Trevi Fountain Will Now Have a Fee to Visit,"Tourists will have to pay two euros to visit the famous Trevi Fountain in Rome from January 7, but residents of the Italian capital will continue to be able to visit it for free. 3 months ago",https://ground.news/interest/rtv-slovenija
La Vanguardia,Center,Two Euros to Launch the Coin in the Fontana Di Trevi,"It rains this morning in front of the Fontana di Trevi. Still, no one is discouraged: the crowd, soaked but determined, squeezes against the edges to fulfill the rite of throwing the coin. The agglomeration, mixed with that of the center of Rome in these days before Christmas to buy gifts, is also explained because for tourists these are, perhaps, the last occasions to see this emblematic monument of the Italian capital without having to pay. Af… 3 months ago · Granada, Spain",https://ground.news/interest/la-vanguardia
sta.si,Center,Rome's Trevi Fountain to Soon Be Available for a Fee,"Tourists will have to pay two euros to visit the famous Trevi Fountain in Rome from January 7, while residents of the Italian capital will continue to be able to visit it for free. The city government expects around 20 million euros in annual revenue from the measure, foreign news agencies reported today in the Milanese daily Corriere della Sera. 3 months ago",https://ground.news/interest/stasi
Die Presse,Right,Two Euros: Rome Introduces Entry Fee for Trevi Fountain,"For city dwellers access remains free. The measure is intended to flush revenues of 20 million euros into the cash desk of the city administration. 3 months ago · Vienna, Austria",https://ground.news/interest/die-presse
Il Post,Lean Left,To See the Trevi Fountain There Will Be a Ticket,"It should cost 2 euros only for tourists, while for those who are resident in Rome the visit will remain free 3 months ago · Italy",https://ground.news/interest/il-post
il Giornale,Right,Trevi Fountain for a Fee: How Much Will It Cost to See It,For all non-residents in Rome will soon be established a ticket to admire the Trevi Fountain: how much does the new ticket cost and the revenue provided for the municipal coffers of the Capital 3 months ago · Italy,https://ground.news/interest/ilgiornaleit
Il Sole 24 Ore,Right,From 7 January the Trevi Fountain Will Be Paid,"A ticket of two euros. It is what tourists will have to pay from January 7 to visit the Trevi Fountain, while the access for the Romans will continue to be... 3 months ago · Milan, Italy",https://ground.news/interest/il-sole-24-ore
El Mundo,Right,The Fontana Di Trevi Will Be Paid: Tourists Will Have to Buy a Two Euros Ticket to See It,"La Fontana di Trevi, the second most visited monument in the capital, just behind the Colosseum, will be paid from January 7th. The ticket for tourists - the access... 3 months ago · Madrid, Spain",https://ground.news/interest/el-mundo
BFM TV,Center,"End of Strike at the Louvre: the Museum Reopens ""Normally"" (at Least Until 5 January)","Meeting in a general meeting this Friday morning, the trade unions decided to stop their strike movement but set a new meeting on 5 January. 3 months ago · France",https://ground.news/interest/bfm-tv
Anadolu Ajansı,Right,Louvre Museum staff end 3-day strike after talks with French Culture Ministry,"Workers protesting chronic understaffing, deteriorating condition of building, and ticket price increases for non-European visitors - Anadolu Ajansı 3 months ago · Ankara, Türkiye",https://ground.news/interest/anadolu-ajans
Il Post,Lean Left,He Reopened the Louvre After a Strike Started on Monday,3 months ago · Italy,https://ground.news/interest/il-post
The Independent,Lean Left,Louvre issues major update after staff strikes outside museum,"Unions confirmed that the suspension of the walkout after five meetings with Culture Ministry officials 3 months ago · London, United Kingdom",https://ground.news/interest/the-independent_ff73a6
El Pais,Lean Left,The Louvre Reopens Normally After the Strike Has Been Called Off by the Workers,"The workers of the Louvre Museum have decided this Friday at a general assembly not to continue with the strike that began last Monday and that forced to close the most visited museum in the world. The pinacoteca has opened this Friday normally, after remaining completely closed on Monday. It reopened on Wednesday although with some closed rooms, due to the lack of staff. Continue reading 3 months ago · Spain",https://ground.news/interest/el-pais
France24,Center,Louvre reopens fully after staff vote to suspend strike over working ...,3 months ago · France,https://ground.news/interest/france24
Reuters,Center,Staff calls off strike at Paris Louvre museum for now,3 months ago · United Kingdom,https://ground.news/interest/reuters_fa2539
Liberation,Lean Left,Strike at the Louvre: Agents Vote the End of the Mobilization,"The museum's employees had disconnected at the beginning of the week. After a week of sawing, the museum is opened ""normally"" this Friday. And the employees keep their notice for lack of ""sufficient progress"" in the negotiations. 3 months ago · Paris, France",https://ground.news/interest/liberation
Le Huffington Post,Left,"The End of the Strike Voted at the Louvre, the Museum Completely Reopens","Negotiations continue between staff and the Ministry of Culture, but the Parisian museum can function normally after several days of disruption. 3 months ago · Paris, France",https://ground.news/interest/le-huffington-post
TF1 INFO,Center,"The Agents of the Louvre Vote the End of the Strike, the Museum Will Reopen This Friday","After four days of mobilization, the agents of the world's largest museum voted the end of the strike. The museum will reopen ""normally"" this Friday, according to the unions. - The agents of the Louvre vote the end of the strike, the museum will reopen this Friday (Culture, media and entertainment). 3 months ago",https://ground.news/interest/tf1-info
The Straits Times,Right,"Louvre staff call off strike, museum to open ‘as normal’: Unions, management",Union leaders said staff had voted against another day of stoppages. Read more at straitstimes.com. 3 months ago · Singapore,https://ground.news/interest/the-straits-times_9bb9e6
Associated Press News,Lean Left,Louvre reopens fully after staff vote to suspend strike,The Louvre in Paris has fully reopened after staff voted to pause a strike that had disrupted access to the museum. 3 months ago · United States,https://ground.news/interest/associated-press-news
Devdiscourse,Center,Louvre Staff Pause Strike Amid Concerns Over Pay and Conditions,"Louvre Staff Pause Strike Amid Concerns Over Pay and Conditions Louvre museum staff in Paris have decided to pause a strike started over pay and working conditions, according to union representatives. The action, which led to the complete closure of the museum on Monday, was influential in drawing attention to security concerns and deteriorating conditions.While the Louvre partially reopened on Wednesday, unions expressed dissatisfaction over th… 3 months ago · India",https://ground.news/interest/devdiscourse
franceinfo.fr,Lean Left,"The Louvre Opens Its Doors ""Normally"" Following a ""Pause"" in the Strike, Voted by the Unions","The personnel of the Louvre had been on strike since Monday, which led to a partial opening of the museum during the week. 3 months ago",https://ground.news/interest/franceinfofr
The Local - Fr,Lean Left,"Louvre staff call off strike, museum to open 'as normal'","Staff at the Louvre voted against continuing their strike on Friday, union representatives told AFP, ending three days of disruption which have added to the problems of the world's most-visited museum. 3 months ago · France",https://ground.news/interest/the-local-fr
Le Monde,Lean Left,"At the Louvre, the End of the Strike Voted, the Museum Reopened ""Normally"" Its Doors","The unions had called for a strike to protest against understaffing problems, the deterioration of the building or the rise in prices for non-European visitors. 3 months ago · Paris, France",https://ground.news/interest/le-monde
ledauphine.com,Center,"Paris. the Agents of the Louvre Vote the End of the Strike, the Museum Reopens ""Normally""","At the end of a new general meeting this Friday morning, the trade union organisations decided to put an end to their strike. However, the agents kept their notice for lack of ""sufficient progress"" in the negotiations, the CGT and the CFDT said. 3 months ago",https://ground.news/interest/ledauphinecom
Observador,Right,"Louvre Museum Reopened Partially, Even Though Officials Remained Greve","Proposals from the French Ministry of Culture were rejected by officials who wanted to combat the lack of personnel, the deterioration of the building and the increase in the price of tickets for non-Europeans. 3 months ago · Portugal",https://ground.news/interest/observador
SDPnoticias.com,Lean Left,Sweden Closes the Door to Investigate the Nobel Foundation Following Assange's Complaint,"The Swedish police announced that they will not open an investigation against the Nobel Foundation, despite the complaint filed by WikiLeaks founder Julian Assange.This was because the authorities decided that the complaint filed for the award of the Peace Prize to Maria Corina Machado did not include information suggesting any crime.Sweden dismisses Assange's complaint; it will not investigate the Nobel Foundation Australian journalist and acti… 3 months ago",https://ground.news/interest/sdpnoticiascom
Globo,Right,Adult if Autoproclaim 'Architeto Da Paz',"The President of Venezuela received medals from his supporters, one week after María Corina Machado, the opposition leader, received Nobel in Norway. 3 months ago · Brazil",https://ground.news/interest/globo
"La Nación, Grupo Nación",Right,Julian Assange Denounces Nobel Foundation for Award to Maria Corina Machado,"Stockholm, Sweden. Wikileaks founder filed a complaint against the Nobel Foundation following the decision to award the Peace Prize to Venezuelan opponent María Corina Machado, due to the support of the award winner Donald Trump. Julian Assange states that the 2025 award represents a “diversion of funds and facilitation of war crimes under Swedish law” and demands the blocking of the cheque of 11 million kroner (about $1 million) promised to the… 3 months ago",https://ground.news/interest/la-nacion-grupo-nacion
The Canary,Left,Julian Assange explains why Nobel prize's latest move must be challenged,"Journalist Julian Assange has launched a legal case against the Nobel Peace Prize for its latest move to enable the resource grabs of US war criminals. In it, he sets out why it’s so important to challenge the prize’s “serious criminality”. JULIAN ASSANGE FILES CRIMINAL COMPLAINT AGAINST NOBEL FOUNDATION OVER “INSTRUMENT OF WAR” PEACE PRIZE WikiLeaks Founder Alleges 2025 Award to María Corina Machado Constitutes Misappropriation, Facilitation o… 3 months ago · United Kingdom",https://ground.news/interest/the-canary
CartaCapital,Left,Julian Assange Process Nobel Foundation for Award maría Corina Machado,"Nicolas Maduro's opponent was chosen in October as the winner of the peace prize. WikiLeaks' founder claims that the election violates Alfred Nobel's term. 3 months ago · São Paulo, Brazil",https://ground.news/interest/cartacapitalcombr
Fria Tider,Far Right,Julian Assange Reports Former Svt Director for Crimes Against Humanity,"Gave peace prize to warmongers who are trying to get the US to invade her country. ""Alfred Nobel's Peace Fund must not be used to promote war."" 3 months ago",https://ground.news/interest/fria-tider
The Local - No,Lean Left,Today in Norway: A roundup of the news on Thursday,"Possible new nicotine restrictions on snus, Machado leaves Oslo, flood risk in Rogaland and more news from Norway this Thursday. 3 months ago · Norway",https://ground.news/interest/the-local-no
svt Nyheter,Lean Left,Assange Attacks the Nobel Foundation,"Wikileaks founder Julian Assange is critical of María Corina Machado being awarded the Nobel Peace Prize. He is now calling on Swedish authorities to ""investigate"" the Nobel Foundation for crimes against humanity, including those resulting from the selection of the laureate, according to the Wikileaks X account. 3 months ago · Stockholm, Sweden",https://ground.news/interest/svt-nyheter
PressTV,Right,Assange files criminal complaint against Nobel Foundation over Machado’s prize,"WikiLeaks founder Julian Assange files a criminal complaint against the Nobel Foundation, seeking to halt the release of more than $1 million in prize money to controversial Venezuelan figure Maria Machado. 3 months ago · Tehran, Iran (Islamic Republic of)",https://ground.news/interest/presstv
Times of India,Right,Peace prize to Venezuela's Machado: Why is WikiLeaks founder Julian Assange suing Nobel panel? Criminal complaint filed,"Rest of World News: WikiLeaks founder Julian Assange has filed a criminal complaint in Sweden against senior Nobel Foundation figures, accusing them of economic crimes an 3 months ago · India",https://ground.news/interest/times-of-india
Live Mint,Center,WikiLeaks founder Julian Assange sues Nobel panel over ‘instrument of war’ peace prize to Machado,"WikiLeaks said its founder, Julian Assange, filed a criminal complaint in Sweden, accusing 30 individuals associated with the Nobel Foundation of committing serious suspected crimes. 3 months ago · New Delhi, India",https://ground.news/interest/live-mint
The Canberra Times,Lean Left,Assange files complaint against Nobel winner Machado,"Julian Assange has filed a complaint accusing the Nobel Foundation of facilitating ""war crimes"" by awarding the Nobel... 3 months ago · Canberra, Australia",https://ground.news/interest/the-canberra-times
El Periódico,Center,Assange Denounces Nobel Foundation for Rewarding maría Corina Machado Despite Promoting Military Intervention in Venezuela,"WikiLeaks founder asks to freeze funds for the Venezuelan opposition’s award 3 months ago · Barcelona, Spain",https://ground.news/interest/el-periodico
CNN,Lean Left,"Machado has left Oslo after the Nobel Prize ceremony, her spokesman says","Venezuelan opposition leader and Nobel Peace Prize winner María Corina Machado has left Oslo, her coordinator of international relations, Pedro Urruchurtu Noselli, wrote in a post on X. 3 months ago · Atlanta, United States",https://ground.news/interest/cnn
The Washington Hispanic,Center,La Nobel De La Paz maría Corina Machado Left Oslo,"Venezuelan opposition winner of the Nobel Peace Prize, María Corina Machado, is no longer in Oslo, announced this Wednesday a close collaborator, Pedro Urruchurtu Noselli, who did not specify his new destiny. Machado fractured a vertebra last week when he left Venezuela, where he lived hidden since August 2024. “He is well and during these days he is attending medical appointments with a specialist based on his prompt and total recovery,” Urruch… 3 months ago · Washington, United States",https://ground.news/interest/washington-hispanic
La Tercera,Right,María Corina Machado’s Team Says that Venezuelan Opposition Leader Left Oslo and that “She’s Okay”,"The Venezuelan opposition leader and Nobel Peace Prize 2025, María Corina Machado, is no longer in Oslo, where she arrived last Wednesday after a clandestine trip to get out of Venezuela. This was confirmed in her account of X Pedro Urruchurtu Noselli, coordinator of international relations of Machado. “She is well and during these days she is attending medical appointments with a specialist based on her prompt and total recovery. As confirmed b… 3 months ago · Chile",https://ground.news/interest/la-tercera
El Huffington Post,Left,Julian Assange Denounces the Nobel Foundation for the Award to Maria Corina Machado: 'Makes the Nobel Peace an Instrument of War',"The founder of Wikileaks calls for the immediate freezing of the 11 million crowns (a million euros) delivered to the Nobel winner. 3 months ago · Madrid, Spain",https://ground.news/interest/el-huffington-post
teleSUR,Left,"Julian Assange Denounces the Use of the Nobel Peace Prize as a ""War Instrument"" with Machado",WikiLeaks founder filed a criminal suit in Sweden against 30 directors of the Nobel Foundation for awarding the award to Maria Corina Machado and asked to freeze $1.18 million granted to the Venezuelan extreme right figure. 3 months ago,https://ground.news/interest/telesurtvnet
ledauphine.com,Center,"Venezuela. Maria Corina Machado, Nobel Peace Prize Laureate, Left Oslo, Her Still Unknown Destination","Maria Corina Machado had left Venezuela last week, where she lived hidden, to return to Norway to receive the Nobel Peace Prize. 3 months ago",https://ground.news/interest/ledauphinecom
Svenska Dagbladet,Right,Machado Has Left Norway – Destination Unknown,"Peace Prize laureate María Corina Machado has left Norway, Prime Minister Jonas Gahr Støre announced. Her whereabouts and where she is headed are unknown. 3 months ago · Stockholm, Sweden",https://ground.news/interest/svenska-dagbladet
The Grayzone,Left,Julian Assange: Sweden broke own laws with Nobel Prize to Venezuela’s Machado,"By awarding its peace prize to Trump’s favorite Venezuelan opposition figure, pro-war coup plotter Maria Corina Machado, the Nobel Committee contravened the principles enshrined in its founding documents, as well as Swedish law, Julian Assange alleged in an explosive brief reviewed by The Grayzone. The Swedish government violated its own laws by awarding the Nobel Peace Prize to Venezuelan opposition figure Maria Corina Machado, according to an … 3 months ago",https://ground.news/interest/the-grayzone_6331f3
La Presse,Lean Left,Nobel Laureate Ceremony in Venezuela Maria Corina Machado Left Oslo,"The Venezuelan opponent Maria Corina Machado, Nobel Peace Prize winner, left Oslo, announced on Wednesday a member of his team, Pedro Urruchurtu Noselli, without specifying his new destination. 3 months ago · Montreal, Canada",https://ground.news/interest/la-presse_39d7a8
Reuters,Center,"Nobel Peace laureate Machado doing well despite injured back, no longer in Oslo","Nobel Peace Prize laureate Maria Corina Machado is doing well, a spokesperson for the Venezuelan opposition leader said on Wednesday, despite sustaining an injury to her back during her recent flight from Venezuela. 3 months ago · United Kingdom",https://ground.news/interest/reuters_fa2539
El Universo,Right,Julian Assange Denounces Nobel Foundation for Awarding Award to Maria Corina Machado,WikiLeaks founder Julian Assange filed a criminal complaint in Stockholm this Wednesday against the Nobel Foundation for allegedly facilitating the commission of war crimes by awarding the Nobel Peace Prize to Venezuelan opposition leader María Corina Machado. 3 months ago,https://ground.news/interest/el-universo
The Columbian,Center,Venezuelan Nobel winner Machado leaves Norway for unknown destination,"Nobel Laureate María Corina Machado has left Norway, Prime Minister Jonas Gahr Store told Bloomberg on Wednesday. Read more... 3 months ago · Vancouver, United States",https://ground.news/interest/the-columbian
Le Devoir,Center,Machado Was Injured During His Turbulent Exit From Venezuela,"At the risk of being declared a fugitive, the Venezuelan opponent went to Oslo to receive the Nobel Peace Prize. 3 months ago · Montreal, Canada",https://ground.news/interest/le-devoir
Al Jazeera,Lean Left,Venezuelan opposition leader Machado injured on covert Nobel Prize trip,"Venezuelan opposition leader Maria Corina Machado was injured as she made a clandestine dash to collect her Nobel Peace Prize last week, her spokesperson has said. 3 months ago · Qatar",https://ground.news/interest/al-jazeera_1a2e2c
Merco Press,Lean Left,"Machado has fractured vertebra en route to Oslo, Norwegian media","Venezuelan opposition leader and 2025 Nobel Peace Prize winner María Corina Machado has been diagnosed with a fractured vertebra following her high-stakes escape to Oslo, according to the Norwegian daily Aftenposten. 3 months ago · Caracas, Venezuela (Bolivarian Republic of)",https://ground.news/interest/merco-press
La Vanguardia,Lean Left,"Grey Bull, From the Rescue of Maria Corina Machado to the Invasion of Venezuela","The brand-new Nobel Prize winner, María Corina Machado, arrived late for the delivery ceremony in Oslo on Wednesday. But the agitated history of her transatlantic journey from Venezuela to Norway – on SUV, two boats, boat and private plane – has served as an excellent promotion for Grey Bull, the ex-military rescue company based in Tampa, Florida.Continue reading... 3 months ago · Granada, Spain",https://ground.news/interest/la-vanguardia
Digi 24,Center,"Nobel Peace Prize Laureat in 2025, Maria Corina Machado Suffered a Vertebral Fracture During Her Flight From Venezuela","The leader of the Venezuelan and laureate Nobel Prize for Peace, María Corina Machado, suffered a vertebral fracture during her secret journey from Venezuela to Norway last week, confirmed his spokesman. Machado earlier stated that he feared for his life during his dangerous journey to get his prize in Oslo, writes The Guardian. 3 months ago · Romania",https://ground.news/interest/digi-24
Jerusalem Post,Center,"Bryan Stern, the man behind the extraction of Maria Corina Machado from Venezuela","Grey Bull Rescue, which operates entirely on donations, conducted the mission without financial or operational assistance from any state actor. 3 months ago · Jerusalem, Israel",https://ground.news/interest/jerusalem-post
NDTV,Right,Nobel Peace Winner Maria Machado Fractured Vetebra While Fleeing Venezuela,"Venezuelan opposition leader and Nobel Peace Prize laureate Maria Corina Machado suffered a vertebra fracture during her secret journey out of hiding in Venezuela to Norway last week, her spokesperson said Monday. 3 months ago · New Delhi, India",https://ground.news/interest/ndtv
telex.hu,Lean Left,Nobel Peace Prize Winner maría Corina Machado Injured During Disguised Escape,The opposition leader fled Venezuela on a fishing boat through stormy seas to attend the awards ceremony in Oslo. 3 months ago,https://ground.news/interest/telexhu
The Independent,Lean Left,Nobel prize winner Machado fractured spine fleeing Venezuela to reach ceremony,"Machado endured a gruelling three day journey from Venezuela to Oslo over perilous waters last week 3 months ago · London, United Kingdom",https://ground.news/interest/the-independent_ff73a6
CTV News,Center,"Nobel laureate Machado injured as she fled Venezuela, spokesperson says","Nobel Peace Prize laureate Maria Corina Machado fractured a vertebra while fleeing Venezuela on a small boat last week to receive the award in Oslo, a spokesperson for the opposition leader said on Monday, confirming a Norwegian media report. 3 months ago · Canada",https://ground.news/interest/ctv-news
KIFI,Center,María Corina Machado Suffered a Fractured Vertebra on Her Departure From Venezuela to Oslo,"By CNN en Español: 2025 Nobel Peace Prize laureate María Corina Machado suffered a fractured vertebra during her risky departure from Venezuela. This was the diagnosis following a medical evaluation in Oslo, her press team confirmed to CNN. The information was corroborated after the Norwegian newspaper Aftenposten published a report on Machado's health. The publication noted that, according to its sources, the injury may have occurred amidst the… 3 months ago · Idaho Falls, United States",https://ground.news/interest/kifi
El Financiero,Right,Maria Corina Machado Was Injured when She Took a Boat to Flee Venezuela: ‘a Vertebra Was Fractured’,"The Venezuelan opposition leader and Nobel Peace Prize winner, María Corina Machado, broke a vertebrae during her complicated trip to Oslo, Norway, to receive the award, according to the Norwegian daily Aftenposten.According to the media, Machado was recognized at the University Hospital of Ullevål in Oslo, where doctors detected several injuries, including a fracture in a vertebra.According to Aftenposten, the information has been confirmed by … 3 months ago · Mexico",https://ground.news/interest/el-financiero
El Pais,Lean Left,Maria Corina Machado Fractured a Vertebrae as She Fled Venezuela to Collect the Nobel Prize in Oslo,"Nobel Peace Prize winner María Corina Machado fractured a vertebrae while fleeing Venezuela on a small boat last week to receive the award in Oslo, reported Monday a spokesman for the opposition leader, confirming information published a few hours earlier by the Norwegian media Aftenposten.Continue reading 3 months ago · Spain",https://ground.news/interest/el-pais
Radio France Internationale,Center,Nobel Winner Machado Suffered Vertebra Fracture Leaving ...,"3 months ago · Paris, France",https://ground.news/interest/radio-france-internationale
Bloomberg,Lean Left,Machado Diagnosed with Vertebral Fracture After Leaving venezuela...,3 months ago · United States,https://ground.news/interest/bloomberg
NRC Handelsblad,Lean Left,Nobel Prize Winner Machado Suffered Spinal Fracture During Secret Trip to Oslo,"Venezuelan opposition leader María Corina Machado had to be smuggled out of Venezuela on a fishing boat. Due to bad weather, she not only arrived late for her own presentation but also suffered a spinal fracture. 3 months ago · Netherlands (Kingdom of the)",https://ground.news/interest/nrc-handelsblad
Politiken,Lean Left,Nobel Prize Winner Suffers Fractured Vertebra During Dangerous Escape,"In rough seas off the coast of Venezuela, Nobel laureate María Corina Machado suffered a back injury. 3 months ago · Copenhagen, Denmark",https://ground.news/interest/politiken
abc,Right,María Corina Machado Broke a Vertebrae During Her Extraction From Venezuela to Attend the Nobel Prize Ceremony,"Venezuelan opponent María Corina Machado , winner of the Nobel Peace Prize , suffers a vertebral fracture since she left Venezuela last week, announced her spokesman on Monday. “The vertebral fracture is confirmed,” said Claudia Macero in reference to an article published in the Norwegian newspaper Aftenposten . “At the moment, no extra information will be given to the one that appears in the article,” she added. According to the newspaper, the … 3 months ago · Spain",https://ground.news/interest/abc_0c202e
Watauga Democrat,Lean Left,Nobel winner Machado suffered vertebra fracture leaving Venezuela,"Venezuelan opposition leader and Nobel Peace Prize laureate Maria Corina Machado suffered a vertebra fracture during her secret journey out of hiding in Venezuela to Norway last week, her spokesperson said Monday. 3 months ago · Calhoun, United States",https://ground.news/interest/watauga-democrat
El Debate,Right,"María Corina Suffers From a ""Vertebral Fracture"" Due to Complications in Her Departure From Venezuela","The 58-year-old opponent arrived in Oslo on Thursday morning, too late to attend the award ceremony 3 months ago",https://ground.news/interest/el-debate
Lietuvos Radijas ir Televizija,Center,Machado Suffered a Fractured Vertebra While Leaving Venezuela,"Nobel Peace Prize laureate and Venezuelan opposition leader Maria Corina Machado suffered a fractured vertebra while traveling secretly from Venezuela to Norway last week, her spokeswoman said Monday. 3 months ago · Vilnius, Lithuania",https://ground.news/interest/lietuvos-radijas-ir-televizija
La Libre,Center,Maria Corina Machado Has Suffered From a Vertebral Fracture Since Her Rocky Flight From Venezuela,"The Venezuelan opponent and Nobel Peace Prize laureate Maria Corina Machado suffers from a fracture of a vertebra after her perilous flight from Venezuela, carried out last week under rock conditions towards Oslo. ... 3 months ago · Brussels, Belgium",https://ground.news/interest/la-libre
Liberation,Lean Left,Nobel Peace Prize Laureate maría Corina Machado Fractured a Vertebrae on Leaving Venezuela,"The Norwegian opponent's spokesman announced that she was injured last week when she joined Oslo. According to a Norwegian newspaper, this fracture occurred when she was transported on a small fishing boat. 3 months ago · Paris, France",https://ground.news/interest/liberation
Le Huffington Post,Left,The Rocking Flight of the Nobel Peace Prize Did Not Leave Him Unscathed,"María Corina Machado left Venezuela to pick up her Nobel prize in Oslo. She crossed the country wearing a wig, then took a discreet boat and a private plane. 3 months ago · Paris, France",https://ground.news/interest/le-huffington-post
El Mundo,Right,Maria Corina Machado Fractured a Vertebra During Operation Golden Dynamite Which Allowed Her to Reach Oslo,"The medical tests carried out on Maria Corina Machado have found that the Nobel Peace Prize was fractured during the dangerous escape that led her... 3 months ago · Madrid, Spain",https://ground.news/interest/el-mundo
L'Humanité,Right,Julian Assange Filed a Complaint Against the Nobel Foundation for Having Awarded Its Peace Prize to the Venezuelan Extreme Right-Wing Opponent Maria Corina Machado,"The founder of Wikileaks filed a complaint on Wednesday 17 December against the Nobel Foundation, accusing him in particular of financing the crime of aggression, after having awarded his prize in octo... 3 months ago",https://ground.news/interest/lhumanite
Monitoreamos,Left,Maria Corina Machado Left Oslo and Is in Medical Recovery After Her Vertebral Fracture,"The international coordinator of Vente Venezuela, Pedro Urruchurtu, reported on Wednesday that the Venezuelan leader and Nobel Peace Prize winner 2025, María Corina Machado, is “well” and is on medical appointments with a specialist to ensure her “soon and full recovery.” “Maria Corina Machado is well and during these days she is attending medical appointments with a specialist based on her prompt and full recovery,” said Urruchurtu, who also co… 3 months ago",https://ground.news/interest/monitoreamos
VG,Left,Machado Has Left Norway,"Nobel Prize winner Maria Corina Machado has left Norway, Prime Minister Jonas Gahr Støre (Ap) told the Bloomberg news agency on Wednesday. 3 months ago · Oslo, Norway",https://ground.news/interest/vg
Naftemporiki,Left,Nobel Laureate Maria Corina Machado Injured as She Left Venezuela,Nobel Peace Prize laureate Maria Corina Machado suffered a fractured vertebra while leaving Venezuela on a small boat last week to receive the award in… Nobel Prize laureate Maria Corina Machado injured while leaving Venezuela - ΙΝΑΦΤΕΜΟΠΟΡΙΚΙ 3 months ago,https://ground.news/interest/naftemporiki
Africa News,Lean Left,PSG president Al-Khelaïfi acquitted again by Swiss court,"Switzerland’s supreme court upheld the acquittal of Paris Saint-Germain president Nasser al-Khelaïfi in the final appeals stage of a case that alleged wrongdoing linked to former FIFA secretary general Jérôme Valcke and the awarding of World Cup television rights 3 months ago · Pointe-Noire, Congo (the)",https://ground.news/interest/africa-news
Le Parisien,Right,"""Full Rehabilitation"": Nasser Al-Khelaïfi Finally Cleared by the Court in the Fifa Tv Rights Case","More than eight years after the start of the ""Fifagate"" case, Nasser al-Khelaïfi was finally acquitted. The president of beIN Media and Paris Saint-Germain received the announcement made by the Federal Court in Lausanne (Switzerland) this Friday at the mid-day. In this case in connection with TV rights, he had already been released at first instance and on appeal. His co-accused, the ex-number 2 of Fifa Jérôme Valcke, was also acquitted in the s… 3 months ago · Paris, France",https://ground.news/interest/le-parisien
Los Angeles Times,Lean Left,"President of the Psg, Al-Khelaïfi, Again Acquitted by Swiss Court in the Case of Fifa Valcke","The Supreme Court of Switzerland confirmed the acquittal of the president of Paris Saint-Germain, Nasser al-Khelaïfi, at the final appeal stage of a case alleging irregularities linked to the former secretary general of FIFA, Jérôme Valcke, and the award of television rights to the World Cup. 3 months ago · Los Angeles, United States",https://ground.news/interest/los-angeles-times
The Hindu,Lean Left,Swiss court rejects former FIFA exec’s appeal against corruption conviction,"The Frenchman, ​who was the right-hand man to FIFA ⁠President Sepp Blatter, was convicted by a Swiss appeals court in 2022 of forging documents ​and accepting bribes in ⁠a case involving World Cup media rights. 3 months ago · India",https://ground.news/interest/the-hindu
News.ro,Right,"Tv Rights: Nasser Al-Khelaifi, Definitively Acquired by the Swiss Justice. Fifa's Ex-Head Number 2, Convicted",The Supreme Court of Switzerland has ruled in the case of television rights for the World Cup of 2026 and 2030 for the Middle East and North Africa region (MENA). 3 months ago,https://ground.news/interest/newsro
Associated Press News,Lean Left,PSG president Al-Khelaïfi acquitted again by Swiss court in case with ex-FIFA official Valcke,Switzerland’s supreme court has upheld the acquittal of Paris Saint-Germain president Nasser al-Khelaïfi in the final appeals stage of a case that alleged wrongdoing linked to former FIFA secretary general Jérôme Valcke and the awarding of World Cup television rights. 3 months ago · United States,https://ground.news/interest/associated-press-news
Le Figaro,Right,"Tv Rights : Nasser Al-Khelaïfi Definitively Cleared by the Swiss Court, the Former Number 2 of the Convicted Fifa","The Swiss Supreme Court ruled on Thursday on the case of the 2026 and 2030 World Cups for the Middle East and North Africa (MENA) region. 3 months ago · Paris, France",https://ground.news/interest/le-figaro
Le Monde,Lean Left,Fifagate: Nasser Al-Khelaïfi and Jérôme Valcke Finally Acquitted in the Case of Villa Bianca,"As the ""Le Monde"" learned, the Lausanne Federal Court rejected, on 4 December, an appeal by the Swiss Public Prosecutor's Office against acquittals for ""instigation to aggravated unfair management"" and ""aggravated unfair management"", in 2022, by the President of the PSG and the former Secretary-General of FIFA. 3 months ago · Paris, France",https://ground.news/interest/le-monde
archysport.com,Right,Al-Khelaïfi Acquitted: World Cup Rights Case Closed - Archysport,"Like his co-accused, former Fifa number 2 Jérôme Valcke, the president of PSG and BeIN Media Nasser Al-Khelaïfi was definitively acquitted by the Federal Court of Lausanne, in the case of the allocation of TV rights for the 2026 and 2030 World Cups. Good news for Nasser Al-Khelaïfi. The president of beIN Media and PSG was definitively acquitted on Friday by the Federal Court in Lausanne (Switzerland), as he had already been at first instance and… 3 months ago",https://ground.news/interest/archysportcom
PSG Canal Supporters,Right,Nasser Al-Khelaïfi Acquitted in Tv Rights Case,"Nasser al-Khelaïfi, the president of the PSG, was accused in a case related to the TV rights of the World Cups 2026 and 2030. He was acquitted for the third time. Eight years ago, Nasser al-Khelaïfi and Jérome Valcke were accused of ""instigation with aggravated unfair management"" and of ""aggravated unfair management"". The Confederation Public Prosecutor's Office (MPC) accused Jérôme Valcke of having minted his support for BeIN Sports in exchange… 3 months ago",https://ground.news/interest/psg-canal-supporters
todomercadoweb.es,Right,Psg President Al-Khelaïfi Acquitted in the Case of Tv Rights of the World Cups 2026 and 2030,Nasser Al-Khelaifi smiles. The president of beIN Media and the PSG was finally acquitted today by the Federal Court of Lausanne (Switzerland). 3 months ago,https://ground.news/interest/todomercadowebes
Il Post,Lean Left,France Will Not Be Able to Approve the Budget Bill by the End of the Year,3 months ago · Italy,https://ground.news/interest/il-post
charentelibre.fr,Center,"Without Agreement on the Budget, a Special Law to Start the Year","The state budget did not find thanks in the eyes of the deputies and senators: failure of the Joint Joint Committee and political impasse, Sébastien Lecornu must now prepare exceptional solutions 3 months ago",https://ground.news/interest/charentelibrefr
Deutschlandfunk,Center,France - Budget for 2026 Failed,"In France, the draft budget for 2026 failed. A conciliation committee with members of both chambers - that is, the National Assembly and the Senate - could not reach an agreement. 3 months ago · Germany",https://ground.news/interest/deutschlandfunk
Mediapart,Lean Left,Parliament Hands Budgetary Mistigri to Sébastien Lecornu,"In the absence of a joint joint commission on the finance bill, the Prime Minister is about to trigger a special law to ensure the continuity of the state. Pending a return from the 49-3 beginning of 2026? The hypothesis is growing. 3 months ago · Paris, France",https://ground.news/interest/mediapart
Tagesschau,Center,Law Failed: No Budget Compromise in France,"The French government must accept a new setback: Parliament could not agree on a budget for 2026. Premier Lecornu should now resort to a special law. 3 months ago · Hamburg, Germany",https://ground.news/interest/tagesschau
Kronen Zeitung,Right,France Before Next Government Crisis,"The French draft budget for the year 2026 failed in Parliament. A conciliation committee could not agree on a compromise on Friday. This makes a timely adoption impossible and offers explosives within the government. Now it is to judge a special law. The conciliation committee in the divided parliament could not agree on a budget for the coming year, as Members reported on Friday. Now it is expected that the new old Prime Minister Sébastien Leco… 3 months ago · Vienna, Austria",https://ground.news/interest/kroneat
The Print,Right,France to start 2026 without budget after talks fail,"By Elizabeth Pineau PARIS, Dec 19 (Reuters) - France faces emergency stopgap legislation to avoid a government shutdown after lawmakers abandoned 2026 budget talks on Friday, failing to agree on a 3 months ago · New Delhi, India",https://ground.news/interest/the-print
Globo,Right,Stalemate over the 2026 Budget Leads France to Consider Emergency Spending Extension.,The government insists that the budget must keep the fiscal deficit below 5% next year. 3 months ago · Brazil,https://ground.news/interest/globo
Capital.fr,Right,"Budget 2026: Cmp Failed, a Special Law Expected","Deputies and senators did not agree on the 2026 budget this Friday, December 19, excluding any adoption before the end of the year. After the CMP failed, the government is preparing for a special law to ensure the continuity of the state. 3 months ago",https://ground.news/interest/capitalfr
El Pais,Lean Left,France Looks Back at the Crisis After the Budget Project Has Been Rejected,"The French Prime Minister, Sébastien Lecornu, has failed in his attempt to bring forward the draft budget for 2026 in the Assembly. The joint committee, consisting of seven deputies and seven senators, which had to agree on the final version of the document on Friday, has not reached an agreement. France is looking back at the abyss of the political crisis, from which it has been trying to emerge for a year. 3 months ago · Spain",https://ground.news/interest/el-pais
Il Fatto Quotidiano,Lean Left,France without Budget Law 2026: Compromise Fails,"""It would take a miracle,"" wrote Le Monde this morning. ""And Libération: ""Fatalism, tiredness and a bit of anger."" In a few words, the state of mind that is breathed today in France. Moreover, the miracle did not exist: the Joint Parliamentary Committee, composed of seven MPs and seven senators, gathered this morning, did not find the agreement on the Budget Law for 2026. According to France Info, it would have taken thirty minutes to sink it. T… 3 months ago · Rome, Italy",https://ground.news/interest/il-fatto-nuotidiano
Xinhua,Left,"Lawmakers fail to reach deal, leaving France facing budget uncertainty","Lawmakers fail to reach deal, leaving France facing budget uncertainty 3 months ago · China",https://ground.news/interest/newscn
Il Sole 24 Ore,Right,France without Budget 2026: Lecornu Entrusts the Council of State with a Special Law to Ensure Continuity,"The French Prime Minister, Sébastien Lecornu, after the failure of negotiations between MPs and senators on budget 2026, will commission the Council of State for a special draft law to remedy... 3 months ago · Milan, Italy",https://ground.news/interest/il-sole-24-ore
Euronews,Center,France to miss 2026 budget deadline as lawmakers fail to reach deal,"French lawmakers failed Friday to agree a 2026 budget in joint committee talks, forcing government to seek emergency legislation to roll over 2025 budget. 3 months ago · France",https://ground.news/interest/euronews
franceinfo.fr,Lean Left,"Budget 2026: Special Law, Review Before christmas... What Will Happen After the Compromise Between Mps and Senators Fails?","On Friday morning, the representatives of the two chambers failed to agree on a joint version of the draft finance law for 2026, in a joint committee. The government must table a special law to counter the absence of a budget on 1 January. 3 months ago",https://ground.news/interest/franceinfofr
Le Monde,Lean Left,"Budget: After the Failure of the Assembly-Senate Compromise, What Solutions to Avoid the ""Shutdown"" on 1 January 2026?","Three main scenarios are now on the table to avoid a sudden shutdown of the administration at the beginning of the year, due to the lack of a budget voted in time. 3 months ago · Paris, France",https://ground.news/interest/le-monde
Radio France Internationale,Center,"France: After the Failure of the Compromise Between Deputies and Senators, No Budget Will Be Voted Until 2026","In France, the state budget for 2026 cannot be adopted until next year. The deputies and senators met on Friday 19 December in the morning in a joint joint committee and did not find agreement on the law. 3 months ago · Paris, France",https://ground.news/interest/radio-france-internationale
KAKE News,Center,France's budget hits snag in setback for embattled PM,"A joint committee of French lawmakers on Friday failed to reach a compromise on the state budget for next year, parliamentary sources said, meaning France would not have a 2026 budget by year end. 3 months ago",https://ground.news/interest/kakecom
Zeit Online,Lean Left,France: French Draft Budget Fails in Parliament,"The compromise on France's budget for the coming year has failed, and now the current budget is to be extended with a special law. 3 months ago · Germany",https://ground.news/interest/zeit-online
Politico Europe,Lean Left,France to end year without budget as lawmakers fail to strike deal,"Prime Minister Sébastien Lecornu had warned that failing to pass a budget before the end of the year was a “danger” for the French economy. 3 months ago · Brussels, Belgium",https://ground.news/interest/politico-europe
The Local - Fr,Lean Left,"France lawmakers fail to agree on state budget, say parliament sources","A joint committee of French lawmakers on Friday failed to reach a compromise on the state budget for next year, parliamentary sources said, making it unlikely France would have a full 2026 budget by year end. 3 months ago · France",https://ground.news/interest/the-local-fr
der Standard AT,Lean Left,France's Budget 2026 Failed in Parliament,"A Conciliation Committee could not reach a compromise on Friday, according to the honourable Member. 3 months ago · Vienna, Austria",https://ground.news/interest/der-standard_389fff
Spiegel,Lean Left,France: Draft Budget 2026 Failed in Parliament,"After a long dispute, not even a conciliation committee has been able to help: France's parliament cannot approve a budget for 2026, and the government now wants to introduce a special law. 3 months ago · Germany",https://ground.news/interest/spiegel
ledauphine.com,Center,"Political. Budget 2026: Mps and Senators Back to Back, Lecornu Will Bring Together Politicians","As announced, Members of Parliament and Senators, meeting this Friday in a joint committee, did not agree on the 2026 budget, so the government is heading for the deposition of a ""special law"". 3 months ago",https://ground.news/interest/ledauphinecom
Liberation,Lean Left,Parliamentarians Fail to Reach Agreement on Budget 2026,"Meeting in a joint committee, deputies and senators did not manage to find a compromise this Friday. A special law should be introduced by the Prime Minister. 3 months ago · Paris, France",https://ground.news/interest/liberation
Reuters,Center,France faces budget showdown as lawmakers race to avoid deadlock,3 months ago · United Kingdom,https://ground.news/interest/reuters_fa2539
TF1 INFO,Center,In Direct - Budget 2026: the Council of State Will Have Before It a Special Bill After the Failure of the Cmp,Seven deputies and seven senators met in the National Assembly on Friday 19 December to find a compromise on the budget in the Joint Joint Committee (JC). But this attempt quickly failed. Follow the latest information. - IN DIRECT - Budget 2026: the Council of State will be seized of a special bill after the failure of the CMP (Policy). 3 months ago,https://ground.news/interest/tf1-info
Le Huffington Post,Left,Trying to Compromise or Slam the Door: These Strategies on Which the Cmp Depends,"Deputies and senators will try to agree on a compromise text, but between the categorical positions of some and the snakes to swallow for others, the chances of success are very slim. 3 months ago · Paris, France",https://ground.news/interest/le-huffington-post
Sud Ouest,Center,"Budget 2026: the Impasse Is Confirmed, the Government Is Considering a Special Law","On the eve of a decisive meeting on the budget, divisions between MPs and senators persist, pushing the government to consider exceptional measures On the eve of a meeting 3 months ago · France",https://ground.news/interest/sud-ouest
Le Figaro,Right,"""It's Going to Be a Peanut"": Between Lecornu, the Senate and the Assembly, the Impossible Budget Agreement","RECIT - The Joint Joint Committee, which is scheduled to convene seven Senators and seven MPs on Friday to reach a consensus on the 2026 Finance Bill, seems to be running out before it even begins. 3 months ago · Paris, France",https://ground.news/interest/le-figaro
Le Parisien,Right,Budget: Sébastien Lecornu's Ultimate Pressure on Parliamentarians,"""You have to stay calm and drink fresh!"" Since his arrival in Matignon in September, Sébastien Lecornu hammers this formula, at every moment of crisis. This Wednesday, he deviated from his maxim. In a hemicycle of the Senate, unusually bubbling, the Prime Minister did not hide his annoyance. ""Will you recognize and consider the constructive and responsible work of the Senate, rather than allow it to be denigrated? Your balance is to have given e… 3 months ago · Paris, France",https://ground.news/interest/le-parisien
