outlet,bias,headline,summary,ground_news_interest_url
Business Insider,Lean Left,Kristi Noem's $220 million DHS ad campaigns cost more than some of Hollywood's biggest hits,"Kristi Noem was ousted of her role at the Department of Homeland Security following Congress questioning.Tom Williams/CQ-Roll Call, Inc via Getty ImagesKristi Noem was fired from her role at the Department of Homeland Security this week.Senators had pressed her about the cost and contracts behind a $220 million DHS ad campaign.The ad campaign cost more than the production budgets of some major Hollywood hits.Kristi Noem might not be a Hollywood … 9 hours ago · United States",https://ground.news/interest/business-insider
DCCC,Lean Left,🚨NEW: Madison Sheahan Pressured Federal Staff to Hand Out $100 Million ICE Contract to Handpicked Companies,🚨NEW: Madison Sheahan Pressured Federal Staff to Hand Out $100 Million ICE Contract to Handpicked Companies,https://ground.news/interest/dccc
Alternet,Left,Noem tapped 28-year-old to carry out 'possibly criminal' contracts scandal,"Outgoing Secretary of Homeland Security Kristi Noem is embroiled in a scandal involving public contracts for the millions she spent on ads for recruitment videos for Immigration and Customs Enforcement. It has now been revealed that the staffer whom Noem tapped to her former political director, Madison Sheahan, to handle funding.NBC News reported on Thursday that the sum she managed was $100 million, but Washington Examiner reporter Anna Giarite…",https://ground.news/interest/alternet
Cleveland,Center,"An Ohio firm, $220 million ad scandal and Jim Jordan’s fawning praise: About Kristi Noem","She shot her family’s dog and wrote about it proudly in a book. She fired a pilot mid-trip for forgetting her blanket. She presided over a $220 million border security ad campaign that detonated into a Senate scandal. And right up until the end, Ohio Congressman Jim Jordan was publicly singing her praises, Today in Ohio podcast hosts noted Friday.",https://ground.news/interest/cleveland
Crooks and Liars,Left,Guess What? Kristi's Not The One Lying About Her Expensive Ads,"I remembered Kristi Noem talking about how Trump told her to make ads thanking him for closing the border, but I couldn't remember where I saw it. Fortunately, Heather ""Digby"" Parton did. It was from a Rolling Stone piece more than a year ago. The ad campaign amounts to an extremely expensive taxpayer-funded propaganda blitz to scare off migrants and to flatter Trump on television. On Friday, Trump’s DHS secretary entertained the CPAC high-rolle…",https://ground.news/interest/crooksandliarscom
Bloomberg,Lean Left,Noem Ad Blitz Benefits Media Firms Linked to Trump Campaigns,"Records show DHS spent millions through subcontractors that had worked with her top aide, Corey Lewandowski. Trump fired Noem on Thursday.",https://ground.news/interest/bloomberg
Raw Story,Left,Republican senator spills on Trump's fury over Noem,"Sen. John Kennedy (R-LA) revealed that President Trump called him Tuesday night ""mad as a murder hornet"" after Kristi Noem's disastrous Senate hearing, ready to fire her. Kennedy disclosed that Noem had requested Trump approve a $250 million television ad campaign to promote herself, which Kennedy called outrageous: ""A quarter of a billion dollars, not a million, a quarter of a billion dollars, on television to promote yourself. Gag me with a sp…",https://ground.news/interest/raw-story
NBC News,Lean Left,"Noem handpicked contractors to lead a $100 million ICE recruitment campaign, sources say","Secretary of Homeland Security Kristi Noem handpicked contractors to lead a $100 million campaign to recruit ICE officers instead of allowing competitive bidding, sources say NBC News.",https://ground.news/interest/nbc-news
The Independent,Lean Left,Kristi Noem battered over $143M in no-bid contracts to operative-tied business,"Taxpayer millions went to a company that subcontracted with another firm operated by her spokesperson’s husband, records show",https://ground.news/interest/the-independent_ff73a6
Political Wire,Center,Noem Awarded $100 Million to Handpicked Contractors,"“Homeland Security Secretary Kristi Noem handpicked contractors to lead a $100 million campaign to recruit Immigration and Customs Enforcement officers instead of allowing competitive bidding for the jobs,” NBC News reports.",https://ground.news/interest/political-wire
Hawaii Tribune-Herald,Center,Noem defends $220 million ad campaign amid lawmaker scrutiny,WASHINGTON — U.S. Homeland Security Secretary Kristi Noem on Wednesday defended the government’s spending of $220 million on an advertising campaign for border security amid questions from lawmakers about the contracting process and Republican-connected firms awarded the money.,https://ground.news/interest/hawaii-tribune-herald
Reason,Right,DHS spent $220 million on ads featuring Kristi Noem. Both parties are grilling her about it in the Senate.,"During a Senate hearing, the DHS secretary faced tough questions about a campaign that secretly awarded millions to a company with close ties to her.",https://ground.news/interest/reason
The Daily Wire,Right,Homeland Security Defends Ad Campaigns Amid Congressional Scrutiny,"Homeland Security Secretary Kristi Noem is under fire for ad campaigns that have drawn criticism from Republicans and Democrats alike.The criticisms began with a $200 million ad campaign in which Noem urges illegal immigrants in the United States to self-deport. Lawmakers have raised questions about the price and efficacy of the campaign, as well as the fact that the ads were produced by the husband of recently-departed DHS spokeswoman Tricia McL",https://ground.news/interest/the-daily-wire
The New Republic,Left,Noem Can’t Explain Why She Hired 8-Day-Old Company for Ad Campaign,Kristi Noem struggled to defend hiring a company linked to a political operative.,https://ground.news/interest/the-new-republic
Fox News,Right,"DHS defends ad blitz amid Senate scrutiny, says campaign drove 2.2M self-deportations and saved taxpayers $39B",DHS Secretary Kristi Noem faced Senate criticism over a $200 million ad campaign that deputy assistant secretary Lauren Bis claimed prompted 2.2 million illegal immigrants to self-deport.,https://ground.news/interest/fox-news_a44aba
PBS NewsHour,Lean Left,Kennedy questions Noem about using taxpayer money for ad campaign featuring her prominently,"Sen. John Kennedy, R-La., asked Department of Homeland Security Secretary Kristi Noem in an oversight hearing Tuesday how she justifies the use of $220 million to run national TV ads that feature her prominently if she’s concerned with not wasting taxpayers' money.",https://ground.news/interest/pbs-newshour
Times of India,Right,‘Did Trump approve $220 Mn?’: Kennedy BRUTALLY GRILLS Noem over money spent on Ads 'Featuring her',"Sen. John Kennedy aggressively questioned DHS Secretary Kristi Noem about a reported $220 million ad campaign that prominently features her and whether former President Donald Trump personally approved the huge spending on taxpayer-funded ads. Kennedy said he found it hard to believe such a large contract would be signed off at the top, suggesting a potential disconnect in leadership. Noem defended the ad buys as part of the administration’s imm…",https://ground.news/interest/times-of-india
HuffPost,Left,Kristi Noem Grilled Over TV Ads,"During a hearing, Kristi Noem faced tough questions about producing millions of dollars of television ads.",https://ground.news/interest/huffpost
The Hill,Center,Noem faces GOP heat over $220M ad that boosted ‘your name recognition’,Homeland Security Secretary Kristi Noem on Tuesday was met with skepticism from Sen. John Kennedy over a $200 million ad campaign she was featured in.,https://ground.news/interest/the-hill
National Review,Right,"Senate Judiciary Committee Savages Noem over Agency Spending, Personal Ties to DHS Contract Recipient","Kristi Noem faced bipartisan scrutiny over DHS contracts and a $220 million ad campaign, with Senators John Kennedy and Thom Tillis among her sharpest Republican critics.",https://ground.news/interest/national-review
New York Post,Right,Trump admin live updates: Rubio update leaves senators split on Iran: ‘This is going to be forever’ or ‘We’re on the verge of a new dawn!’,"Follow The Post's live updates on President Trump and national politics for the latest news, analysis and more from Washington.",https://ground.news/interest/new-york-post
Mediaite,Lean Left,‘Terribly Awkward!’ GOP Senator Scolds Kristi Noem for Dropping $220M On DHS Ads That Feature Her ‘Prominently’,"Senator John Kennedy (R-LA) scolded Homeland Security Secretary Kristi Noem over a $220 million advertising campaign that features her image, pressing her on how the expenditure aligned with administration calls to curb government waste. Noem appeared before the Senate Judiciary Committee on Tuesday when Kennedy grilled her on whether President Donald Trump personally approved spending for the campaign last last year, expressing skepticism that …",https://ground.news/interest/mediaite
Daily Kos,Left,How the flood of retiring Republicans signals a growing blue wave,Skeezy GOP Rep. Tony Gonzales of Texas announced late Thursday night that he ... 21 hours ago · United States,https://ground.news/interest/daily-kos
Washington Examiner,Right,Gonzales exit skirts disciplinary headache for GOP's thin majority,"Rep. Tony Gonzales’s (R-TX) decision to end his reelection bid has quelled an effort to rebuke him for having an affair with a staffer — sparing House Republicans a messy disciplinary fight as they struggle to manage their razor-thin majority. Rep. Anna Paulina Luna (R-FL) is reportedly halting her effort to censure the Texas Republican over the affair, but told Politico Friday she would follow through with triggering the resolution if “any more… 23 hours ago · Washington, United States",https://ground.news/interest/washington-examiner
DCCC,Lean Left,"Will Brian Fitzpatrick Return $8,500 from Disgraced Congressman Tony Gonzales?","FEC records show that Republican Congressman Brian Fitzpatrick has taken $8,500 in campaign donations from his disgraced GOP colleague Tony Gonzales’ leadership PAC, who this week admitted to engaging in an inappropriate relationship with a subordinate who later killed herself. Records show that Fitzpatrick accepted four-figure donations from Gonzales’ PAC on at least three separate occasions: Fitzpatrick’s own party bosses forced Gonzales to d… 24 hours ago",https://ground.news/interest/dccc
KESQ,Center,GOP Rep. Gonzales ending reelection bid after admitting to affair with late staffer,"By Sarah Ferris, Ellis Kim, CNN (CNN) — GOP Texas Rep. Tony Gonzales said he is ending his reelection bid after admitting to an affair with a former staffer who later died by suicide. “After deep reflection and with the support of my loving family, I have decided not to seek re-election while serving out the rest of this Congress with the same commitment I’ve always had to my district,” he said in a statement posted on X late Thursday night. Gon… 24 hours ago",https://ground.news/interest/kesq
The Western Journal,Right,GOP Congressman Ends Re-election Bid Amid Affair Scandal,A Republican Texas congressman who has been the focus of attention due to his affair with a former aide who died by suicide has ended his effort to keep his […] The post GOP Congressman Ends Re-election Bid Amid Affair Scandal appeared first on The Western Journal.,https://ground.news/interest/the-western-journal
The Daily Signal,Right,House Reinforces Anti-Harassment Efforts as Scandal Sinks GOP Rep,"House lawmakers push anti-sexual harassment efforts as a representative announced Thursday that he will finish out his term but “not seek re-election” after he faced widespread scrutiny for an affair with his staffer. That affair ultimately resulted in her suicide. “I have decided not to seek re-election while serving out the rest of this Congress with the same commitment I’ve always had to my district,” Rep. Tony Gonzales, R-Texas, said on X. “…",https://ground.news/interest/the-daily-signal
World,Right,Rep. Gonzales drops out of reelection race after affair admission,"WORLD is a news organization producing Biblically sound, daily coverage of global, national, and cultural current events.",https://ground.news/interest/wngorg
UPI,Center,Rep. Tony Gonzales pulls out of re-election race amid affair controversy,"Rep. Tony Gonzales, R-Texas, said Friday that he is ending his re-election campaign after acknowledging an extramarital affair that he previously denied.",https://ground.news/interest/upi_0b956e
100% FED UP!,Far Right,Tony Gonzales Announces Decision On Re-Election Bid Amid Affair Scandal * 100PercentFedUp.com * by Danielle,Rep. Tony Gonzales (R-TX) has dropped his re-election bid amid pressure from House GOP leadership to exit the race. “After […],https://ground.news/interest/100percentfedupcom
WLTReport,Far Right,Republican Congressman Announces He Will NOT Seek Re-Election After Admitting To Affair With Staffer,"There will no longer be a run-off election for Texas’s 23rd Congressional District. As the WLT Report previously covered, on Thursday, Representative Tony Gonzales (R-TX) admitted he had an affair with a former staffer who later committed suicide after setting herself on fire. Rep. Gonzales made the confession after failing to secure the votes needed to win his Republican primary, forcing him into a runoff against his opponent, Brandon Herrera. …",https://ground.news/interest/wltreportcom
Jewish Telegraphic Agency,Center,"Rep. Tony Gonzales drops out of Texas race, clearing way for candidate he called a ‘known neo-Nazi’","A gun-rights activist whose YouTube output includes videos admiring Nazi firearms will be the de facto Republican nominee for a closely watched West Texas congressional district after his primary opponent, an incumbent dogged by scandal, dropped his reelection bid Thursday. Brandon Herrera, known on YouTube as “The AK Guy,” pulled more votes in this week’s primary than Rep. Tony Gonzales. The two were slated for a runoff election in May before G…",https://ground.news/interest/jewish-telegraphic-agency
Talking Points Memo,Left,Gonzales Drops Reelection Bid After Admitting to Sexual Relationship with Former Aide,"Rep. Tony Gonzales (R-TX) dropped his reelection bid Thursday night, just a day after publicly acknowledging he had an affair with a former staff member who…",https://ground.news/interest/talking-points-memo
The Blaze,Right,'The appropriate decision': Scandal-ridden Tony Gonzales ends re-election bid after admitting to affair,"Gonzales clears the way for opponent, firearms influencer Brandon Herrera.",https://ground.news/interest/the-blaze
TrendingPolitics,Right,NEW: GOP Congressman Quits Re-Election Campaign,"Rep. Tony Gonzales is ending his reelection campaign after admitting to an extramarital affair with a staffer who later died by self-immolation, a stunning political collapse that drew pressure from House GOP leaders and bipartisan calls for him to step aside. The Texas Republican said he will serve out the remainder of his term but will not seek another one. “After deep reflection and with the support of my loving family, I have decided not to …",https://ground.news/interest/trendingpoliticsnewscom
MyCentralOregon.com,Center,Rep. Tony Gonzales drops reelection bid amid calls to drop out after admitting relationship with staffer,"Rep. Tony Gonzales, R-Texas, makes his way to House votes in the U.S. Capitol on Wednesday, June 5, 2024. (Tom Williams/CQ-Roll Call, Inc via Getty Images) (WASHINGTON) — Embattled Rep. Tony Gonzales announced Thursday evening that he will no longer seek reelection in Texas’ 23rd Congressional District, following calls from House Republican leadership to drop out of the race after the congressman admitted to having a relationship with a staffer.…",https://ground.news/interest/mycentraloregoncom
abc 13 Houston,Lean Left,Texas GOP Rep. Tony Gonzales withdraws re-election bid after admitting to affair with staffer,Gonzales is withdrawing from his re-election race after having admitted to an affair with a former staff member who later died by suicide.,https://ground.news/interest/abc-13-houston
Crooks and Liars,Left,Tony Gonzales Drops Re-Election Bid After Affair Suicide Scandal,"Another sexual predator is retiring from Congress. Source: The Daily Caller Republican Texas Rep. Tony Gonzales dropped his bid for reelection late Thursday one day after he admitted to having an affair with a staffer who committed suicide. Gonzales posted the announcement of his withdrawal on X, writing that he decided to exit the race “after deep reflection” and with his family’s support. Gun rights YouTuber Brandon Herrera, popularly known as…",https://ground.news/interest/crooksandliarscom
The Daily Wire,Right,Texas Republican’s Affair With Staffer Derails Re-Election Campaign,"Republican Rep. Tony Gonzales of Texas said Thursday that he will end his re-election campaign just one day after admitting to having an affair with a former staffer who died by suicide last year.  Gonzales said in a statement that “after deep reflection,” he has decided not to seek re-election in Texas’s 23rd Congressional District. His announcement comes after he was forced into a GOP primary runoff by challenger Brandon Herrera and calls from…",https://ground.news/interest/the-daily-wire
voz.us,Right,Texas: Tony Gonzales Withdraws From Re-Election After Acknowledging that He Had Extramarital Relationships with an Ex-Assistant Who Committed Suicide,"Republican Congressman Tony Gonzales announced that he left the race to be re-elected as a representative of the 23rd district of Texas after acknowledging that he had sexual relations with Regina Santos-Aviles, a former assistant who later committed suicide.Read more",https://ground.news/interest/vozus
Texas Scorecard,Right,"Amid Ethics Probe and Scandal, Tony Gonzales Drops Re-election Bid","His departure makes Second Amendment activist Brandon Herrera the Republican nominee for the congressional seat. The post Amid Ethics Probe and Scandal, Tony Gonzales Drops Re-election Bid appeared first on Texas Scorecard.",https://ground.news/interest/texas-scorecard
CTV News,Center,Tony Gonzales of Texas ends re-election bid after admitting to affair with aide,"Republican Rep. Tony Gonzales of Texas said late Thursday he was withdrawing from his reelection race, after having admitted an affair with a former staff member who later died by suicide, but he vowed to finish out his term in Congress.",https://ground.news/interest/ctv-news
The Gateway Pundit,Far Right,Embattled Texas Rep. Tony Gonzales Bows Out of 2026 Runoff Race After Explosive Affair Scandal With Staffer Who Later Took Her Own Life | The Gateway Pundit | by Jim Hᴏft,"Republican Rep. Tony Gonzales (R-TX) suddenly announced Thursday that he will not seek reelection to Congress amid a rapidly growing scandal involving an alleged affair with a staff member, which has shaken Washington and prompted a House Ethics investigation.",https://ground.news/interest/the-gateway-pundit
The 19th,Lean Left,Rep. Tony Gonzales drops reelection bid as House opens inquiry into affair,"Rep. Tony Gonzales announced Thursday night that he was dropping his bid for reelection ahead of an Ethics Committee investigation into his affair with a former staffer. However, the Texas Republican did not announce a resignation from the House altogether — part of the party’s caution around further slicing thin vote margins ahead of a contentious midterm election. “After deep reflection and with the support of my loving family, I have decided …",https://ground.news/interest/the-19th
Houston Chronicle,Center,Texas Rep. Tony Gonzales ends re-election campaign after affair,"Texas Republican Rep. Tony Gonzales said late Thursday he was withdrawing from his reelection race, after having admitted to an affair with an ex-staff member.",https://ground.news/interest/houston-chronicle
Straight Arrow News,Center,Rep. Tony Gonzales drops reelection bid after admitting affair with aide,"Rep. Tony Gonzales, R-Texas, has withdrawn his bid for reelection after admitting he had an affair with a former staff member who later died by suicide. Gonzales said he would still complete his term in Congress. In a statement posted on social media late Thursday, he said, “Through the rest of my term, I will continue fighting for my constituents, for whom I am eternally grateful.” pic.twitter.com/3FyKF6V3cb — Rep. Tony Gonzales (@RepTonyGonza…",https://ground.news/interest/straight-arrow-news
KATC,Center,GOP Rep. Tony Gonzales ends reelection bid after admitting to affair with aide,"Republican Rep. Tony Gonzales of Texas said late Thursday he was withdrawing from his reelection race after having admitted an affair with a former staff member who later died by suicide, but he vowed to finish out his term in Congress.He had faced calls from GOP leadership to end his reelection bid, and from others in Congress to resign.After deep reflection and with the support of my loving family, I have decided not to seek re-election, Gonza…",https://ground.news/interest/katc
The Savage Nation,Far Right,MichaelSavage.com – Republican Rep. Tony Gonzales Drops Out of Reelection Runoff as Affair Scandal Embroils Campaign,"Republican Rep. Tony Gonzales has exited his reelection runoff after an affair scandal with a former aide embroiled his campaign. Gonzales released a short statement announcing his decision to withdraw without acknowledging the affair with a former staffer, who later committed suicide. “At 18, I swore an oath to defend our nation against all enemies,…",https://ground.news/interest/the-savage-nation
RedState,Right,"Scandal-Plagued Rep. Tony Gonzales Drops Reelection Bid, Clearing the Field for Candidate Brandon Herrera","Rep. Tony Gonzales ends reelection bid amid scandal, clearing way for GOP Brandon Herrera in TX-23 race.",https://ground.news/interest/redstate
thairath.co.th,Right,A Texas Congressman Has Withdrawn From the Midterm Election Due to a Scandal Involving His Relationship with His Assistant.,Representative Tony Gonzalez of Texas has announced his withdrawal from the midterm elections after facing intense pressure from fellow Republicans following his admission of an adulterous relationship with a former colleague.,https://ground.news/interest/thairathcoth
The Free Press (Tampa),Right,Texas Rep. Tony Gonzales Drops Reelection Bid After Affair With Aide Who Took Her Own Life - Tampa Free Press,"Texas Representative Tony Gonzales announced Thursday that he is ending his reelection campaign, just hours after top House Republican leaders called for him to withdraw from the race. The decision follows the congressman’s public admission of an extramarital affair with a former staff member who took her own life in September 2025. “After deep reflection […] Texas Rep. Tony Gonzales Drops Reelection Bid After Affair With Aide Who Took Her Own L…",https://ground.news/interest/the-free-press-tampa
444.hu,Lean Left,Republican Representative Tony Gonzales Admitted to Having an Affair with a Staffer Who Committed Suicide,"Republican Congressman Tony Gonzales, who previously denied having an affair with a staffer who committed suicide, admitted this week. He also said he would not pursue his midterm re-election campaign. His decision came after senior members of his party issued a statement urging him to do so. “After careful consideration, with the support of my loving family, I have decided not to run,” he wrote on X. Republicans have prepared an ethics investig…",https://ground.news/interest/444hu
National Review,Right,Tony Gonzales Ends Reelection Bid After Admitting Affair with Deceased Staffer,"Earlier this week, Gonzales admitted to having the affair for the first time after several weeks of intense scrutiny.",https://ground.news/interest/national-review
Forbes,Center,GOP Rep Tony Gonzales Ends Re-Election Bid Amid Probe Into Alleged ...,,https://ground.news/interest/forbes
Times of India,Right,How gun-loving Brandon Herrera won Texas 23rd District primary and the role played by Rep. Tony Gonzalez,"Republican Representative Tony Gonzales has withdrawn from the Texas 23rd Congressional District primary. This decision makes challenger Brandon Herrera the Republican nominee. Herrera, a gun-rights activist and entrepreneur, gained a large following online. His campaign focused on Second Amendment rights and border security. He aligns with Donald Trump's political movement. Herrera now faces the general election for the seat.",https://ground.news/interest/times-of-india
Newsweek,Center,Tony Gonzales drops reelection bid amid affair fallout: full statement,"The Texas congressman has said he is ""eternally grateful"" to his constituents and pledged to continue fighting for them for the rest of this Congress.",https://ground.news/interest/newsweek
Spectrum News,Center,Republican U.S. Rep. Tony Gonzales ends reelection bid,"In a post on X, Gonzales said he will finish out his current term.",https://ground.news/interest/spectrum-news
Discern Report,Right,Tony Gonzales Drops Out,"Rep. Tony Gonzales (R-TX) announced Thursday he will not seek re-election, dropping out of his Republican primary runoff after mounting",https://ground.news/interest/discernreportcom
CNBC,Center,Republican Representative Gonzales to end re-election bid after sex allegations,"U.S. Representative Tony Gonzales will not seek re-election, following allegations that he had an affair with a former staff member who later died by suicide.",https://ground.news/interest/cnbc
Reuters,Center,Texas Republican Representative Gonzales to not seek re-election,"U.S. Representative Tony Gonzales, a Texas ​Republican, has decided not ‌to seek re-election, he said in a post ​on X on ​Thursday, a day after ⁠a congressional ethics ​panel announced it would investigate ​allegations he had an affair with a former staff ​member who later ​died by suicide.",https://ground.news/interest/reuters_fa2539
The Epoch Times,Right,Rep. Tony Gonzales Says He Won’t Seek Reelection,"Rep. Tony Gonzales (R-Texas) announced late Thursday night he will not seek reelection, coming amid calls from GOP leadership to abandon his bid. “After deep reflection and with the support of my loving family, I have decided not to seek re-election while serving out the rest of this Congress with the same commitment I’ve always had to my district,” Gonzales wrote in a post on X. “Through the rest of my term, I will continue fighting for my cons…",https://ground.news/interest/the-epoch-times
USA Today,Lean Left,Rep. Tony Gonzales ends reelection bid after admitting to affair,Rep. Tony Gonzales from Texas has been embroiled in controversy after allegations spread about an affair with his late ex-staffer.,https://ground.news/interest/usa-today
La Opinion,Lean Left,Tony Gonzales Renounces Reelection After Sexual Scandal and in the Midst of Republican Pressure - La Opinión,"Representative Tony Gonzales announced that he will not seek re-election, ending a second round between him and Brandon Herrera",https://ground.news/interest/laopinioncom
New York Post,Right,Texas Rep. Tony Gonzales drops out of runoff race for re-election — day after admitting to affair with ex-aide who fatally set herself on fire,Rep. Tony Gonzales (R-Texas) announced Thursday night he will no longer seek re-election – one day after he admitted he had an extramarital affair with a staffer who later fatally set herself on fire.,https://ground.news/interest/new-york-post
Alternet,Left,TX Republican drops reelection bid amid pressure over affair scandal,"WASHINGTON — Rep. Tony Gonzales, R-San Antonio, dropped out of his primary runoff Thursday, heeding calls from House Speaker Mike Johnson and other GOP members to end his reelection bid amid revelations that he had an affair with an aide who died by suicide.“After deep reflection and with the support of my loving family, I have decided not to seek re-election while serving out the rest of this Congress with the same commitment I've always had to…",https://ground.news/interest/alternet
San Antonio Report,Lean Left,"After admitting to affair, Tony Gonzales drops reelection bid","Gonzales admitted to having had an affair with a staffer, and faced pressure from top Republican leaders who are investigating the matter.U.S. Rep. Tony Gonzales drops reelection bid amid pressure from GOP leaders was first posted on March 5, 2026 at 11:02 pm.©2021 ""San Antonio Report"". Use of this feed is for personal non-commercial use only. If you are not reading this article in your feed reader, then the site is guilty of copyright infringem…",https://ground.news/interest/san-antonio-report
Fox News,Right,Rep. Tony Gonzales announces he will not seek re-election amid House Ethics investigation into affair,Texas lawmaker confessed to extramarital relationship during conservative radio appearance one day after advancing to GOP primary runoff,https://ground.news/interest/fox-news_a44aba
NewsNation,Center,Gonzales drops reelection bid after pressure over affair,Rep. Tony Gonzales (R-Texas) dropped his reelection bid on Thursday after coming under pressure from Republican leaders and other GOP colleagues to do so after admitting to an affair with his staff…,https://ground.news/interest/wgn-america_663347
The Daily Caller,Right,GOP Congressman Caught Up In Sex Suicide Scandal Drops Out Of Race,Rep. Tony Gonzalez dropped his bid for re-election on Thursday following an intense primary and the death of a staffer with whom he allegedly had an affair.,https://ground.news/interest/the-daily-caller
Madison Courier,Right,Texas Rep. Tony Gonzales ends reelection bid after admitting to affair with aide,Texas Rep. Tony Gonzales ends reelection bid after admitting to affair with aide.,https://ground.news/interest/madison-courier
KVIA,Center,Congressman Tony Gonzales drops reelection bid amid staffer affair scandal,"U.S. Rep. Tony Gonzales, a Republican representing Texas’ 23rd Congressional District, has dropped his bid for reelection, after mounting pressure from GOP leadership, following his admission of an affair with a former staffer. Gonzales confirmed the relationship this week during a radio interview calling it a “mistake” and a “lapse in judgment.” House rules prohibit romantic",https://ground.news/interest/kvia
NBC News,Lean Left,Rep. Tony Gonzales drops re-election bid amid ethics probe into his affair with a staffer,"Rep. Tony Gonzales, R-Texas, announced Thursday night that he will drop his bid for re-election but will serve out the rest of his term in Congress following a tumultuous set of weeks for the congressman, who admitted having had an affair with an aide who later died by suicide.""After deep reflection and with the support of my loving family, I have decided not to seek re-election while serving out the rest of this Congress with the same commitment",https://ground.news/interest/nbc-news
KTSM,Center,U.S. Rep. Gonzales says he won't seek re-election after admitting to affair,"EL PASO, Texas (KTSM) -- U.S. Rep. Tony Gonzales, R-Texas, released a statement Thursday night, March 5, saying he will not be seeking re-election for a seat in the Texas 23rd Congressional District. This comes after Gonzales admitted to having an affair with a congressional staffer, who died after setting herself on fire last year. [...]",https://ground.news/interest/ktsm
KGBT,Center,Rep. Tony Gonzales drops reelection bid amid pressure over affair scandal,"WASHINGTON — Rep. Tony Gonzales, R-San Antonio, dropped out of his primary runoff Thursday, heeding calls from House Speaker Mike Johnson and other GOP members to end his reelection bid amid revelations that he had an affair with an aide who died by suicide. “After deep reflection and with the support of my loving family, I [...]",https://ground.news/interest/kgbt
YOURBASIN,Center,"Congressman Gonzalez not running again after scandal, tragedy","TEXAS (KMID/KPEJ) - Representative Tony Gonzalez (TX-23) has decided not to seek re-election after admitting to having an affair with a former staff member who later committed suicide. Gonzalez released a statement on the decision as he looks to serve out the rest of his term. ""At 18, I swore an oath to defend our [...]",https://ground.news/interest/yourbasin
BBC News,Center,Tony Gonzales: Texas lawmaker drops re-election bid after admitting affair with aide,The most senior Republicans in Congress had called on him to end his re-election campaign.,https://ground.news/interest/bbc-news_bf95f4
CBS News,Center,Rep. Tony Gonzales drops out of House runoff race after admitting affair with aide,GOP Rep. Tony Gonzales had been in a runoff with Brandon Herrera after Tuesday&#039;s primary in Texas.,https://ground.news/interest/cbs-news
The Texas Tribune,Lean Left,Rep. Tony Gonzales drops reelection bid amid affair scandal,The San Antonio Republican was pushed into a runoff in the primary for his border district. Speaker Mike Johnson and other GOP members had called on him to exit the race.,https://ground.news/interest/the-texas-tribune
KFOX,Right,Congressman Tony Gonzales announces he will not seek reelection,Congressman Tony Gonzales of San Antonio said on Thursday night that he will not seek reelection.,https://ground.news/interest/kfox
Current Revolt,Far Right,BREAKING: TONY GONZALES WILL NOT SEEK RE-ELECTION,"After several high ranking elected officials, including speaker Mike Johnson, called for Gonzales to drop his re-election bid, Gonzales finally announced on X today that he was dropping from the race.Current Revolt was the first to report on this story back in September of last year.Gonzales faced a runoff against Brandon Herrera.This is a developing story.Share",https://ground.news/interest/current-revolt
KSAT 12,Center,Scandal-ridden U.S. Rep. Tony Gonzales drops reelection bid after admitting to affair with staffer,"One day after admitting he had an affair with his staffer, who died by suicide, U.S. Rep. Tony Gonzales is dropping his bid for re-election.",https://ground.news/interest/ksat-12
News 4 San Antonio,Center,US Rep. Tony Gonzales dropping out of race for reelection amid ethics investigation,The announcement comes one day after Gonzales admitted to the affair during an interview on &ldquo;The Joe Pags Show.&rdquo;,https://ground.news/interest/news-4-san-antonio
diario.mx,Center,Representative Tony Gonzales Will Not Seek Re-Election,"Houston, Texas.- Representative Tony Gonzales, a Texas Republican accused of forcing a member of his staff to have sex before committing suicide, said Thursday that he will not seek re-election in the midst of a growing bipartisan protest by his fellow members of the House of Representatives. Mr. Gonzales’ decision to withdraw from the race came in the midst of a fierce primary fight that was overshadowed by text messages that emerged showing hi…",https://ground.news/interest/diariomx
Breitbart,Right,House GOP Leaders Urge Tony Gonzales to Withdraw Amid Ethics Probe,House Republicans call on Tony Gonzales to withdraw his reelection bid as Ethics investigates allegations involving a former staffer.,https://ground.news/interest/breitbart
TMZ,Right,Congressman Tony Gonzales Pulls Plug on Re-Election After Aide's Death,"Congressman Tony Gonzales has finally bowed out on his re-election campaign ... just one day after admitting he had an affair with a staffer who died by suicide. Gonzales, a Texas Republican, announced Thursday night he was dropping out of the GOP…",https://ground.news/interest/tmz
tpr.org,Center,Rep. Tony Gonzales drops reelection bid following scandal and ethics investigation,The San Antonio Republican says he will end his campaign after Republican House leadership called on him to do so amid an ethics investigation.,https://ground.news/interest/tprorg
The Post Millennial,Right,"BREAKING: Texas GOP Congressman Tony Gonzalez ENDS bid for re-election, paving way for Brandon Herrera","“Through the rest of my term, I will continue fighting for my constituents, for whom I am eternally grateful.”",https://ground.news/interest/the-post-millennial
Mediaite,Lean Left,BREAKING: Tony Gonzales Drops Reelection Bid,"Rep. Tony Gonzales (R-TX) withdrew from the Republican primary on Thursday night amid a pressure campaign by fellow Republicans to get the embattled lawmaker to end his reelection bid. In September, Gonzales staffer Regina Ann Santos-Aviles doused herself in gasoline and set herself on fire. She died the next day. Her husband, Adrian Aviles, said his late wife",https://ground.news/interest/mediaite
Just the News,Right,Embattled Rep. Tony Gonzales drops re-election bid after admitting affair with aide,Gonzales was forced into a May runoff on Tuesday against fellow Republican Brandon Herrera in the bid to represent the GOP-leaning congressional district along the U.S.-Mexico border.,https://ground.news/interest/justthenewscom
Le·gal In·sur·rec·tion,Right,House GOP Leadership Asks Embroiled Rep. Tony Gonzales to Drop Out,"Gonzales finally admitted to the affair with the former staffer, who committed suicide last September.",https://ground.news/interest/le-gal-in-sur-rec-tion
KENS,Center,Congressman Tony Gonzales drops reelection bid amid primary race clouded by allegations of affair with staffer,The Texas Republican shared the decision in a late-night post on X.,https://ground.news/interest/kens
KTBC,Center,Tony Gonzales drops out of race for House reelection in Texas,"Once he's officially dropped out, YouTube personality Brandon Herrera will take the GOP nomination by default.",https://ground.news/interest/ktbc
Star Advertiser,Center,GOP Rep. Tony Gonzales to end re-election bid after admitting affair | Honolulu Star-Advertiser,"WASHINGTON >> U.S. Rep. Tony Gonzales, a Texas Republican, will not seek re-election, he said today, following calls from top House Republicans to drop his bid due to allegations that he had an affair with a former staff member who later died by suicide.",https://ground.news/interest/star-advertiser
The Washington Post,Lean Left,House GOP leaders call on Rep. Gonzales to end reelection campaign,"House Republican leaders made the request hours after Gonzales admitted, for the first time, to an affair with a staffer who later died after setting herself on fire.",https://ground.news/interest/the-washington-post
Associated Press News,Lean Left,GOP Rep. Tony Gonzales of Texas ends reelection bid after admitting to affair with aide,"Republican Rep. Tony Gonzales of Texas is withdrawing from his reelection race, after having admitted an affair with a former staff member who later died by suicide.",https://ground.news/interest/associated-press-news
ammoland.com,Right,Gonzales Under Ethics Investigation After Gun Rights Activist Brandon Herrera Forces Runoff,Open the article to view the coverage from ammoland.com,https://ground.news/interest/ammolandcom
Our Sunday Visitor,Right,Washington Roundup: Iran war powers resolution fails; Noem fired; human trafficking bill advances,A war powers resolution seeking to curtail President Donald Trump's military actions in Iran failed in both the Senate on March 4 and the House on March 5. 24 hours ago,https://ground.news/interest/our-sunday-visitor_7a5c97
countervortex.org,Left,US Congress rejects war powers resolution on Iran,"The US Senate turned down a War Powers Resolution (WPR) in a 47-53 vote on March 4, declining to impose limits on President Donald Trump’s ability to wage war with Iran. If it had passed, the resolution would have required President Trump to seek congressional approval prior to any continued military action. The vote mostly fell along party lines, with only two senators crossing the aisle—Kentucky Sen. Rand Paul (R) voted in favor of the resolut…",https://ground.news/interest/countervortexorg
Arab American News,Center,Congress Split as House Blocks Resolution to Stop Trump’s Iran War,"The House narrowly rejected a war powers resolution seeking to halt President Trump’s military campaign against Iran, exposing deep divisions in Congress.",https://ground.news/interest/arab-american-news
Responsible Statecraft,Lean Left,Ignorance about war powers plays right into Trump's hands,"While US bombs Iran, Republican congressional leaders are forfeiting their Constitutional role in major military operations",https://ground.news/interest/responsible-statecraft
Taipei Times,Lean Left,US House rejects effort to stop Trump’s war on Iran,Bringing Taiwan to the World and the World to Taiwan,https://ground.news/interest/taipei-times
Raw Story,Left,'Whining' Republicans secretly trash Trump's Iran war behind his back: lawmaker,"WASHINGTON — Republicans are happy to criticize President Donald Trump’s war on Iran behind closed doors but “willing to give up congressional power” when given chances to actually rein him in, a prominent Democrat charged, shortly before the House of Representatives rejected a bipartisan attempt to assert its constitutional powers.“There is an incredible sense in the Congress in the last year that so many Republicans have been willing to give u…",https://ground.news/interest/raw-story
The New Republic,Left,How Congress Set the Stage for Trump’s Illegal War in Iran,"Generations of lawmakers, straying from the Founders’ ideals—and fears—led inevitably to this era of unaccountable warmongering.",https://ground.news/interest/the-new-republic
The Globe & Mail,Center,Congress blocks bid to limit Trump's war powers amid Iran conflict,The U.S. House of Representatives rejected an effort on Thursday to stop President Donald Trump's air war on Iran and require that any hostilities against Iran be authorized by Congress.,https://ground.news/interest/the-globe-and-mail
Hawaii Tribune-Herald,Center,"House rejects war powers resolution, backs Trump on Iran war","WASHINGTON — The U.S. House of Representatives rejected an effort on Thursday to stop President Donald Trump’s air war on Iran and require that any hostilities against Iran be authorized by Congress, backing the Republican president’s military campaign on the sixth day of the expanding conflict.",https://ground.news/interest/hawaii-tribune-herald
American Greatness,Right,Morning Greatness: House Rejects Iran War Powers Measure › American Greatness,Good Friday morning. Here is what’s on President’s agenda today: 8:00 AM THE PRESIDENT begins Executive Time 1:00 PM THE PRESIDENT participates in Signing Time […] Source,https://ground.news/interest/american-greatness
Hot Air,Right,Clean Sweep: House Makes Iran War Totally Legal Too!,"House Democrats' failed vote legalized Trump's Iran war, endorsing military action under the War Powers Act.",https://ground.news/interest/hot-air
The Dispatch,Right,Lawmakers’ War Experiences Color Views of Iran Action,"Since President Donald Trump first announced strikes on Iran on Saturday, members of Congress who served in Iraq and Afghanistan have had cause to remember their tours of duty in the Middle East and the personal and policy lessons learned from those conflicts.  Following the September 11, 2001, attacks by al-Qaeda, a generation of young Americans joined the military and prepared themselves to make the ultimate sacrifice in service of its people.…",https://ground.news/interest/thedispatchcom
sta.si,Center,Us Congress Rejects Resolution on War Against Iran,"The US House of Representatives on Thursday voted 219-212 to reject a symbolic resolution urging the Donald Trump administration to halt military action against Iran until it receives congressional authorization, US media reported. The Senate rejected a similar resolution the day before.",https://ground.news/interest/stasi
The Independent,Lean Left,Insiders slam CBS News chief Bari Weiss’s ‘propaganda-palooza’ for Trump war in Iran,Critics were reportedly alarmed over the content of broadcasts and a tweet with a fire emoji from Weiss,https://ground.news/interest/the-independent_ff73a6
WGME,Right,Maine Representatives split as House rejects war powers resolution,A measure to rein-in President Donald Trump's authority to wage war in Iran without congressional approval failed in the House Thursday.,https://ground.news/interest/wgme
WWLP,Center,Lawmakers reject proposal to limit military funds for Iran,Congress voted down a War Powers Resolution on Thursday that would have restricted United States military operations in Iran.,https://ground.news/interest/wwlp
Hastings Tribune,Center,The Latest: House joins Senate in rejecting war powers resolution to halt US attacks on Iran,"House lawmakers on Thursday rejected a war powers resolution to halt Trump’s attack on Iran, a day after the Senate voted down a similar measure. In addition, the U.S. Embassy in Kuwait shut down after retaliatory Iranian strikes on the…",https://ground.news/interest/hastings-tribune
Live Mint,Center,"US House rejects war powers resolution, backs ‘war’ on Iran; Democrats say ‘Trump is not a king’",US House joins Senate in rejecting War Powers Resolution to halt Trump's attacks on Iran in a 212-219 vote largely along party lines. The Senate rejected a similar resolution the previous day.,https://ground.news/interest/live-mint
voz.us,Right,Congressional Support for Trump: House of Representatives Also Refuses to Limit Military Actions in Iran · Global Voices,"The U.S. House of Representatives voted Thursday against a bipartisan effort to limit the military action of President Donald Trump's administration in Iran, which in practice allows the Republican president to continue operations in the Persian nation. With 219 votes against and 212 in favour, legislators rejected a resolution on war powers co-sponsored by Republican representative Thomas Massie and Democrat Ro Khanna. Such a move would have ca…",https://ground.news/interest/vozus
Protothema,Right,House of Representatives Rejects Proposal to Limit Trump's Powers in War with Iran,"With 219 votes against and 212 in favor, the resolution seeking Congressional approval for the continuation of military operations was rejected.",https://ground.news/interest/protothema
Los Angeles Times,Lean Left,u.s. House of Representatives Rejects Resolution on War Powers with Iran · Global Voices,"On Thursday, the U.S. House of Representatives narrowly rejected a resolution on war powers to stop President Donald Trump's attacks on Iran, an early signal of concern in Congress over the conflict that is disrupting U.S. priorities inside and outside the country.",https://ground.news/interest/los-angeles-times
Central Maine News,Center,Golden votes with Republicans as House rejects war powers resolution,"Maine's 2nd District congressman and 3 other Democrats strayed from their party, and the measure to halt Trump's attacks on Iran failed by a narrow margin.",https://ground.news/interest/central-maine-news
The Gateway Pundit,Far Right,Iran War Powers Resulution Voted Down in House - 219 to 212,Minuteman III intercontinental ballistic missile launches via Flickr The Iran War Powers Resolution failed to pass a vote in the US House of Representatives today. The War Powers Resolution was rejected – 219 nays to 212 yays. Bill Title and Description: Directing the President pursuant to section 5(c) of the War Powers Resolution to remove United States Armed Forces from unauthorized hostilities in the Islamic Republic of Iran. The vote failed …,https://ground.news/interest/the-gateway-pundit
westvirginiawatch.com,Left,US House also rejects restraint on Trump’s war power in Iran • West Virginia Watch,,https://ground.news/interest/westvirginiawatchcom
Tagesschau,Center,Us House of Representatives Rejects Resolution on Iran War,"According to the Senate, the U.S. House of Representatives has also rejected a resolution that would have given Congress more voice in the war against Iran. The result was, as in the Senate the previous day, scarce: 212 MPs voted in favour, 219 against the resolution.[more]]>",https://ground.news/interest/tagesschau
Common Dreams,Left,"'We Have Only Just Begun,' Hegseth Says as 4 House Dems Join GOP to Back Trump War on Iran","Four House Democrats and the GOP voted down a war powers resolution, enabling Trump's assault on Iran.",https://ground.news/interest/common-dreams
VINnews,Center,House Rejects Measure to Curb Trump’s Iran War Powers,"(AP) – The U.S. House of Representatives rejected a resolution that sought to limit President Donald Trump’s authority to wage war against Iran without congressional approval. Lawmakers voted 219–212 to block the measure. Most Republicans opposed it, joined by four Democrats. Meanwhile, 210 Democrats and two Republicans supported the resolution. The effort was led by […]",https://ground.news/interest/vinnews
KCRG,Center,SHOT DOWN: House torpedoes resolution to limit Trump’s war powers,Republicans vote down a resolution that would have required congressional approval for military operations in Iran,https://ground.news/interest/kcrg
Times-Herald,Center,Garamendi sounds off on failed war powers resolution,"The House of Representatives narrowly rejected a war powers resolution Thursday to halt the Trump administration’s attacks on Iran, with U.S. Rep.  John Garamendi joining the effort to stop the attacks. It’s the second vote in as many days, after the Senate defeated a similar measure along party lines. Following the vote, Garamendi, a Democrat representing District 8, took to social media to express his views, writing on X, “I am proud to announ…",https://ground.news/interest/times-herald
NOS,Right,"Divided over Iran Attacks, but Congress Won't Call Trump to Account","Congressional Democrats have failed to curtail President Trump's war powers. A measure that would have forced Trump to immediately stop attacks in Iran failed today in the House of Representatives, after having already failed in the Senate on Wednesday. Almost a week after the US-Israel attacks on Iran, the debate about the usefulness and necessity of this new war is growing. Trump's own supporters are disappointed with the president who promise…",https://ground.news/interest/nos_4ae905
washingtonstatestandard.com,Left,US House also rejects restraint on Trump’s war power in Iran • Washington State Standard,,https://ground.news/interest/washingtonstatestandardcom
Bangor Daily News,Lean Left,"Jared Golden joins GOP to reject war powers resolution, backs different bill to limit Trump on Iran war","WASHINGTON (Reuters) — The U.S. House of Representatives rejected an effort on Thursday to stop President Donald Trump’s air war on Iran and require that any hostilities against Iran be authorized by Congress, backing the Republican president’s military campaign on the sixth day of the expanding conflict. The vote was 219 to 212, largely along party lines, in the House, where Trump’s fellow Republicans control a narrow majority of seats. Two Rep…",https://ground.news/interest/bangor-daily-news
kentuckylantern.com,Left,KY’s Thomas Massie unsuccessfully pushes US House to restrain Trump’s war power in Iran,,https://ground.news/interest/kentuckylanterncom
Star Advertiser,Center,House turns back bid to restrict Trump’s war powers in Iran | Honolulu Star-Advertiser,"WASHINGTON >> The House voted down an effort today to halt the war against Iran and force President Donald Trump to go to Congress for authorization, as a small bloc of Democrats joined nearly all Republicans in delivering an early sign of support for the war in the Middle East.",https://ground.news/interest/star-advertiser
France24,Center,US Congress narrowly rejects war powers resolution to halt Trump’s Iran attacks,The US House of Representatives on Thursday narrowly rejected a war powers resolution seeking to halt President Donald Trump’s military strikes on Iran. The measure followed a similar Senate defeat a…,https://ground.news/interest/france24
Fox8,Center,Here are the 4 Democrats who opposed the war powers resolution,"Four Democrats defied party leaders on Thursday to oppose a resolution curbing President Trump’s war powers in Iran. Some defections had been expected headed into the vote, given the thorny nature of the conflict and its relationship to Israel, which has divided Democrats on and off of Capitol Hill for years. Before Trump struck Iran [...]",https://ground.news/interest/myfox8com
Upstract,Center,‘HUGE WIN’: House supports president’s freedom to pursue ‘Operation Epic Fury’,"The U.S. Capitol in Washington, D.C. The U.S. House of Representatives has voted 212-219 to support President Donald Trump’s authority to pursue Operation Epic Fury, through which the U.S. and Israel are making sure that Iran no longer can threaten those two countries, and the rest of the world,…",https://ground.news/interest/upstract
Jewish Insider,Right,House defeats Iran war powers resolution,"Good Thursday afternoon, This P.M. edition is reserved for our premium subscribers — offering a forward-focused read on what we’re tracking now and what’s coming next. It’s me again — Danielle Cohen-Kanik, U.S. editor at Jewish Insider and curator, along with assists from my colleagues, of the Daily Overtime. Please don’t hesitate to share your thoughts and feedback by replying to this email. On Our Radar Notable developments and interesting tid…",https://ground.news/interest/jewish-insider
notus.org,Lean Left,Moderate Republicans Back War in Iran Despite Democratic Midterm Threats,"Rep. Ryan Mackenzie said that Republicans “have to be very cautious” that the war against Iran not drag on too long. (Sipa via AP Images)House Republicans largely opposed a resolution Thursday to limit U.S. hostilities in Iran, even as Democrats vow to make them pay in the November midterms.The war powers resolution, led by Democratic Rep. Ro Khanna and Republican Rep. Thomas Massie, called for an immediate halt to U.S. hostilities in Iran. The …",https://ground.news/interest/notusorg
Fortune,Center,"House narrowly rejects resolution to halt Trump's war on Iran. 'Donald Trump is not a king,' says top Dem on Foreign Affairs Committee","In a narrow vote on Thursday, Congress rejected a war powers resolution, which now puts a halt on Trump's attacks against Iran.",https://ground.news/interest/fortune
CTV News,Center,U.S. House narrowly rejects Iran war powers resolution in early test of Trump’s strategy,"The House narrowly rejected a war powers resolution Thursday to halt U.S. President Donald Trump’s attacks on Iran, an early sign of unease in Congress over the rapidly widening conflict that is reordering U.S. priorities at home and abroad.",https://ground.news/interest/ctv-news
The Toronto Star,Lean Left,House narrowly rejects Iran war powers resolution in early test of Trump’s strategy,"It's the second vote in as many days, after the Senate defeated a similar measure along party lines.",https://ground.news/interest/the-toronto-star
Handelsblatt,Right,Congress: Us Mps Set No Limits to Trump's Iran War,"Congress does not put a stop to Trump's actions in Iran: on Wednesday, a motion in the Senate was blocked, and now there was a similar vote in the House of Representatives.",https://ground.news/interest/handelsblattcom
WND,Far Right,'HUGE WIN': House supports president's freedom to pursue 'Operation Epic Fury' * WorldNetDaily * by Bob Unruh,House members block Democrats' plan to handcuff White House,https://ground.news/interest/wnd
wz.de,Center,Us Mps Set No Limits to Trump's Iran War,"Congress does not put a stop to Trump's actions in Iran: on Wednesday, a motion in the Senate was blocked, and now there was a similar vote in the House of Representatives.",https://ground.news/interest/wzde
The Hindu,Lean Left,"U.S. House rejects war powers resolution, backs Trump on Iran war","U.S. House rejects war powers resolution, supporting Trump’s Iran military actions amid partisan divides and ongoing conflict.",https://ground.news/interest/the-hindu
rhodeislandcurrent.com,Left,US House also rejects restraint on Trump’s war power in Iran • Rhode Island Current,,https://ground.news/interest/rhodeislandcurrentcom
Stars and Stripes,Center,House rejects bid to curb Trump’s Iran war powers,The 212-219 vote followed the failure of a similar resolution in the Senate as Republicans maintained the president was within his legal authority.,https://ground.news/interest/stars-and-stripes
Latestly,Right,The Latest: House Rejects War Powers Resolution to Halt Attacks on Iran,"House lawmakers on Thursday rejected a war powers resolution to halt Trump’s attack on Iran, a day after the Senate voted down a similar measure The Latest: House Rejects War Powers Resolution to Halt Attacks on Iran.",https://ground.news/interest/latestly
goulburnpost.com.au,Lean Left,"US House rejects war powers resolution, backs Trump","With a vote of 219 ‌to 212, largely along party lines, the US House of Representatives has rejected...",https://ground.news/interest/goulburnpostcomau
CNN,Lean Left,How each House member voted on Trump’s Iran war powers,The House rejected a war powers resolution on Thursday that would have required the Trump administration to seek congressional approval before continuing military action in Iran.,https://ground.news/interest/cnn
Anadolu Ajansı,Right,US House blocks Iran war powers resolution,Lawmakers vote 212-219 as US strikes against Iran continue - Anadolu Ajansı,https://ground.news/interest/anadolu-ajans
Arizona Mirror,Lean Left,GOP-led Congress completes its surrender to Trump on Iran war as House blocks War Powers Resolution,,https://ground.news/interest/arizona-mirror
Al Jazeera,Lean Left,US House narrowly rejects resolution to end Trump’s Iran war,The US House votes 219-212 against a resolution requiring Congress’s approval for further military action on Iran.,https://ground.news/interest/al-jazeera_1a2e2c
WLTReport,Far Right,BREAKING: House REJECTS Resolution to Limit President Trump's Actions Against Iran,"Attempts to block President Trump's Operation Epic Fury have now failed in both the House and Senate. Last night, the Senate rejected a resolution that would have limited President Trump's military actions against Iran.",https://ground.news/interest/wltreportcom
NDTV,Right,US House Votes Down Bid To Rein In Trump's Iran War Powers,"The US House of Representatives on Thursday rejected an effort to curb Donald Trump's authority to wage war against Iran, as the president faces fierce criticism over launching the conflict without seeking approval from Congress.",https://ground.news/interest/ndtv
TrendingPolitics,Right,JUST IN: House Blocks Effort To Limit Trump's War Powers In Iran Operation,"The U.S. House of Representatives on Thursday rejected a War Powers Resolution aimed at halting President Donald Trump’s ability to lead military operations against Iran. Thursday’s vote comes just a day after a similar measure failed in the Senate. The resolution in question was first introduced on June 17, 2025, when President Trump authorized strikes on Iranian nuclear facilities. Sponsored by Rep. Thomas Massie (R-KY) and later Rep. Ro Khann…",https://ground.news/interest/trendingpoliticsnewscom
The Forward,Lean Left,House defeats Iran war powers resolution as Democrats wrestle with Israel,The failed vote to limit the president’s power exposed growing tension between Democrats aligned with Israel and an anti-war base.,https://ground.news/interest/the-forward
Nebraska Examiner,Lean Left,US House also rejects restraint on Trump’s war power in Iran,,https://ground.news/interest/nebraska-examiner
Worthy Christian News,Center,Iran War Powers Resolution Fails In House,"By Thérèse Boudreaux | The Center Square (Worthy News) – Congressional efforts to halt the U.S. military’s operations in Iran have now failed twice, with the U.S. House tanking a War Powers Resolution only a day after it was rejected in the Senate. Only four Democrats opposed the resolution in the 212-219 vote Thursday. Reps. Thomas Massie, R-Ky., and Don Beyer, R-Va., broke ranks and supported the resolution. “The American people do not want a …",https://ground.news/interest/worthy-christian-news
The Independent (US),Lean Left,House narrowly rejects war powers resolution to halt Trump’s Iran attack,,https://ground.news/interest/the-independentcom
Kokomo Tribune,Lean Left,House and Senate reject war powers resolution proposed by Democrats,The House narrowly rejected a war powers resolution that would halt President Donald Trump’s attack on Iran. Thursday's roll call offers a snapshot of the support and opposition in Congress for the widening conflict that's reordering U.S. priorities at home…,https://ground.news/interest/kokomo-tribune
mainemorningstar.com,Left,Golden splits with Democrats as House rejects restraint on Trump’s war power in Iran,,https://ground.news/interest/mainemorningstarcom
Time Magazine,Lean Left,House Rejects War Powers Resolution on Iran,"The Republican-led House on Thursday rejected a measure aimed at blocking President Donald Trump from carrying out further military strikes on Iran without congressional approval, delivering a victory for the White House even as lawmakers voice deep unease about the widening conflict. The War Powers Resolution, introduced by Reps. Ro Khanna and Thomas Massie, failed in a 212-219 vote after Republican leaders rallied enough support to defeat it, …",https://ground.news/interest/time-magazine
thairath.co.th,Right,The u.s. House of Representatives Voted Down a Bill that Would Limit Trump's Power to Wage War.,"The U.S. House of Representatives voted against a bill that would limit Donald Trump's power to wage war against Iran, by a very narrow margin.",https://ground.news/interest/thairathcoth
KAKE News,Center,House fails to adopt Iran war powers resolution,"The resolution, which only expresses the sentiment of Congress, called on the president to terminate the use of U.S. armed forces in hostilities against Iran or any part of the Iranian government or military unless a declaration of war or…",https://ground.news/interest/kakecom
Haaretz,Lean Left,House vote fails to curb Iran war; Trump: Iran's navy defeated,"The House rejected a war powers resolution aimed at curbing the war on Iran by a vote of 212-219. Trump encouraged Iranian diplomats to cooperate with the U.S., after he said earlier that his administration should choose Iran's next leader",https://ground.news/interest/haaretz
The Lever,Left,Can Congress Stop The Iran War?,"In an exclusive live virtual event, David Sirota sat down with Congressman Ro Khanna (D-Calif.) to discuss his longstanding effort to constrain President Donald Trump’s use of military power and breaking news on the March 5, 2026, House vote on a war powers resolution limiting Trump’s ability to wage unfettered war in Iran. Watch the live event replay:",https://ground.news/interest/the-lever
The Epoch Times,Right,House Rejects Iran War Powers Resolution After Senate Bats It Down,"WASHINGTON—The House of Representatives has knocked down a resolution that would place guardrails on the United States’ ongoing military operations in Iran. A war powers resolution for President Donald Trump’s Operation Epic Fury failed in a 212 to 219 vote on March 5. The resolution would have mandated congressional authorization of American involvement in the conflict, which began with Israeli and American strikes on Iranian targets on Feb. 28…",https://ground.news/interest/the-epoch-times
The Hill,Center,House Republicans sink effort to rein in Trump’s attacks on Iran,"House Republicans on Thursday beat back legislation designed to rein in U.S. military operations in Iran, marking a victory for President Trump and a blow for those hoping to reassert Congress’s unique powers to wage war. The vote was 212-219, with just two Republicans — Reps. Thomas Massie (Ky.) and Warren Davidson (Ohio)",https://ground.news/interest/the-hill
BBC News,Center,US House rejects bid to curb Trump's war powers on Iran,"Democrats have questioned whether the US faced the kind of ""imminent"" threat from Iran that would legally allow the president to take military action on his own.",https://ground.news/interest/bbc-news_bf95f4
HuffPost,Left,House Republicans Shoot Down Effort To Stop Trump’s Iran War,"A symbolic War Powers Resolution vote failed despite bipartisan skepticism of the reasons for ""Operation Epic Fury.""",https://ground.news/interest/huffpost
Bloomberg,Lean Left,US House Rejects War Critics’ Bid to Halt Strikes on Iran,The US House voted down legislation to force a halt to US strikes on Iran as a handful of Democrats joined a nearly united Republican party in rejecting the measure.,https://ground.news/interest/bloomberg
Leader-Telegram,Center,"House narrowly rejects resolution to halt Trump's attack on Iran, an early sign of unease in Congress over the conflict","House narrowly rejects resolution to halt Trump's attack on Iran, an early sign of unease in Congress over the conflict.",https://ground.news/interest/leader-telegram
NBC News,Lean Left,"Republican-led House declines to constrain Trump's war in Iran, just as Senate did",The Republican-controlled Congress narrowly voted against constraining President Donald Trump’s war in Iran.,https://ground.news/interest/nbc-news
Fox News,Right,House votes to let Trump's Operation Epic Fury continue in Iran,The House voted to allow President Donald Trump's Operation Epic Fury to continue despite some Republicans siding with Democrats.,https://ground.news/interest/fox-news_a44aba
CartaCapital,Left,u.s. Chamber Rejected Proposal to Limit Trump's Powers in the War Against Iran,"The measure failed by 219 votes to 2, with 212 abstentions, one day after the Senate rejected a similar text",https://ground.news/interest/cartacapitalcombr
Roll Call,Center,Iran war powers resolution defeated in House,The House on Thursday rejected a war powers resolution that sought to curb ongoing U.S. military operations in Iran.,https://ground.news/interest/roll-call
आज तक,Right,"Us-Israel Attacks Iran Live: Trump Gets a 'Booster' on Iran War, Key Resolution Rejected in Us Parliament","The situation is worsening amid the ongoing Gulf War. US President Donald Trump has expressed a desire to intervene in the election of Iran's next Supreme Leader. Meanwhile, provocative statements from Iran, accusations of Iranian drone attacks on Azerbaijan, and the disruption of shipping in the Strait of Hormuz have further exacerbated the crisis.",https://ground.news/interest/_421d90
Spectrum Local News,Center,House rejects Massie's war powers resolution,"The vote followed hours of debate on Wednesday and the Senate’s rejection of a similar measure from Sen. Rand Paul, R-Ky.",https://ground.news/interest/spectrum-local-news
WCSH,Lean Left,Jared Golden backs President Trump in war powers vote,"After the Senate rejected a similar measure, the House also voted it down as Rep. Jared Golden broke with most Democrats.",https://ground.news/interest/wcsh_6f407b
Townhall,Right,U.S. House Rejects Resolution to Stop Strikes on Iran,U.S. House rejects resolution directing Trump to stop strikes on Iran amid ongoing conflict.,https://ground.news/interest/townhall
Al-Monitor,Lean Left,"US House rejects war powers resolution, backs Trump on Iran war","By Patricia ZengerleWASHINGTON, March 5 (Reuters) - The U.S. House of Representatives rejected an effort on Thursday to stop President Donald Trump's air war on Iran and require that any hostilities against Iran be authorized by Congress, backing the Republican president's military campaign on the sixth day of the expanding conflict.The vote was 219 to 212, largely along party lines, in the House, where Trump's fellow Republicans control a narro…",https://ground.news/interest/al-monitor
The Free Press (Tampa),Right,"Ohio, Texas, California, And Maine Democrats Join House GOP To Reject War Powers Measure - Tampa Free Press","The House of Representatives on Tuesday narrowly defeated a resolution aimed at curbing President Donald Trump’s military operations in Iran, a move bolstered by a small group of breakaway Democrats. The 212–219 vote effectively greenlights the administration’s continued kinetic actions in the Middle East, coming just twenty-four hours after the Senate approved the president’s strategy […] Ohio, Texas, California, And Maine Democrats Join House …",https://ground.news/interest/the-free-press-tampa
La Presse,Lean Left,Conflict in the Middle East: House of Representatives Refuses to Limit Donald Trump's Powers,The US House of Representatives refused on Thursday to limit Donald Trump's powers in the war against Iran in the vote on a resolution.,https://ground.news/interest/la-presse_39d7a8
9NEWS Denver,Center,House narrowly rejects Iran war powers resolution in test of Trump's strategy,The roll call offered a snapshot of the support and opposition in Congress for the widening conflict that's reordering U.S. priorities at home and abroad.,https://ground.news/interest/9news-denver
PBS NewsHour,Lean Left,"House rejects Iran war powers resolution in narrow vote, following Senate's footsteps","The House narrowly rejected a war powers resolution Thursday to halt President Donald Trump's attacks on Iran, an early sign of unease in Congress over the rapidly widening conflict that is reordering U.S. priorities at home and abroad.",https://ground.news/interest/pbs-newshour
The Washington Post,Lean Left,House narrowly rejects Iran war powers resolution in test of Trump's ...,,https://ground.news/interest/the-washington-post
Antiwar.com,Center,House Kills Resolution To Halt Trump's War on Iran - News From Antiwar.com,"The House of Representatives on Thursday voted to kill a resolution meant to halt President Trump's war on Iran without congressional authorization, as US-Israeli airstrikes continue to pound the country. The War Powers Resolution failed in a vote of 212-219, with just two Republicans, Reps. Thomas Massie (KY) and Warren…",https://ground.news/interest/antiwarcom
OPB,Center,House narrowly rejects war powers resolution to halt Trump's attacks on Iran,"The House narrowly rejected a war powers resolution Thursday to halt President Donald Trump’s attacks on Iran, an early sign of unease in Congress over the rapidly widening conflict that is reordering U.S. priorities at home and abroad. It’s the second vote in as many days, after the Senate defeated a similar measure. Lawmakers are confronting the sudden reality of representing wary Americans in wartime and all that entails — with lives lost, do…",https://ground.news/interest/opb
The Christian Post,Right,Operation Epic Fury: Trump’s Iran reckoning and what Christians should pray for,For far too long Iran was able to do so without any answer or response from America. That has ended. #OperationEpicFury #Iran #Trump #AliKhamenei,https://ground.news/interest/christianpostcom
WTVR,Center,House narrowly rejects Iran war powers resolution in early test of Trump's strategy,"The House narrowly rejected a war powers resolution Thursday to halt President Donald Trump's attacks on Iran, an early sign of unease in Congress over the rapidly widening conflict that is reordering U.S. priorities at home and abroad.It's the second vote in as many days, after the Senate defeated a similar measure along party lines. Lawmakers are confronting the sudden reality of representing wary Americans in wartime and all that entails with…",https://ground.news/interest/wtvr
WNTZ FOX 48,Center,Louisiana officials react to firing of Homeland Security Secretary Noem,Louisiana officials react to the firing of former Secretary of Homeland Security Kristi Noem. 19 hours ago,https://ground.news/interest/wntz-cenlanowcom
The Daily Republic,Right,"Kristi Noem could forgo her new federal role for a SD political race, but observers say it’s unlikely","Several South Dakota political insiders think Kristi Noem will stick with her new role in the Trump administration following her dismissal as U.S. Department of Homeland Security secretary, rather than jump into a political race in her home state. Joel Rosenthal is a former chairman of the South Dakota Republican Party. He said Noem returning to state politics is unlikely in the near term, given her new role as special envoy for The Shield of th… 23 hours ago · Fairfield, United States",https://ground.news/interest/the-daily-republic
American Faith,Right,Trump Admin Hosting Historic 'Shield of the Americas' Summit,"The Trump administration is hosting the Shield of the Americas Summit in Doral, Florida, on March 7. Secretary of State Marco Rubio will join President Trump at the event, where the United States will welcome its “strongest likeminded allies in our hemisphere to promote freedom, security, and prosperity in our region.” The “historic coalition” will “work together to advance strategies that stop foreign interference in our hemisphere, criminal an…",https://ground.news/interest/american-faith
The New Yorker,Left,The Curtains Close on the Kristi Noem Show,"Jonathan Blitzer on the news of President Donald Trump removing Kristi Noem, the Secretary of Homeland Security, from her post, and the many problems she’s had in this Administration.",https://ground.news/interest/the-new-yorker
Snopes,Lean Left,16 claims involving Trump's former DHS secretary Kristi Noem we've investigated,"On March 5, 2026, Trump announced he was replacing Noem as Homeland Security Secretary. Her tenure had been rife with controversy.",https://ground.news/interest/snopescom
Zero Hedge,Right,Dems To Keep Blocking DHS Funds Despite Noem Firing,"Dems To Keep Blocking DHS Funds Despite Noem Firing On Thursday, President Donald Trump fired Department of Homeland Security Secretary Kristi Noem and tapped Sen. Markwayne Mullin of Oklahoma as her replacement, marking the first administration shake-up of Trump’s second term. Democrats had been demanding her ouster for months, but they’ve made it quite clear that the move changed nothing in their eyes, and the standoff over DHS funding continu…",https://ground.news/interest/zero-hedge
Afro,Left,No. 47 fires Homeland Security Secretary Noem after mounting criticism over her leadership,"The 47th president has fired Homeland Security Secretary Kristi Noem amid mounting criticism over her leadership, including her handling of the administration's immigration crackdown, disaster response, and department spending. Noem, a former South Dakota governor and close ally of the president, faced bipartisan scrutiny in Congress and public backlash following controversial immigration enforcement actions, including the deaths of two proteste…",https://ground.news/interest/afro
Jyllands-Posten,Right,A Clip From 2023 Says a Lot About Trump's New Strongman. He Got so Excited that Bernie Sanders Had to Stop Him,He is a former MMA fighter and has wanted to fight in the Senate: Now he is Trump's choice for a new Secretary of Homeland Security Markwayne Mullin first caused a stir in 2023. During a hearing in the Senate...,https://ground.news/interest/jyllands-posten
World Socialist Web Site,Left,"Trump fires Noem as DHS secretary, but war on immigrants continues","The move does not represent a shift in policies, but the removal of an official whose provocative statements and blatant corruption had become and obstacle to carrying them out.",https://ground.news/interest/world-socialist-web-site
The Canary,Left,"Trump fires Kristi Noem from Homeland Security role, appoints slightly different fascist","On 5 March, Trump ignominiously sacked Kristi Noem from her state-level role as Homeland Security secretary. Oklahoma senator Markwayne Mullin will take up her place at the end of the month, pending confirmation from the US Senate. Readers will, by now, no doubt be familiar with Noem as the public face of America’s far-right anti-immigration policies. In particular, Noem called both Renee Good and Alex Pretti ‘domestic terrorists’ after their mu…",https://ground.news/interest/the-canary
Vermont Daily Chronicle,Right,Noem ousted as secretary of Homeland Security,Sen. Pete Welch said Noem's leaving office is overdue.,https://ground.news/interest/vermont-daily-chronicle
Inforum,Center,Port: Kristi Noem was a scapegoat for Trump's terrible policies in Minnesota,"MINOT — Former South Dakota Governor Kristi Noem is one of several political figures from our region to have been elevated to the highest levels of government in the Trump era. She's among the first to get thrown under the bus. Noem started as a relatively normal, standard-issue Republican, but went full MAGA. The weirder she got, the higher she seemed to climb. She was a loyal foot soldier for Trump until he needed a scapegoat to sacrifice for …",https://ground.news/interest/inforum
The Week,Lean Left,"Trump ousts Noem, taps Senate ally to lead DHS","What happenedPresident Donald Trump on Thursday fired Homeland Security Secretary Kristi Noem and said he would seek to replace her with Sen. Markwayne Mullin (R-Okla.), a close ally and supporter of Trump’s mass deportation campaign. Noem’s abrupt ouster was the first Cabinet-level sacking of Trump’s second term, and follows months of mounting criticism over her spending of taxpayer money on ads and luxury jets, her handling of ICE’s violent im…",https://ground.news/interest/the-week_fd0add
Financial Post,Right,‘As dead as fried chicken’: Why Trump finally fired Noem,Kristi Noem’s 13-month tenure leading the Department of Homeland Security was marked by controversy. Find out more here,https://ground.news/interest/financial-post
Telegrafi,Lean Left,Did Trump Fire the Secretary of Homeland Security for These Scandals?,"Kristi Noem is no longer the US Secretary of Homeland Security after President Donald Trump dismissed her from office, while behind this decision lies a large number of scandals in which she has been involved. Noem was considered one of the most controversial figures in the Trump administration and remained in this post for a little over a year. Since the beginning of her mandate, given that her ministry oversees the main state institutions for …",https://ground.news/interest/telegrafi
NBC Miami,Lean Left,‘Shield of the Americas' summit to be held in Doral. What is Kristi Noem's new role?,"President Donald Trump on Thursday fired his embattled Homeland Security Secretary Kristi Noem, after mounting criticism over her leadership of the department, including the handling of the administration’s immigration crackdown and disaster response.",https://ground.news/interest/nbc-miami
KAVU,Center,"Who is Markwayne Mullin, Trump's pick for new Homeland Security secretary?",Oklahoma Sen. Markwayne Mullin will replace Kristi Noem as the Secretary of Homeland Security. Here's what to know about Mullin.,https://ground.news/interest/kavu
La Tercera,Right,Why Donald Trump Dismissed Kristi Noem as u.s. Secretary of Homeland Security,"U.S. President Donald Trump announced on Thursday, March 5 the dismissal of Kristi Noem, who has served as secretary of national security since the Republican assumed his second non-consecutive term in early 2025. Through his social networks, he reported that she will be replaced by Republican Senator Oklahoma, Markwayne Mullin, who will assume the management of the said portfolio later this month. Trump said Noem will assume a new position as “…",https://ground.news/interest/la-tercera
Louder With Crowder,Far Right,Flashback to when Trump's new DHS Chair almost beat the tar out of a union boss at a Senate Hearing,"Watch Louder with Crowder every weekday at 11:00 AM Eastern, only on Rumble Premium!Senator and former MMA fighter tried to fight someone in the U.S. Senatepic.twitter.com/mTwzcnbLyv— Bloody Elbow (@BloodyElbow) November 14, 2023 Trump made a roster switch, and Oklahoma Senator Markwayne Mullin will be the new Homeland Security Chairman. Kristi Noem is moving into her new role as the hilariously titled ""Special Envoy for The Shield of the Americ…",https://ground.news/interest/louder-with-crowder
Mashable,Left,Jimmy Kimmel reacts to Trump firing Kristi Noem,Jimmy Kimmel has responded to the news that Donald Trump has fired Secretary of Homeland Security Kristi Noem.,https://ground.news/interest/mashable
One News Page,Center,Who Is Markwayne Mullin? Everything to Know About Donald Trump's New Homeland Security Secretary After Kristi Noem's Firing,"Markwayne Mullin is poised to assume the role of Homeland Security Secretary, replacing ICE Barbie Kristi Noem.",https://ground.news/interest/one-news-page
WJCL,Center,"Trump's big shakeup: DHS Sec. Kristi Noem out, Sen. Markwayne Mullin steps in","President Donald Trump has fired Homeland Security Secretary Kristi Noem, appointing Sen. Markwayne Mullin, R-Oklahoma, to take over the role.",https://ground.news/interest/wjcl
US Daily Report,Right,Melania Trump Saves Kristi Noem From Total Political Execution by Donald Trump in Unexpected Way,"Kristi Noem has been officially removed as the Secretary of Homeland Security, but the “invisible guillotine” failed to drop completely. While Donald Trump was reportedly “mad as a murder hornet” over her $220 million vanity ad campaign and the humiliating and blushing allegation of her affair with Corey Lewandowski, Noem has not been exiled. Instead, she has been placed in a bizarre, cozy and newly minted role that sounds like something straigh…",https://ground.news/interest/us-daily-report
Times Live,Right,"Trump fires Kristi Noem as homeland secretary after storm over shootings, spending","US President Donald Trump fired homeland security secretary Kristi Noem on Thursday after months of controversy, including the fatal shootings of two US citizens by federal officers in Minneapolis and questions over a $220m (R3.66bn) advertising contract.",https://ground.news/interest/times-live
abc10 Sacramento,Center,Trump appoints Kristi Noem as special envoy for new “Shield of the Americas” initiative,Trump appoints Kristi Noem as special envoy for the new “Shield of the Americas” initiative.,https://ground.news/interest/abc10-sacramento_50e928
WIN,Right,President Trump fires DHS secretary Kristi Noem,"In a post on X, Noem thanked Trump for her new role and praised DHS’ “historic accomplishments.” By Eitan Devir, Jewish Breaking News President Donald Trump has announced that he has fired Secretary of Homeland Security Kristi Noem and will appoint U.S. Senator Markwayne Mullin of Oklahoma as the new head of the Department of Homeland Security. In a social media post, President Trump said that Noem will instead transition to a new role as Specia…",https://ground.news/interest/win
El Debate,Right,Trump Appoints Kristi Noem as Head of the « Shield of the Americas» While Democrats Seek to Investigate Her,Donald Trump will officially announce his position during this weekend’s Miami summit with Hispanic American presidents,https://ground.news/interest/el-debate
Pink News,Left,Who is Trump's Homeland Security pick Markwayne Mullin and what's his LGBTQ+ stance?,"US President Donald Trump has fired controversial Homeland Security secretary Kristi Noem, and announced Oklahoma Senator Markwayne Mullin will be her replacement. But who is he, and what is his stance on LGBTQ+ rights and other issues? The first-term senator, who, according to the BBC, is a former mixed martial arts fighter, has been a staunch supporter of Trump and his policies, so as you can probably imagine, he’s not exactly a progressive fi…",https://ground.news/interest/thepinknewscom
The Savage Nation,Far Right,MichaelSavage.com – Kristi Noem Out: Trump Picks Sen. Markwayne Mullin as Replacement,"President Donald Trump has announced that he will nominate Sen. Markwayne Mullin to replace Kristi Noem as chief of the Department of Homeland Security. He posted on Truth Social: I am pleased to announce that the Highly Respected United States Senator from the Great State of Oklahoma, Markwayne Mullin, will become the United States Secretary…",https://ground.news/interest/the-savage-nation
The Media Line,Right,President Trump Fires Department of Homeland Security Secretary Kristi Noem,President Donald Trump dismissed Department of Homeland Security […] The post President Trump Fires Department of Homeland Security Secretary Kristi Noem appeared first on The Media Line.,https://ground.news/interest/the-media-line
iNews,Center,Trump has a dangerous new red line for his attack dogs,"There is an old saying in politics: if you want loyalty, get a dog. The trouble for Kristi Noem is that she infamously shot hers as a 14-month-old puppy after failing to train it properly. So, freshly fired by Donald Trump, she has absolutely nowhere left to turn. For her 13 months in post as US Homeland Security Secretary, Noem acted like the very model of a senior Trumpian official, right down to her choice of scandals. Every kind of excessive…",https://ground.news/interest/inews
SDPnoticias.com,Lean Left,Trump and the Shield of Superheroes for Noem,"In U.S. politics there are destitutions, forced resignations, and elegant reassurances. And then there's what Donald Trump has just done with Kristi Noem: removing her from the National Security Secretariat to put her at the forefront of a brand-new project called “escudo of the Americas,” a name that sounds more like Hollywood franchise than public policy.Because it has to be said bluntly: when a government announces something with the name of …",https://ground.news/interest/sdpnoticiascom
La Jornada,Left,Kristi Noem: Symbol of Trumpism,"The President of the United States, Donald Trump, announced the dismissal of Kristi Noem as head of the National Security Secretariat (DHS) and his replacement by Senator, former deputy and former mixed martial arts fighter Markwayne Mullin. Although the president complied with the convention to praise the work of the dismissed official and anticipated her appointment as “special envoy for the Shield of the Americas, our new security initiative …",https://ground.news/interest/la-jornada
NY Daily News,Lean Left,Firing Kristi Noem: So long to a secretary who made a mockery of our government,"President Trump had good cause yesterday to fire Kristi Noem from being homeland security secretary, giving her the ax via social media post, with Trump announcing that she was being replaced by Oklahoma Sen. Markwayne Mullin, apparently without bothering to inform her first. That followed her disastrous congressional testimony just the prior day, in which Noem had gotten rare bipartisan flak for her mismanagement, including misspending hundreds…",https://ground.news/interest/ny-daily-news
franceinfo.fr,Lean Left,"Donald Trump Dismisses the u.s. Minister of Homeland Security, Whom He Wants to Replace with an Mma Veteran","The U.S. president announced on Thursday the dismissal of Kristi Noem, one of the leading figures in the policy of mass expulsions of immigrants to the United States. He wants to appoint Markwayne Mullin, a U.S. senator of Cherokee origin, particularly known for his career in MMA.",https://ground.news/interest/franceinfofr
Variety,Lean Left,Jimmy Kimmel on Trump Firing Homeland Security Secretary Kristi Noem: ‘The Funniest Thing Would Be If They Deport Her to El Salvador’,"On Thursday's 'Jimmy Kimmel Live' monologue, the host addressed Trump firing Homeland Security Secretary Kristi Noem.",https://ground.news/interest/variety
Owensboro Messenger-Inquirer,Right,Trump fires Noem after mounting criticism over her leadership,President Donald Trump has fired his embattled Homeland Security Secretary Kristi Noem. Trump said he was nominating Oklahoma Republican Sen. Markwayne Mullin for the position in an announcement on social media on Thursday. The announcement came after Noem faced a…,https://ground.news/interest/owensboro-messenger-inquirer
Irish Independent,Right,Trump fires Homeland Security boss Noem after hearings row,"Kristi Noem, who oversaw US president Donald Trump’s aggressive immigration crackdown and faced bipartisan criticism in hearings this week, will leave her role as homeland security chief at the end of the month.",https://ground.news/interest/independentie
Schweizer Radio und Fernsehen (SRF),Lean Left,Trump Dismisses Minister Kristi Noem – Background and Consequences,What happened to the Minister for Internal Security and who is now taking over – the most important answers.,https://ground.news/interest/schweizer-radio-und-fernsehen-srf
la Nacion,Right,What Is the “Shield of the Americas”: Kristi Noem’s New Role,President Donald Trump dismissed Kristi Noem from office as Secretary of National Security (DHS) and appointed her special envoy for the Shield of the Americas. The decision came after a series of hearings in Congress where the official received criticism from Democratic and Republican legislators.What is the Shield of the Americas?The Shield of the Americas is a new regional security initiative. The project seeks to consolidate a coalition of L…,https://ground.news/interest/la-nacion_7042bc
abc 15 Arizona,Center,"AM Roundup: DHS Sec. Noem out, Kehlani to perform in Phoenix, Chandler VFW post set to reopen","We're highlighting recent top stories and the latest forecast to start your day on this Friday, March 6.",https://ground.news/interest/abc-15-arizona
KFOR-TV,Center,Speculation begins over who could replace Mullin in the Senate,"With Sen. Markwayne Mullin tapped by President Donald Trump to serve as Secretary of Homeland Security, Oklahoma will soon have a rare open U.S. Senate seat—and political observers say the speculation about who might fill it has already begun.",https://ground.news/interest/kfor-tv
The Wrap,Lean Left,Chris Hayes Sounds Off on Kristi Noem's Ousting From DHS: 'Spectacular and Humiliating',"Chris Hayes ripped into departing Homeland Security Secretary Kristi Noem, calling her ousting from DHS “spectacular and humiliating.” During Thursday’s “All in With Chris Hayes,” the MS NOW host weighed in on President Donald Trump’s decision to replace Noem with Sen. Markwayne Mullin (R-OK), noting that the latter “may be no better,” but that he wanted to focus solely on Noem’s ignominious cabinet career. “Well, the tenure of the worst Secreta…",https://ground.news/interest/the-wrap
KMIZ,Center,"¿Quién es Markwayne Mullin, nombrado por Trump para reemplazar a Kristi Noem como secretario de Seguridad Nacional?","Por Michael Williams El presidente Donald Trump anunció el jueves que destituía a la secretaria del Departamento de Seguridad Nacional, Kristi Noem, y que el senador republicano Markwayne Mullin, de Oklahoma, la reemplazaría. Mullin, un senador de primer mandato que ha ocupado ese cargo desde 2023, es un exdeportista de arte marcial mixto y empresario que es un fuerte partidario de la política de inmigración estricta de Trump. Miembro inscrito d…",https://ground.news/interest/kmiz
National Memo,Left,Rejoicing Greets Dismissal Of Corrupt Cosplay Queen Noem From DHS Post,"If you haven’t already heard, puppy killer Kristi Noem has been fired from her position as Homeland Security secretary. Noem was an easily identifiable villain, epitomizing the corruption and cruelty of the entire Trump enterprise. And that reputation was on full display during her appearances before congressional committees this week.Now people from across the political spectrum are celebrating her ouster. Screenshot of a post captioned, “Justi…",https://ground.news/interest/national-memo
Sons of Liberty Media,Far Right,"Trump Fires Kristi Noem, Good Riddance » Sons of Liberty Media","Noem wins the prize for first to hear “You’re Fired”. Is Bondi next? Live Update In the time it took to write this post. Trump Fired Noem. Truth Social: I am pleased to announce that the Highly Respected United States Senator from the Great State of Oklahoma, Markwayne Mullin, will become the United States Secretary …",https://ground.news/interest/sons-of-liberty-media
voz.us,Right,"""There's a Lot of Work We Need to Do"": Senator Mullin's First Statements After Being Nominated by Trump for the Dhs","Markwayne Mullin spoke after being nominated by Donald Trump as new secretary of national security. Oklahoma Republican was approached by journalists on his arrival at the Capitol, where he was surprised and grateful for Trump’s decision. He even revealed that he learned shortly before the official publication on Truth Social. Read more",https://ground.news/interest/vozus
GB News,Right,Donald Trump axes Kristi Noem as Homeland Security Secretary in top team shake-up,President Donald Trump has removed Kristi Noem as Homeland Security Secretary in a cabinet shake-up,https://ground.news/interest/gbnewscom
Rappler,Lean Left,"Trump fires homeland secretary after storm over shootings, spending","WASHINGTON, USA – US President Donald Trump fired Homeland Security Secretary Kristi Noem on Thursday, March 5, after months of controversy, including the fatal shootings of two US citizens by federal officers in Minneapolis and lawmakers’ questions over a $220 million advertising contract. The Republican president will tap Oklahoma Senator Markwayne Mullin to replace her by the end of the month, he said on his Truth Social platform Thursday. Th…",https://ground.news/interest/rappler_028051
The Star Kuala Lumpur,Right,Trump fires Homeland Security Secretary Kristi Noem amid criticism over immigration enforcement,WASHINGTON: President Donald Trump has fired his embattled Homeland Security Secretary Kristi Noem and says he will nominate Oklahoma Republican Senator Markwayne Mullin in her place. Read full story,https://ground.news/interest/the-star-kuala-lumpur
CBS 17,Center,North Carolina lawmakers react after Kristi Noem removed as DHS secretary,The removal of Kristi Noem as the Secretary of the U.S. Department of Homeland Security is drawing reactions from lawmakers in North Carolina.,https://ground.news/interest/cbs-17
cascadepbs.org,Lean Left,Trump fires Noem amid controversies over DHS leadership,"Homeland Security Secretary Kristi Noem was ousted in the first Cabinet shakeup of President Trump's second term. She received bipartisan criticism for the agency’s handling of the immigration crackdown, delays in emergency response and self-promotion in a nine-figure ad campaign. Lisa Desjardins reports.",https://ground.news/interest/cascadepbsorg
Malay Mail,Right,"Trump sacks Kristi Noem as DHS secretary, replaces her with ‘MAGA Warrior’ Markwayne Mullin","WASHINGTON, March 6 — US President Donald Trump on Thursday fired Kristi Noem as head of the Department of Homeland Security, the agency responsible for carrying out his sweeping immigration crackdown.Trump, in a post on Truth Social, said Markwayne Mullin, 48, a Republican senator from Oklahoma, would take over the powerful department on March 31.According to multiple media reports, Trump was upset with Noem’s handling of the recent large-scale…",https://ground.news/interest/malay-mail
KGBT,Center,Border Report Live: Trump fires DHS Secretary Noem,The sudden firing of Homeland Security Secretary Kristi Noem on Thursday reverberated from the halls of Congress to border communities.,https://ground.news/interest/kgbt
FOX 5 San Diego,Center,San Diegans and local officials react to Kristi Noem's departure from DHS,"SAN DIEGO (FOX5/KUSI)--During the weekly ICE Out San Diego protest in front of the Edward J. Schwartz Federal courthouse Thursday morning, protesters got the news that Department of Homeland Security Secretary Kristi Noem is being replaced and will take a new role as the Special Envoy for the Shield of the Americas. “It was a [...]",https://ground.news/interest/fox-5-san-diego
timcast,Right,TRUMP FIRED DHS HEAD KRISTI NOEM | Timcast IRL #1463 w/ Clinton Ohlers,"Try my favorite sleep aid, Beam Dream: https://shopbeam.com/TIMPOOL and use code TIMPOOL for up to 40% off—limited time.",https://ground.news/interest/timcast
Star Tribune,Lean Left,Minnesota Democrats rejoice over Kristi Noem’s firing,Many state politicians were quick to chastise the ousted Department of Homeland Security secretary.,https://ground.news/interest/star-tribune
KCRG,Center,Funding for Dept. of Homeland Security still unclear,President Trump fires Kristi Noem just as the Congress votes again on funding the Department of Homeland Security.,https://ground.news/interest/kcrg
thepress.net,Center,Dems Still Calling for Investigations of Fired DHS Sec Kristi Noem,"Department of Homeland Security Secretary Kristi Noem is the first to go in the second Trump administration. Marred by controversy, she was fired by the president in a social media post after bruising back-to-back hearings in the House and Senate.…",https://ground.news/interest/thepressnet
Conservative Firing Line,Far Right,"Trump Abruptly Fires DHS Secretary Noem, Nominates Sen Markwayne Mullin ⋆ Conservative Firing Line","The following article, Trump Abruptly Fires DHS Secretary Noem, Nominates Sen Markwayne Mullin, was first published on Conservative Firing Line. In a surprise move on March 5, President Trump announced that DHS Secretary Noem would be replaced effective March 31. In her stead, he nominated Oklahoma Senator Markwayne Mullin. He told Kristi Noem that she would be sent to a new position. “The current Secretary, Kristi Noem, who has served us well, …",https://ground.news/interest/conservative-firing-line
Independent Sentinel,Right,"Kristi Noem: Special Envoy for ""Shield of the Americas""","After she was removed from her position at Homeland Security, Secretary Noem was given the position of special envoy for “Shield of the Americas,” which will hit similar issues,  including immigrants in the country illegally, transnational trafficking, and border crossings. It involves a regional coalition of Latin American countries that will work together on ideological […] The post Kristi Noem: Special Envoy for “Shield of the Americas” appea…",https://ground.news/interest/wwwindependentsentinelcom
Hastings Tribune,Center,Trump wants Oklahoman to replace Noem at DHS,WASHINGTON — President Donald Trump’s move Thursday to oust Department of Homeland Security Secretary Kristi Noem and replace her with Oklahoma Republican Sen. Markwayne Mullin drew at least one Democrat’s support.,https://ground.news/interest/hastings-tribune
Neue Zürcher Zeitung,Right,White House Takes Hold: Trump Replaces Kristi Noem with Markwayne Mullin,"The American president appoints Senator Markwayne Mullin as the new head of the Department of Domestic Security. He replaces the incumbent, who recently also snubbed allies. However, a change of course in immigration policy is not to be expected.",https://ground.news/interest/neue-zurcher-zeitung
The Hill,Center,How Kristi Noem finally lost Trump’s trust,"Kristi Noem’s assertion at a Senate hearing Tuesday that President Trump had given his blessing to a $220 million Department of Homeland Security (DHS) advertising campaign promoting Noem’s leadership was the final straw that cost the DHS secretary her job on Thursday, according to Republican senators and other sources familiar with the events. Trump considered…",https://ground.news/interest/the-hill
आज तक,Right,"Donald Trump's Patience Broke, He Filed a Fir Against This Official.","President Donald Trump's administration has undergone a major reshuffle. Kristi Noem has been removed from her position as head of the US Department of Homeland Security, replacing Senator Markwayne Mullin. Noem was already embroiled in immigration crackdowns, expensive campaigns, and personal controversies.",https://ground.news/interest/_421d90
abc 7 Chicago,Center,"Mayor Johnson, state officials applaud Noem DHS firing: 'She will not be missed in Chicago'",The firing of DHS Secretary Kristi Noem is something many Chicagoans have called for over the last several months.,https://ground.news/interest/abc-7-chicago
What The Fuck Just Happened Today?,Lean Left,Day 1871: “Getting screamed at to find some good news.”,"Today in one sentence: Trump fired Homeland Security Secretary Kristi Noem and replaced her with Sen. Markwayne Mullin; Senate Democrats blocked a Republican bill to reopen the Department of Homeland Security for a third time; the House rejected a bipartisan effort to force Trump to seek congressional approval for continued military action in Iran; Trump said he wasn’t concerned about rising gasoline prices caused by the Iran war, saying “if the…",https://ground.news/interest/what-the-fuck-just-happened-today
Bemidji Pioneer,Right,Minnesota leaders react to Kristi Noem's ouster from DHS,"ST. PAUL — Minnesota Democrats are saying the departure of Secretary Kristi Noem from the Department of Homeland Security is overdue, while Republicans have yet to comment. President Donald Trump announced Noem's departure in a Truth Social post on Thursday, March 5. He tapped Oklahoma Republican Sen. Markwayne Mullin to replace Noem — a move that would require Senate confirmation. ""The current Secretary, Kristi Noem, who has served us well, and…",https://ground.news/interest/bemidji-pioneer
Le Parisien,Right,"""Good Riddance, It Was a Disaster"": Why Donald Trump Ended up Dismissing Kristi Noem, His Minister of the Interior","Kristi Noem, one of the leading figures in the US President's policy of mass expulsions of immigrants, was dismissed this Thursday by US President Donald Trump, who eventually released her after several events that were seen as political mistakes.",https://ground.news/interest/le-parisien
Newsday,Center,'Good riddance': NY Democrats hail Kristi Noem's ouster as DHS secretary,Her dismissal follows a tumultuous tenure.,https://ground.news/interest/newsday
Our Sunday Visitor,Right,"With Noem out, Catholic immigration advocates call for change in administration immigration policy",Catholic immigration advocates are calling for change at DHS after President Trump announced March 5 that Kristi Noem is leaving her post.,https://ground.news/interest/our-sunday-visitor_7a5c97
L.A. TACO,Left,Donald Trump Reassigns Kristi Noem As Special Envoy—Markwayne Mullin To Take Over As U.S. Secretary of DHS,"Former DHS Secretary Kristi Noem has been reassigned to the role of “Special Envoy for the Shield of the Americas,” which will have its first meeting with like-minded right-wing leaders from 12 Latin American countries. Mullin, who is currently a House Representative for Oklahoma’s 2nd district, will take on the role of Secretary of DHS at the end of the month, where he’ll likely be ready to take on all of the U.S. in a fistfight. The post Donal…",https://ground.news/interest/la-taco
Fox 10 Phoenix,Center,Kristi Noem ousted from DHS,"Former South Dakota Governor Kristi Noem is out as the head of the U.S. Department of Homeland Security, but she will serve the Trump administration in a new capacity.",https://ground.news/interest/fox-10-phoenix
The Washington Hispanic,Center,Trump Fires National Security Secretary Noem After Growing Criticism of His Leadership · Global Voices,"President Donald Trump fired Thursday his besieged National Security Secretary, Kristi Noem, after mounting criticism of his leadership in the department, including handling the government's immigration offensive and responding to the Trump disaster, who said he would nominate Oklahoma Republican Senator Markwayne Mullin in his place, made the announcement on social media after Noem faced a two-day interrogation at the Capitol this week by membe…",https://ground.news/interest/washington-hispanic
DNyuz,Right,Kristi Noem was a nightmare for immigration hawks,"Update: President Donald Trump announced Thursday he was firing his homeland security secretary, Kristi L. Noem, and nominating Sen. Markwayne Mullin (R-Oklahoma) to replace her. For all the Trump administration’s insistence on the importance of deporting criminals, no one has made the job as complicated as Homeland Security Secretary Kristi L. Noem. Which is why on Tuesday, at a hearing of the Senate Judiciary Committee, some of the most causti…",https://ground.news/interest/dnyuz
The Japan Times,Center,Trump replaces Kristi Noem as homeland chief after rocky tenure,"After months of controversy, the U.S. president announced Oklahoma Sen. Markwayne Mullin as Noem’s successor.",https://ground.news/interest/the-japan-times
KELO,Center,Noem's tenure as Secretary of Homeland Security,"SIOUX FALLS, S.D. (KELO)--President Donald Trump is replacing his embattled Homeland Security Secretary Kristi Noem after mounting criticism of her leadership, including her handling of the administration's immigration crackdown and disaster response. The former South Dakota Governor is the first Cabinet secretary to leave during Trump's second term. After being nominated by President Trump and [...]",https://ground.news/interest/kelo
Vox,Left,"The firing of Kristi Noem, briefly explained","Former Homeland Security Secretary Kristi Noem at a Senate Judiciary Committee hearing in Washington, DC, on March 3, 2026. | Mandel Ngan/AFP via Getty Images This story appeared in The Logoff, a daily newsletter that helps you stay informed about the Trump administration without letting political news take over your life. Subscribe here. Welcome to The Logoff: Homeland Security Secretary Kristi Noem is out of a job. What happened? Noem was fir…",https://ground.news/interest/vox
thelist.com,Lean Left,Kristi Noem's DHS Replacement Has An Embarrassing Scandal That's A Little Too On The Nose,"Kristi Noem endured her share of scandals as DHS secretary, but her replacement, Markwayne Mullin, comes with one in tow. Feeling nosey? Here's what happened.",https://ground.news/interest/thelistcom
Kron 4 News,Center,Ousted DHS Sec. Noem says she and SF Mayor Daniel Lurie ‘talk quite often’,"SAN FRANCISCO (KRON) -- Ousted U.S. Department of Homeland Security Sec. Kristi Noem had some complimentary words for San Francisco's mayor Thursday. Speaking at a police conference in Nashville just moments after being relieved of duty by President Donald Trump, Noem praised SF Mayor Daniel Lurie as being ""cooperative."" ""So, you maybe have some challenges in San Francisco just because of your state laws and local laws, although you've got a gre…",https://ground.news/interest/kron-4-news
The Tribune-Democrat,Lean Left,Trump fires Homeland Security chief Noem after mounting criticism over her leadership,"President Donald Trump fired his embattled Homeland Security Secretary Kristi Noem Thursday, after mounting criticism over her leadership of the department, including the handling of the administration’s immigration crackdown and disaster response.",https://ground.news/interest/the-tribune-democrat
The 19th,Lean Left,"As Kristi Noem exits post, her ‘ICE Barbie’ shadow remains","Few, if any, of Donald Trump’s Cabinet members have featured themselves so prominently as a figurehead within their agencies as former Department of Homeland Security Secretary Kristi Noem.  The South Dakota Republican centralized herself at many turns throughout her tenure. She posed with loaded guns next to immigration enforcement officers. She appeared at briefings decked out in tactical gear. She visited active operations, with constant in-h…",https://ground.news/interest/the-19th
Latestly,Right,Trump Taps Oklahoma Sen. Markwayne Mullin for DHS After Noem Ouster,President Donald Trump’s plans to nominate Sen. Markwayne Mullin of Oklahoma to take over as Homeland Security secretary follow a meteoric political rise for the plumbing company owner who was first elected to Congress in 2012 Trump Taps Oklahoma Sen. Markwayne Mullin for DHS After Noem Ouster.,https://ground.news/interest/latestly
Express US,Right,Trump sends 'tough' message to Pam Bondi just hours after Noem brutally fired,"Donald Trump issued a ""tough"" message in the form of a veiled threat to Attorney General Pam Bondi hours after firing DHS Secretary Kristi Noem",https://ground.news/interest/the-expresscom
EDP,Center,Donald Trump replaces Kristi Noem as homeland security secretary,Mr Trump said he will make Ms Noem a special envoy for The Shield of the Americas.,https://ground.news/interest/edp
Block Club Chicago,Lean Left,Pritzker Trolls Kristi Noem After Her Ouster As Homeland Security Boss,"""Don’t let the door hit you on the way out,"" the Illinois governor wrote in a post on social media after the president's announcement.",https://ground.news/interest/block-club-chicago_c5918a
PolitiFact,Lean Left,Looking back at DHS Secretary Kristi Noem’s falsehoods,Trump fired Kristi Noem and is nominating Oklahoma Sen. Markwayne Mullin as Homeland Security Secretary. We look back at Noem’s falsehoods about immigration.,https://ground.news/interest/politifact
Pittsburgh Post-Gazette,Center,Sen. John Fetterman quickly backs Trump's new DHS pick after Kristi Noem is fired,WASHINGTON — U.S. Sen. John Fetterman immediately threw his support behind Donald Trump’s new pick to lead the Department of Homeland...,https://ground.news/interest/pittsburgh-post-gazette
Buzzfeed,Lean Left,"Kristi Noem Is Officially Out As Head Of DHS, And The Internet Has A LOT To Say About It",That new job title should look very interesting on a business card.View Entire Post ›,https://ground.news/interest/buzzfeed
The Oregonian,Center,‘See you at Nuremberg 2.0.’ Oregon senator blasts outgoing Homeland Security secretary,Democrats wasted no time piling on after President Donald Trump fired Homeland Security Secretary Kristi Noem on Thursday.,https://ground.news/interest/the-oregonian
Central Maine News,Center,‘Long overdue’: Maine lawmakers react to Trump firing Kristi Noem,"Noem's tenure as U.S. Department of Homeland Security secretary was 'one of the most corrupt, reckless and disgraceful chapters in the department's history,' one of Maine's representatives said.",https://ground.news/interest/central-maine-news
El Financiero,Right,Trump Fires Kristi Noem: Name Mixed Martial Arts Expeller as Secretary of Security · Global Voices,"President Donald Trump fired U.S. Secretary of Homeland Security Kristi Noem, and instead announced that Markwayne Mullin, a mixed martial arts exiler and Republican senator from Oklahoma, will enter. “I am pleased to announce that the highly respected U.S. senator from the great state of Oklahoma, Markwayne Mullin, will take up the post of Secretary of National Security,” the president announced on his social networks. At the same time, Trump a…",https://ground.news/interest/el-financiero
Conservative Review,Right,'Historic accomplishments': Kristi Noem puts positive spin on DHS ouster,"President Donald Trump declared Thursday that Homeland Security Secretary Kristi Noem would soon no longer lead the agency.Trump announced that Sen. Markwayne Mullin (R-Okla.) will take over for Noem on March 31, adding that she would be tapped as the special envoy for the Shield of the Americas, a new security initiative in the Western Hemisphere.'In this new role, I will be able to build on the partnerships and national security expertise, I f…",https://ground.news/interest/conservative-review
The Free Press (Tampa),Right,New Jersey Sen. Cory Booker Calls For 'Accountability' After Kristi Noem Exits DHS Post - Tampa Free Press,"Senator Cory Booker (D-NJ) spoke with reporters on Capitol Hill Thursday following news that Kristi Noem has left her position as Secretary of the Department of Homeland Security. The New Jersey Senator, who had previously called for Noem to step down or face impeachment, stated that her departure does not resolve deeper issues within the […] New Jersey Sen. Cory Booker Calls For ‘Accountability’ After Kristi Noem Exits DHS Post",https://ground.news/interest/the-free-press-tampa
insidetrade.com,Center,"Noem, out at DHS, named special envoy for Latin American security initiative","Homeland Security Secretary Kristi Noem will step down from her position and become a special envoy for a Latin American security initiative set to be announced this weekend, President Trump said on Thursday. Sen. Markwayne Mullin (R-OK) will succeed Noem as the head of DHS, Trump said in a Thursday post to Truth Social. DHS has been partially shut down since mid-February after lawmakers failed to fund the agency amid calls from Democrats to neg…",https://ground.news/interest/insidetradecom
The Daily Signal,Right,‘HUMBLING’: Markwayne Mullin Reacts to Being Appointed Next DHS Secretary,"President Trump has nominated Oklahoma Republican Sen. Mullin as the next Department of Homeland Security secretary, replacing Kristi Noem.",https://ground.news/interest/the-daily-signal
American Greatness,Right,Kristi Noem Out as Homeland Security Secretary; Sen. Markwayne Mullin Tapped to Take Her Place › American Greatness,"President Trump announced Thursday that he is replacing Department of Homeland Security Secretary Kristi Noem with Senator Markwayne Mullin (R-Okla.) effective March 31, 2026. Trump […] Source",https://ground.news/interest/american-greatness
100% FED UP!,Far Right,Kristi Noem Releases First Statement After Being FIRED * 100PercentFedUp.com * by Anthony,"President Trump shook things up on Thursday afternoon. As previously reported by theWLT Report, President Trump has fired Kristi Noem […]",https://ground.news/interest/100percentfedupcom
Military.com,Center,Trump Dumps Kristi Noem as Head of Homeland Security,"Noem is being replaced by Sen. Markwayne Mullin, described by Trump as a ""MAGA warrior.""",https://ground.news/interest/militarydotcom
조선일보,Right,"Trump Fires Loyalist Homeland Security Secretary Amid Controversy, Marking First Cabinet Shakeup of His Second Term.","Trump fires loyalist Homeland Security secretary amid controversy. President Donald Trump abruptly fired Department of Homeland Security Secretary Kristi Nome, marking the first Cabinet change since his second term in office. On the 5th (local time), President Trump posted on social media, ""Kristi Nome has done a great job and has done many amazing things.""",https://ground.news/interest/chosuncom
thairath.co.th,Right,Trump Dismisses Christy Noem From Her Position as Secretary of Homeland Security.,Trump fired Christie Noem from her position as Secretary of Homeland Security after facing heavy criticism for her crackdown on immigrants in Minnesota and her $220 million advertising campaign.,https://ground.news/interest/thairathcoth
TRISTATEHOMEPAGE,Center,Local leaders’ reactions to Trump firing Kristi Noem,"HENDERSON, Ky. (WEHT) — President Trump announced on social media that he is replacing Homeland Security Secretary Kristi Noem with Oklahoma Republican Sen. Markwayne Mullin. The announcement…",https://ground.news/interest/tristatehomepage
Pharos-Tribune,Lean Left,Trump fires Homeland Security Secretary Noem after mounting criticism over her leadership (copy),President Donald Trump has fired his embattled Homeland Security Secretary Kristi Noem. Trump said he was nominating Oklahoma Republican Sen. Markwayne Mullin for the position in an announcement on social media on Thursday. The announcement came after Noem faced a…,https://ground.news/interest/pharos-tribune
WPDE,Right,Graham & Scott praise Trump’s DHS pick Markwayne Mullin after Noem ouster amid criticism,Sens. Lindsey Graham and Tim Scott were supportive of President Donald Trump picking Markwayne Mullin to lead the Department of Homeland Security.,https://ground.news/interest/wpde_b0f2c8
GMA Filipino News,Lean Left,"Trump ousts Kristi Noem, names Oklahoma senator as homeland security nominee","Kristi Noem, who oversaw U.S. President Donald Trump's aggressive immigration crackdown and faced bipartisan criticism in hearings this week, will leave her role as homeland security chief at the end of the month.",https://ground.news/interest/gma-filipino-news
Upstract,Center,"‘Good riddance’: Trump fires Kristi Noem from DHS, names ‘MAGA warrior’ as replacement","This story originally appeared in Common Dreams on Mar. 05, 2026. It is shared here under a Creative Commons (CC BY-NC-ND 3.0) license. Amid mounting calls for the ouster of US Homeland Security Secretary Kristi Noem over her department’s deadly immigration operations and detention facilities…",https://ground.news/interest/upstract
We Got This Covered,Lean Left,"Donald Trump 'furious' with Kristi Noem, privately asking Republicans if he should fire the Homeland Security Secretary","President Trump has been privately asking Republican lawmakers whether he should fire Homeland Security Secretary Kristi Noem. These conversations happened after Noem faced tough questioning during congressional hearings this week, and the president was reportedly unhappy with what he heard. According to Mediaite, Trump was particularly upset by Noem’s testimony before Senate and House Judiciary panels. She faced hostile questions about the admi…",https://ground.news/interest/we-got-this-covered
Mississippi Free Press,Left,"Rep. Thompson Calls Noem’s Tenure ‘Lawless, Corrupt’ After Homeland Secretary’s Firing","U.S. House Rep. Bennie Thompson of Mississippi called Kristi Noem’s tenure as homeland security secretary “lawless, corrupt, and reckless” following Noem’s firing Thursday. The post Rep. Thompson Calls Noem’s Tenure ‘Lawless, Corrupt’ After Homeland Secretary’s Firing appeared first on Mississippi Free Press.",https://ground.news/interest/mississippi-free-press
ANSA,Center,"Trump Fired Kristi Noem, the ad in a Post on His Social Truth",Senator Mullin in place of the anti-migrant security secretary (ANSA),https://ground.news/interest/ansa
Wonkette,Left,Kristi Noem Leaving On A Sex Plane,"Sickos: ‘Yes! YESS!!’Department of Homeland Security Secretary, ICE Barbie cosplayer, luxe air travel enthusiast, and future defendant on a fuckton of human rights violation charges Kristi Noem is out, promotefired suddenly today by Donald Trump for we don’t even know what real reasons. (She got beat up on TV, by Republicans/she said Trump Himself personally okayed $200 million in “Make Kristi Great Again” Super Bowl ads, take your pick but it’s…",https://ground.news/interest/wonkette
nickiswift.com,Center,Kristi Noem Axed By Trump & It Makes Husband Bryon's Sudden Support All The More Humiliating - Nicki Swift,"Donald Trump has given ""ICE Barbie"" Kristi Noem the cold shoulder, firing the DHS head after her husband supported her during a grueling congressional grilling.",https://ground.news/interest/nickiswiftcom
Atlanta Black Star,Lean Left,"‘Holy Crap!!’: Trump Snaps After Noem Sits Frozen While Lawmakers Tear Her to Pieces — Fires Her Hours Later, Then Triggers Fresh Chaos with Desperate New Pick","President Donald Trump caved to pressure from both sides of the aisle and fired Homeland Security chief Kristi Noem, a day after her disastrous testimony before the Senate and House Judiciary committees this week. Still, the administration is already facing backlash for the change of the guard as Noem’s firing and replacement were simultaneously announced by Trump on his social media platform, Truth Social, on Thursday. U.S. Secretary of Homela…",https://ground.news/interest/atlanta-black-star
The Daily News of Newburyport,Lean Left,Trump fires Noem after mounting criticism over leadership,President Donald Trump has fired his embattled Homeland Security Secretary Kristi Noem. Trump said he was nominating Oklahoma Republican Sen. Markwayne Mullin for the position in an announcement on social media on Thursday. The announcement came after Noem faced a…,https://ground.news/interest/the-daily-news-of-newburyport
Military Times,Center,"Noem out, Republican senator in as new Homeland Security secretary","President Donald Trump demoted Homeland Security Secretary Kristi Noem on Thursday, naming Oklahoma Sen. Markwayne Mullin to fill the post.",https://ground.news/interest/military-times
Reality Tea,Center,Donald Trump Officially Fires Kristi Noem; Her New Role Revealed,"Photo Credit: ANDREW CABALLERO-REYNOLDS / AFP via Getty Images Donald Trump is shaking up his cabinet, making a big move on Thursday. Markwayne Mullin will take over the Department of Homeland Security (DHS), replacing Kristi Noem. Kristi has been in the spotlight for all the wrong reasons of late. Many have blasted how the DHS has been run under her watch. Kristi reportedly had an affair with another member of the DHS, senior advisor Corey Lewa…",https://ground.news/interest/reality-tea
AZCentral,Lean Left,Kristi Noem out as DHS secretary as Trump announces replacement,,https://ground.news/interest/azcentral
France24,Center,Trump fires homeland security chief and immigration crackdown enforcer ...,,https://ground.news/interest/france24
WYFF,Center,"What is the 'Shield of the Americas,' Trump's new security initiative in the Western Hemisphere?","Trump said he is appointing Kristi Noem to serve as his ""Special Envoy for The Shield of the Americas"" as he announced her ouster from the Department of Homeland Security",https://ground.news/interest/wyff
Otago Daily Times,Center,Trump fires homeland security boss,"Kristi Noem, who oversaw US President Donald Trump's aggressive immigration crackdown, will leave her role as homeland security chief at the end of...",https://ground.news/interest/otago-daily-times
Toronto Sun,Right,Donald Trump fires Kristi Noem as head of Homeland Security,U.S. President Donald Trump has fired Kristi Noem as U.S. Secretary of Homeland Security and replaced her with Oklahoma Republican Senator Markwayne Mullin.,https://ground.news/interest/toronto-sun
Fast Company,Lean Left,Trump fires Homeland Security Secretary Noem over mounting criticism of her immigration enforcement,Noem’s departure is a stunning turnaround for a close ally of Trump who was tasked with steering his centerpiece policy of mass deportations.,https://ground.news/interest/fast-company
La Opinion,Lean Left,"Kristi Noem Leaves Dhs and Trump Names Her for the ""Escudo of the Americas"" After Controversy for $220 Million","Amid $220 Million in Immigration Advertising Questions, Noem Announces New Position in Trump's Government · Global Voices",https://ground.news/interest/laopinioncom
The Hindu,Lean Left,Trump fires Homeland Security Secretary Kristi Noem after mounting criticism over her leadership,"Trump fires Homeland Security Secretary Kristi Noem amid criticism, nominating Sen. Markwayne Mullin as her replacement.",https://ground.news/interest/the-hindu
Live Mint,Center,What is ‘The Shield of the Americas’? Kristi Noem appointed special envoy in Trump’s new security initiative,"“The Shield of the Americas” is a new US security initiative focused on the Western Hemisphere that President Trump plans to formally announce at a summit this weekend in Doral, Florida.",https://ground.news/interest/live-mint
Le Huffington Post,Left,"Trump Dismisses His Minister of Homeland Security and Replaces Her with a ""Maga Warrior""","A month after the political crisis in Minneapolis, the boss of the powerful border and immigration ministry was pushed out.",https://ground.news/interest/le-huffington-post
Newser,Lean Left,Kristi Noem Is Out as Homeland Security Chief,"Kristi Noem is out. President Trump said Thursday he's replacing his embattled Homeland Security secretary and will nominate in her place Oklahoma Republican Sen. Markwayne Mullin, per the AP . Trump made the announcement on social media after Noem faced two days of grilling on Capitol Hill from GOP lawmakers as...",https://ground.news/interest/newsercom
Reason,Right,Trump fires Kristi Noem from DHS,President Trump is replacing the embattled Department of Homeland Security secretary due to mounting concerns about her performance.,https://ground.news/interest/reason
theGrio,Lean Left,"'Good riddance to her': Trump fires DHS Sec. Kristi Noem amid ICE blowback, alleged affair and other controversies","""Whoever it is in charge, ICE needs to be abolished, and the terror must end period,"" Illinois Lt. Governor Juliana Stratton told theGrio.",https://ground.news/interest/thegrio
Salisbury Journal,Center,Donald Trump says he is replacing Kristi Noem as homeland security secretary,Mr Trump said he will make Ms Noem a special envoy for The Shield of the Americas.,https://ground.news/interest/salisbury-journal
The Journal,Lean Left,Donald Trump sacks Kristi Noem as US homeland security secretary,"Republican senator Markwayne Mullin will take over the position from 31 March, the US president said.",https://ground.news/interest/the-journal_0d766b
Clarin,Right,"Who Is Markwayne Mullin, the Professional Mma Wrestler Trump Appointed as u.s. Secretary of Homeland Security?","The Oklahoma senator is also defined in his networks as ""a successful entrepreneur.""He will have ICE under his orbit and, according to Donald Trump, ""will work tirelessly to keep the border secure.""",https://ground.news/interest/clarin_5fa6ca
Truthout,Left,"Trump Fires Noem as DHS Head, Picks Senator Who Says Babies Should Be Deported","Trump praised his replacement pick, Sen. Markwayne Mullin, as a “MAGA Warrior.”…",https://ground.news/interest/truthout
The Christian Post,Right,"Trump fires Kristi Noem as DHS secretary after tensions, clashes with border czar","President Donald Trump fired Secretary of Homeland Security Kristi Noem on Thursday, making her the first cabinet official to be fired in Trump's second term. #HomelandSecurity #KristiNoem #TomHoman",https://ground.news/interest/christianpostcom
Washington Examiner,Right,The awkward moment Noem takes stage shortly after Trump fired her,"Homeland Security Secretary Kristi Noem took to the podium to speak at a Tennessee event on law enforcement just minutes after President Donald Trump announced her firing on Truth Social. Noem took questions from the Nashville crowd gathered for the 2 p.m. Sergeant Benevolent Association Major Cities Conference, though no reporters asked about her firing. Noem’s speech touched on cooperation between local and federal law enforcement. Trump’s fir…",https://ground.news/interest/washington-examiner
Cleveland,Center,Kristi Noem ousted as DHS chief after ad controversy involving Ohio company,"WASHINGTON - President Donald Trump fired Homeland Security Secretary Kristi Noem on Thursday, capping a turbulent week in which she faced pointed questions from Senate Republicans about a $220 million border security advertising campaign — and an Ohio firm connected to it.",https://ground.news/interest/cleveland
The Cut,Left,Kristi Noem Is Fired,President Trump announced that Kristi Noem will no longer be head of Homeland Security. Her apparent firing comes days after her poor performance at a congressional hearing reportedly ticked off the president.,https://ground.news/interest/the-cut
Dnevni list Danas,Lean Left,"Trump Fires Christie Noem, Who Led His Immigration Policy","Democrats have launched impeachment proceedings against Noem, and at least two Republicans in Congress have called for her removal following the incidents in Minneapolis.",https://ground.news/interest/dnevni-list-danas
saarbruecker-zeitung.de,Center,First Ministerial Discharge: Trump Dismisses Controversial Homeland Security Minister Noem,"She was considered a loyal supporter of Trump, but the relationship between the two continued to cool down. Now the US President has pulled the tear line.",https://ground.news/interest/saarbruecker-zeitungde
The New Arab,Lean Left,US: Trump fires Homeland Security chief Kristi Noem,"US President Donald Trump on Thursday fired Kristi Noem as head of the Department of Homeland Security, the agency responsible for carrying out his sweeping immigration crackdown. According to multiple media reports, Trump was upset with Noem's testimony at a Senate hearing this week where she said the president had approved a $220 million DHS advertising campaign in which she featured prominently. Trump, in a post on Truth Social, said Markwayn…",https://ground.news/interest/newarabcom
Brainerd Dispatch,Right,"Trump ousts Kristi Noem at DHS, names Oklahoma senator as homeland security nominee","WASHINGTON — Kristi Noem, who oversaw President Donald Trump's aggressive immigration crackdown and faced bipartisan criticism in hearings this week, will leave her role as homeland security chief at the end of the month. Trump will tap Oklahoma Republican Sen. Markwayne Mullin to replace her, he said on his Truth Social platform, a move that would require Senate confirmation. Noem will serve as ""Special envoy for The Shield of the Americas,"" Tr…",https://ground.news/interest/brainerd-dispatch
rhodeislandcurrent.com,Left,Kristi Noem out as DHS secretary; Trump to nominate Oklahoma Sen. Mullin • Rhode Island Current,"Department of Homeland Security Secretary Kristi Noem at a Nashville press conference on July 18, 2025, to discuss arrests of immigrants during recent Immigration and Customs Enforcement sweeps. (Photo by John Partipilo/Tennessee Lookout)WASHINGTON — President Donald Trump Thursday said Homeland Security Secretary Kristi Noem will be leaving the post for a job as a special envoy, following an appearance before a U.S. Senate panel this week that …",https://ground.news/interest/rhodeislandcurrentcom
The Daily Boulder,Left,NOEM OUSTED: Trump Boots Kristi Noem From DHS After Mounting Controversy,"President Donald Trump abruptly fired Homeland Security Secretary Kristi Noem on Thursday, announcing that Sen. Markwayne Mullin will take over the powerful post at the United States Department of Homeland Security beginning March 31. Trump revealed the shake-up in a social media post, praising Mullin as a “highly respected” senator while quietly pushing Noem out of one of the administration’s most controversial roles. “I am pleased to announce …",https://ground.news/interest/the-daily-boulder
Kronen Zeitung,Right,Trump Fires Controversial Homeland Security Minister,The situation in the Middle East does not prevent US President Donald Trump from cleaning up his government. The controversial Homeland Security Minister Kristi Noem must go. The President has already announced who will be her successor. Noem was under pressure after the killing of two U.S. citizens by federal forces (ICE) in Minneapolis. Trump has now released the Homeland Security Minister. Noem is the first minister from the current U.S. gove…,https://ground.news/interest/kroneat
notus.org,Lean Left,FEMA Staff Are Happy to See Kristi Noem Go,"Homeland Security Secretary Kristi Noem Julia Demaree Nikhinson/APFederal Emergency Management Agency staff have been hoping for months to hear the news that landed Thursday afternoon: President Donald Trump is removing Homeland Security Secretary Kristi Noem from her post.Trump’s pick to replace Noem at the Department of Homeland Security, Sen. Markwayne Mullin of Oklahoma, drew shrugs internally from staff, who were rejoicing Noem’s departure.…",https://ground.news/interest/notusorg
Argus Leader,Center,South Dakota politicians react after Trump removes Noem from cabinet,"Kristi Noem, former governor of South Dakota, has been removed from her position as President Donald Trump's Cabinet secretary of Homeland Security.",https://ground.news/interest/argus-leader
The Times-Tribune,Lean Left,"Photos of Kristi Noem, Trump's first Cabinet secretary to leave during his second term","President Donald Trump fired Kristi Noem as his Homeland Security secretary Thursday amid growing criticism of her leadership, making her the first Cabinet secretary to leave during his second term.",https://ground.news/interest/the-times-tribunecom
TVA Nouvelles,Lean Left,Donald Trump Returns His Secretary to Homeland Security Kristi Noem,Donald Trump announced on Thursday on his Truth Social network the dismissal of Homeland Security Minister Kristi Noem.,https://ground.news/interest/tva-nouvelles
WDEF,Center,Who is Markwayne Mullin?,"Mullin, who served in the House for years before being elected to the Senate in November 2022, is one of Trump’s closest allies on Capitol Hill and has been a frequent intermediary between the White House and congressional Republicans. He has often leaned on his longstanding House ties, working with his former colleagues there as the GOP hashed out the party’s sweeping tax and border security law last year. (Copyright 2026 The Associated Press. …",https://ground.news/interest/wdef
Arizona Mirror,Lean Left,Kristi Noem fired as DHS secretary after bruising Senate hearing,"Homeland Security Secretary Kristi Noem speaks at a Feb. 13, 2026, press conference in Scottsdale, Ariz. Noem advocated for the passage of the SAVE Act, which would implement a national voter ID requirement, among other provisions. (Photo by Jerod MacDonad-Evoy/Arizona Mirror)WASHINGTON — President Donald Trump Thursday said Homeland Security Secretary Kristi Noem will be leaving the post for a job as a special envoy, following an appearance bef…",https://ground.news/interest/arizona-mirror
Common Dreams,Left,"'Good Riddance': Trump Fires Kristi Noem From DHS, Names 'MAGA Warrior' as Replacement","Amid mounting calls for the ouster of US Homeland Security Secretary Kristi Noem over her department's deadly immigration operations and detention facilities denounced as concentration camps, President Donald Trump announced that she will take on a new role and Sen. Markwayne Mullin will replace her.",https://ground.news/interest/common-dreams
Election Central,Right,Kristi Noem Ousted: Why Trump’s Decision Was Justified,Kristi Noem's removal as Homeland Security Secretary was a necessary move by President Trump due to her controversial actions and ineffective handling of criticism The post Kristi Noem Ousted: Why Trump’s Decision Was Justified appeared first on Election Central.,https://ground.news/interest/election-central
Inc.,Center,"Trump Ousts Homeland Security Secretary Kristi Noem, Taps Businessman-Turned-Senator as Replacement",Noem has faced intense criticism this week for her recent congressional testimony.,https://ground.news/interest/inccom
Alternet,Left,'Bad to worse': New Trump pick triggers backlash over qualifications,"President Donald Trump's announcement that Republican U.S. Senator Markwayne Mullin will become the new Secretary of Homeland Security — replacing embattled Kristi Noem — is drawing mockery.CNN's Kaitlan Collins reported that ""Trump loves watching Mullin on TV and often praises him, which was a factor in this decision.""Calling him ""erratic"" and ""unstable,"" California Democratic Governor Gavin Newsom slammed Mullin's nomination.""Markwayne Mullin …",https://ground.news/interest/alternet
Al Jazeera,Lean Left,"Trump fires Homeland Security head Kristi Noem, names Mullin as replacement","Noem, a former governor, became a prominent figure in the Trump administration’s controversial crackdown on immigration.",https://ground.news/interest/al-jazeera_1a2e2c
Hollywood Life,Lean Left,"Why Was Kristi Noem Fired by Trump? Her ICE Response, Affair Allegations & More",Kristi Noem was fired by Donald Trump as the secretary of the DHS. What was the president's reason for firing her? Find out here.,https://ground.news/interest/hollywood-life
SFist,Lean Left,Trump Fires Kristi Noem and Installs New Clown to Lead Homeland Security,"Given Trump's well established penchant for firing people, going a full year in office without a high-profile firing says something. But now Kristi Noem, aka ICE Barbie, the underqualified and always out-of-her-depth Secretary of Homeland Security, is out.Jeez that took long enough! On Thursday, following a disastrous hearing before the House Judiciary Committee on Wednesday in which Democratic Rep. Jamie Raskin tore Noem to shreds over her lavi…",https://ground.news/interest/sfist-san-francisco-news-restaurants-events-and-sports
News.de,Lean Left,Kristi Noem Fired: Donald Trump Performs Cracker Separation with Online Message,"Donald Trump is sick of it: his controversial Homeland Security Minister Kristi Noem has lost her job, the U.S. President announced the separation in a social media post. The already sealed succession points out.",https://ground.news/interest/newsde
Daily Post Nigeria,Center,"Trump fires DHS Secretary Kristi Noem, appoints Senator Mullin","President Donald Trump has sacked Kristi Noem as the United States Secretary of Homeland Security (DHS), appointing U.S. Senator from Oklahoma, Markwayne Mullin. The President, in a post on Truth Social on Thursday, announced that Mullin will become the Secretary of Homeland Security effective March 31, 2026. Trump said Noem, 54, will become the Special Envoy for The Shield of the Americas, a new Security Initiative in the Western Hemisphere to …",https://ground.news/interest/daily-post-nigeria
wlsam.com,Right,Breaking: Kristi Noem out as Secretary of Homeland Security,"President Donald Trump has fired his embattled Homeland Security Secretary Kristi Noem and says he’ll nominate in her place Oklahoma Republican Sen. Markwayne Mullin. Trump made the announcement on social media on Thursday, two days after Noem faced a grilling on Capitol Hill from GOP members as well as Democrats. Trump says he’ll make Noem a “Special Envoy for The Shield of the Americas,” a new security initiative that he said would focus on th…",https://ground.news/interest/wlsamcom
Fortune,Center,"Trump fires Homeland Security Secretary Kristi Noem and replaces her with Sen. Markwayne Mullin, who tried to fight a teamster during Senate hearing",Trump let Noem go after a string of recent criticisms attacked the DHS Head for her handling of the Minnesota shootings.,https://ground.news/interest/fortune
Defense One,Center,"Trump to fire DHS Secretary Noem, picks Mullin as successor",The controversial Homeland Security leader will end her tenure amid a budget shutdown of her agency and bipartisan criticism in both houses of Congress.,https://ground.news/interest/defense-one
Le Monde,Lean Left,"Kristi Noem, Minister of Homeland Security, Dismissed by Donald Trump","The president would have made his decision after parliamentary hearings by the ultra-conservative minister, who was in difficulty in awarding an important public contract, and would be replaced by the Republican Senator of Oklahoma Markwayne Mullin.",https://ground.news/interest/le-monde
Il Sole 24 Ore,Right,Trump Replaces Kristi Noem with Senator Mullin at Homeland Security,"NEW YORK - Donald Trump has kicked out Kristi Noem, the controversial Secretary of Homeland Security Department, internal security, responsible for the aggressive operations of anti-immigration agents culminating in the killing of...",https://ground.news/interest/il-sole-24-ore
Euronews,Center,Trump fires US Homeland Security Secretary Kristi Noem,US president Donald Trump has fired Homeland Security Secretary Kristi Noem amid criticism over immigration enforcement and disaster response.,https://ground.news/interest/euronews
Zeit Online,Lean Left,Usa: Donald Trump Dismisses Controversial Homeland Security Minister Kristi Noem,Kristi Noem has to clear her office as U.S. Secretary of Homeland Security. She was under pressure after several deadly ICE operations.,https://ground.news/interest/zeit-online
Wispolitics.com,Center,Forward Latino: Welcomes the removal of DHS Secretary Kristi Noem,"Tenure will be known for its incompetence, lawlessness, and inhumanity! Franklin, WI – The National President of Forward Latino, a national non-profit, non-partisan, serviceand advocacy organization headquartered in Franklin, Wisconsin and with affiliates and members in 29states issued the following...",https://ground.news/interest/wispoliticscom
Missouri Independent,Lean Left,Kristi Noem out as DHS secretary; Trump to nominate Oklahoma Sen. Markwayne Mullin,"Department of Homeland Security Secretary Kristi Noem at a Nashville press conference on July 18, 2025, to discuss arrests of immigrants during recent Immigration and Customs Enforcement sweeps. (Photo by John Partipilo/Tennessee Lookout)WASHINGTON — President Donald Trump Thursday said Homeland Security Secretary Kristi Noem will be leaving the post for a job as a special envoy, following an appearance before a U.S. Senate panel this week that …",https://ground.news/interest/missouri-independent
The Washington Post,Lean Left,The Latest: Trump fires Homeland Security Secretary Noem amid criticism over immigration enforcement,President Donald Trump has fired his embattled Homeland Security Secretary Kristi Noem,https://ground.news/interest/the-washington-post
latinodetroit.com,Center,Trump Dismisses Kristi Noem as Secretary of Homeland Security,"President Donald Trump announced the dismissal of Kristi Noem as Secretary of the Department of Homeland Security (DHS) and confirmed that Republican Senator Markwayne Mullin of Oklahoma will assume the position on March 31, 2026. Trump thanked Noem for her work during her tenure, highlighting in particular the results achieved in the area of […] The post Trump dismisses Kristi Noem as Secretary of Homeland Security appeared first on Latino Detr…",https://ground.news/interest/latinodetroitcom
SBS News,Lean Left,"Kristi Noem replaced as head of US homeland security, Donald Trump announces","Kristi Noem, a high-profile member of Donald Trump's cabinet, was criticised for her approach to the immigration crackdown.",https://ground.news/interest/sbs-news
The New Civil Rights Movement,Right,'Bad to Worse': Mockery Ensues as Trump Trades Noem for ‘Erratic’ Mullin,"President Donald Trump’s announcement that Republican U.S. Senator Markwayne Mullin will become the new Secretary of Homeland Security — replacing embattled Kristi Noem — is drawing mockery. CNN’s Kaitlan Collins reported that “Trump loves watching Mullin on TV and often praises him, which was a factor in this decision.” Calling him “erratic” and “unstable,” California Democratic Governor Gavin Newsom slammed Mullin’s nomination. “Markwayne Mull…",https://ground.news/interest/the-new-civil-rights-movement
The American Conservative,Right,Trump Announces Markwayne Mullin to Replace Kristi Noem as DHS Chief,"President Donald Trump announced Thursday that he will nominate Sen. Markwayne Mullin (R-OK) to replace Kristi Noem as Secretary for Homeland Security. “Markwayne will work tirelessly to Keep our Border Secure, Stop Migrant Crime, Murderers, and other Criminals from illegally entering our Country, End the Scourge of Illegal Drugs and, MAKE AMERICA SAFE AGAIN,” Trump wrote in a post on Truth Social. Kristi Noem, the current Secretary for Homeland…",https://ground.news/interest/the-american-conservative
The Straits Times,Right,"Trump ousts Kristi Noem, names Oklahoma senator as homeland security nominee","WASHINGTON, March 5 - Kristi Noem, who oversaw U.S. President Donald Trump's aggressive immigration crackdown and faced bipartisan criticism in hearings this week, will leave her role as homeland security chief at the end of the month. Read more at straitstimes.com.",https://ground.news/interest/the-straits-times_9bb9e6
Wired,Lean Left,The Controversies Finally Caught Up to Kristi Noem,Donald Trump said he would replace the secretary of the Department of Homeland Security. Noem’s tenure was marked by aggressive anti-immigration tactics and ICE and CBP’s killing of two US protesters.,https://ground.news/interest/wired
Dagens Nyheter.,Right,Trump Pokes Kristi Noem – Replaced by Former Mma Fighter,"US President Donald Trump is taking a dig at Homeland Security Secretary Kristi Noem, who reportedly ran out of steam when she was questioned before the Senate Judiciary Committee on Tuesday. Trump also announced that she will be replaced by Senator Markwayne Mullin, a former MMA fighter.",https://ground.news/interest/dagens-nyheter
PerthNow,Center,Trump replaces US Homeland Security Secretary Noem,Kristi Noem has addressed a Department of Homeland Security event moments after US President Donald Trump's announcement she had been fired.,https://ground.news/interest/perthnow
romaniatv.net,Right,"Trump Sent Her to the Secretary for Internal Security, Kristi Noem, and Announced a New Change of Regime: ""and Cuba Will Fall""","US President Donald Trump sent her to the Secretary for Internal Security (DHS), Kristi Noem. The announcement was made by Trump in a post on Social Trust. Earlier, sources told The Wall Street Journal that the US President intended to do this. The Trump post sent her to the Secretary for Internal Security, Kristi Noem, and announced a new change of regime: “And Cuba will fall” for the first time in Romania TV.",https://ground.news/interest/romaniatvnet
Hot News,Lean Left,"Jump Out a Key: Kristi Noem. ""Thank You for Your Work"" - hotnews.ro","US President Donald Trump announced yesterday on his network of Social Trusts Christ Noem's defeat from the head of the U.S. Department of Internal Security (DHS – Homeland Security), announced to the press agencies. According to the U.S. press, Donald Trump would have made this decision after Christ Noem's hearing at the US Congress when it was ...",https://ground.news/interest/hot-news
The Thinking Conservative,Far Right,Trump Announces He’s Replacing Noem With Oklahoma Senator to Head Homeland Security - The Thinking Conservative News,"Kristi Noem, the president said, would be moving to a special envoy position and will be replaced by Sen. Markwayne Mullin. The post Trump Announces He’s Replacing Noem With Oklahoma Senator to Head Homeland Security appeared first on The Thinking Conservative News.",https://ground.news/interest/the-thinking-conservative
Real Clear Politics,Right,Kristi Noem Out as Homeland Security Secretary,Her ouster comes after two contentious days of her testimony before Congress. Trump says Oklahoma Sen. Markwayne Mullin will take her place.,https://ground.news/interest/real-clear-politics
europapress.es,Center,Trump Ceases the Secretary of Homeland Security After the controversial...,"The President of the United States, Donald Trump, has announced the resignation of the Secretary of Security...",https://ground.news/interest/europapresses
News One,Left,‘You’re Fired!’: Trump Dumps Kristi Noem For Mark Mullin As DHS Secretary,Source: Heather Diehl / Getty Kristi Noem now has the dubious distinction of being the first Cabinet member to be fired in Trump Takes ‘America’ 2.0. The president of people who think those obnoxious AI videos featuring negative caricatures of Black women acting out in public are real announced his decision in a social media post on Thursday.  Noem has had a particularly rough week as she has faced tough questions from both sides of the aisle in…,https://ground.news/interest/news-one
Deutschlandfunk,Center,First Government Reform - Trump Dismisses Controversial Homeland Security Minister Noem,"US President Trump has dismissed his controversial Homeland Security Minister Kristi Noem. On his platform Truth Social, he said that the Senator of Oklahoma State, Markwayne Mullin, should take over on March 31st.",https://ground.news/interest/deutschlandfunk
RTÉ,Center,Kristi Noem to leave role as head of US Homeland Security,"One of the top officials overseeing President Donald Trump's immigration crackdown, US Homeland Security Secretary Kristi Noem, will leave her role, US President Donald Trump has said.",https://ground.news/interest/rte
Hindustan Times,Center,What is ‘Shield of the Americas’? Kristi Noem's new role explained,"Trump announced that Senator Markwayne will be the new Homeland Security Secretary, while Kristi Noem will lead the “Shield of the Americas” initiative.",https://ground.news/interest/hindustan-times
Oklahoma Watch,Center,Mullin to Replace Kristi Noem as DHS Secretary,"President Donald Trump announced Thursday that Kristi Noem is out as secretary of the Department of Homeland Security after months of questions around her ability to handle a massive expansion of the agency. He said Oklahoma Sen. Markwayne Mullin will take her place effective March 31. Noem will take a new post, Trump said. “The current Secretary, Kristi Noem, who has served us well, and has had numerous and spectacular results (especially on th…",https://ground.news/interest/oklahoma-watch
The Source,Center,Trump Replaces Kristi Noem With Sen. Markwayne Mullin as DHS Secretary,President Donald Trump announces Sen. Markwayne Mullin will replace Kristi Noem as Homeland Security secretary while she moves to a new security envoy role.,https://ground.news/interest/the-source
The Center Square,Right,Noem ousted as secretary of Homeland Security; Mullin to succeed,(The Center Square) – President Donald Trump is nominating Republican Sen. Markwayne Mullin from Oklahoma as the next Homeland Security Secretary.,https://ground.news/interest/the-center-square
Australian Financial Review,Right,Trump fires controversial homeland security chief Kristi Noem,"The US president said Senator Markwayne Mullin will replace Kristi Noem, ending her tenure running immigration policy, which has become a flashpoint for voters.",https://ground.news/interest/australian-financial-review
OpsLens,Right,"Trump appoints new DHS chief, makes Noem special envoy * WorldNetDaily * by Bob Unruh","Source link Secretary of Homeland Security Kristi Noem holds a news conference at Miami International Airport in Miami, Florida, Saturday, Jan. 31, 2026. (DHS photo by Tia Dufour) President Donald has appointed a new chief of the Department of Homeland and named the current chief, former South Dakota Gov. Kristi Noem, as a special envoy. Trump",https://ground.news/interest/opslens
Florida Politics,Center,Donald Trump fires Homeland Security Secretary Kristi Noem after mounting criticism over her leadership,"Trump says he’ll make Noem a 'sSecial Envoy for The Shield of the Americas,' a new security initiative that he said would focus on the Western Hemisphere.",https://ground.news/interest/florida-politics
Globo,Right,Trump Sends 'Ice-Barbie 'and Selects a Senator and Ex-Computer for Charge,"The President of the United States announced Kristi Noem's resignation from the Office of the Internal Security Secretariat and has already revealed who will be his replacement, Senator Markwayne Mullin.",https://ground.news/interest/globo
Dallas Voice,Left,BREAKING: Trump dumps Noem,"President Donald Trump has just dumped Kristi Noem as Homeland Security Secretary, moving her instead to the position of “Special Envoy for The Shield of the Americas, our new Security Initiative in the Western Hemisphere.” As is his custom, Trump used his social media platform, Truth Social, to announce Noem’s change in status, claiming Noem has “had numerous and spectacular results (especially on the Border!).” He said Markwayne Mullin, a sena…",https://ground.news/interest/dallas-voice
Handelsblatt,Right,Kristi Noem: Trump Dismisses Controversial Homeland Security Minister,"She was considered a loyal supporter of Trump, but the relationship between the two cooled down recently. Now the US president has pulled the tear line. Noem's successor is already certain.",https://ground.news/interest/handelsblattcom
wjr.com,Right,Kristi Noem to Be Replaced as DHS Head by Sen. Markwayne Mullin,"Photo: Jack Gruber ~ USA TODAY NETWORK March 5, 2026 ~ Fox News reporter Doug Luzader joins Ryan Ermanni to discuss Department of Homeland Security Secretary Kristi Noem being out, and being replaced by GOP Sen. Markwayne Mullin of Oklahoma. Photo: Jack Gruber ~ USA TODAY NETWORKWASHINGTON D.C. ~ Kristi Noem is out as Secretary of Homeland Security and will be replaced by Sen. Markwayne Mullin (R-OK), President Donald Trump announced Th…",https://ground.news/interest/wjrcom
kentuckylantern.com,Left,Kristi Noem out as DHS secretary; Trump to nominate Oklahoma Sen. Mullin • Kentucky Lantern,"Department of Homeland Security Secretary Kristi Noem at a Nashville press conference on July 18, 2025, to discuss arrests of immigrants during recent Immigration and Customs Enforcement sweeps. (Photo by John Partipilo/Tennessee Lookout)WASHINGTON — President Donald Trump Thursday said Homeland Security Secretary Kristi Noem will be leaving the post for a job as a special envoy, following an appearance before a U.S. Senate panel this week that …",https://ground.news/interest/kentuckylanterncom
Le·gal In·sur·rec·tion,Right,"Trump Ousts Noem as DHS Secretary, Appoints Sen. Mullin",Trump is making Noem Special Envoy for The Shield of the Americas.,https://ground.news/interest/le-gal-in-sur-rec-tion
KOIN 6,Center,Oregon leaders react to ousting of DHS Secretary Kristi Noem by Trump,"President Trump announced that Senator Markwayne Mullin will replace Kristi Noem as Secretary of Homeland Security, effective March 31, 2026, while Noem will serve as the Special Envoy for The Shie…",https://ground.news/interest/koin-6
wibc.com,Right,President Trump Removing Kristi Noem as Homeland Security Secretary,"Source: Heather Diehl / Getty WASHINGTON — Kristi Noem is touting her achievements after being fired as Homeland Security Secretary. Speaking at a conference in Nashville today, Noem went through the number of dangerous criminals her department got off the streets and other accomplishments. In a post on Truth Social, President Trump said Oklahoma Republican Senator Markwayne Mullin will replace her at the end of the month, and Mullin told report…",https://ground.news/interest/wibccom
WSB_TV Atlanta 2,Center,"DHS Secretary Kristi Noem to become special envoy, replaced by Sen. Markwayne Mullin","President Donald Trump announced that Department of Homeland Security Secretary Kristi Noem will be leaving her post, and will be replaced by Sen. Markwayne Mullin.",https://ground.news/interest/wsb-tv-atlanta-2
WESH,Center,"Who is Markwayne Mullin, Trump's nominee for Homeland Security secretary?","U.S. Sen. Markwayne Mullin, Oklahoma's junior senator, has been named the secretary of Homeland Security, replacing Kristi Noem.",https://ground.news/interest/wesh
Mother Jones,Left,Kristi Noem is out at DHS. Markwayne Mullin is in.,The former MMA fighter is poised to replace Noem after a deadly tenure leading Trump’s anti-immigrant campaign.,https://ground.news/interest/mother-jones
The Last Refuge,Far Right,President Trump Announces Senator Markwayne Mullin Will Replace DHS Secretary Kristi Noem,"Making the announcement on his Truth Social Account, President Trump announces that Dept of Homeland Security Secretary Kristi Noem will be replaced with Oklahoma Senator Markwayne Mullin. [Truth Social] – I am pleased to announce that the Highly Respected United States Senator from the Great State of Oklahoma, Markwayne Mullin, will become the United States […]",https://ground.news/interest/the-last-refuge
Fox 17,Right,"DHS Secretary Noem gives remarks in Nashville, moments after Trump announces replacement","Department of Homeland Secretary Kristi Noem is in Nashville, Tennessee on Thursday, giving keynote remarks on the Trump administration's immigration crackdown.",https://ground.news/interest/fox-17
Novinky.cz,Lean Left,Noemová Is Leaving as a Minister. Trump Already Has a Replacement for Her,"US Homeland Security Secretary Kristi Noem will step down by the end of the month and be replaced by Oklahoma Senator Markwayne Mullin, US President Donald Trump announced on his Truth Social media account on Thursday. Noem will be given a brand new role as Special Envoy for American Shield.",https://ground.news/interest/novinkycz
The Post and Courier,Center,Trump fires Noem. Oklahoma Senator is new DHS head,"President Donald Trump fired his embattled homeland security secretary, Kristi Noem, on Thursday and announced plans to replace her with Sen. Markwayne Mullin of Oklahoma, after she was grilled by Republican lawmakers this week at congressional hearings on a variety…",https://ground.news/interest/the-post-and-courier
Helena Independent Record,Center,Trump fires Homeland Security Secretary Kristi Noem,"He said he'll nominate Sen. Markwayne Mullin, R-Okla., to replace her after building criticism over immigration enforcement.",https://ground.news/interest/helena-independent-record
washingtonstatestandard.com,Left,Kristi Noem out as DHS secretary; Trump to nominate Oklahoma Sen. Mullin • Washington State Standard,"Department of Homeland Security Secretary Kristi Noem at a Nashville press conference on July 18, 2025, to discuss arrests of immigrants during recent Immigration and Customs Enforcement sweeps. (Photo by John Partipilo/Tennessee Lookout)WASHINGTON — President Donald Trump Thursday said Homeland Security Secretary Kristi Noem will be leaving the post for a job as a special envoy, following an appearance before a U.S. Senate panel this week that …",https://ground.news/interest/washingtonstatestandardcom
Digi 24,Center,Donald Trump Replaces Kristi Noem. Who Will Take the Head of the Department of Internal Security,"Secretary for Internal Security Kristi Noem will leave office at the end of the month, U.S. President Donald Trump announced that this will be replaced by Senator Markway Mullin, Republican of Oklahoma.",https://ground.news/interest/digi-24
Salt Lake Tribune,Lean Left,Trump announces intent to replace Kristi Noem with Oklahoma senator,"Donald Trump fired his embattled homeland security secretary, Kristi Noem, on Thursday and announced plans to replace her with Sen. Markwayne Mullin of Oklahoma.",https://ground.news/interest/salt-lake-tribune
The Blaze,Right,Noem is OUT — and Trump has named her replacement,Trump taps 'MAGA Warrior.',https://ground.news/interest/the-blaze
La Prensa Latina Media,Center,"Kristi Noem fue destituida como secretaria de Seguridad Nacional; Trump nominaría al senador de Oklahoma, Markwayne Mullin, para reemplazarla","(LPL/CNN) – El presidente Donald Trump anunció este jueves en redes sociales la destitución de la secretaria de Seguridad Nacional, Kristi Noem, y que nominaría al senador de Oklahoma, Markwayne Mullin, para reemplazarla. Noem, quien fue designada por Trump para dirigir el Departamento de Seguridad Nacional (DHS) al inicio de su administración, ha enfrentado un creciente escrutinio por su conducta en el cargo, incluyendo su presunta relación rom…",https://ground.news/interest/la-prensa-latina-media
nj,Center,Trump fires Noem after chaotic Senate hearing sealed her fate as DHS chief,U.S. Homeland Security Secretary Kristi Noem will be leaving her role just days after she faced intense scrutiny from both Republican and Democratic lawmakers.,https://ground.news/interest/nj
Penn Live,Center,"Trump fires Homeland Security Secretary head Kristi Noem, names potential replacement","By MICHELLE L. PRICE, Associated Press",https://ground.news/interest/penn-live
Black America Web,Left,You’re Fired: President Donald Trump Fires DHS Secretary Kristi Noem,"Source: Heather Diehl / Getty Department of Homeland Security Kristi Noem has been relieved of her duties by President Donald Trump after a string of controversies followed the Cabinet member. As this is breaking, reactions to the news from talking heads and general observers alike have been robust and voluminous. Former Secretary Kristi Noem faced a flurry of tough questions this week during a House Judiciary Committee hearing that examined her…",https://ground.news/interest/black-america-web
MinnPost,Center,Kristi Noem ousted at Department of Homeland Security,"Homeland Security Secretary Kristi Noem had an opportunity this week to apologize for associating the late Minnesotans Renee Good and Alex Pretti with domestic terrorism. President Trump has now replaced Noem at DHS with Oklahoma Republican Sen. Markwayne Mullin, reports The Associated Press. Minneapolis Police Chief Brian O’Hara says the department needs a new director of police health and wellness following Operation Metro Surge, reports KARE …",https://ground.news/interest/minnpost
The Tennessean,Center,Kristi Noem speaks in Nashville minutes after Trump replaces her,Kristi Noem took the stage at a conference in Nashville minutes after President Donald Trump announced he was replacing her as Homeland Security Secretary.,https://ground.news/interest/the-tennessean
The Advocate,Lean Left,House Oversight Dem Robert Garcia celebrates Kristi Noem’s firing: ‘Now we don’t have to impeach her’,Donald Trump fired the homeland security secretary and announced that a U.S. senator from Oklahoma will step into the role.,https://ground.news/interest/gay-news-lgbt-rights-politics-entertainment
UNO Radio Group,Center,Trump Dismisses Kristi Noem From Homeland Security and Appoints a Replacement,President Donald Trump announced Thursday that he will replace Department of Homeland Security Secretary Kristi Noem and nominate Republican Senator Markwayne Mullin of Oklahoma to lead the federal agency.,https://ground.news/interest/uno-radio-group
Eesti Rahvusringhääling,Center,Trump Replaces Homeland Security Secretary,US President Donald Trump announced that Markwayne Mullin will replace Kristi Noemi as the new Secretary of Homeland Security.,https://ground.news/interest/eesti-rahvusringhaaling
Enlace Latino,Center,Trump Announces Replacing Kristi Noem at the National Security Front,"Trump made the announcement on social media on Thursday, two days after Noem faced a harsh interrogation at the Capitol by members of the Republican Party as well as Democrats. Trump’s entry announces that he will replace Kristi Noem at the head of Homeland Security was first published on Link Latino NC. Trump announces that he will replace Kristi Noem at the head of Homeland Security was first posted on March 5, 2026 at 2:15 pm.©2024 ""Link Lati…",https://ground.news/interest/enlace-latino
Lake Charles American Press,Center,Trump fires Homeland Security Secretary Noem - American Press,"President Donald Trump on Thursday fired his embattled Homeland Security Secretary Kristi Noem, after mounting criticism over her leadership of the department, including the handling of the administration’s immigration crackdown and disaster response. Trump, who said he would nominate in her place Oklahoma Republican Sen. Markwayne Mullin, made the announcement on social media on Thursday, two days after Noem faced a grilling on Capitol Hill fro…",https://ground.news/interest/lake-charles-american-press
El Pais,Lean Left,Trump fires Kristi Noem as DHS secretary following the death of two US citizens in Minneapolis,The president said that Oklahoma Senator Markwayne Mullin will fill the position starting March 31. It marks the first departure from his Cabinet,https://ground.news/interest/el-pais
Observador,Right,Trump Dedicates Kristi Name of the Head of the Department of Internal Security,North-American President announced that Kristi Noem would be replaced by Senator Markwayne Mullin. Noem will be sent with a special new US security initiative.,https://ground.news/interest/observador
Breitbart,Right,Kristi Noem Out: Trump Picks Sen. Markwayne Mullin as Replacement,President Donald Trump will nominate Sen. Markwayne Mullin to replace Kristi Noem as chief of the Department of Homeland Security.,https://ground.news/interest/breitbart
police1.com,Center,Trump to replace Homeland Security Secretary Noem with Sen. Markwayne Mullin,"Kristi Noem will take on a new role tied to the ""Special Envoy for The Shield of the Americas,” a new security initiative that President Trump said would focus on the Western Hemisphere",https://ground.news/interest/police1com
Bild,Right,Kristi Noem: Trump Cuts Down Homeland Security Minister,Kristi Noem: Trump cuts down Homeland Security Minister,https://ground.news/interest/bild
Times of San Diego,Center,Trump fires Homeland Security Secretary Noem after intense criticism over immigration enforcement,"The president made the announcement on social media on Thursday, two days after Noem faced a grilling on Capitol Hill from GOP members as well as Democrats.",https://ground.news/interest/times-of-san-diego
telex.hu,Lean Left,Donald Trump Fires Secretary in Charge of Mass Deportations,Kristi Noem will be replaced as Secretary of Homeland Security by Republican Senator Markwayne Mullin.,https://ground.news/interest/telexhu
KSBW,Center,"Who is Senator Markwayne Mullin, Trump's nominee for Secretary of Homeland Security?","He is also a former undefeated Mixed Martial Arts (MMA) fighter with a professional record of 5-0, according to his senator website.",https://ground.news/interest/ksbw
New York Magazine,Left,"Trump Fires Kristi Noem, But Not for Reason You’d Think","Trump fires Kristi Noem, but not for reason you’d think. The final straw for the Homeland Security secretary wasn’t the department’s cruel and chaotic tactics, her alleged affair, or various other scandals, but trying to use Trump himself as cover.",https://ground.news/interest/new-york-magazine
WND,Far Right,"'I thank Kristi for her service': Trump appoints new DHS chief, makes Noem special envoy * WorldNetDaily * by Bob Unruh",U.S. senator 'knows the Wisdom and Courage required to Advance our American First Agenda',https://ground.news/interest/wnd
Slay News,Far Right,BREAKING: Trump Fires Kristi Noem as DHS Secretary,President Donald Trump has just announced that Department of Homeland Security (DHS) Secretary Kristi Noem has been removed from her position and that he will nominate Sen. Markwayne Mullin (R-OK) to replace her. The post BREAKING: Trump Fires Kristi Noem as DHS Secretary appeared first on Slay News.,https://ground.news/interest/slay-news
NZ Herald,Center,Trump fires Homeland Security chief Kristi Noem,"US President Donald Trump has fired Kristi Noem as head of the Department of Homeland Security, the agency responsible for carrying out his sweeping...",https://ground.news/interest/nz-herald
westvirginiawatch.com,Left,Kristi Noem out as DHS secretary; Trump to nominate Oklahoma Sen. Mullin • West Virginia Watch,"Department of Homeland Security Secretary Kristi Noem at a Nashville press conference on July 18, 2025, to discuss arrests of immigrants during recent Immigration and Customs Enforcement sweeps. (Photo by John Partipilo/Tennessee Lookout)WASHINGTON — President Donald Trump Thursday said Homeland Security Secretary Kristi Noem will be leaving the post for a job as a special envoy, following an appearance before a U.S. Senate panel this week that …",https://ground.news/interest/westvirginiawatchcom
Oklahoman,Center,Trump says Oklahoma Sen. Markwayne Mullin will replace Kristi Noem as DHS secretary,"In a post on TruthSocial, President Donald Trump said Oklahoma's Sen. Markwayne Mullin would replace Kristi Noem as Secretary of Homeland Security.",https://ground.news/interest/oklahoman
9News,Right,Trump gives controversial Homeland Security boss the sack,S﻿he is the first person shown the door in the president's second cabinet.,https://ground.news/interest/9news
The Korea Times,Lean Left,Trump fires Homeland Security Secretary Noem after criticism over immigration enforcement,WASHINGTON — President Donald Trump said he’s replacing his embattled Homeland Security Secretary Kristi Noem and will nominate in her place Oklaho...,https://ground.news/interest/the-korea-times
Chicago Sun Times,Lean Left,Trump says he’s replacing Homeland Security Secretary Kristi Noem,"The president said he will replace Noem with Sen. Markwayne Mullin, R-Okla.",https://ground.news/interest/chicago-sun-times
La Libre,Center,"Donald Trump Announces the Dismissal of Kristi Noem, the ""Visage of Cruelty"" of the American Administration",Donald Trump announced the dismissal of Homeland Security Minister Kristi Noem. ...,https://ground.news/interest/la-libre
India Today,Right,Trump replaces Kristi Noem with Senator Mullin as Homeland Security secretary,"President Donald Trump has nominated Senator Markwayne Mullin as Homeland Security secretary to replace Kristi Noem, who will become a special envoy, following mounting criticism over her aggressive immigration crackdown.",https://ground.news/interest/india-today
IBTimes UK,Lean Left,"Trump's Cabinet Shake-Up: Noem Out, Mullin In","Donald Trump abruptly removed Kristi Noem from his Cabinet this week, triggering the first major shake-up of his second administration and exposing deep tensions at the heart of Washington's most powerful security agency. The sudden dismissal of the Homeland Security secretary signals a dramatic shift in leadership at the department responsible for border enforcement, counterterrorism, and immigration policy. The move follows days of congression…",https://ground.news/interest/ibtimes-uk
OKDIARIO,Right,"Trump Dismisses His National Security Secretary, Kristi Noem, in the Face of Ice Immigration Repression","Donald Trump has finally dismissed his polemic responsible for the U.S. Department of Homeland Security, Kristi Noem, responsible for the highly criticized immigration repression of the ICE in the U.S. The U.S. President has communicated to him on Thursday his dismissal. ""The current secretary, Kristi Noem, who has rendered us a great service and has obtained numerous and spectacular results (especially at the border!), will be sent special from…",https://ground.news/interest/okdiario
OAN,Right,"Incoming DHS Secy. Mullin: ‘I’m super excited about this opportunity. It came not as a complete surprise, but at a little bit of a surprise’","After being tapped to replace Department of Homeland Security (DHS) Secretary Kristi Noem, Oklahoma GOP Senator Markwayne Mullin admitted he was somewhat caught off guard by President Donald Trump’s Thursday phone call.",https://ground.news/interest/oan
rp-online.de,Right,Effective March 31: Trump Dismisses Controversial Homeland Security Minister Noem,"She was considered a loyal supporter of Trump, but the relationship between the two continued to cool down. Now the US President has pulled the tear line.",https://ground.news/interest/rp-onlinede
ledauphine.com,Center,Donald Trump Sends Home His Minister of Homeland security... via a Post on Truth Social,"Kristi Noem was responsible, among other things, for the policy of expulsions of immigrants from the U.S. government. She became a ""special emissary"" for Latin America.",https://ground.news/interest/ledauphinecom
WLTReport,Far Right,"BREAKING: Kristi Noem OUT As DHS Head, Replacement Already Named","Kristi Noem is officially out as Secretary of Homeland Security. The news just broke moments ago: Some are claiming President Trump fired Noem, with the final straw being a ""combative"" Senate Judiciary Committee hearing.",https://ground.news/interest/wltreportcom
WATD 95.9 FM,Center,Noem Removed As Homeland Security Secretary,"President Donald Trump says he’s replacing his embattled Homeland Security Secretary Kristi Noem and will nominate in her place Oklahoma Republican Sen. Markwayne Mullin. Trump made the announcement on social media on Thursday, two days after Noem faced a grilling on Capitol Hill from GOP members as well as Democrats. Trump says he’ll make Noem […]",https://ground.news/interest/watd-959-fm
Pennsylvania Capital-Star,Lean Left,Kristi Noem out as DHS secretary; Trump to nominate Oklahoma Sen. Mullin,"Department of Homeland Security Secretary Kristi Noem at a Nashville press conference on July 18, 2025, to discuss arrests of immigrants during recent Immigration and Customs Enforcement sweeps. (Photo by John Partipilo/Tennessee Lookout)WASHINGTON — President Donald Trump Thursday said Homeland Security Secretary Kristi Noem will be leaving the post for a job as a special envoy, following an appearance before a U.S. Senate panel this week that …",https://ground.news/interest/pennsylvania-capital-star
The Globe & Mail,Center,Trump fires Kristi Noem as Homeland Security chief after criticism over immigration crackdown,U.S. President says he will nominate Oklahoma Republican Sen. Markwayne Mullin in her place,https://ground.news/interest/the-globe-and-mail
TVN,Center,Trump Announces that He Dismissed National Security Secretary Kristi Noem,"According to the press, Trump would have made his decision following Noem’s hearings in Congress, during which he was in trouble for the award of an important public contract.",https://ground.news/interest/tvn
Radio-Canada,Lean Left,Donald Trump Dismisses Kristi Noem From Homeland Security,"Kristi Noem's work at the head of his department was criticized even by Republican elected officials, and she will be assigned to other positions.",https://ground.news/interest/radio-canada
South Dakota Searchlight,Left,Kristi Noem out as DHS secretary; Trump says she's moving to job as special envoy,"Department of Homeland Security Secretary Kristi Noem at a Nashville press conference on July 18, 2025, to discuss arrests of immigrants during recent Immigration and Customs Enforcement sweeps. (Photo by John Partipilo/Tennessee Lookout)WASHINGTON — President Donald Trump Thursday said Homeland Security Secretary Kristi Noem will be leaving the post for a job as a special envoy, following an appearance before a U.S. Senate panel this week that …",https://ground.news/interest/southdakotasearchlightcom
mainemorningstar.com,Left,Kristi Noem out as DHS secretary; Trump to nominate Oklahoma Sen. Mullin • Maine Morning Star,"Department of Homeland Security Secretary Kristi Noem at a Nashville press conference on July 18, 2025, to discuss arrests of immigrants during recent Immigration and Customs Enforcement sweeps. (Photo by John Partipilo/Tennessee Lookout)WASHINGTON — President Donald Trump Thursday said Homeland Security Secretary Kristi Noem will be leaving the post for a job as a special envoy, following an appearance before a U.S. Senate panel this week that …",https://ground.news/interest/mainemorningstarcom
ABC Australia,Lean Left,Breaking: Donald Trump fires Homeland Security Secretary Kristi Noem,Kristi Noem has been under pressure over her handling of immigration enforcement operations.,https://ground.news/interest/abc-australia
South China Morning Post,Center,Trump fires Kristi Noem as Homeland Security chief,"Senator Markwayne Mullin will replace Kristi Noem, who is the first Senate-confirmed member of Trump’s ‌Cabinet to be removed this term.",https://ground.news/interest/south-china-morning-post
der Standard AT,Lean Left,"Trump Fires His Homeland Minister Noem, Senator From Oklahoma to Succeed",The Minister for Homeland Security is the first member of the Trump administration to be dismissed by the President during this term of office. She had been noticed with strikingly dissuasive actions against migrants,https://ground.news/interest/der-standard_389fff
Time Magazine,Lean Left,Kristi Noem Removed as Homeland Security Secretary,"President Donald Trump said on Thursday that he would replace embattled Homeland Security Secretary Kristi Noem with Markwayne Mullin, a Republican Senator from Oklahoma, following a week of contentious congressional hearings that intensified scrutiny of her leadership and the department’s handling of immigration enforcement. [time-brightcove not-tgx=”true”] Trump announced the change in post on Truth Social, saying Mullin would become Secretary…",https://ground.news/interest/time-magazine
KYMA,Center,President Trump appoints new DHS secretary to replace Kristi Noem,"(KYMA) - President Trump ousted Department of Homeland Security (DHS) Secretary Kristi Noem Thursday. President Trump made the announcement on social media, stating, ""The current Secretary, Kristi Noem, who has served us well, and has had numerous and spectacular results (especially on the Border!), will be moving to be Special Envoy for The Shield of the Americas."" Oklahoma Senator Markwayne Mullin will take her place as DHS secretary, effectiv…",https://ground.news/interest/kyma
Talking Points Memo,Left,"Trump Unceremoniously Boots Noem, Says He Will Plop Senator in as Head of DHS","We’ve been getting reports all morning that Trump is about to fire DHS Secretary Kristi Noem, and has been asking around about what various allies think of the…",https://ground.news/interest/talking-points-memo
Today,Lean Left,Trump Says Kristi Noem Is Stepping Down As Homeland Security Secretary,President Donald Trump on Thursday announced that Homeland Security Secretary Kristi Noem will be stepping down at the end of the month after serving for just over a year in her role and tapping Sen.,https://ground.news/interest/today
Le Figaro,Right,United States: Donald Trump Announces Dismissal of Homeland Security Minister Kristi Noem · Global Voices,"In charge of a ""special envoy"" mission for Latin America, the Trompist Minister will be replaced from 31 March by Republican Senator Markwayne Mullin, said the US President.",https://ground.news/interest/le-figaro
HuffPost,Left,Trump Fires Scandal-Plagued Kristi Noem As Homeland Security Secretary,He plans to nominate Republican Sen. Markwayne Mullin to be her replacement.,https://ground.news/interest/huffpost
realnewsnow.com,Far Right,Trump Replaces Kristi Noem As Homeland Security Secretary - Real News Now,"President Donald Trump announced Thursday that he is replacing Homeland Security Secretary Kristi Noem and appointing Sen. Markwayne Mullin of Oklahoma to lead the Department of Homeland Security. Trump revealed the move in a post on Truth Social, saying Mullin will take over the role beginning March 31, 2026. “I am pleased to announce that the Highly Respected United States Senator from the Great State of Oklahoma, Markwayne Mullin, will become…",https://ground.news/interest/realnewsnowcom
Die Presse,Right,Trump Dismisses Minister of Homeland Security Kristi Noem,The trigger was a controversial advertising campaign by the Ministry worth about $220 million.,https://ground.news/interest/die-presse
EFE,Center,Trump Replaces National Security Secretary Kristi Noem at the Close of the Department,"Donald Trump announced that the Secretary of the Department of Homeland Security, Kristi Noem, will leave office on March 31, 2026.",https://ground.news/interest/efe
Des Moines Register,Center,Trump ousts Kristi Noem as Homeland Security secretary,Trump replaced Kristi Noem as secretary of the Department of Homeland Security after lawmakers grilled her over an ad campaign that featured her.,https://ground.news/interest/des-moines-register
20minutos,Center,"Trump Ceases Kristi Noem, Secretary of Homeland Security, After Ice's Controversial Actions","The President of the United States, Donald Trump, announced on Thursday that the resignation of the Secretary of the Department of Homeland Security (DHS), Kristi Noem, who will leave office on March 31. The Republican president has stated, in a message published on social networks, that the senator for the state of Oklahoma, Markwayne Mullin, will occupy the position of Noem. This comes after the controversial actions of the U.S. Immigration an…",https://ground.news/interest/20minutos
ladepeche.fr,Lean Left,"Donald Trump Dismisses Homeland Security Minister Kristi Noem, His Successor Already Found","It will be replaced by the U.S. Senator of Oklahoma State, Markwayne Mullin.",https://ground.news/interest/ladepechefr
Straight Arrow News,Center,Trump fires DHS Secretary Kristi Noem in fallout of her Senate hearing,"Facing criticism for how she handled a Senate testimony, President Donald Trump fired Department of Homeland Security Secretary Kristi Noem Thursday. She served in the pivotal role as a loyalist to Trump, supporting the president's deportation and larger immigration goals. Trump made the announcement official in a Thursday Truth Social post, adding that Sen. Markwayne Mullin of Oklahoma will assume the position on March 31. He added that Noem wi…",https://ground.news/interest/straight-arrow-news
TVN24.pl,Lean Left,Donald Trump Fired Homeland Security Secretary Kristi Noem,"Donald Trump announced the resignation of Homeland Security Secretary Kristi Noem, who was responsible for ICE, among other things. She will now serve as a special envoy for Project America's Shield.",https://ground.news/interest/tvn24pl
The Daily Caller,Right,Trump Reveals Who Will Replace Kristi Noem At DHS,Trump announced Thursday that Republican Oklahoma Sen. Markwayne Mullin will replace Kristi Noem as DHS Secretary at the end of the month.,https://ground.news/interest/the-daily-caller
DR,Lean Left,Trump Fires Kristi Noem as Secretary of Homeland Security,Kristi Noem is removed from her position as US Secretary of Homeland Security.,https://ground.news/interest/dr
Times Free Press,Center,Trump fires Homeland Security Secretary Noem after building criticism over immigration enforcement | Chattanooga Times Free Press,President Donald Trump on Thursday fired his embattled Homeland Security Secretary Kristi Noem and said he will nominate in her place Oklahoma Republican Sen. Markwayne Mullin.,https://ground.news/interest/timesfreepresscom
WBAL-TV,Center,Trump is replacing DHS Secretary Kristi Noem with Sen. Markwayne Mullin,President Donald Trump says he’s replacing his embattled Homeland Security Secretary Kristi Noem and will nominate in her place Oklahoma Republican Sen. Markwayne Mullin.,https://ground.news/interest/wbal-tv
WSMV Nashville,Center,Kristi Noem speaks in Nashville moments after being removed as DHS Secretary,She will be discussing the impact of DHS and local law enforcement cooperation.,https://ground.news/interest/wsmv-nashville
merkur.de,Center,Trump Dismisses Controversial Homeland Security Minister Kristi Noem: Successor Is Certain,"Donald Trump's controversial Homeland Security Minister Kristi Noem has to go. Instead, Senator Markwayne Mullin is to take over the post.",https://ground.news/interest/merkurde
Tagesschau,Center,Trump Dismisses Homeland Security Minister Noem,"U.S. President Trump has dismissed the controversial Homeland Security Minister Noem from her post. It is to be replaced by the Senator of Oklahoma, Mullin, by the end of the month. Noem had become critical after the killing of two U.S. citizens by federal forces in Minneapolis.",https://ground.news/interest/tagesschau
El Periódico,Center,Trump Dismisses National Security Secretary Kristi Noem After the Ice Crisis in Minneapolis,President picks Oklahoma Senator Markwayne Mullin to relieve controversial leader,https://ground.news/interest/el-periodico
RNZ,Center,Donald Trump fires of Homeland Security chief Kristi Noem,Kristi Noem had been overseeing the US President's immigration crackdown.,https://ground.news/interest/rnz
Irish Times,Lean Left,Donald Trump removes Kristi Noem as homeland security secretary,Critics accuse Noem of targeting non-criminal immigrants,https://ground.news/interest/irish-times
Hawaii Tribune-Herald,Center,Noem removed as DHS chief after immigration backlash,Noem removed as DHS chief after immigration backlash - Nation and World News | Hawaii Tribune-Herald,https://ground.news/interest/hawaii-tribune-herald
Irish Examiner,Lean Left,Trump says he is replacing Kristi Noem as Homeland Security Secretary,Ms Noem is the first Cabinet secretary to leave during Mr Trump’s second term.,https://ground.news/interest/irish-examiner
Sueddeutsche Zeitung,Lean Left,Usa News: Trump Dismisses Controversial Homeland Security Minister Kristi Noem,"Noem had been criticized for handling the partially controversial operations of the immigration police ICE, in which two U.S. citizens died. A successor has already been established.",https://ground.news/interest/sueddeutsche-zeitung
Boston Globe,Lean Left,Trump says he’s replacing Homeland Security Secretary Kristi Noem with GOP Senator Markwayne Mullin - The Boston Globe,"President Trump made the announcement on social media, two days after Noem faced a grilling on Capitol Hill from GOP members as well as Democrats.",https://ground.news/interest/boston-globe
CBC News,Lean Left,Kristi Noem out at U.S. Department of Homeland Security,"One of the top officials overseeing U.S. President Donald Trump's immigration crackdown, U.S. Homeland Security Secretary Kristi Noem, will leave her role, Trump said on Thursday.",https://ground.news/interest/cbc-news
El Mundo,Right,Trump Fires National Security Officer Kristi Noem After a Cascade of Migration and Corruption Scandals · Global Voices,"Kristi Noem, marked by the management of immigration agencies, assigned to finger a million-dollar advertising contract to her ex-speaker's husband and said the president was aware of Read",https://ground.news/interest/el-mundo
stern.de,Center,Trump Dismisses Controversial Homeland Security Minister Noem,"Washington - US President Donald Trump has dismissed his controversial Homeland Security Minister Kristi Noem. With effect from March 31, the Senator",https://ground.news/interest/sternde
Pine Journal,Center,"Kristi Noem out as DHS chief, Trump says","WASHINGTON — Homeland Security Secretary Kristi Noem, will leave her role, President Donald Trump said on Thursday, March 5, a major staffing move that raises questions about the direction of the Republican president's immigration agenda. ""I am pleased to announce that the Highly Respected United States Senator from the Great State of Oklahoma, Markwayne Mullin, will become the United States Secretary of Homeland Security (DHS), effective March …",https://ground.news/interest/pine-journal
Wapa,Center,Trump Announces the Departure of Homeland Security Secretary Kristi Noem,"Trump reportedly made his decision after Noem's congressional hearings, during which he faced difficulties in securing a major government contract.",https://ground.news/interest/wapa
NOS,Right,Trump Replaces Homeland Security Secretary Noem,The reason for the decision is not clear.,https://ground.news/interest/nos_4ae905
Der Tagesspiegel,Center,Successor Is Already Certain: Trump Dismisses Controversial Homeland Security Minister Kristi Noem,US President Donald Trump throws the controversial Homeland Security Minister Kristi Noem out of office. Republican Senator Markwayne Mullin is to follow her at the end of March.,https://ground.news/interest/der-tagesspiegel
abc,Right,Trump Ceases Kristi Noem to Be Responsible for Homeland Security After the Deaths in Minneapolis,The President of the United States has elected to replace Senator Markwayne Mullin,https://ground.news/interest/abc_0c202e
Las Vegas Review-Journal,Center,Trump annoucnes Markwayne Mullin will replace Kristi Noem,President Donald Trump says he’s replacing his embattled Homeland Security Secretary Kristi Noem and will nominate in her place Oklahoma Republican Sen. Markwayne Mullin.,https://ground.news/interest/las-vegas-review-journal
Berliner Morgenpost,Center,Trump Fires Controversial Homeland Security Secretary Kristie Noem,Donald Trump has announced his intention to fire Homeland Security Secretary Kristie Noem. A senator is to take over the position.,https://ground.news/interest/berliner-morgenpost
Dallas News,Center,President Donald Trump removes Homeland Security Secretary Kristi Noem from her post,Homeland Security Secretary Kristi Noem was removed from her post on Thursday.,https://ground.news/interest/dallas-news
The New York Sun,Right,"Kristi Noem Out as Homeland Security Secretary Following Congressional Criticism Over Spending, ICE Tactics","The secretary’s tenure has been marred by the killing of protesters by immigration enforcement officers, corruption allegations, and her relationship with a subordinate in the department.",https://ground.news/interest/the-new-york-sun
TrendingPolitics,Right,Trump Fires Cabinet Secretary After Brutal Week On Capitol Hill,"President Donald Trump announced Thursday that Homeland Security Secretary Kristi Noem will leave her role at the Department of Homeland Security later this month, replacing her with Oklahoma Sen. Markwayne Mullin. In a post on Truth Social, Trump said Noem would transition into a new role as Special Envoy for “The Shield of the Americas,” a regional security initiative the administration plans to unveil Saturday in Doral. “I am pleased to annou…",https://ground.news/interest/trendingpoliticsnewscom
Daily Mirror,Lean Left,Donald Trump fires Homeland Security Secretary Kristi Noem as replacement named - The Mirror,"This is a breaking news story, please refresh for updates",https://ground.news/interest/daily-mirror
Fox 59 Indianapolis,Center,Noem replaced as DHS secretary with Oklahoma senator,President Trump on Thursday announced he was replacing Kristi Noem as Department of Homeland Security secretary with Sen. Markwayne Mullin (R-Okla.) in the first major shake-up of his Cabinet in his second term. Trump said in a Truth Social post Noem had served her role well and would be shifting to the role of special [...],https://ground.news/interest/fox-59-indianapolis
RollingStone,Left,"Trump Fires Kristi Noem, Taps Oklahoma Senator to Lead DHS","Donald Trump announced that he is removing Kristi Noem as secretary of the Department of Homeland Security, and tapping Sen. Markwayne Mullin.",https://ground.news/interest/rollingstone_6de571
Gulf News,Right,Kristi Noem out as homeland security chief: Trump,"President Trump announces the replacement of Kristi Noem as Homeland Security Chief with Oklahoma Senator Markwayne Mullen, effective March 31.",https://ground.news/interest/gulf-news
News Facts Network,Center,"Trump Replaces Noem, Taps Mullin to Lead DHS","Washington, D.C. — President Donald Trump announced Thursday that he will nominate Sen. Markwayne Mullin of Oklahoma to serve as the next secretary of the Department of Homeland Security, replacing Kristi Noem. Trump said Noem will move to a new role as special envoy for a Western Hemisphere security initiative the administration plans to unveil at a summit with Latin American leaders in Florida. In a statement posted on Truth Social, Trump prai…",https://ground.news/interest/news-facts-network
The Epoch Times,Right,Trump Announces He’s Replacing Noem With Oklahoma Senator to Head Homeland Security,"President Donald Trump on Thursday announced that he is replacing Department of Homeland Security Secretary Kristi Noem with Sen. Markwayne Mullin (R-Okla.) in a move that will go into effect by the end of the month. “I am pleased to announce that the Highly Respected United States Senator from the Great State of Oklahoma, Markwayne Mullin, will become the United States Secretary of Homeland Security,” Trump wrote in a post on Truth Social. The …",https://ground.news/interest/the-epoch-times
Fox8,Center,President Trump says Kristi Noem is being replaced,President Donald Trump says he’s replacing his embattled Homeland Security Secretary Kristi Noem and will nominate in her place Oklahoma Republican Sen. Markwayne Mullin.,https://ground.news/interest/fox8
Raw Story,Left,Trump demotes Kristi Noem — replaces her with MAGA ex-MMA fighter,"President Donald Trump announced on Thursday that he had fired Homeland Security Secretary Kristi Noem from her initial position.""I am pleased to announce that the Highly Respected United States Senator from the Great State of Oklahoma, Markwayne Mullin, will become the United States Secretary of Ho...",https://ground.news/interest/raw-story
Spiegel,Lean Left,Kristi Noem: Donald Trump Dismisses Controversial Homeland Security Minister,"Donald Trump ravaged Homeland Security Minister Kristi Noem. Noem was under pressure as a result of the controversial ICE operations, the US President wants to replace them with Republican Senator Markwayne Mullin.",https://ground.news/interest/spiegel
WDIO,Center,President Trump to replace Kristi Noem,President Donald Trump says he’s replacing Homeland Security Secretary Kristi Noem and will nominate in her place Oklahoma Republican Sen. Markwayne Mullin.,https://ground.news/interest/wdio
KPRC-TV,Center,Trump fires Homeland Security Secretary Noem amid criticism over immigration enforcement,President Donald Trump announced Thursday that Homeland Security Secretary Kristi Noem will resign at the end of March after just over a year in the role.,https://ground.news/interest/kprc-tv
GV Wire,Lean Left,"Kristi Noem Fired, President Donald Trump Said Thursday","One of the top officials overseeing President Donald Trump’s immigration crackdown, U.S. Homeland Security Secretary Kristi Noem, will leave her role, U.S. President Donald Trump said on Thursday, a major staffing move that raises questions about the direction of the Republican president’s immigration agenda. “I am pleased to announce that the Highly Respected United States Senator from the Great State of Oklahoma, Markwayne Mullin, will become …",https://ground.news/interest/gv-wire
Deutsche Welle,Center,"Kristi Noem to be replaced as DHS head, Trump says","Trump has said he wants Oklahoma Senator Markwayne Mullin to serve as the next head of the Department of Homeland Security, replacing embattled Kristi Noem.",https://ground.news/interest/deutsche-welle
La Vanguardia,Lean Left,"Trump Ceases Kristi Noem, Secretary of Homeland Security, After His Controversial Management of the Ice Murders","U.S. President Donald Trump has announced that he will replace National Security Secretary Kristi Noem after a series of disagreements over her management and her handling of the story following the murder of two Americans by Immigration and Customs (ICE) agents in Minneapolis. Instead, she has nominated Markwayne Mullin, Republican Senator for Oklahoma State, with whom Trump maintains a close relationship of trust and talks regularly.Continue r…",https://ground.news/interest/la-vanguardia
americanliberty.news,Right,Report: President Trump Removes Kristi Noem As DHS Secretary - American Liberty News,"Categories: Featured•Government•Immigration Tags: Breaking News, Department of Homeland Security, Kristi Noem, Law Enforcement, Markwayne Mullin, Tricia McLaughlin, Troy Edgar, Trump Administration On Thursday, President Trump announced he has reassigned Homeland Security Secretary Kristi Noem and will replace her with Sen. Markwayne Mullin (R-Okla).  “I am pleased to announce that the Highly Respected United States Senator from the Great State …",https://ground.news/interest/americanlibertynews
Chicago Tribune,Center,‘Don’t let the door hit you on the way out’: Illinois officials cheer Kristi Noem’s ouster at Homeland Security,"Noem's ouster was celebrated by local officials and activists, who said good riddance to the woman who oversaw unprecedented immigration raids in the Chicago area.",https://ground.news/interest/chicago-tribune
WCBD,Center,"Kristi Noem is out as Homeland Security secretary, Trump says",President Trump announced Thursday on social media that he is replacing his embattled Homeland Security Secretary Kristi Noem with Oklahoma Republican Sen. Markwayne Mullin.,https://ground.news/interest/wcbd
CBS News,Center,Kristi Noem out as DHS secretary; Trump announces Sen. Markwayne Mullin as replacement,"The announcement comes amid criticism of DHS spending under Noem, and as Congress has allowed the department&#039;s funding to lapse.",https://ground.news/interest/cbs-news
Sydney Morning Herald,Lean Left,"Trump sacks Kristi Noem, the face of his immigration crackdown",The US president announced the home security secretary – the first person to be dumped from his cabinet in his second term – would be replaced at the end of the month.,https://ground.news/interest/sydney-morning-herald
WATE,Center,"Kristi Noem to be replaced by GOP Sen. Markwayne Mullin, Trump says","WASHINGTON (NEXSTAR) — Trump says he's replacing Homeland Security Secretary Noem with GOP Sen. Markwayne Mullin. Trump made the announcement on social media on Thursday, two days after Noem faced a grilling on Capitol Hill from GOP members as well as Democrats. In a post on Truth Social Thursday, the president said, in part: ""I [...]",https://ground.news/interest/wate
Pioneer Press,Center,Trump fires DHS Secretary Kristi Noem after mounting criticism over her leadership,"WASHINGTON — President Donald Trump on Thursday fired his embattled Homeland Security Secretary Kristi Noem, after mounting criticism over her leadership of the department, including the handling of the administration’s immigration crackdown and disaster response. Related Articles On Iran, Trump officials say the US mission is ‘that simple.’ It depends who’s doing the talking House Republican leaders urge Gonzales …",https://ground.news/interest/pioneer-press
NewsNation,Center,"Kristi Noem out as DHS secretary, Trump announces",Democrats had been calling for Noem to step down or be fired over her handling of immigration enforcement efforts,https://ground.news/interest/wgn-america_663347
BBC News,Center,Trump replaces Homeland Security chief Kristi Noem,Donald Trump replaces Homeland Security Secretary Kristi Noem with Republican senator Markwayne Mullin.,https://ground.news/interest/bbc-news_bf95f4
WFSB,Center,"Kristi Noem out as DHS secretary, Trump announces replacement",President Donald Trump has removed Kristi Noem from her position as secretary of Homeland Security.,https://ground.news/interest/wfsb
Svenska Dagbladet,Right,Trump Pokes Kristi Noem as Minister,"US President Donald Trump is firing Kristi Noem, Secretary of Homeland Security. She has long been controversial, but according to sources to several media outlets, the cup has run over for the president after a Senate hearing this week.",https://ground.news/interest/svenska-dagbladet
CTV News,Center,Trump replaces Kristi Noem as U.S. Homeland Security secretary,"One of the top officials overseeing U.S. President Donald Trump’s immigration crackdown, U.S. Homeland Security Secretary Kristi Noem, will leave her role, U.S. President Donald Trump said on Thursday, a major staffing move that raises questions about the direction of the Republican president’s immigration agenda.",https://ground.news/interest/ctv-news
Infobae,Lean Left,Donald Trump Dismissed National Security Secretary Kristi Noem,"Trump made the announcement on social media Thursday, two days after Noem was interrogated in the Capitol by members of the Republican Party and the Democratic Party",https://ground.news/interest/infobae_343f97
2 News KTVN,Center,President Trump replacing Homeland Security Secretary Noem with Sen. Markwayne Mullin,"Trump says he'll make Noem a ""Special Envoy for The Shield of the Americas.""",https://ground.news/interest/2-news-ktvn
Newsweek,Center,Kristi Noem responds to firing: live updates,Trump taps Sen. Markwayne Mullin to replace Kristi Noem at DHS. Follow live.,https://ground.news/interest/newsweek
La Repubblica,Lean Left,Trump Dismisses the Secretary of Internal Security Noem: Senator Mullin in His Place,"For months there have been rumors about his expulsion from the department. Now he will be sent to the Shield of the Americas. In this new position, the former minister...",https://ground.news/interest/la-repubblica
Welt,Right,Kristi Noem: Us President Donald Trump Dismisses Controversial Homeland Security Minister,US President Donald Trump dismisses Homeland Security Minister Kristi Noem. Republican Senator Markwayne Mullin will take over the post.,https://ground.news/interest/welt
Just Jared,Center,"Kristi Noem Out as Homeland Security Secretary, Trump Claims She Had ‘Spectacular Results’ as He Reveals Her New Position | Just Jared: Celebrity News and Gossip","Kristi Noem Out as Homeland Security Secretary, Trump Claims She Had ‘Spectacular Results’ as He Reveals Her New Position Kristi Noem is out as Homeland Security Secretary, Donald Trump just confirmed. The 79-year-old POTUS announced she would be moving to a new position, Special…",https://ground.news/interest/just-jared
Daily Sabah,Right,"Trump fires Noem, taps Sen. Mullin as homeland security secretary","U.S. President Donald Trump announced Thursday that Markwayne Mullin will take over as secretary of the U.S. Department of Homeland Security, replacing...",https://ground.news/interest/daily-sabah
EL ESPAÑOL,Center,Trump Ceases Kristi Noem as National Security Secretary After the Death of Two Citizens in Minneapolis,The former South Dakota governor consolidated herself as the most visible face of the Trump administration’s hard-handed anti-immigration policy. More information: Alex Pretti and Renee Good are not isolated cases: Trump’s ‘ICEtapo’ now carries 40 deaths since he returned to power,https://ground.news/interest/el-espanol
KATU,Center,Trump names Oklahoma Sen. Markwayne Mullin as new DHS secretary,President Donald Trump announced that U.S. Sen. Markwayne Mullin of Oklahoma will become the next Secretary of Homeland Security.,https://ground.news/interest/katu
Komo News,Center,Kristi Noem to step down as DHS Secretary; Trump names Sen. Markwayne Mullin successor,President Donald Trump announced that U.S. Sen. Markwayne Mullin of Oklahoma will become the next Secretary of Homeland Security.,https://ground.news/interest/komo-news
The Detroit News,Center,Donald Trump fires Kristi Noem at DHS. Here's who will replace her,President Donald Trump said on Thursday that U.S. Senator Markwayne Mullin will replace Kristi Noem as Secretary of Homeland Security at the end of the month.,https://ground.news/interest/the-detroit-news
The National Pulse,Right,BREAKING: Trump Fires Kristi Noem on Truth Social. Here’s Who Will Replace Her…,"PULSE POINTSWHAT HAPPENED: President Donald J. Trump announced a change in the position of United States Secretary of Homeland Security, effectively firing Kristi Noem via Truth Social.WHO WAS INVOLVED: Kristi Noem, Markwayne Mullin, and Donald Trump.WHEN & WHERE: The announcement was made via Truth Social, effective March 5, 2026.KEY QUOTE: “Markwayne will make a spectacular Secretary of Homeland Security.” – Donald TrumpIMPACT: Markwayne Mulli…",https://ground.news/interest/the-national-pulse
PBS NewsHour,Lean Left,Trump replacing Noem as Homeland Security secretary,"Trump, who said he would nominate Oklahoma Republican Sen. Markwayne Mullin in her place, made the announcement on social media after Noem faced a two-day grilling on Capitol Hill this week from GOP members as well as Democrats.",https://ground.news/interest/pbs-newshour
WISH-TV,Lean Left,Trump says he's replacing Homeland Security Secretary Kristi Noem,President Trump announces plans to replace Homeland Security Secretary Noem with GOP Sen. Markwayne Mullin. Developing story.,https://ground.news/interest/wish-tv
Associated Press News,Lean Left,Trump fires Homeland Security Secretary Noem after mounting criticism over her leadership,President Donald Trump has fired his embattled Homeland Security Secretary Kristi Noem. Trump said he was nominating Oklahoma Republican Sen.,https://ground.news/interest/associated-press-news
vrt,Center,Donald Trump Fires Us Secretary of Homeland Security Kristi Noem,"US President Donald Trump has fired his Secretary of Homeland Security, Kristi Noem. Trump writes on Truth Social that Noem will be given a new position: Special Envoy for Project Shield America, which aims to secure the Western Hemisphere. Oklahoma Senator Markwayne Mullin will take her place.",https://ground.news/interest/vrt
n-tv.de,Right,"""Maga Warriors"" to Follow: Trump Dismisses Controversial Homeland Security Minister Kristi Noem",Reports have been circulating for weeks that the US President is dissatisfied with his Homeland Security Minister. Now Republican Kristi Noem replaces her. She receives a position as Special Representative in a new body.,https://ground.news/interest/n-tvde
The Gateway Pundit,Far Right,"BREAKING: President Trump Fires Noem as DHS Chief, Announces Replacement",President Trump on Thursday fired Kristi Noem as DHS Chief and immediately announced her replacement.,https://ground.news/interest/the-gateway-pundit
NBC News,Lean Left,Trump fires Kristi Noem as homeland security secretary,"President Donald Trump fired Homeland Security Secretary Kristi Noem on Thursday, making her the first Cabinet secretary to leave her post and capping off a tumultuous year in which she oversaw his increasingly unpopular mass deportation agenda",https://ground.news/interest/nbc-news
Koco News5,Center,"Sen. Markwayne Mullin named secretary of Homeland Security, replacing Kristi Noem","U.S. Sen. Markwayne Mullin, Oklahoma's junior senator, has been named as the secretary of Homeland Security, replacing Kristi Noem.",https://ground.news/interest/koco-news5
Washington Times,Right,"Trump boots Kristi Noem, picks Markwayne Mullin as new DHS secretary","President Trump said Thursday he is installing Sen. Markwayne Mullin as the new head of the Department of Homeland Security and sidelining Secretary Kristi Noem, ending her mixed tenure and marking the first ouster from his second-term Cabinet.",https://ground.news/interest/washington-times
American Lookout,Far Right,Trump Announces New DHS Head,"Donald Trump has announced Markwayne Mullin will be the next United States Secretary of Homeland Security. Mullin will become DHS head effective March 31, 2026. Kristi Noem “will be moving to be Special Envoy for The Shield of the Americas, our new Security Initiative in the Western Hemisphere we are announcing on Saturday in Doral, Florida. I thank Kristi for her service at Homeland.” Truth Social: I am pleased to announce that the Highly Respe…",https://ground.news/interest/american-lookout
Deadline,Lean Left,Kristi Noem Out As Homeland Security Secretary; Trump Taps Markwayne Mullin To Replace Her,"Donald Trump says he will tap Markwayne Mullin, senator from Oklahoma, to replace her.",https://ground.news/interest/deadline
www.t-online.de,Lean Left,Dashboard Strike in Washington: Donald Trump Fires Ice Minister Kristi Noem,Donald Trump reshapes his cabinet: Markwayne Mullin replaces Kristi Noem in the Homeland Security Department. Noem has to go because of the abuses in the ICE authority.,https://ground.news/interest/wwwt-onlinede
abc News,Lean Left,Trump says Markwayne Mullin will replace Kristi Noem as DHS secretary,President Donald Trump says Republican Sen. Markwayne Mullin will replace Kristi Noem as Department of Homeland Security secretary.,https://ground.news/interest/abc-news_409efb
CNBC,Center,Trump taps Sen. Markwayne Mullin after firing Kristi Noem as DHS secretary,"Noem's chief advisor, Corey Lewandowski, will also leave his position at DHS, MS Now reported.",https://ground.news/interest/cnbc
Mirror US,Lean Left,Trump fires Kristi Noem just one day after humiliating Congress grilling,Kristi Noem has been fired from her role as the United States Secretary of Homeland Security (DHS) after she was viciously grilled by Senate and the House earlier this week,https://ground.news/interest/themirrorcom
Newsmax,Right,"Report: Trump Angry After Noem Hearings, Mullin Considered as DHS Chief ...",,https://ground.news/interest/newsmax
Axios,Lean Left,"DHS Secretary Kristi Noem out, Trump says",Noem has come under fire from both Democrats and Republicans.,https://ground.news/interest/axios
New Hampshire Union Leader,Center,"Noem out as DHS chief, senator to replace her","Kristi Noem, who oversaw President Donald Trump’s aggressive immigration crackdown and faced bipartisan criticism in hearings this week over a $220 million ad contract, will leave her role as Homeland Security chief at the end of the month.",https://ground.news/interest/unionleadercom
yle,Center,Trump Fired Kristi Noem,US President Trump fired his Homeland Security Secretary. Noem will be appointed as special envoy.,https://ground.news/interest/yle
Fox News,Right,Kristi Noem ousted from Homeland Security post amid recent turmoil,"President Donald Trump tapped Sen. Markwayne Mullin, R-Okla., to replace Kristi Noem as Homeland Security secretary after she was ousted Wednesday following controversial congressional hearings.",https://ground.news/interest/fox-news_a44aba
Market Screener,Center,Trump nominates U.S. Senator Markwayne Mullin to replace Kristi Noem as U.S. Secretary of Homeland Security,"Trump nominates U.S. Senator Markwayne Mullin to replace Kristi Noem as U.S. Secretary of Homeland Security ... -March 05, 2026 at 01:42 pm EST MarketScreener",https://ground.news/interest/marketscreenercom
CNN,Lean Left,"Trump fires Noem as frustrations build among White House officials, GOP lawmakers",President Donald Trump said Thursday on social media he was firing Homeland Security Secretary Kristi Noem and would name Oklahoma Sen. Markwayne Mullin to replace her.,https://ground.news/interest/cnn
News 9,Center,Could Markwayne Mullin replace Kristi Noem as DHS Secretary?,Trump reportedly frustrated with DHS Secretary Noem over $220M ad campaign; Oklahoma Senator Mullin emerges as potential replacement,https://ground.news/interest/news-9
News Addicts,Far Right,Trump Considers Ousting DHS Secretary Noem After Contentious Hearings,"After tough testimony this week, President Trump privately queried GOP lawmakers about removing DHS Secretary Kristi Noem amid political fallout and blistering committee exchanges that even prompted talk of leadership changes among top House Republicans. The post Trump Considers Ousting DHS Secretary Noem After Contentious Hearings appeared first on News Addicts.",https://ground.news/interest/newsaddictscom
New York Post,Right,Trump says Kristi Noem lied to Congress about getting his approval for $220M ad campaign featuring herself,President Trump said Thursday that Homeland Security Secretary Kristi Noem lied to Congress about getting his approval for a $220 million ad campaign featuring herself.,https://ground.news/interest/new-york-post
svt Nyheter,Lean Left,Trump Fires Kristi Noem,"Donald Trump is firing his Homeland Security Secretary, Kristi Noem. Senator Markwayne Mullin is replacing her.",https://ground.news/interest/svt-nyheter
Expressen,Right,"Trump Fires Noem: ""Thank Christ""",Expressen's live feed with the latest news in brief • The biggest news events in Sweden and the world,https://ground.news/interest/expressen
diario.mx,Center,Trump Replaces Kristi Noem as Secretary of Security,"President Donald Trump announced that Kristi Noem will leave the post of U.S. Secretary of Homeland Security (DHS) and will be taken over by U.S. Senator Markwayne Mullin. ""The current Secretary, who has served us effectively and has achieved numerous spectacular results (especially at the border!), will become Special Envoy for the Shield of the Americas, our new Western Hemisphere Security Initiative that we will announce on Saturday in Doral,…",https://ground.news/interest/diariomx
Il Post,Lean Left,Trump Fired National Security Secretary Kristi Noem,"He had directed violent anti-immigration operations, even in Minnesota: he is the first member of the government sent away",https://ground.news/interest/il-post
Spectrum News,Center,Evening Briefing in the Bluegrass,• GOP Sen. Markwayne Mullin will replace her • David Sanders has been on death row for nearly 40 years • It has sparked debate among drivers,https://ground.news/interest/spectrum-news
KTBC,Center,Markwayne Mullin: What to know about the Oklahoma senator nominated to replace Kristi Noem,President Donald Trump nominated Oklahoma Sen. Markwayne Mullin as Homeland Security Secretary after Kristi Noem’s ouster.,https://ground.news/interest/ktbc
BioBioChile,Right,Trump Removes Kristi Noem as u.s. Secretary of Homeland Security,"This Thursday, Donald Trump announced the removal of Kristi Noem as U.S. Secretary of National Security. The instance is taking place in the middle of the temporary closure of the department, due to a lack of agreement between Republicans and Democrats about its funding. The lawyer had a controversial step through that office, being in charge of leading the operations of the Immigration and Customs Control Service (ICE) against immigrants in var…",https://ground.news/interest/biobiochile
UPI,Center,"Trump ousts DHS chief Kristi Noem, picks Okla. Sen. Markwayne Mullin","President Donald Trump on Thursday fired DHS Secretary Kristi Noem and said he would replace her with U.S. Sen. Markwayne Mullin, R-Okla.",https://ground.news/interest/upi_0b956e
World,Right,Homeland Security Secretary Kristi Noem to step down,"WORLD is a news organization producing Biblically sound, daily coverage of global, national, and cultural current events.",https://ground.news/interest/wngorg
The American Tribune,Right,"BREAKING: Donald Trump Announces Kristi Noem Is Out At DHS, Will Be Replaced By Republican Senator - The American Tribune.com","President Donald Trump announced in a mid-morning post on social media that Department of Homeland Security Secretary Kristi Noem would be replaced at the end of March, marking the first such cabinet-level replacement of his second term. Writing on March 5th, a lengthy Truth Social post from the president’s account revealed that Noem, who has been in the position since January 25th of last year, would be transitioning to a new role and that Okla…",https://ground.news/interest/theamericantribunecom
KENS,Center,Texas lawmakers react to Kristi Noem being ousted from Department of Homeland Security,Texas lawmakers give their reaction to the news of Kristi Noem being replaced as DHS Secretary.,https://ground.news/interest/kens
First Coast,Center,Who is Markwayne Mullin? Trump names his replacement pick for DHS secretary,Who is Markwayne Mullin? Trump has announced who he'll nominate to replace Homeland Security Secretary Kristi Noem. (AP Photo),https://ground.news/interest/first-coast
The Daily Wire,Right,A ‘Humbled’ Markwayne Mullin Reveals Who He Called First After He Was Tapped For DHS Secretary,"Republican Senator Markwayne Mullin of Oklahoma told reporters on Thursday that he called his wife and his dad after President Donald Trump asked him to take over at the Department of Homeland Security.Trump announced on Truth Social that Mullin would take over for Homeland Security Secretary Kristi Noem beginning on March 31, pending Mullin’s Senate confirmation. The Oklahoma senator told reporters on Capitol Hill that he received the call from…",https://ground.news/interest/the-daily-wire
Jezebel,Left,"Kristi Noem Fired...Like the Shot She Used to Kill Her Dog, Cricket","Kristi Noem, who, before being named Secretary of Homeland Security, was best known for being the former South Dakota governor who wrote about shooting her dog, Cricket, dead, can now add “first cabinet member of Trump’s second term to get fired” to her public service resume.  After weeks of reports that she was about to get the ax, and an incredibly tense hearing with the Senate Judiciary Committee earlier this week, Trump announced on Truth So…",https://ground.news/interest/jezebel
Benzinga,Center,"Kristi Noem, Days After Testimony, Is Fired As Homeland Secretary - Trump Media & Tech Gr (NASDAQ:DJT)","Noem, Trump says, will assume a newly created role as special envoy for the so-called ""Shield of the Americas.""",https://ground.news/interest/benzinga
IBTimes,Center,Markwayne Mullin's Government and Service History Explained As Trump Names Kristi Noem's Replacement,President Donald Trump announced that he will replace Homeland Security Secretary Kristi Noem with Oklahoma Republican Senator Markwayne Mullin.,https://ground.news/interest/ibtimes
tpr.org,Center,"Trump fires Kristi Noem as DHS chief, names Sen. Markwayne Mullin to replace her","President Trump has fired his homeland security secretary, Kristi Noem, and said Markwayne Mullin, a senator from Oklahoma, would replace her.",https://ground.news/interest/tprorg
Roll Call,Center,"Trump removes Noem as DHS chief, installs GOP Sen. Markwayne Mullin",President Trump on Thursday ousted Kristi Noem as DHS secretary and installed a Senate GOP ally.,https://ground.news/interest/roll-call
RedState,Right,Breaking: Noem Out As Trump Names New Secretary of Homeland Security,"Sen. Markwayne Mullin to replace Kristi Noem as DHS Secretary starting March 31, announced by President Trump.",https://ground.news/interest/redstate
CBN,Right,Trump Replaces Homeland Security Secretary Noem with a GOP Senator,President Donald Trump says he’s replacing his embattled Homeland Security Secretary Kristi Noem and is nominating,https://ground.news/interest/cbn
Fox 9,Center,"Trump removes Noem: 'Don't let the door hit you on the way out', Flanagan says",Minnesota leaders reacted strongly after President Trump announced he is replacing Homeland Security Secretary Kristi Noem.,https://ground.news/interest/fox-9
KGUN 9,Center,Arizona lawmakers react sharply to Trump firing DHS Secretary Kristi Noem,Arizona lawmakers react to President Donald Trump's firing of Homeland Security Secretary Kristi Noem.,https://ground.news/interest/kgun-9
Twitchy,Far Right,President Trump Has Replaced DHS Secretary Kristi Noem; New Chief Announced,"President Trump replaces DHS Secretary Kristi Noem with Sen. Markwayne Mullin, effective end of the month.",https://ground.news/interest/twitchy
KTVU FOX 2,Center,Trump fires Kristi Noem from Homeland Security post,President Donald Trump says he’s replacing Homeland Security Secretary Kristi Noem and will nominate in her place Oklahoma Republican Sen. Markwayne Mullin.,https://ground.news/interest/ktvu-fox-2
National Review,Right,Trump Taps Senator Markwayne Mullin to Replace Kristi Noem as DHS Secretary,"President Trump announced Thursday that Senator Markwayne Mullin (R., Okla.) will replace Kristi Noem as Homeland Security Secretary.",https://ground.news/interest/national-review
La Presse,Lean Left,Homeland Security Secretary Kristi Noem Dismissed,"Donald Trump announced on Thursday the dismissal of Secretary of Internal Security of the United States, Kristi Noem, one of the leading figures in his policy of mass expulsions of immigrants.",https://ground.news/interest/la-presse_39d7a8
WUSA9,Center,CBS Special Report: Kristi Noem replaced at Department of Homeland Security,CBS Special Report: Kristi Noem replaced at Department of Homeland Security,https://ground.news/interest/wusa9
Spectrum Local News,Center,Trump says he's replacing DHS Secretary Noem with GOP Sen. Markwayne Mullin,"Trump says he'll make Noem a ""Special Envoy for The Shield of the Americas,"" a new security initiative in the Western Hemisphere.",https://ground.news/interest/spectrum-local-news
Mediaite,Lean Left,BREAKING: Trump Announces Noem Is OUT at DHS — Names Her Replacement,"President Donald Trump announced DHS Secretary Kristi Noem was ""moving"" to a new position and he was nominating Sen. Markwayne Mullin (R-OK) to take her place.",https://ground.news/interest/mediaite
Just the News,Right,Trump replaces Kristi Noem with Markwayne Mullin,"""I am pleased to announce that the Highly Respected United States Senator from the Great State of Oklahoma, Markwayne Mullin, will become the United States Secretary of Homeland Security (DHS), effective March 31, 2026,"" he posted on Truth Social.",https://ground.news/interest/justthenewscom
Political Wire,Center,Trump Picks Markwayne Mullin to Replace Kristi Noem,"President Trump announced he will nominate Sen. Markwayne Mullin (R-OK) to be Secretary of Homeland Security, replacing the current embattled Secretary Kristi Noem.Oklahoma Gov. Kevin Stitt (R) would appoint a replacement for Mullin until the next regularly scheduled election.",https://ground.news/interest/political-wire
The Post Millennial,Right,"BREAKING: Trump removes Kristi Noem as DHS head, appoints Markwayne Mullin","""I thank Kristi for her service at 'Homeland.'""",https://ground.news/interest/the-post-millennial
NBC Chicago,Center,Why was Kristi Noem fired as DHS secretary? How her controversial reign ended,"Just one day after she wrapped up testimony on Capitol Hill, Homeland Security Sec. Kristi Noem was fired by President Donald Trump.",https://ground.news/interest/nbc-chicago
RiverBender.com,Center,Durbin Statement On Trump Firing Kristi Noem,"WASHINGTON – U.S. Senate Democratic Whip Dick Durbin (D-IL), Ranking Member of the Senate Judiciary Committee, released the following statement after President Donald Trump fired Department of Homeland Security (DHS) Secretary Kristi Noem and announced U.S. Senator Markwayne Mullin (R-OK) as his preferred replacement:“Kristi Noem was the face of an unpopular, illegal, and outright dangerous mass deportation campaign that claimed the lives of inn…",https://ground.news/interest/riverbendercom
PJ Media,Far Right,UPDATE: Trump to Replace Noem at DHS With Mullin,Trump is reportedly preparing to fire DHS Secretary Kristi Noem amid leadership concerns and ad campaign disputes.,https://ground.news/interest/pj-media
ipmnewsroom.org,Lean Left,Trump fires Homeland Security Secretary Noem after building criticism over immigration enforcement - IPM Newsroom,"Illinois Newsroom - Trump says he'll make Noem a ""Special Envoy for The Shield of the Americas,” a new security initiative that he said would focus on the Western Hemisphere. The post Trump fires Homeland Security Secretary Noem after building criticism over immigration enforcement appeared first on IPM Newsroom.",https://ground.news/interest/ipmnewsroomorg
Fort Smith/Fayetteville News,Center,Oklahoma Senator Markwayne Mullin named DHS Secretary amid Trump Cabinet shakeup,"​Sen. Mullin will lead DHS effective March 31, Trump said in a Truth Social post.",https://ground.news/interest/fort-smith-fayetteville-news-5newsonline-kfsm-5news
Meduza,Left,Trump Decided to Fire Christy Noam as u.s. Secretary of Homeland Security.,"Christy Noam will resign as head of the U.S. Department of Homeland Security, informed President Donald Trump that a Republican senator from Oklahoma, Markwayn Mullin, will be appointed as of March 31.",https://ground.news/interest/meduza
Indy Star,Center,"Trump fires Kristi Noem as homeland secretary, announces ...",,https://ground.news/interest/indy-star
KATC,Center,Secretary Kristi Noem to leave DHS after facing bipartisan questioning,"President Donald Trump announced Thursday that Department of Homeland Security Secretary Kristi Noem will no longer be in charge of the department as of March 31.Noem faced lawmakers on Tuesday and Wednesday who grilled her over the department's handling of immigration enforcement.Oklahoma Sen. Markwayne Mullin will be nominated to replace her, Trump said.",https://ground.news/interest/katc
Hot Air,Right,"A Modest Proposal: Paxton for Homeland Security? UPDATE: Noem Out, Trump Appoints Mullin",Analysis of Trump's potential strategy to appoint Paxton to Homeland Security amid Texas GOP runoff tensions.,https://ground.news/interest/hot-air
Forbes,Center,Here’s How DHS Could Look Under Markwayne Mullin,"Mullin, a Republican senator from Oklahoma, holds a hardline stance on immigration and has pushed for the completion of the U.S.-Mexico border wall.",https://ground.news/interest/forbes
KJRH,Center,Sen. Markwayne Mullin nominated to DHS secretary,Trump posted the announcement to his social media on Thursday afternoon. 2 News reached out to Mullin's office for statement.,https://ground.news/interest/kjrh
Crooks and Liars,Left,Kristi Noem Fired: Trump Taps Markwayne Mullin For Job,"Donald Trump fired Kristi Noem from her job as Secretary of Homeland Security. ICE Barbie is out, and the president wants Oklahoma Senator Markwayne Mullin to replace her Never trust a man with two first names to fill a top job in national security. But that's just me. MeidasNews reported on Noem’s departure and on Trump’s social media post announcing the changes. Trump posted: ""I am pleased to announce that the Highly Respected United States Se…",https://ground.news/interest/crooksandliarscom
The New Republic,Left,"Trump Finally Fires Kristi Noem, Replaces Her With MAGA Senator",The ICE queen goeth: Donald Trump reportedly soured on Noem after back-to-back disastrous hearings.,https://ground.news/interest/the-new-republic
The US Sun,Right,Noem breaks silence after she's fired as DHS boss & sent to work for Rubio,KRISTI Noem is speaking out after being brutally sacked by Donald Trump as Homeland Security chief. The president announced Thursday afternoon...,https://ground.news/interest/the-us-sun
KGW 8,Center,'See you at Nuremberg 2.0': Oregon senator issues blistering statement on DHS Secretary Kristi Noem's firing,Sen. Ron Wyden issued the statement just minutes after President Donald Trump announced that Noem was fired.,https://ground.news/interest/kgw-8
The Columbian,Center,Trump fires Homeland Security Secretary Noem after building criticism over immigration enforcement,WASHINGTON — President Donald Trump on Thursday fired his embattled Homeland Security Secretary Kristi Noem and said he will nominate in her place Oklahoma Republican Sen. Markwayne Mullin. Read more...,https://ground.news/interest/the-columbian
King5 News,Center,Kristi Noem ousted from Department of Homeland Security as Trump names replacement,President Trump announced Kristi Noem will step down as Homeland Security secretary in March. Here's who will replace her.,https://ground.news/interest/king5-news
KSBY,Center,Trump says Noem to leave Homeland Security; Mullin tapped as replacement,"President Donald Trump announced Thursday that Department of Homeland Security Secretary Kristi Noem will no longer be in charge of the department as of March 31.""The current Secretary, Kristi Noem, who has served us well, and has had numerous and spectacular results (especially on the Border!), will be moving to be Special Envoy for The Shield of the Americas, our new Security Initiative in the Western Hemisphere we are announcing on Saturday i…",https://ground.news/interest/ksby
TMZ,Right,"Trump Fires DHS Secretary Kristi Noem, Names Markwayne Mullin as Replacement","President Trump sounds like he got to say his two favorite words ... ""You're fired!"" ... and the person on the receiving end this time is Department of Homeland Security Secretary Kristi Noem.",https://ground.news/interest/tmz
Politico,Lean Left,"Noem out, Trump picks Mullin as DHS secretary",The South Dakota Republican was the public face of the Trump administration’s immigration crackdown,https://ground.news/interest/politico
Reuters,Center,Trump taps US Senator Mullin to replace Noem as DHS chief,"One of the top officials overseeing President Donald Trump's immigration crackdown, U.S. Homeland Security Secretary Kristi Noem, will leave her role, U.S. President Donald Trump said on Thursday, ​a major staffing move that raises questions about the direction of the Republican president's immigration agenda.",https://ground.news/interest/reuters_fa2539
Townhall,Right,Report: Russia Is Helping Iran Target US Forces,"Russia is aiding Iran by providing intelligence to target U.S. forces amid escalating Middle East conflict. 11 hours ago · Washington, United States",https://ground.news/interest/townhall
Hawaii Tribune-Herald,Center,"Russia is sharing intelligence with Iran, US officials say","WASHINGTON — Russia has provided intelligence to Iran during the U.S.-Israeli war, including satellite imagery showing the locations of warships and military personnel, according to U.S. officials. 12 hours ago",https://ground.news/interest/hawaii-tribune-herald
Al Jazeera,Lean Left,US downplays reports Russia gave Iran intel to help Tehran strike US assets,Pentagon asserts US forces are tracking Russian-Iranian operations amid escalating conflict in the region. 13 hours ago · Qatar,https://ground.news/interest/al-jazeera_1a2e2c
The Press of Atlantic City,Center,"Russia gives tactical intel, sources say",AR IN IRAN 13 hours ago,https://ground.news/interest/the-press-of-atlantic-city
KMJ-AF1,Right,Russia Providing Intelligence to Help Iran Track U.S. Forces in Middle East,"U.S. intelligence officials said Russia has been providing Iran with information that could help identify American military positions in the Middle East. Officials familiar with the matter said the intelligence has included the location of U.S. warships, aircraft, and troop movements as tensions in the region continue to rise. The reported intelligence sharing marks a new point in the growing ties between Moscow and Tehran. U.S. officials have d… 13 hours ago",https://ground.news/interest/kmj-af1
mannheim24.de,Center,"""We Will Decimate Them Completely: Russia Helps Tehran in the Iran War with Target Data Against Usa","Since the beginning of the Iran war, Russia is supposed to provide Tehran with position data on US forces. A blow in Kuwait shows how far this can reach. 15 hours ago",https://ground.news/interest/mannheim24de
France24,Center,"Russia is helping Iran target US military forces, officials say","Russia has shared intelligence with Iran that could help Tehran strike US warships, aircraft and other American assets in the region, according to two officials familiar with US intelligence – the first indication Moscow may be stepping into the war launched last week by the United States and Israel. 15 hours ago · France",https://ground.news/interest/france24
Asia Times,Lean Left,Claims Russia helping Iran target US assets are credible,"The Washington Post, AP and others have reported that Russia is providing Iran with intelligence to target US forces, including the locations of American warships and aircraft in the Middle East. This is plausible even if the disclosure is part of a broader gambit to rally public support for the war the US and Israel are waging on […] The post Claims Russia helping Iran target US assets are credible appeared first on Asia Times. 16 hours ago · Hong Kong",https://ground.news/interest/asia-times
Crooks and Liars,Left,Karoline Leavitt: 'Doesn't Really Matter' Putin Is Helping Iran Target US Troops,"Trump sock-puppet Karoline Leavitt did her best to downplay reports that Russia is providing Iran with information that could help them target US troops. More on that from the Russia has provided Iran with information that could help Tehran strike American warships, aircraft and other assets in the region, according to two officials familiar with U.S. intelligence on the matter. The people, who were not authorized to comment publicly on the sens… 17 hours ago · United States",https://ground.news/interest/crooksandliarscom
Euronews,Center,Russia allegedly gave Iran intel to help it strike US military,"Russia is one of a small number countries that maintains friendly relations with Tehran, which has faced years of isolation over its nuclear programme and its support of proxy groups across the Middle East. 18 hours ago · France",https://ground.news/interest/euronews
BioBioChile,Right,"Russia Provides Intelligence to Iran for Attacks on u.s. Forces, According to the Washington Post","Moscow is sharing intelligence with Tehran on the location of U.S. military forces and assets in the Middle East conflict, as revealed this Friday by The Washington Post. Collaboration would include data on warships and aircraft, allowing Iran to fine-tune the accuracy of its offensives in the region. According to the U.S. media, which cites three anonymous officials familiar with intelligence reports, since the start of hostilities between the … 20 hours ago · Chile",https://ground.news/interest/biobiochile
Channel News Asia,Center,US 'not concerned' by reports Russia aiding Iran's targeting,"The Washington Post, citing officials familiar with the intelligence, said Russia has provided Iran with the locations of US military assets, including ships and aircraft. 20 hours ago · Singapore",https://ground.news/interest/channel-news-asia
South China Morning Post,Center,‘We are decimating them’: US brushes off Russian help for Iran in war,"The White House downplays Moscow sharing information with Tehran on US targets in the Gulf, saying it is not affecting military operations. 20 hours ago · Hong Kong",https://ground.news/interest/south-china-morning-post
आज तक,Right,Us Officials Claim Russia Provided Intelligence to Iran,"According to a report in the Washington Post, US officials have stated that Russia is providing intelligence to Iran that could enable Iran to target US forces. This information is a serious matter for US national security. 20 hours ago",https://ground.news/interest/_421d90
Merco Press,Lean Left,Trump deflects questions on reports of Russia sharing intelligence with Iran on U.S. Forces,"President Donald Trump declined Friday to comment on media reports indicating that Russia has been supplying Iran with intelligence on the positions and movements of U.S. troops, ships and aircraft in the Middle East. 20 hours ago · Caracas, Venezuela (Bolivarian Republic of)",https://ground.news/interest/merco-press
Stuff,Lean Left,Putin ‘helping’ Iran to strike US military in Middle East,"Moscow is providing Tehran with information that could help the regime hit American warships, aircraft and other assets in the region, according to officials. 22 hours ago · New Zealand",https://ground.news/interest/stuff_0ae80d
El Financiero,Right,"Look Here, Trump: Russia Helps Iran with Intelligence for Its Attacks on the Us, According to the Washington Post","Russia is providing Iran with intelligence on the location of U.S. military forces and assets, including warships and aircraft, in the Middle East war, as reported by The Washington Post this Friday.Since the U.S. and Israel started the war last Saturday, Moscow has provided Tehran with several locations that have allowed it to launch precise attacks on U.S. targets in the Persian Gulf and elsewhere, the daily, which cites three anonymous offici… 22 hours ago · Mexico",https://ground.news/interest/el-financiero
Komo News,Center,Russia feeding Tehran intel on US asset locations as airstrikes intensify: Reports,"As fighting between the United States, Israel and Iran enters its seventh day. 23 hours ago · Seattle, United States",https://ground.news/interest/komo-news
PerthNow,Center,Russia 'giving Iran information on US military targets',"Russia has been accused of providing intelligence that could help Iran attack the US military, while Vladimir Putin has had a phone call with Iran's president. 23 hours ago · City of Perth, Australia",https://ground.news/interest/perthnow
MyCentralOregon.com,Center,"US believes Russia is providing Iran with locations of American troops, sources say","An F-35C Lightning II, attached to Marine Fighter Attack Squadron 314, launches from the flight deck of Nimitz-class aircraft carrier USS Abraham Lincoln in support of Operation Epic Fury, March 3, 2026. (US Navy) (WASHINGTON) — The U.S. believes that Russia has been providing Iran the locations of American troops in the Middle East, including aircraft and ships, according to two people familiar with the intelligence. The alleged assistance, fir… 23 hours ago",https://ground.news/interest/mycentraloregoncom
The Toronto Star,Lean Left,"Russia has provided Iran with information that can help Tehran strike U.S. military, AP sources say","Russia has tightened its relationship with Iran as it looked for badly needed missiles and drones to utilize in its four-year war Ukraine. 23 hours ago · Toronto, Canada",https://ground.news/interest/the-toronto-star
Star Advertiser,Center,Russia is reportedly providing Iran intelligence to target U.S. forces | Honolulu Star-Advertiser,"Russia is providing Iran with targeting information that includes locations of U.S. warships and aircraft in the Middle East, the Washington Post reported today, citing three officials familiar with the intelligence. 23 hours ago · Honolulu, United States",https://ground.news/interest/star-advertiser
Radio Free Europe/ RadioLiberty,Center,US Officials Confirm Russia Providing Targeting Intelligence To Iran In Middle East War,"US officials on March 6 told RFE/RL that Russia is providing Iran with targeting information to attack US troops and military assets in the Middle East, confirming a Washington Post report that suggested Moscow is playing a substantial if indirect part in the widening regional conflict. 23 hours ago · Czechia",https://ground.news/interest/radio-free-europe-radioliberty
Upstract,Center,Hegseth responds to report Russia shared intel with Iran,"Hegseth responds to report Russia shared intel with Iran In response to reports that Russia is providing intel to Iran on U.S. positions and movements, Defense Secretary Pete Hegseth told 60 Minutes, ""We're tracking everything. Our commanders are aware of everything… No one's putting us in… 23 hours ago",https://ground.news/interest/upstract
Las Vegas Review-Journal,Center,AP sources say Russia provided Iran with information to help Tehran strike US military,"Israeli warplanes pounded Beirut and Tehran on Friday as Iran launched another wave of retaliatory strikes against Israel and Gulf countries that host U.S. forces. 23 hours ago · Las Vegas, United States",https://ground.news/interest/las-vegas-review-journal
PBS NewsHour,Lean Left,"Russia gave Iran information that can help Tehran hit U.S. military targets, AP sources say","Russia has provided Iran with information that could help Tehran strike American warships, aircraft and other assets in the region, according to two officials familiar with U.S. intelligence on the matter. 23 hours ago · Washington, United States",https://ground.news/interest/pbs-newshour
Benzinga,Center,Chuck Schumer Warns Trump Is 'Losing Control' After Report Says Russia Is Giving Iran Intel On US Forces,"Chuck Schumer warned that the Middle East conflict could be expanding after a The Washington Post report said Russia is sharing intelligence with Iran on U.S. military assets, as Washington considers temporarily easing some Russian oil restrictions to stabilize global markets. 23 hours ago · New York, United States",https://ground.news/interest/benzinga
News Addicts,Far Right,Intelligence Says Moscow Passed Targeting Data to Tehran,"U.S. intelligence says Russia shared targeting information with Iran that could threaten American forces across the Middle East, complicating a widening conflict while President Trump pushes for decisive military results and demands Iran’s 'unconditional surrender'. The post Intelligence Says Moscow Passed Targeting Data to Tehran appeared first on News Addicts. 24 hours ago · West Palm Beach, United States",https://ground.news/interest/newsaddictscom
TrendingPolitics,Right,REPORT: Russia Gave Iran Info To Help Target U.S. Military,"Russia has reportedly provided Iran with information that could help the regime target U.S. military assets across the Middle East, a development that adds a dangerous new layer to a war that is already widening by the day. U.S. intelligence officials believe Moscow passed along information that could be used against American warships, aircraft and other military positions in the region. The officials told The Associated Press there is no indica… 24 hours ago",https://ground.news/interest/trendingpoliticsnewscom
SDPnoticias.com,Lean Left,Russia Would Have Helped Iran Attack u.s. Military Targets,"The Washington Post claimed that Russia has helped Iran attack U.S. military targets, including U.S. forces, ships, and war planes. According to anonymous sources to that media, the country ruled by Vladimir Putin provides intelligence so that Iran can locate U.S. military forces and assets in real time. The theory takes more force when considering that Iran does not have many military-grade satellites or a satellite constellation, so having Rus… 24 hours ago",https://ground.news/interest/sdpnoticiascom
NZ Herald,Center,Russia sharing intelligence ‘to help Iran strike US military’,"Russia is providing Iran with intelligence to strike American military targets in the Middle East, it has been reported. Moscow began to pass the Islamic...",https://ground.news/interest/nz-herald
The Western Journal,Right,Russia Has Reportedly Begun Aiding Iran in Fight Against US,It doesn’t appear as if the conflict in Iran will be ending any time soon. Just days after President Donald Trump suggested that “Operation Epic Fury” — a joint U.S.-Israeli […] The post Russia Has Reportedly Begun Aiding Iran in Fight Against US appeared first on The Western Journal.,https://ground.news/interest/the-western-journal
stern.de,Center,White House Plays Down Report on Russian Target Aid for Iran,"The White House has downplayed a report from the Washington Post, according to which Russia will provide information to its allies Iran about US military targets in the Middle East. This makes no difference to the military deployment in Iran, because the US army will in any case ""completely destroy"" the opposing forces, said the White House spokesman Karoline Leavitt, Friday in Washington.""We are reaching the military targets of this operation, …",https://ground.news/interest/sternde
Dnevni list Danas,Lean Left,Russia Allegedly Provided Information to Iran that Could Help It Attack Us Warships and Aircraft,"Russia has provided Iran with information that could help Tehran attack American warships, aircraft and other assets in the region, two officials familiar with US intelligence on the subject said.",https://ground.news/interest/dnevni-list-danas
romaniatv.net,Right,"The Operation “Epic Fury”: Russia Is Involved in the War in the Middle East. Moscow Has Provided Tehran with Information About Us/tump Tanks for Unconditioned Delivery, the Us Is Almost Controlling Iran's Airspace","Russia is involved in the conflict in Iran and currently helps the Tehran regime with military information that will help Iranians to target the U.S. forces in the Middle East. Article Operation “Epic Fury”: Russia is involved in the war in the Middle East. Moscow has provided Tehran with information on U.S. / Trump's intentions request for unconditional surrender, the US almost controls Iran's airspace for the first time in Romania TV.",https://ground.news/interest/romaniatvnet
Sydney Morning Herald,Lean Left,Russia reportedly sharing intelligence about US military with Iran,"Russia has provided Iran with information that could help Tehran strike American warships, aircraft and other assets in the region, according to AP sources.",https://ground.news/interest/sydney-morning-herald
Hola News,Center,"Russia Helps Iran with Intelligence for Its Attacks on the Us, According to the Washington Post","International Writing/Washington, 6 Mar (EFE).- Russia is providing Iran with intelligence on the location of U.S. military forces and assets, including warships and aircraft, in the war unleashed in the Middle East, as reported this Friday in The Washington Post. Since the U.S. and Israel started the war last Saturday, Moscow has provided Tehran with several locations that have allowed it to launch accurate attacks on U.S. targets in the Persia…",https://ground.news/interest/hola-news
Pharos-Tribune,Lean Left,Source: Russia has provided Iran with info about US military,"Russia has provided Iran with information that could help Tehran strike American warships, aircraft and other assets in the region. That's according to two officials familiar with U.S. intelligence on the matter. The officials, who were not authorized to comment…",https://ground.news/interest/pharos-tribune
Global News,Lean Left,Russia gave Iran information that can help strike US military: sources - National,"The sources, who were not authorized to comment publicly, cautioned that the U.S. intelligence has not uncovered that Russia is directing Iran on what to do with the information.",https://ground.news/interest/global-news
Penn Live,Center,"Russia gave Iran information that can help it hit US military targets, sources say","By SEUNG MIN KIM and AAMER MADHANI, Associated Press",https://ground.news/interest/penn-live
Military Times,Center,"Russia provided Iran with information that can help Tehran strike US military, sources say","The information could help Tehran strike American warships, aircraft and other assets in the region.",https://ground.news/interest/military-times
The Hindu,Lean Left,"Russia has provided Iran with information that can help Iran strike U.S. military, AP sources say","“We are in dialogue with the Iranian side, with representatives of the Iranian leadership, and will certainly continue this dialogue,” Kremlin spokesperson Dmitry Peskov said on March 6",https://ground.news/interest/the-hindu
KLTV,Center,"Russia has provided Iran with information that can help Tehran strike US military, sources say","Russia has provided Iran with information that could help Tehran strike American warships, aircraft and other assets in the region.",https://ground.news/interest/http-wwwkltvcom
Meduza,Left,The Washington Post: Russia Provides Iran with Data on Targets for Attacks on American Military Targets in the Middle East,"Russia provides Iran with information to attack American military targets in the Middle East, writing The Washington Post with reference to three officials familiar with intelligence data.",https://ground.news/interest/meduza
The Free Press (Tampa),Right,'Waiting For Boots On The Ground': Iran Defiant As Russia Supplies Intel For Strikes On U.S. Assets - Tampa Free Press,"In an escalation of rhetoric, Iranian Foreign Minister Abbas Araghchi has signaled that the Islamic Republic is moving beyond its traditional reliance on proxies, declaring that Tehran is “fully prepared” for a direct ground war with the United States. The statement, delivered during a high-stakes interview with NBC’s Tom Llamas, comes as the region teeters […] ‘Waiting For Boots On The Ground’: Iran Defiant As Russia Supplies Intel For Strikes …",https://ground.news/interest/the-free-press-tampa
Zeit Online,Lean Left,Middle East: Russia Reports Iran Providing Information on Us Military,"Several U.S. media reports that the Russian government is delivering movement data to Iran from American troops, especially satellite images.",https://ground.news/interest/zeit-online
Newsweek,Center,White House reacts to report Russia helping Iran,"The White House dismissed reports that Russia shared intelligence with Iran, saying it has not impacted U.S. military operations in the region.",https://ground.news/interest/newsweek
Washington Times,Right,White House shrugs off report of Russia helping Iran to target U.S. forces in Middle East,White House press secretary Karoline Leavitt brushed off reports that Russia is providing Iran with intelligence to attack American forces in the Middle East.,https://ground.news/interest/washington-times
Military.com,Center,Russia Has Provided Iran With Information That Can Help Tehran Strike US Military,"Russia has provided Iran with information that could help Tehran strike American warships, aircraft and other assets in the region.",https://ground.news/interest/militarydotcom
HuffPost,Left,Russia Provided Iran With Information That Can Help Tehran Strike U.S. Military: AP Report,It's the first indication that Moscow has sought to get involved in the war that the U.S. and Israel launched on Iran a week ago.,https://ground.news/interest/huffpost
Devdiscourse,Center,Intelligence Exchange: The Russia-Iran Connection Amid Rising Tensions,"Russia has reportedly provided Iran with information to potentially target U.S. assets in the region. Although U.S. intelligence has not confirmed that Russia is advising Iran, this development suggests Moscow's deeper involvement in the U.S.-Iran conflict. Relations between Iran and Russia remain intact as geopolitical tensions escalate.",https://ground.news/interest/devdiscourse
20minutos,Center,"Putin's Hand in the War: Russia Helps Iran with Intelligence for Its Attacks on the Us, According to 'the Washington Post'","Russia is providing Iran with intelligence on the location of U.S. military forces and assets, including warships and aircraft, in the war unleashed in the Middle East, as reported by The Washington Post this Friday.Since the U.S. and Israel started the war last Saturday, Moscow has provided Tehran with several locations that have allowed it to launch precise attacks on U.S. targets in the Persian Gulf and elsewhere, says the daily, which quotes…",https://ground.news/interest/20minutos
Associated Press News,Lean Left,"Russia has provided Iran with information that can help Tehran strike US military, AP sources say","Russia has provided Iran with information that could help Tehran strike American warships, aircraft and other assets in the region.",https://ground.news/interest/associated-press-news
UPI,Center,Russia providing intelligence on U.S. military to Iran,"Russia is helping Iran with intelligence on American troops, ships and aircraft during the U.S. and Israeli assault on the Middle Eastern nation.",https://ground.news/interest/upi_0b956e
sta.si,Center,Russia Allegedly Providing Iran with Information About Us Targets in the Middle East,"Russia is providing Iran with the information it needs to attack US forces and interests across the Middle East, the Washington Post reported today, citing three unnamed intelligence sources.",https://ground.news/interest/stasi
GB News,Right,Russia accused of providing Iran intelligence to target American forces,"Moscow has been supplying Tehran with intelligence designed to help Iranian forces strike American military positions across the Middle East, according to Kremlin sources.The revelation marks the first time a major US adversary has become involved, even indirectly, in the ongoing conflict.The previously unreported assistance represents a significant escalation, bringing one of Washington's principal nuclear-armed rivals and its sophisticated int…",https://ground.news/interest/gbnewscom
Haaretz,Lean Left,Report: Russia provides Iran intelligence on U.S. forces in the Middle East,"Sources say Russia has been providing Iran with locations of American military assets, including warships and aircraft, since the beginning of Iran's war with the U.S. and Israel. Iran has launched thousands of drones and hundreds of missiles at U.S. targets in the Middle East and Gulf",https://ground.news/interest/haaretz
Al-Monitor,Lean Left,Russia has aided Iran’s targeting US military in Gulf: Officials,Satellite imagery is believed to have assisted Iran in its planning attacks on US military assets.,https://ground.news/interest/al-monitor
EL ESPAÑOL,Center,Iran Bombs u.s. Diplomatic Center in Iraq After Knowing Russian Intelligence Targets Tehran · Global Voices,The complex is a regular target of air strikes by Iraqi militias related to Tehran and the Islamic Revolutionary Guard. More information: The Israeli Army announces the destruction of the Khamenei bunker used by other Iranian military leaders,https://ground.news/interest/el-espanol
Firstpost News,Center,"Russia sharing intelligence with Iran against US forces, first sign of Moscow’s involvement: Report","Since the war began on Saturday, Moscow has shared the locations of US military assets with Tehran, according to a report, citing officials",https://ground.news/interest/firstpost-news
One News Page,Center,News24 | Russia is providing Iran with intelligence to target US forces,"Russia is providing Iran with targeting ‌information that includes locations of US warships and aircraft in the Middle East, the Washington Post reported ‌on Friday, citing three officials familiar with the ⁠intelligence.",https://ground.news/interest/one-news-page
Handelsblatt,Right,Iran War: Russia Probably Supplies Iran with Target Data on Us Forces,"Iran reports attack on oil tankers ""in US possession"" ahead of Kuwait +++ Gulf states are testing foreign investment because of Iran war +++ Hapag-Lloyd and Maersk are suspending some Middle East voyages because of Iran war +++ The Newsblog.",https://ground.news/interest/handelsblattcom
La Vanguardia,Lean Left,"Russian Intelligence Helps Iran in Its Attacks on the Us, According to the 'Washington Post'","Russia is providing Iran with intelligence on the location of U.S. military forces and assets, including warships and aircraft, in the war unleashed in the Middle East, as reported by The Washington Post this Friday.Continue reading...",https://ground.news/interest/la-vanguardia
ABC Australia,Lean Left,"Iran's president apologises to Gulf neighbours, as conflict rages in Middle East — as it happened","Iran's President Masoud Pezeshkian apologises to neighbouring countries for Iran's attacks across the region, saying they will not be targeted unless attacks originate from them. Take a look back on how the day's events unfolded.",https://ground.news/interest/abc-australia
News24,Center,Russia is providing Iran with intelligence to target US forces - report,"Russia is providing Iran with targeting ‌information that includes locations of US warships and aircraft in the Middle East, the Washington Post reported ‌on Friday, citing three officials familiar with the ⁠intelligence.",https://ground.news/interest/news24
tippinsights,Right,Russia Reportedly Giving Iran Intelligence To Target U.S. Forces,"Russia is reportedly providing Iran with intelligence that could help Tehran target U.S. military forces during the ongoing war in the Middle East, according to a report by The Washington Post. Officials cited in the report said Moscow has shared information on the locations of American military assets, including warships and aircraft operating in the region. The intelligence support reportedly began after the United States and Israel launched j…",https://ground.news/interest/tippinsights
The New Arab,Lean Left,Russia ’providing intelligence to Iran to target US forces’,"Russia has been giving Iran information to help it target US forces in the Gulf and elsewhere in the Middle East, the Washington Post reported on Friday, citing three anonymous intelligence officials. According to the report, Russia has given Iran intelligence regarding the location of US warships, aircraft, and other military assets since the US-Israeli war on Iran began last Saturday. Russia has previously condemned the war on Iran as an “unpr…",https://ground.news/interest/newarabcom
CBS News,Center,"Russia providing intelligence to Iran about U.S. positions, sources say",Kremlin press secretary Dmitry Peskov told reporters Russia&#039;s government is in &quot;dialogue&quot; with Iranian leadership representatives.,https://ground.news/interest/cbs-news
El Debate,Right,Russia Helps Iran with Intelligence to Attack u.s. Forces · Global Voices,Moscow has been providing Tehran with several locations that have allowed it to launch precise attacks on U.S. targets in the Gulf ...,https://ground.news/interest/el-debate
The Express Tribune,Center,"Russia is providing Iran intelligence to target US forces, Washington Post reports","Russia said it is in dialogue with Iran’s leadership, but gave no details on possible help for Tehran",https://ground.news/interest/the-express-tribune
La Libre,Center,Russia Involved in Middle East Conflict? Moscow Would Provide Information to Iran to Target Us Forces,Russia would help Iran get information about American targets. Moscow would therefore indirectly be involved in the conflict. ...,https://ground.news/interest/la-libre
Kyiv Post,Lean Left,Russia Providing Iran Intelligence on US Forces,Officials say Moscow has shared targeting information on American military assets in the Middle East as the conflict involving Iran escalates.,https://ground.news/interest/kyiv-post
NBC News,Lean Left,"Russia is providing intelligence to Iran on the location of U.S. forces, sources say","Russia is providing intelligence to Iran on the location of U.S. forces in the Middle East, a boost for the Tehran regime as it launches missile and drone attacks on American bases and other targets in the region, according to four sources with knowledge of the matter.",https://ground.news/interest/nbc-news
WXOW,Center,"Russia Is Helping Iran in the War by Providing Intelligence on Us Military Targets, According to Sources.","Russia is providing Iran with intelligence on the location and movements of U.S. troops, ships, and aircraft, according to several people familiar with U.S. intelligence reports on the matter, marking the first…",https://ground.news/interest/wxow
The Daily Caller,Right,US Rival Reportedly Helps Iran Target American Troops,"Russia is providing Iran with intelligence to target American warships and aircraft in Middle East, U.S. officials say, dragging a nuclear rival into the war.",https://ground.news/interest/the-daily-caller
Globo,Right,"Russia Would Have Helped Iran Locate u.s. Targets, Says the Newspaper","According to Washington Post, since the war began on Saturday, Moscow has passed over the U.S. military assets locations, including warships and aircraft, said three authorities",https://ground.news/interest/globo
The Independent,Lean Left,"Russia supplying Iran with intelligence to target US forces, says report",Moscow is rushing to the support of its ally amid a joint US-Israeli bombing campaign,https://ground.news/interest/the-independent_ff73a6
Le Parisien,Right,War in Iran: Moscow Reportedly Provided Information to Tehran to Target Us Forces,"This targeting information, revealed by the American press, would include the locations of American warships and aircraft in the Middle East.",https://ground.news/interest/le-parisien
Times of India,Right,Russia is providing Iran intelligence to target US forces: Report,Russia is reportedly sharing intelligence on US military assets with Iran. This comes as tensions escalate in the Middle East. Iran has launched retaliatory strikes following recent attacks. The conflict has impacted regional stability and led to US military casualties. Russia's actions could further complicate the ongoing geopolitical situation.,https://ground.news/interest/times-of-india
CNN,Lean Left,"Russia is aiding Iran’s war effort by providing intel on US military targets, sources say","Russia is providing Iran with intelligence about the locations and movements of American troops, ships and aircraft, according to multiple people familiar with US intelligence reporting on the issue, the first indication that Moscow has sought to get involved in the war.",https://ground.news/interest/cnn
NRC Handelsblad,Lean Left,Russia Is Providing Iran with Information on the Locations of Us Warships and Aircraft.,Russia is reportedly helping Iran locate US military bases in the Middle East. The Washington Post reported this on Friday…,https://ground.news/interest/nrc-handelsblad
The Straits Times,Right,"Russia is providing Iran with intelligence to target US forces, Washington Post reports",It includes the locations of US warships and aircraft in the Middle East. Read more at straitstimes.com.,https://ground.news/interest/the-straits-times_9bb9e6
India Today,Right,Russia providing Iran with intel to strike US military infra across Gulf: Report,"After the US and Israel launched joint strikes on Iran last weekend, Tehran’s wave of retaliatory attacks across the Middle East targeted military bases, embassies and refineries. According to a Washington Post report, Iran's precise strikes were guided by Russian intelligence.",https://ground.news/interest/india-today
valeursactuelles.com,Right,Russia Helps Iran Specifically Target Us Sites,"Thanks to Russian information, the Iranian army is aware of the locations of certain American warplanes and warships. This is what The Washington Post reveals, which relies on sources close to the intelligence services. The Kremlin therefore provides targeting information to Tehran to enable it to strike more accurately. The Russian embassy in Washington did not wish to respond to the American newspaper, while Moscow recently called at the end o…",https://ground.news/interest/valeursactuellescom
Libertad Digital,Right,Russia Is Helping Iran Attack Us Targets,"The US believes that Russia is behind Iran's ""sophisticated"" attacks on its bases.",https://ground.news/interest/libertad-digital
MEMRI,Right,"Tehran University Professor Hamzeh Safavi: China And Russia Have Supplied Iran With Advanced Systems For Electronic Warfare, Military Intelligence, And Satellite Systems – Iran Now Has More Advanced Technology Than In June War","Tehran University Professor Hamzeh Safavi said that China and Russia supplied Iran with advanced electronic warfare, intelligence, and satellite systems, surpassing June War technology.",https://ground.news/interest/memri
Yeshiva World News,Right,Report: Russia Supplying Iran With Intelligence on U.S. Military Positions in Middle East,"Russia has been assisting Iran during the ongoing war with the United States and Israel by providing intelligence on the locations of American military assets in the Middle East, according to a report published Friday by The Washington Post. Citing U.S. officials familiar with the matter, the report said Moscow has shared information on U.S. […]",https://ground.news/interest/yeshiva-world-news
Forbes,Center,Russia And Iran Are Reshaping Regional Power In Crisis & Confrontation,"Cooperation between Russia and Iran has given Iran the means and cover to act aggressively. Even as Moscow's support has been revealed as hollow, it still drives action.",https://ground.news/interest/forbes
The Moscow Times,Lean Left,Russia Giving Iran Intel to Target U.S. Military Forces – Washington Post,"Russia is providing Iran with intelligence to help it strike American military forces in the Middle East, the Washington Post reported Friday, citing U.S. officials familiar with the matter.",https://ground.news/interest/the-moscow-times
thecradle.co,Left,Russia undertakes 'comprehensive effort' to help Iran target US assets in West Asia: Report,Russia declined to intervene to help Iran during the 12-day US and Israeli attack on the Islamic Republic last June,https://ground.news/interest/thecradleco
Lietuvos Radijas ir Televizija,Center,Wp: Russia Transmits to Iran Data on Targets for Us Targets,"Russia is transmitting intelligence information to Iran for attacks against American forces in the Middle East, as reported by three sources of the Washington Post, known as the Intelligence, and according to the media, Moscow is transmitting to Tehran data on the location of U.S. military installations, including warships and aircraft.",https://ground.news/interest/lietuvos-radijas-ir-televizija
Arutz Sheva,Right,Russia passing intelligence info to Iran,Russia is passing Iran intelligence information intended to help target US forces in the region.,https://ground.news/interest/arutz-sheva
The Kyiv Independent,Lean Left,Russia reportedly provides Iran intelligence used to target US forces in Middle East,"One unnamed U.S. official described the support as ""comprehensive,"" the Washington Post reported.",https://ground.news/interest/the-kyiv-independent
n-tv.de,Right,"According to a Report, Russia Has Given Iran Position Data for Attacks on Us Troops","In the war between Israel and the US against Iran, Russia appears to be also involved. According to a report, Moscow provides target data to Tehran. An expert speaks of ""very precise attacks"" by Iran.",https://ground.news/interest/n-tvde
Daily Mirror,Lean Left,Putin 'helping Iran ATTACK US military as Russia shares intelligence on targets',Russian President Vladimir Putin has had strong ties with the Iranian regime that has proved to be a key ally for Moscow in the Middle East - he is now understood to be assisting the flagging regime,https://ground.news/interest/daily-mirror
www.t-online.de,Lean Left,Putin Supports Trump's Enemies: How Russia Helps Tehran in the War Against the Us,Russia is said to have provided Iran with information on US military targets in the Middle East. US officials see this as a possible new dimension of the conflict.,https://ground.news/interest/wwwt-onlinede
New York Post,Right,Russia giving Iran intelligence info in ‘comprehensive effort’ to attack US in Middle East: report,"Russia has been sharing intelligence with Iran on the location of US forces in the Middle East in an attempt to help Tehran fight back, according to a new report.",https://ground.news/interest/new-york-post
Anadolu Ajansı,Right,Russia provided Iran with intelligence on US military targets in Middle East: Report,"Russia has been providing Iran with locations of US military assets, including warships and aircraft, since war began Saturday, Washington Post claims, citing unnamed officials - Anadolu Ajansı",https://ground.news/interest/anadolu-ajans
Digi 24,Center,Russia Has Provided Iran with Information on the Expansion of the American Military Bases in the Middle East (Washington Post),"Russia has helped Iran by providing information on the expansion of the American military bases in the Middle East, reports The Washington Post, reading American officials familiar with details. Since the US and Israel launched the attack on Saturday...",https://ground.news/interest/digi-24
The Times of Israel,Center,Report: Russia has been giving Iran the locations of US military assets in the Middle East,* * *,https://ground.news/interest/the-times-of-israel
Jerusalem Post,Center,"Russia providing Iran intelligence to target US forces, officials say","Russia has reportedly given Iran the locations of US military assets, including warships and aircraft, since the start of the war.",https://ground.news/interest/jerusalem-post
Hot Air,Right,Russia is Helping Iran Target Americans,"Russia is providing Iran with intelligence to target US forces, escalating Middle East tensions.",https://ground.news/interest/hot-air
Daily Post Nigeria,Center,Russia giving Iran intelligence to help target our forces - US officials reveals,United States officials have alleged that Russia is providing Iran with targeting information to attack American forces in the ongoing crisis in the,https://ground.news/interest/daily-post-nigeria
Novinky.cz,Lean Left,Russia Has Stepped in. It Is Providing Iran with High-Quality Data on the Positions of Us Ships and Aircraft.,"The Russian Federation is providing Iran with intelligence on targets for attacks on US forces in the Middle East, including the locations of US warships and aircraft, The Washington Post (WP) reported, citing US officials.",https://ground.news/interest/novinkycz
El Periódico,Center,"Russia Helps Iran with Intelligence for Its Attacks on the Us, According to 'the Washington Post'","Russia is providing Iran with intelligence information on the location of U.S. military forces and assets, including warships and aircraft, in the war unleashed in the Middle East, as reported this Friday in The Washington Post.Continue reading...",https://ground.news/interest/el-periodico
The US Sun,Right,Putin ‘helping Iran ATTACK US military targets’ in major WW3 escalation,RUSSIA is reportedly slipping intelligence to Iran as what's left of the slain Supreme Leader's regime lashes out with attacks across the Middle...,https://ground.news/interest/the-us-sun
charter97.org,Lean Left,The Washington Post: the Russian Federation Provides Iran with Intelligence for Attacks on u.s. Bases,Moscow is involved in the conflict in the Middle East.,https://ground.news/interest/charter97org
Ynet News,Lean Left,Report: Russia providing intelligence to Iran on US forces,Washington Post reports Moscow has shared intelligence on locations of US warships and aircraft since the war began; source says coordination seems &#x27;does seem like it’s a pretty comprehensive effort&#x27;,https://ground.news/interest/ynet-news
Moneycontrol,Right,"Russia sharing real-time intelligence with Iran on location of American military assets in Middle East, report says",The Washington Post report said the precise extent of Russia’s targeting support remains uncertain. Officials indicated that Iran’s own capacity to track US forces independently has been weakened since the start of the conflict.,https://ground.news/interest/money-controlcom
i24NEWS,Right,"Report: Russia is providing Iran with intelligence to target US forces, officials say",Officials say Moscow shared locations of American warships and aircraft after the conflict began,https://ground.news/interest/i24news
The New Republic,Left,Trump’s Best Bud Putin Turns on Him in Iran War,Russia is giving Iran intelligence on attacking American forces.,https://ground.news/interest/the-new-republic
United24,Lean Left,"Russia Is Secretly Feeding Iran Target Data on US Warships and Aircraft, Officials Say","Russia is reportedly providing Iran with intelligence that could be used to target US military forces in the Middle East, marking the first indication that another major American adversary may be indirectly involved in the rapidly expanding conflict, according to US officials familiar with the intelligence, according to The Washington Post on March 6. The previously undisclosed assistance suggests that one of Washington’s main nuclear-armed riva…",https://ground.news/interest/united24mediacom
News18 India,Right,Russia Is Actively Feeding Iran Intelligence On US Military Targets In West Asia: Report,"Officials noted that Iran's own independent capability to locate US forces has been degraded since the conflict began on February 28, as per the report.",https://ground.news/interest/news18-india
The Washington Post,Lean Left,"Russia is providing Iran intelligence to target U.S. forces, officials say","The targeting information has included the locations of American warships and aircraft in the Middle East, the officials said.",https://ground.news/interest/the-washington-post
Israel Hayom,Right,Russia aiding Iran with intelligence on US military assets,Sources tell The Washington Post the intelligence included the locations of US warships and aircraft in the Middle East.,https://ground.news/interest/israelhayomcom
The Daily Wire,Right,A U.S. Adversary Quietly Helping Iran In War With America? Here’s What We Know,"American adversary Russia is reportedly providing intelligence to Iran on the location of U.S. forces, including warships and aircraft.The Washington Post cited three officials Friday morning who spoke on the condition of anonymity and said that Moscow has indirectly joined the conflict between the United States and Iran. One of the Post’s sources said that Russia’s involvement “does seem like it’s a pretty comprehensive effort.”The Trump admini…",https://ground.news/interest/the-daily-wire
Zero Hedge,Right,"Russia Giving Iran Targeting Intelligence Of American Warships, Aircraft: US Officials","ZeroHedge - On a long enough timeline, the survival rate for everyone drops to zero",https://ground.news/interest/zero-hedge
Observador,Right,"Iranian Foreign Minister Says Russia and China Are Supporting Tehran ""Politically and in Other Ways""","""I will not give details about our cooperation with other countries, exactly through a war,"" Araghchi said, adding that military cooperation between Moscow and Tehran ""has never been secreted.""",https://ground.news/interest/observador
Mediaite,Lean Left,Russia Helping Iran Target U.S. Soldiers: Report,"(AP Photo) Russia is providing Iran support in targeting U.S. forces, according to an exclusive new report from the Washington Post. Citing three people familiar with the ongoing conflict, the Post reported the suspicion that Russia is providing technical assistance to Iran in helping to identify and target U.S. forces to strike. Since the U.S. and Israel launched strikes on Saturday against Iran, six U.S. service members were killed in Kuwait b…",https://ground.news/interest/mediaite
Kiro7,Center,"The Latest: Russia provided Iran with information to help Tehran strike US military, AP sources say",Israeli airstrikes are pounding the capitals of Iran and Lebanon as the U.S. apparently struck an Iranian drone carrier at sea,https://ground.news/interest/kiro7
PressTV,Right,Lavrov: Russia 'will do everything’ to make US-Israeli aggression against Iran ‘impossible’,Russian FM Sergey Lavrov has said that Russia will do “everything” to create conditions that would make the American-Israeli war of aggression against Iran “impossible.”,https://ground.news/interest/presstv
Al Bawaba,Right,Lavrov: Russia will make U.S.-Israeli war on Iran ‘impossible’,"ALBAWABA- Russian Foreign Minister Sergey Lavrov said on March 5, 2026, that Moscow would take “all necessary measures” to make further U.S.-Israeli mil",https://ground.news/interest/albawaba
Republic World,Right,'Will Do Everything To Make US-Israel Ops In Iran Impossible': Russia,Russian Foreign Minister Sergey Lavrov on Thursday stated that the European country will do “everything” to create an atmosphere that would make American and Israeli operations against Iran “impossible”.,https://ground.news/interest/republic-world
Tribune India,Right,Russian FM Lavrov says Moscow will do everything to make US-Israel ops against Iran impossible - The Tribune,"During his remarks at the ambassadors' round-table amid the ongoing crisis, Lavrov said Russia would continue engaging in dialogue with regional countries as well as with the international community, including members of the United Nations Security Council and the United Nations General Assembly, to prevent further military escalation.",https://ground.news/interest/tribune-india
The Billings Gazette,Center,"Gulf nations frustrated by lack of US notice, help","CAIRO — The Trump administration is confronting mounting discontent from allies in the Persian Gulf who have complained they were not given adequate time to prepare for the torrent of Iranian drones and missiles bombarding their countries in retaliation for… 9 hours ago · Billings, United States",https://ground.news/interest/the-billings-gazette
Sydney Morning Herald,Lean Left,US-Iran war live updates: Trump vows to ‘hit Iran very hard’; Iran accuses US of targeting water desalination plant; Dubai airport targeted,"The conflict in the Middle East has entered its second week as Israel and the US continue to attack Iran, Israel launches a new offensive in Lebanon, and Iran retaliates on US-allied neighbours. Follow our rolling coverage. 10 hours ago · Sydney, Australia",https://ground.news/interest/sydney-morning-herald
La Jornada,Left,u.s. Allies’ Discontent in the Persian Gulf Increases,"Cairo., President Donald Trump's government faces growing discontent with allies in the Persian Gulf, who have complained that they were not given enough time to prepare for the flood of Iranian drones and missiles bombing their countries in retaliation for the attacks launched by the United States and Israel. 12 hours ago · Mexico",https://ground.news/interest/la-jornada
El Pais,Lean Left,Iran's Attacks Threaten the Dream of Modernization of the Arab Gulf Countries,"For years, the ostentatious city of Dubai, mecca of the business and tourism of the Middle East, had been projected to the world as an oasis of dream. European expatriates and influencers, American stars, Chinese entrepreneurs, Russian oligarchs and great African fortunes converged in a city-emirate that profiled as a low-tax Eden, little regulation, top-level infrastructure, sun and luxury, and a subtle promise: security. 17 hours ago · Spain",https://ground.news/interest/el-pais
India Today,Right,Gulf nations frustrated with US over fallout of Iran war,"Discontent is rising among the US allies in the Gulf region, who are blaming the US for not providing adequate time to get prepared for the war.",https://ground.news/interest/india-today
Newsweek,Center,Gulf allies complain US didn’t notify them of Iran attacks: sources,The Trump administration is confronting mounting discontent from allied Gulf states facing the brunt of Iran's retaliation.,https://ground.news/interest/newsweek
PBS NewsHour,Lean Left,"Gulf allies disappointed U.S. didn't notify about Iran attacks and ignored their warnings, sources say","The Gulf countries have emerged as targets for Iran, well within the range of Iran's short-range missiles and filled with targets, including American troops, businesses, tourist locations and energy facilities.",https://ground.news/interest/pbs-newshour
Live Mint,Center,Gulf allies criticize Trump administration for failing to notify them of Iran attacks: Report,The Donald Trump administration is facing frustration from Persian Gulf allies who say they were not given adequate warning before US-Israeli strikes on Iran triggered retaliatory drone and missile attacks across the region.,https://ground.news/interest/live-mint
Defense News,Center,"Gulf allies complain US did not provide notice of Iran attacks and ignored warnings, sources say",Officials in Gulf countries complained the U.S. ignored their warnings that the war would have devastating consequences for the entire region.,https://ground.news/interest/defense-news
Protothema,Right,"Persian Gulf Countries Unhappy with Trump: ""He Did Not Warn Us About the Start of the War, We Did Not Have Time to Prepare""",Officials from Gulf countries told The Associated Press that their governments are disappointed with the way the U.S. government has handled the operation and that they have been left unprotected.,https://ground.news/interest/protothema
Military.com,Center,Gulf Allies Complain US Didn’t Notify Them of Iran Attacks and Ignored Their Warnings,Officials say Iran’s retaliatory attacks in the Middle East over strikes from Israel and the U.S. have left some of America’s partners in the Gulf frustrated over a lack of notice or adequate defense.,https://ground.news/interest/militarydotcom
Daily Bulletin,Center,"Gulf allies complain US didn’t notify them of Iran attacks and ignored their warnings, sources say","By SAMY MAGDY, MICHELLE L. PRICE and AAMER MADHANI CAIRO (AP) — The Trump administration is confronting mounting discontent from allies in the Persian Gulf who have complained they were not given adequate time to prepare for the torrent of Iranian drones and missiles bombarding their countries in retaliation for strikes launched by the U.S. and Israel. Officials from two Gulf countries said their governments were disappointed in the way the U.S.…",https://ground.news/interest/daily-bulletin
Spiegel,Lean Left,(S+) Iran War: Netanyahu's Triumph Could Seriously Harm Israel,"For the Israeli Prime Minister, a joint Iran operation with the US is like a dream that has come true. It could lead him to re-election, but for his country the consequences may be devastating.",https://ground.news/interest/spiegel
The Oregonian,Center,"Gulf allies complain US didn’t notify them of Iran attacks, sources say",CAIRO — The Trump administration is confronting mounting discontent from allies in the Persian Gulf who have complained they were not given adequate time to prepare for the torrent of Iranian drones and missiles bombarding their countries in retaliation for strikes launched by the U.S. and Israel.,https://ground.news/interest/the-oregonian
Pittsburgh Post-Gazette,Center,"Gulf allies complain U.S. didn't notify them of Iran attacks and ignored their warnings, sources say",CAIRO — The Trump administration is confronting mounting discontent from allies in the Persian Gulf who have complained they were not given adequate...,https://ground.news/interest/pittsburgh-post-gazette
Spectrum Local News,Center,"Gulf allies complain U.S. didn't notify them of Iran attacks, sources say","Official reactions by the Gulf Arab countries have been muted, but public figures with close ties to their governments have been critical of the U.S.",https://ground.news/interest/spectrum-local-news
Malay Mail,Right,"A war without a coalition: In the Iran war, US goes it alone like never before as allies balk","WASHINGTON, March 6 — When the United States fought the 1991 Gulf War, president George H.W. Bush boasted of building a broad coalition unseen in decades. When his son attacked Iraq in 2003, he faced wide criticism but secured several steadfast US allies.Now, a generation later, President Donald Trump has attacked Iran, and he is barely even trying to make friends.Trump launched the war alongside Israel, which had long pressed the United States …",https://ground.news/interest/malay-mail
Semafor,Lean Left,View: Iran’s attacks test the Gulf’s uneasy reliance on Washington,"Mohammed’s viewThe threat posed by Iran to the Gulf has existed for decades. But for everyone living here actual strikes felt improbable, something the Islamic Republic would never do because … well, for so many reasons that don’t matter now.Dubai built the world’s tallest tower, Abu Dhabi styled itself the “Capital of Capital,” Doha hosted the men’s soccer World Cup, and Riyadh shed its austere Islamic posture to transform its economy and socie…",https://ground.news/interest/semaforcom
The Canary,Left,Netanyahu Iran and Lebanon,"Butcher Benjamin Netanyahu is telling Western media this war is to ""free"" Iran - but to Hebrew media he's discussing how to 'kill them all'",https://ground.news/interest/the-canary
Globo,Right,Persian Gulf Countries Enter Race for Us Interceptors.,Washington's allies are beginning to run out of ammunition used in their air defense systems to protect themselves from Iranian-led missile strikes in the war.,https://ground.news/interest/globo
WXOW,Center,"A War with Iran Could Benefit Netanyahu at Home, but Harm Israel Abroad.","“Netanyahu is the great warrior leader of our era,” headlined the British newspaper Telegraph this Monday.",https://ground.news/interest/wxow
diario.mx,Center,Persian Countries Claim that the u.s. Did Not Report an Attack on Iran,"Iran.- President Donald Trump's government faces growing discontent from allies in the Persian Gulf, who have complained that they were not given enough time to prepare for the flood of Iranian drones and missiles bombing their countries in retaliation for the attacks launched by the United States and Israel. Officials from two Gulf countries said their governments were disappointed with the way Washington has handled the war, in particular the …",https://ground.news/interest/diariomx
Times of India,Right,"Some Gulf countries frustrated with lack of notice about Iran strikes, defence help: Report","Gulf allies voice frustration with the US over Iran's drone and missile attacks. They claim insufficient preparation time and inadequate defense. Saudi Arabia, Kuwait, and Bahrain have not officially commented. The US states Iran's attacks have decreased significantly. Some officials believe the focus has been on Israel and US troops, leaving Gulf nations vulnerable.",https://ground.news/interest/times-of-india
Associated Press News,Lean Left,"Gulf allies complain US didn't notify them of Iran attacks and ignored their warnings, sources say",Officials say Iran’s retaliatory attacks in the Middle East over strikes from Israel and the U.S. have left some of America’s partners in the Gulf frustrated over a lack of notice or adequate defense.,https://ground.news/interest/associated-press-news
NZ Herald,Center,Gulf frustrated at being the centre of war that’s not theirs,Gulf Arab states have been taking the brunt of Iranian attacks in a war they didn’t start and never chose. American allies in the region have spent a year...,https://ground.news/interest/nz-herald
Haaretz,Lean Left,Netanyahu's war with Iran won't deliver for Israel on the American front,"Netanyahu has waited nearly 40 years for this war, eroding bi-partisan support for Israel in favor of partnership with increasingly extreme elements of the GOP, risking the fundamntals of the U.S-Israel relationship",https://ground.news/interest/haaretz
Bloomberg,Center,Gulf Frustrated at Being the Center of War That’s Not Theirs,,https://ground.news/interest/bloomberg
The Korea Times,Lean Left,"Attempted suicides, fights, pain: 911 calls reveal misery at ICE's largest detention facility","EL PASO, Texas — The calls to 911 poured in from staff at Camp East Montana in Texas, the nation's largest U.S. Immigration and Customs Enforcement...",https://ground.news/interest/the-korea-times
The Oregonian,Center,911 calls reveal misery at ICE’s largest detention facility,"EL PASO, Texas — The calls to 911 poured in from staff at Camp East Montana in Texas, the nation’s largest U.S. Immigration and Customs Enforcement detention facility, at a rate of nearly one a day for five months, each its own tale of pain and despair.",https://ground.news/interest/the-oregonian
WTVC,Right,"'Worse than a prison': 911 calls, interviews reveal problems at ICE detention camp",Serious medical and mental health emergencies have been routine at the nation’s largest U.S. Immigration and Customs Enforcement detention facility since its op,https://ground.news/interest/wtvc
Houston Chronicle,Center,"911 calls, interviews highlight problems at El Paso ICE detention camp","Serious medical and health emergencies highlight issues at the nation's largest ICE detention facility in El Paso, Texas.",https://ground.news/interest/houston-chronicle
Daily Sabah,Right,Nearly daily 911 calls expose crisis inside largest US ICE facility,"Calls to 911 came almost daily from inside Camp East Montana, the largest U.S. Immigration and Customs Enforcement detention facility in the country....",https://ground.news/interest/daily-sabah
EL ESPAÑOL,Center,"Trump Plans to Close Camp East Montana, the Ice's Largest Detention Center, After Outbreaks of Tuberculosis and Several Deaths","Problems of overcrowding, poor food quality, poor medical care, assaults and sexual abuse have been reported. More information: Trump ceases Kristi Noem as National Security Secretary after the death of two citizens in Minneapolis",https://ground.news/interest/el-espanol
Associated Press News,Lean Left,"'Worse than a prison': 911 calls, interviews reveal problems at ICE's largest detention camp",Serious medical and mental health emergencies have been routine at the nation’s largest U.S. Immigration and Customs Enforcement detention facility since its opening in August.,https://ground.news/interest/associated-press-news
USA Today,Lean Left,US Rep. Escobar: ICE looking to close sprawling immigration detention camp,U.S. Rep. Veronica Escobar has responded to reports that the Department of Homeland Security is looking to terminate Camp East Montana contract.,https://ground.news/interest/usa-today
eldiariodechihuahua.mx,Center,“Worse than a Prison”: Emergencies Calls and Interviews Reveal Problems in Ice Center in El Paso,"El Paso.- Serious medical and mental health emergencies have been common in the largest U.S. Immigration and Customs Enforcement detention facility since its opening, according to records obtained by The Associated Press. Data and recordings of more than a hundred 911 emergency phone calls from Camp East Montana in El Paso, Texas, along with interviews and court documents, provide a disturbing picture of overcrowding, medical neglect, malnutriti…",https://ground.news/interest/eldiariodechihuahuamx
www.ertnews.gr,Center,"Suicide Attempts, Fights, Pain: 911 Calls Reveal Misery at Ice's Largest Detention Center","911 calls have been pouring in from staff at Camp East Montana in Texas, the largest U.S. Immigration and Customs Enforcement detention center, at a rate of nearly one a day for five months, each with its own story of pain and despair. Fueled by billions of dollars in new funding, ICE operations across the country have disrupted communities, separated families and created a culture of fear in pursuit of President Donald Trump’s promise to rid th…",https://ground.news/interest/wwwertnewsgr
Telemundo San Antonio (60),Center,“Worse than a Prison”: 911 Calls Reveal Problems at Ice Detention Center in Texas,"Serious medical and mental health emergencies have been common in the largest immigration and customs service detention facility since its opening, according to records obtained by The Associated Press. Data and recordings of more than a hundred 911 emergency phone calls from Camp East Montana in El Paso, Texas, along with interviews and court documents, provide a disturbing picture of overcrowding, medical neglect, malnutrition and emotional di…",https://ground.news/interest/telemundo-san-antonio-60
Cal Matters,Lean Left,The field is set: Meet the candidates officially running for California governor,"Eric Swalwell, Katie Porter and Tom Steyer are among 8 Democrats and 2 Republicans vying for California governor in the June 2 open primary. 19 hours ago · Sacramento, United States",https://ground.news/interest/cal-matters
East Bay Times,Lean Left,Democrats fear being locked out of the November governor’s race. Could it lead to changes in California’s top-two primary system?,"California’s top-two primary system was designed to reward broad appeal and push candidates toward the political middle. Now it’s raising the possibility of something few expected: Democrats being shut out of November’s race for governor. With eight prominent Democrats competing to replace Gov. Gavin Newsom, party leaders fear the vote could splinter enough that two Republicans — former Fox News host Steve Hilton and Riverside County Sheriff Cha…",https://ground.news/interest/east-bay-times
kabc.com,Right,"One Candidate Drops Out, But Most Democrats Remain in Crowded Governor’s Race","YouTube@KCRA 3   One candidate is dropping out of California’s governor’s race, but most candidates are determined to stay in the crowded field.  Former Democratic Assemblymember Ian Calderon dropped out yesterday and endorsed Congressman Eric Swalwell.  Calderon had been polling around one-percent.  Eight Democrats and two Republicans are set to appear on the primary ballot. Recent polling shows two of the five double-digit candidates are Repub…",https://ground.news/interest/kabccom
Associated Press News,Lean Left,Top California Democrat flops with call for candidates to exit governor's race,"A late-hour attempt by California’s top Democratic official to thin out the party’s crowded field for governor flopped, leaving Democrats anxious over the possibility about a Republican upset in November.",https://ground.news/interest/associated-press-news
Hanford Sentinel,Center,Anxiety grows among California Democrats as gubernatorial candidates rebuff calls to drop out,"SACRAMENTO, Calif. — Despite a plea from the head of the California Democratic Party for underperforming candidates to drop out of the governor’s race, all but one of the party’s top hopefuls spurned the request. Party leaders fear the growing…",https://ground.news/interest/hanford-sentinel
Stocktonia,Center,"Lesser gubernatorial candidates should drop out, Democratic Party chair says","This story originally appeared in The Center Square. The chair of the California Democratic Party thinks too many Democrats may be running for governor. Chair Rusty Hicks is suggesting some of the nine leading candidates consider dropping out before Friday’s filing deadline for the June 2 primary, but he’s getting pushback on that from candidates who have already filed. Under California law, the two candidates with the most votes in the primary …",https://ground.news/interest/stocktonia
The Hill,Center,"Tennessee journalist detained by ICE sues, claims arrest violated her rights","Estefany Rodriguez's attorneys say she was complying with immigration officials and had no active case when agents took her into custody. 8 hours ago · Washington, United States",https://ground.news/interest/the-hill
Washington Top News,Center,"A Reporter Had Been Covering Ice Arrests in Her Community, Nashville. Then She Was Arrested.","Nashville journalist Estefany Rodriguez frequently reports on the actions of Immigration and Customs Enforcement (ICE), so she's familiar with the sudden arrests that have become a hallmark of the Trump administration's immigration crackdown. But when vans surrounded the car she was in with her husband on Wednesday and agents approached the windows, she was confused, her husband, Alejandro Medina, said. Medina realized it was ICE before his wife… 11 hours ago · Washington, United States",https://ground.news/interest/washington-top-news
CNN,Lean Left,A reporter in Nashville has been covering ICE arrests in her community. Then she was detained herself,"A reporter in Nashville, who frequently covers Immigration and Customs Enforcement actions in her community, was detained by federal agents this week while she was in the car with her husband, according to her lawyers. 13 hours ago · Atlanta, United States",https://ground.news/interest/cnn
The Press of Atlantic City,Center,ICE authorities arrest reporter,"NASHVILLE, Tenn. — U.S. Immigration and Customs Enforcement arrested a reporter for a Spanish-language news outlet in Tennessee but agents didn't have a warrant, according to court documents filed by this week her lawyer. 13 hours ago",https://ground.news/interest/the-press-of-atlantic-city
World Socialist Web Site,Left,Nashville journalist seized by ICE as administration targets reporters documenting immigration raids,Estefany Rodríguez Flórez was detained without a warrant and transferred hundreds of miles from her family. 17 hours ago · United States,https://ground.news/interest/world-socialist-web-site
Revolver,Right,Nashville TV reporter arrested by ICE—She’s an asylum illegal who blew off appointments…,21 hours ago,https://ground.news/interest/revolver
Raw Story,Left,ICE agents snatch critical journalist from news vehicle with no warrant: lawyer,"A Spanish-speaking reporter who has been critical of U.S. Immigration and Customs Enforcement was snatched during a routine traffic stop by that same agency by agents who didn't have a warrant, according to reports.Estefany Rodriguez Florez, a Nashville Noticias journalist who'd been producing stori... 22 hours ago · United States",https://ground.news/interest/raw-story
The Independent (US),Lean Left,ICE arrests Nashville journalist as free press groups demand her release,"Arrest of Nashville Noticias reporter Estefany Rodriguez Florez shows ‘cruel disregard’ for protections for asylum seeking reporters, advocates say 23 hours ago · United States",https://ground.news/interest/the-independentcom
IBTimes UK,Center,"Journalist Detained by ICE, Now Missing: Family and Colleagues Demand Answers","A reporter based in Tennessee who was detained by Immigration and Customs Enforcement (ICE) officers has reportedly gone missing. According to Estefany Rodríguez's family, they could not track her after federal authorities detained her without a warrant on Wednesday. Prior to her reported disappearance, Rodríguez was transferred to the Central Louisiana ICE Processing Center. Now, her family and colleagues face uncertainty as her whereabouts rem… 23 hours ago · United Kingdom",https://ground.news/interest/ibtimes-uk
Eldiario.es,Lean Left,Ice Arrests Journalist From Spanish Media in Tennessee · Global Voices,"The officers did not have a court order, according to court documents filed by their lawyer The U.S. Immigration and Customs Control Service (ICE) has arrested a journalist from a Spanish-language media outlet in Tennessee. The officers did not have a court order, according to court documents filed by their lawyer. The court brief submitted this Friday by ICE, for its part, that the reporter was arrested without a court order, reports The Associ… 23 hours ago · Spain",https://ground.news/interest/eldiarioes
Twitchy,Far Right,Illegal Immigrant Nashville Reporter Nabbed by ICE in Targeted Operation – Visa Overstay of 5 Years,Nashville reporter arrested by ICE for 5-year visa overstay during a targeted enforcement operation. 24 hours ago · United States,https://ground.news/interest/twitchy
Times Free Press,Center,Nashville reporter covering ICE activity detained | Chattanooga Times Free Press,A reporter who faced death threats in her home country could now be sent back by Immigration and Customs Enforcement. 24 hours ago,https://ground.news/interest/timesfreepresscom
CTV News,Center,U.S. immigration authorities arrest Spanish-language news reporter in Tennessee,"U.S. Immigration and Customs Enforcement arrested a reporter for a Spanish-language news outlet in Tennessee but agents didn’t have a warrant, according to court documents filed by this week her lawyer.",https://ground.news/interest/ctv-news
The Washington Hispanic,Center,Ice Arrests Colombian Journalist From Univisión,"Armed agents of the U.S. Immigration and Customs Service (ICE) arrested Colombian journalist Estefany Rodríguez, who worked at Nashville Noticias and Univision 42, despite being married to a U.S. citizen, her husband and local media reported this Friday. Officials in several vehicles arrested Rodriguez on Wednesday while traveling in his car, with the Nashville Noticias logo, along with her husband, Alejandro Medina III, as stated in a statement…",https://ground.news/interest/washington-hispanic
Common Dreams,Left,Retaliation? Nashville Journalist Detained by ICE After Reporting on Trump Crackdown,Press freedom groups demand release of journalist Estefany Rodríguez detained by ICE. Support her fight for press freedom.,https://ground.news/interest/common-dreams
We Got This Covered,Lean Left,"ICE cancels a Nashville reporter’s meeting, says she’s in the clear. Then arrests her weeks later","Nashville Noticias reporter Estefany Rodríguez, who is known for covering ICE activities, was arrested and detained by immigration agents without a warrant. She is now separated from her young daughter and her husband, who is a U.S. citizen. Her immigration legal team has raised serious concerns about how the arrest happened. According to Mediaite, Rodríguez was driving with her husband in South Nashville when agents stopped and detained her. Sh…",https://ground.news/interest/we-got-this-covered
Newsweek,Center,Who is Estefany Rodriguez Flores? Spanish news reporter arrested by ICE,ICE allegedly detained the Nashville reporter outside of her local gym on Wednesday.,https://ground.news/interest/newsweek
Boston Globe,Lean Left,US immigration authorities arrest Spanish-language news reporter in Tennessee - The Boston Globe,"Estefany Rodriguez Flores, a reporter for Nashville Noticias who has done stories critical of ICE, was arrested Wednesday during a traffic stop and is being detained by enforcement and removal operations.",https://ground.news/interest/boston-globe
Associated Press News,Lean Left,US immigration authorities arrest Spanish-language news reporter in Tennessee,Court documents say immigration authorities arrested a reporter for a Spanish-language news outlet in Tennessee without a warrant. But U.S.,https://ground.news/interest/associated-press-news
Mirror US,Lean Left,Immigration reporter detained by ICE after dropping off her eight-year-old daughter - The Mirror US,A Nashville journalist who reported on ICE crackdowns has been detained by the agency and is now being transferred to a detention facility in Louisiana.,https://ground.news/interest/themirrorcom
Committee to Protect Journalists,Center,CPJ calls on immigration authorities to release Tennessee-based journalist Estefany Rodriguez,"Washington, D.C., March 6, 2026—The Committee to Protect Journalists calls on immigration authorities to unconditionally release journalist Estefany Rodríguez, who was detained without warrant on March 4 despite being in the United States legally, according to news reports. Rodríguez has reported on Immigration and Customs Enforcement (ICE) activity for Nashville Notícias. According to multiple reports, Rodríguez was detained...",https://ground.news/interest/committee-to-protect-journalists
Jezebel,Left,ICE Just Abducted an Immigration Reporter in Nashville,"On Tuesday morning, immigration reporter Estefany Rodríguez was in her marked news car with her husband outside of a gym in Nashville when several vehicles surrounded them, before a bunch of men jumped out to detain her, without any warrant. The image is straight out of the autocracy playbook.  When a journalist like Estefany Rodríguez is detained doing her job, the issue stops being about immigration and becomes about democracy itself. A confi…",https://ground.news/interest/jezebel
USA Today,Lean Left,ICE detains journalist working for Spanish-language outlet,"Estefany Maria Rodriguez Flores frequently reports on stories critical of ICE for Nashville Noticias, a Spanish-language outlet.",https://ground.news/interest/usa-today
The New Republic,Left,ICE Kidnaps Journalist Who Was Covering Them,"Immigration and Customs Enforcement are trying to deport a journalist covering immigration in one of the most egregious attacks on freedom of speech under Donald Trump’s administration so far, Migrant Insider reported Friday. Estefany Maria Rodríguez Flores, a reporter who’d been covering a series of immigration raids in Nashville, was headed to the gym with her husband Wednesday when her vehicle was swarmed by federal agents. Her car bore the n…",https://ground.news/interest/the-new-republic
HuffPost,Left,"ICE Arrested Journalist In Nashville Without Warrant, Her Lawyers Say","Estefany Maria Rodriguez ""frequently reports on stories critical of ICE,"" her attorneys said in a court filing.",https://ground.news/interest/huffpost
News Channel 5,Center,Nashville Noticias staffer detained by ICE after dropping her child off at the bus stop,A Nashville Noticias staffer was detained by ICE in South Nashville despite there being no warrant for her arrest.,https://ground.news/interest/news-channel-5
WKRN,Center,"Nashville journalist detained by ICE files emergency lawsuit, claiming warrantless arrest violated her rights",Estefany Rodriguez's attorneys say she was complying with immigration officials and had no active case when agents took her into custody.,https://ground.news/interest/wkrn
Rappler,Lean Left,"US ICE arrested journalist in Nashville without warrant, her lawyers say","WASHINGTON, USA – A reporter working for local news outlet Nashville Noticias was arrested by the US Immigration and Customs Enforcement in Nashville without a warrant, an emergency petition filed by her attorneys in federal court said. Nashville Noticias said on Thursday, March 5, the journalist, Estefany Maria Rodriguez Flores, was taken to an ICE detention center and remained in custody. ICE did not respond to a request for comment. Rodriguez…",https://ground.news/interest/rappler_028051
Reuters,Center,"US ICE arrested journalist in Nashville without arrest warrant, her lawyers say","A reporter working for local news outlet Nashville Noticias was arrested by the U.S. Immigration and Customs Enforcement in Nashville without ​a warrant, an emergency petition filed by her attorneys in federal ‌court said.",https://ground.news/interest/reuters_fa2539
Fox 17,Right,Nashville Noticias' Estefany Rodríguez reportedly detained by ICE agents,A reporter for Nashville Noticias was reportedly taken into custody by U.S. Immigration and Customs Enforcement agents Thursday afternoon.,https://ground.news/interest/fox-17
La Prensa Latina Media,Center,Reportera hispana de Nashville Noticias es detenida por agentes de ICE durante operativo en Tennessee,"(LPL) – La reportera Estefany Rodríguez, colaboradora del medio digital Nashville Noticias, fue detenida por agentes del Servicio de Inmigración y Control de Aduanas (ICE, por sus siglas en inglés), según confirmó el propio medio a través de un comunicado oficial difundido en redes sociales.  De acuerdo con la información publicada por Nashville Noticias, la detención ocurrió el 4 de marzo mientras la periodista se encontraba en Nashville. En el…",https://ground.news/interest/la-prensa-latina-media
The Tennessean,Center,"ICE arrested Nashville journalist without warrant, attorneys say","The journalist, Estefany Rodriguez, was taken to a detention center and remains there as of 3 p.m. March 5.",https://ground.news/interest/the-tennessean
WSMV Nashville,Center,Nashville reporter detained by ICE agents outside of gym,"ICE reportedly said that she willfully failed to show up to two immigration interview dates, and that made her a flight risk.",https://ground.news/interest/wsmv-nashville
Mediaite,Lean Left,Reporter Who Documented ICE Activities Arrested and in Detention,"Nashville Noticias/Instagram A Nashville reporter who documented ICE activities was arrested and detained by immigration agents on Wednesday. Estefany Rodríguez, a reporter for Nashville Noticias, was detained while driving with her husband, a U.S. citizen, in South Nashville. There was no warrant for her arrest. Rodríguez claimed she was shown a Notice To Appear (NTA), rather than a warrant, upon her arrest. ICE officials told members of Rodríg…",https://ground.news/interest/mediaite
tippinsights,Right,Iran War Impact: Qatar Warns Gulf Oil Production Could Halt,"Oil prices jumped Friday after Qatar warned that ongoing fighting in the Middle East could force Gulf energy producers to halt oil and gas production within days. Qatar’s Energy Minister Saad al-Kaabi said the escalating conflict threatens global supply chains and could severely disrupt the world economy, according to the Financial Times. Brent crude rose about 4.4 percent to roughly $89 per barrel. Al-Kaabi warned that prices could surge to $15…",https://ground.news/interest/tippinsights
BBC News,Center,Oil price at two-year high after Qatar minister warns all Gulf production could stop,Energy Minister Saad al-Kaabi says oil could hit $150 a barrel if the Iran conflict continues over the coming weeks.,https://ground.news/interest/bbc-news_bf95f4
444.hu,Lean Left,"Qatar Says Middle East War Could Devastate Global Economy, Oil Prices Could Rise to $150","The Middle East war could even “devastate” the global economy. Because if the conflict drags on, energy exporters in the Persian Gulf could shut down production one after another, Qatar’s energy minister told the Financial Times. According to Saad al-Kaabi, in such a case, oil prices could rise to $150 a barrel within two to three weeks. Qatar declared a state of force majeure this week after an Iranian drone attack on its Ras Laffan LNG facilit…",https://ground.news/interest/444hu
Geo News,Right,Oil prices surge towards $150 as Qatar warns of Gulf export shutdown,Qatar's Energy Minister gave a stark warning stating that the escalated tensions with Iran could force all Gulf energy producers to halt exports within a week.He warned of an increase in the price of crude oil to $150 per barrel as...,https://ground.news/interest/geo-news
Eldiario.es,Lean Left,"Qatar Warns that the Gulf Could Suspend Energy Exports ""in a Few Weeks""","The Qatari Energy Minister warns that attacks on gas installations and the risk on the Strait of Ormuz can lead to a sharp rise in energyFuncas expects the war in the Middle East to cost Spain's GDP 0.2% and bring inflation above 3% The war escalation in the Middle East could force the oil and gas exporting countries in the Persian Gulf to suspend their production in a matter of weeks and cause a sharp rise in the price of energy. In addition, Q…",https://ground.news/interest/eldiarioes
Dawn,Lean Left,Qatar energy minister warns Iran war will force Gulf to halt energy exports within weeks: report,"“If this war continues for a few weeks, GDP growth around the world will be impacted,"" says Energy Minister Saad al-Kaabi.",https://ground.news/interest/dawn_a02aa2
The Japan Times,Center,"Qatar energy minister warns war will force Gulf to halt energy exports within weeks, report says","Qatar halted its production of liquefied natural gas on Monday, as Iran continued to strike Gulf countries in retaliation for Israeli and U.S. attacks.",https://ground.news/interest/the-japan-times
romaniatv.net,Right,"The Announcement Launched by Saad Al-Kaabi, Minister of Energy of Qatar: ""This Will Give World Economies""","The Minister of Energy of Qatar warned that the war in the Middle East could ""give the world's economies,"" predicting that all the world's energy exporters in the Gulf could stop production within a few days. The article Warning launched by Saad al-Kaabi, Minister of Energy of Qatar: ""This will give the world's economies"" appeared for the first time in Romania TV.",https://ground.news/interest/romaniatvnet
i24NEWS,Right,Qatar energy minister warns Middle East war could push oil to $150,"Gulf exporters may halt production within weeks after the Iranian strike on a major LNG facility, Qatar’s energy minister tells the FT",https://ground.news/interest/i24news
The Independent,Lean Left,Qatar warns Iran war will force Gulf to stop energy exports ‘within weeks’,,https://ground.news/interest/the-independent_ff73a6
L'Orient-Le Jour,Lean Left,Qatar warns war will force Gulf to stop energy exports within weeks,"Qatar's energy minister warns that ongoing war may halt Gulf energy exports in weeks, emphasizing delays even post-conflict in a Financial Times interview.",https://ground.news/interest/lorient-le-jour
ANSA,Center,"Qatar, if the War Continues the Gulf Could Stop the Export of Energy",The Minister at the Financial Times: 'In a few weeks' (ANSA),https://ground.news/interest/ansa
Observador,Right,"Directly/irana. War Can Raise Oil Price to $150 and ""Deit Below the World Economies"", Said Qatar Minister",Qatar's Energy Minister warned that conflict could raise the oil price to 150 dollars per barrel. He landed at Figo Maduro Airport with 39 passengers.,https://ground.news/interest/observador
The Hindu,Lean Left,Bangladesh faces steep rise in LNG prices after Qatar supply halt,"One shipment from Gunvor will cost $28.28 per million British thermal ‌units (mmBtu) and is expected to arrive ‌on ⁠March 15–16, while another from Vitol, priced ⁠at $23.08 per mmBtu, is due on for March 18-19, a senior Petrobangla official said.",https://ground.news/interest/the-hindu
North Bay Nipissing,Lean Left,How the Middle East conflict is reshaping gas and LNG markets,"LONDON/HOUSTON/SINGAPORE, March 05, 2026 (GLOBE NEWSWIRE) -- INSIGHT FOR IMMEDIATE RELEASE",https://ground.news/interest/north-bay-nipissing
NDTV,Right,Qatar's LNG Halt After Iran's Strike Raises India's Energy Security Concerns,India's energy security is under fresh scrutiny after state-owned QatarEnergy halted liquefied natural gas (LNG) production following an Iranian strike amid escalating tensions in the Middle East.,https://ground.news/interest/ndtv
Semafor,Lean Left,Qatar’s industrial base hit by suspension of LNG production,"Qatar’s decision to suspend LNG production in the face of Iranian attacks on its energy infrastructure is having a domino effect on the country’s industrial sector. As well as gas, QatarEnergy has also halted output of downstream products such as methanol, polymers, and urea, prompting local industrial groups to suspend their own operations.Industries Qatar — which makes fertilizer, petrochemicals, and steel — and Mesaieed Petrochemical Holding …",https://ground.news/interest/semaforcom
PressTV,Right,Qatar's LNG shutdown severely hits global economy: Ex-CEO of Iran's fuel company,Ex-CEO of Iran’s IFCO says the global economy is severely hit after production and export of Qatar’s LNG came to a halt.,https://ground.news/interest/presstv
The Express Tribune,Center,Qatar shuts gas liquefaction,"Qatar declared force majeure on gas exports on Wednesday amid the US-Israeli war on Iran, with sources saying it may take at least a month to return to normal production volumes. The move means global gas markets will experience shortages for weeks even in the unlikely scenario the conflict ends today, as Qatar supplies 20% of global liquefied natural gas. State energy giant Qatar Energy (QE), which stopped producing gas this week, will fully sh…",https://ground.news/interest/the-express-tribune
politika.rs,Right,"Qatar Declares Gas Export Halt Due to ""Force Majeure""","Qatari authorities today declared a ""force majeure"" suspension of gas exports",https://ground.news/interest/politikars
Euronews,Center,QatarEnergy declares force majeure as attacks halt gas production,"As Doha intercepts further attacks from Tehran, authorities have also arrested 10 individuals suspected of being sleeper cells linked to Iran's Revolutionary Guard.",https://ground.news/interest/euronews
El Financiero,Right,Qatar ‘Brake’ Gas Production by War in Iran: Will the Price Go up in Mexico? This Sheinbaum Said,"Qatar triggered global energy market alerts after suspending part of its production of liquefied natural gas (LNG), in the midst of the war in the Middle East, that is, between the United States, Israel and Iran. Experts point out that the interruption threatens to reconfigure prices, trade routes and energy security both in Asia and Europe, while importing countries seek to shield themselves from potential impacts. Qatar's brake occurred after …",https://ground.news/interest/el-financiero
Globo,Right,"Qatar Halts Natural Gas Production and Resumption Will Take Weeks, Sources Say.","This means that global gas markets will face shortages for weeks, even in the unlikely scenario that the conflict ends today, as Qatar supplies 20% of the world's liquefied natural gas (LNG).",https://ground.news/interest/globo
Modern Diplomacy,Right,"Qatar LNG outage: Liquefaction halted, weeks-long disruption expected","Qatar announced force majeure on its gas exports on Wednesday due to the ongoing U. S.-Israeli war on Iran. This situation will likely lead to global gas shortages for several weeks, even if the conflict ends immediately, as Qatar provides 20% of the world’s liquefied natural gas (LNG). Qatar Energy (QE), the state-owned company, has […] The post Qatar LNG outage: Liquefaction halted, weeks-long disruption expected appeared first on Modern Diplo…",https://ground.news/interest/modern-diplomacy
IBTimes UK,Lean Left,Urgent: Qatar LNG Halt Sends European Gas Prices Soaring 70% - What It Means for You!,"European natural gas prices have undergone a violent repricing, with benchmark Dutch TTF futures surging 70% since the close of trading on Friday, 27 February 2026. The market turmoil was ignited by an official announcement from QatarEnergy confirming a total suspension of liquefied natural gas (LNG) production. The state-owned giant cited 'military attacks' on its primary operational hubs in Ras Laffan Industrial City and Mesaieed Industrial Ci…",https://ground.news/interest/ibtimes-uk
Emirates24|7,Right,QatarEnergy declares force majeure on LNG supplies,"QatarEnergy announced on Wednesday that it has declared force majeure to affected buyers following its earlier decision to halt production of liquefied natural gas (LNG) and associated products. In a statement carried by Qatar News Agency (QNA), QatarEnergy said it values its relationships with all stakeholders and will continue to provide updates as further information becomes available.",https://ground.news/interest/emirates247
Moneycontrol,Right,"‘Force majeure’ in LNG contracts: Why QatarEnergy is using it after Ras Laffan, Mesaieed attacks",QatarEnergy declares force majeure on LNG shipments after Iranian drone attacks halt production at Ras Laffan and Mesaieed facilities.,https://ground.news/interest/money-controlcom
Firstpost News,Center,Iran war impact: Windfall for American LNG exporters amid oil price surge,"Qatar supply disruption triggers global gas shock, and US LNG giants race to capitalise on surging European and Asian demand",https://ground.news/interest/firstpost-news
OpIndia,Right,Explained: How Iran's Strait of Hormuz blockade and Qatar's LNG halt could trigger an unprecedented global energy shock,"The decision came after Iranian drone strikes targeted an energy facility of Qatar’s state-owned energy giant, QatarEnergy, in the massive Ras Laffan Industrial City and a water tank at a power plant in Mesaieed Industrial City.",https://ground.news/interest/opindia
censor.net,Lean Left,Iranian Drones Attack Qatarenergy: 20% of Global Lng Market Under Threat,"After two Iranian drones struck QatarEnergy facilities, Qatar temporarily halted production of liquefied natural gas, which accounts for about 20% of the world's supply.",https://ground.news/interest/censornet_caee9a
Sydney Morning Herald,Lean Left,Drone strike on key Qatari plant reignites global gas crunch fears,"Soaring gas prices are handing a potential windfall to Australian LNG giants, but reigniting worries of spiking energy costs at home.",https://ground.news/interest/sydney-morning-herald
RNZ,Center,"Australia's Middle East military HQ hit in Iranian drone attack, Qatar halts LNG production","US President Donald Trump says ""sad to see"" the relationship with Britain was ""not what it was"" after initially being denied use of British military bases for attack.",https://ground.news/interest/rnz
Channel News Asia,Center,"Qatar LNG halt won't immediately affect Japan's energy supply, minister says","(Corrects Akazawa's first name to Ryosei, not Yosei, in first paragraph)By Yoshifumi Takemoto and Katya GolubkovaTOKYO, March 3 : Qatar's LNG production halt due to Iranian strikes will not immediately affect Japan's energy supply, and if there is any impact, Japan could tap the spot market or utiliti",https://ground.news/interest/channel-news-asia
Irish Examiner,Lean Left,War in Middle East expands dramatically with fresh waves of attacks,"Tehran and its allies hit back against Israel, neighbouring Gulf states, and targets critical to the world’s production of oil and natural gas",https://ground.news/interest/irish-examiner
Premium Times Nigeria,Lean Left,US/Israel-Iran War: Qatar halts LNG production as Gulf tensions disrupt energy facilities,Energy markets react sharply as key oil and gas facilities across the Middle East suspend operations following fresh attacks. The post US/Israel-Iran War: Qatar halts LNG production as Gulf tensions disrupt energy facilities appeared first on Premium Times Nigeria.,https://ground.news/interest/premium-times-nigeria
The New Indian Express,Lean Left,India's LNG supplies at risk as QatarEnergy halts production after drone attacks,"Qatar is India’s largest LNG supplier, with annual exports of nearly 11.4 million tonne (MT), accounting for over 40% of New Delhi’s total LNG imports",https://ground.news/interest/the-new-indian-express
The National,Center,Iran's new wave of attacks escalates threat to the world's largest oil and gas hubs,"Saudi Arabia and Qatar, the world’s top oil and LNG exporters, find their critical energy infrastructure under fire",https://ground.news/interest/the-national_7f9810
teleSUR,Left,Qatar Energy Stops Production of Liquefied Natural Gas After Attacks on Facilities · Global Voices,"Saudi Arabia temporarily shuts down the Ras Tanura refinery, one of the largest in the world, after being impacted by drone debris",https://ground.news/interest/telesurtvnet
n-tv.de,Right,Attack on Lpg Plants: Qatar Stops Lng Production - European Gas Price Explodes,"Qatar is a heavyweight of global liquefied petroleum gas supply. Iran targets the emirate's LNG plants after the American-Israeli attacks. Apparently with success: Production stands still, gas prices explode in Europe - although Germany is not one of its customers.",https://ground.news/interest/n-tvde
Eesti Rahvusringhääling,Center,"Qatar Halts Lng Production Due to Attacks, Gas Prices Rise in Europe","Qatar's state-owned energy company QatarEnergy said on Monday it had suspended liquefied natural gas (LNG) production following Iranian attacks on the company's two main gas processing facilities, a move that is now sending gas prices soaring in Europe.",https://ground.news/interest/eesti-rahvusringhaaling
연합뉴스-Yonhap News Agency,Right,Qatar Lng Facility Shutdown Causes Natural Gas Prices to Surge in Asia and Europe (Comprehensive),"(New York Brussels = Yonhap News) Correspondent Lee Ji-heon and Hyun Yoon-kyung = Qatar Energy (QE), a state-owned energy company in Qatar, said that the Ras Laffan liquefied natural gas (LNG) plant was damaged by an Iranian drone attack...",https://ground.news/interest/_ae7d36
The Straits Times,Right,Qatar halts LNG production after fresh Iran strikes on Gulf,Qatar’s shutdown came after an Iranian drone targeted QatarEnergy’s Ras Laffan Industrial City. Read more at straitstimes.com.,https://ground.news/interest/the-straits-times_9bb9e6
조선일보,Right,Qatar's World's Largest Lng Facility Shuts Down After Iranian Drone Attack,"Global gas markets were rocked by the Middle East conflict, which directly impacted liquefied natural gas (LNG) facilities at the heart of the global energy supply chain. Qatar, one of the world's largest LNG exporters, halted all production operations following an Iranian drone attack, sending gas prices in Europe and Asia soaring nearly 50% intraday.",https://ground.news/interest/chosuncom
NOS,Right,"Gas Prices Skyrocket, Qatar Temporarily Halts Gas Production",The war in the Middle East is the cause of the problems in Qatar.,https://ground.news/interest/nos_4ae905
Morocco World News,Right,Gas Prices Spike 50% as Iran Strikes Force Qatar to Halt LNG Output,"QatarEnergy suspended liquefied natural gas production on Monday after Iranian drones struck facilities at the country’s two main gas processing bases, sending European gas prices soaring by as much as 50%.",https://ground.news/interest/morocco-world-news
intellinews.com,Center,Middle Eastern gas assets close as Iranian response widens,"Qatar halted LNG production on March 2 following Iranian drone strikes on critical infrastructure, triggering a severe shock across global energy markets",https://ground.news/interest/intellinewscom
Financial Post,Right,Gas prices surge as Qatar shuts world's largest LNG export plant,"Qatar shut down LNG production at QatarEnergy after it was targeted in an Iranian attack, sending European gas prices surging.",https://ground.news/interest/financial-post
thecradle.co,Left,Qatar halts LNG production as unprecedented Iranian strikes hit Persian Gulf,One of Saudi Arabia’s largest refineries is among the many targets struck by Iranian forces across the region,https://ground.news/interest/thecradleco
Meduza,Left,Qatarenergy Suspended the Production of Liquefied Gas Due to Iranian Drone Strikes. Qatar Is One of the World's Largest Exporters of Lng.,"The Qatar State Energy Company QatarEnergy suspended the production of liquefied natural gas after an Iranian attack on its facilities, as stated in the company's statement.",https://ground.news/interest/meduza
GB News,Right,European markets surge 50% after QatarEnergy halts production: ‘Gas prices could more than double’,"European natural gas prices surged by as much as 50 per cent on Monday after QatarEnergy suspended production at its main facilities following Iranian drone strikes.The state-owned producer, which accounts for nearly a fifth of global LNG exports, halted operations at its Ras Laffan and Mesaieed industrial complexes after Qatar’s Defence Ministry confirmed two Iranian drones had struck the sites.The sharp escalation delivered the most severe sho…",https://ground.news/interest/gbnewscom
Handelsblatt,Right,Iran War: World's Largest Lng Group Qatar Energy Stops Production,Berlin wants to send evacuation machines to Saudi Arabia and Oman +++ Spain bans use of bases +++ Fourth dead US soldier +++ The newsblog.,https://ground.news/interest/handelsblattcom
Al Jazeera,Lean Left,Gas prices soar as QatarEnergy halts LNG production after Iran attacks,This comes after Saudi Arabia announced the temporary closure of one of its largest oil facilities following drone attacks.,https://ground.news/interest/al-jazeera_1a2e2c
SANA,Left,QatarEnergy suspends LNG production following Iranian drone attacks,"Doha, March 2 (SANA) - Qatari authorities said Monday that QatarEnergy had suspended liquefied natural gas (LNG) production and related operations after",https://ground.news/interest/sana
NRC Handelsblad,Lean Left,"Qatar Halts Liquefied Gas Production Due to Iran, European Gas Price Rises","Due to Iranian attacks on energy facilities, Qatari oil and gas company QatarEnergy has halted liquid petroleum production until further notice.",https://ground.news/interest/nrc-handelsblad
La Libre,Center,War in Iran: European Gas Price Jumps to More than 50%,QatarEnergy public energy company announced Monday that it has interrupted production of liquefied natural gas (LNG). ...,https://ground.news/interest/la-libre
Middle East Eye,Left,European gas prices soar as Iran strikes close Saudi and Qatari oil and LNG sites,Saudi Arabia’s biggest oil refinery and Qatar’s largest exporter of liquefied natural gas both shut on Monday,https://ground.news/interest/middle-east-eye
Le Figaro,Right,European Gas Jumps by Almost 50% After Qatar Energy Shuts Down Lng Production,"Already in sharp increase this Monday morning due to the war in Iran, the price of European gas exploded after the announcement by Qatar's public energy company.",https://ground.news/interest/le-figaro
The New Arab,Lean Left,QatarEnergy halts LNG production over Iran attacks,"QatarEnergy halted LNG production after Iranian drone attacks on its Ras Laffan and Mesaieed facilities, with no reported casualties.",https://ground.news/interest/newarabcom
CNBC,Center,"Iran strikes halt Qatar LNG output, shaking global energy markets",QatarEnergy said the attack hit its liquefied natural gas facilities at Ras Laffan Industrial City and Mesaieed Industrial City.,https://ground.news/interest/cnbc
Gulf News,Right,Qatar halts LNG output after drone attack on key energy facilities,"Qatar halts LNG production after Iranian drone attack on key energy facilities, impacting Ras Laffan and Mesaieed Industrial Cities. Stay informed with the latest updates on this developing story.",https://ground.news/interest/gulf-news
Times of India,Right,Iran-Israel war: QatarEnergy halts LNG production after drone strikes on key facilities,QatarEnergy has stopped liquefied natural gas production. Military attacks targeted its facilities in Ras Laffan and Mesaieed Industrial Cities. The company confirmed the halt due to the strikes. Qatar is a leading global LNG producer. The defense ministry reported no casualties from the drone attacks. QatarEnergy values stakeholder relationships and will provide updates.,https://ground.news/interest/times-of-india
Al Bawaba,Right,Qatar halts LNG production after Iranian drone strikes hit key energy facilities,"ALBAWABA- Qatar Energy, the world’s largest exporter of liquefied natural gas (LNG), announced a complete suspension of production after Iranian drone s",https://ground.news/interest/albawaba
Daily Sabah,Right,QatarEnergy stops LNG production after Iranian attacks on facilities,Qatar's state-run energy firm announced on Monday it had stopped liquefied natural gas (LNG) production following Iranian attacks on facilities at two...,https://ground.news/interest/daily-sabah
breakingthenews.net,Center,QatarEnergy to stop LNG supply after strikes on Ras Laffan,QatarEnergy announced on Monday that it halted LNG production at the Ras Laffan hub following recent strikes on the facility. More to come... ...,https://ground.news/interest/breakingthenewsnet
Bloomberg,Lean Left,Qatar Stops LNG Production at World’s Top Plant After Attack,"QatarEnergy ceased liquefied natural gas production after military attacks on its Ras Laffan complex, the company said in a statement.",https://ground.news/interest/bloomberg
Reuters,Center,"Qatar halts LNG production, Saudi refinery, Iraqi Kurdish and Israeli oil, gas fields shut amid Mideast strikes","Qatar halted production of liquefied natural gas on Monday and Saudi Arabia shut its biggest domestic oil refinery after a drone strike, a source said, as Israeli and U.S. strikes and Iranian retaliation triggered precautionary shutdowns of oil and gas facilities across the Middle East.",https://ground.news/interest/reuters_fa2539
Market Screener,Center,QatarEnergy halts LNG production due to attacks on facilities,"QatarEnergy has halted production of liquefied natural gas and associated products due to military attacks on facilities in Ras Laffan and Mesaieed, it said on Monday. ...",https://ground.news/interest/marketscreenercom
Khaleej Times,Right,"QatarEnergy stops LNG production after attacks on Ras Laffan, Mesaieed facilities","QatarEnergy stops LNG production after attacks on Ras Laffan, Mesaieed facilities",https://ground.news/interest/khaleej-times
readingeagle,Center,"Qatarenergy, One of the World's Largest Natural Gas Producers, Halts Lng Production Amid War in the Middle East","DUBAI, United Arab Emirates (AP) — QatarEnergy, one of the world's largest natural gas producers, halts LNG production amid Middle East war.",https://ground.news/interest/readingeagle
WBAL,Center,"QatarEnergy, one of world's top natural gas producers, says it wi","DUBAI, United Arab Emirates (AP) — QatarEnergy, one of world’s top natural gas producers, says it will halt its LNG production as Mideast war rages.",https://ground.news/interest/wbal
Washington Top News,Center,"QatarEnergy, one of world’s top natural gas producers, says it will halt its LNG production as Mideast war rages","DUBAI, United Arab Emirates (AP) — QatarEnergy, one of world's top natural gas producers, says it will halt its LNG production as Mideast war rages.",https://ground.news/interest/washington-top-news
Idaho Press,Center,"QatarEnergy, one of world's top natural gas producers, says it will halt its LNG production as Mideast war rages","QatarEnergy, one of world's top natural gas producers, says it will halt its LNG production as Mideast war rages.",https://ground.news/interest/idaho-press
EADaily,Right,Iran targets Qatari LNG: drones attacked Ras Laffan,"Iran has launched a drone strike on an energy complex in Qatar's Ras Laffan. This is the main LNG export terminal of the Middle East, which provides Europe with liquefied gas by 10%.",https://ground.news/interest/eadaily
El Debate,Right,Gas Is Fired More than 40% After the Us and Israel Attack on Iran,Iranian attacks have forced production to stop in a plant in Qatar,https://ground.news/interest/el-debate
Oil Price,Center,Global Gas Markets Shocked as Qatar Ceases LNG Production,"Qatar’s state-owned energy giant QatarEnergy has stopped all liquefied natural gas (LNG) production, shutting down the country’s entire LNG output after Iranian drone strikes hit its major facilities at Ras Laffan and Mesaieed. The shutdown removes roughly 20% of the world’s LNG supply from the market and sends ripples through already volatile global energy markets. QatarEnergy said in a statement on its website Monday that “due to military atta…",https://ground.news/interest/oil-price
Volkskrant,Right,"Gas Prices Soar Due to Unrest in the Middle East, Qatar Halts Lng Production","Gas prices rose sharply on Monday due to the unrest in the Middle East. After an initial 25 percent increase, gas prices reached...",https://ground.news/interest/volkskrant
The Soufan Center,Center,Iran Raising the Costs of the Conflict by Targeting Critical Energy Infrastructure,"The war with Iran has entered its third day, with Tehran expanding its attacks against U.S. military targets and assets, while also broadening its strikes on oil and energy facilities across the region. The attacks on energy infrastructure are a deliberate escalation by Tehran, as the Iranians seek to raise the costs of this war for U.S. allies in the Middle East. Just yesterday, Iran targeted ships transiting the Strait of Hormuz. In an appeara…",https://ground.news/interest/the-soufan-center
