outlet,bias,headline,summary,ground_news_interest_url
BT,Right,Nigeria: Gave Trump the Green Light to Attack Islamic State,"Trump has claimed that there is a mass killing of Christians in Nigeria. The reality, however, is more complicated. ""It's not about religion,"" says Nigeria's foreign minister. 2 months ago · Denmark",https://ground.news/interest/bt
The American Spectator,Right,Protecting Nigeria’s Christians: Trump’s Strike Against ISIS – The American Spectator | USA News and Politics,"Trump’s Christmas strike and the long-overdue answer to Nigeria’s Christian slaughter. 2 months ago · Alexandria, United States",https://ground.news/interest/the-american-spectator
Zero Hedge,Right,Nigerians Applaud Trump's Military Strikes On Islamic Terrorists,"ZeroHedge - On a long enough timeline, the survival rate for everyone drops to zero 2 months ago · United States",https://ground.news/interest/zero-hedge
Owensboro Messenger-Inquirer,Right,US launches strikes against Islamic State group in Nigeria,"President Donald Trump says the U.S. launched a deadly strike against Islamic State forces in Nigeria, after spending weeks accusing the West African country's government of failing to rein in the persecution of Christians. Trump posted news of the strike… 2 months ago",https://ground.news/interest/owensboro-messenger-inquirer
Irish Independent,Right,US strikes Islamic State targets in Nigeria after Trump warnings,"US forces struck Islamic State targets in north-western Nigeria on Thursday night, the US and Nigerian governments said, acting after threats by US president Donald Trump to attack the country in an effort to stop what he has said are the killings of Christians. 2 months ago · Ireland",https://ground.news/interest/independentie
The Christian Post,Right,US conducts 'powerful and deadly strike' against ISIS in Nigeria on Christmas Day,"U.S. military forces conducted airstrikes against ISIS militants in northwest Nigeria on Christmas Day, marking a symbolically timed military action. 2 months ago",https://ground.news/interest/christianpostcom
Blavity News & Politics,Left,"Trump Launches Military Strikes In Nigeria, Says He's Targeting ISIS As Country Rejects His Christian Persecution Narrative","The Trump administration has followed up on the president’s rhetoric about Christian persecution in Nigeria by launching military strikes against Islamic militants in the country. The attacks, justified by a misleading narrative about the nature of the Nigerian conflict, illustrate the Trump administration’s increasing use of military action in aggressive ways, often based on dubious justifications. Trump launches missile strikes against Islamis… 2 months ago",https://ground.news/interest/blavity-news-and-politics
Task & Purpose,Lean Left,US targets ISIS with multiple strikes in Nigeria,The Christmas day attacks in the country’s northwestern Sokoto state are the first direct strike against militants in Nigeria by the U.S. 2 months ago,https://ground.news/interest/task-and-purpose
Washington Examiner,Right,Trump brags US gave ISIS 'very bad Christmas present' with Nigeria strikes,"President Donald Trump praised the U.S. military strikes against Islamic State terrorists in northwest Nigeria as a “very bad Christmas present,” during a surprise Friday appearance on WABC 770 AM. “I told Nigeria, and I told the people around Nigeria that if you do it, you’re going to get hit. And I said yesterday, I said, hit him on Christmas Day. It’ll be a Christmas present,” Trump told John Catsimatidis, host of WABC’s Sid & Friends in the … 2 months ago · Washington, United States",https://ground.news/interest/washington-examiner
CatholicVote org,Right,US carries out ‘deadly’ strike against Nigerian ISIS camps over Christian persecution,"The U.S. launched a strike against ISIS terrorist camps in northwest Nigeria late Christmas Day in response to ongoing Christian persecution in the country, President Donald… The post US carries out ‘deadly’ strike against Nigerian ISIS camps over Christian persecution appeared first on CatholicVote org. 2 months ago",https://ground.news/interest/catholicvote-org
TF1 INFO,Center,Today in 24h Presented by Yves Calvi: International - Trump Hits Islamic State in Nigeria,REPLAY 24H : In the summary of Friday 26 December 2025 : International - Trump strikes the Islamic State in Nigeria. Russia - Putin 的offresto the Zaporijia power station in Trump. War - NATO intercepts nuclear bombers. - Today in 24H presented by Yves Calvi : International - Trump strikes the Islamic State in Nigeria (International). 2 months ago,https://ground.news/interest/tf1-info
Liberation,Lean Left,"In Nigeria, What Was the Target of Donald Trump's Christmas Bombing?","The missiles fired on Thursday from an American warship reached the state of Sokoto, a territory marked by insecurity, but far from the fief of the jihadists of Boko Haram and where Christians do not appear to be particularly threatened. 2 months ago · Paris, France",https://ground.news/interest/liberation
Salon,Left,"Trump orders Christmas Day airstrikes against Islamic State in Nigeria with ""more to come""","The exact militant group targeted and the effectiveness of the strikes are unknown 2 months ago · San Francisco, United States",https://ground.news/interest/salon
Alternet,Center,Military expert schools Fox News reporter who cheered missiles sent into Nigeria,"President Donald Trump sent bombs into Nigeria Thursday, but one military expert was forced to school a Fox News host who cheered the expensive weaponry. Fox News correspondent Lucas Tomlinson cheered, ""U.S. Navy destroyer launching Tomahawk cruise missile into Nigeria targeting Islamic State on Christmas.""Thomas Karako, the director of the Missile Defense Project and a senior fellow with the Defense and Security Department at the Center for Str… 2 months ago · Washington, United States",https://ground.news/interest/alternet
The Globe & Mail,Center,Nigeria disputes Trump claim that U.S. missile strike aimed to protect Christians,Foreign ministry says strikes were a joint operation aimed at protecting ‘all citizens’ 2 months ago · Canada,https://ground.news/interest/the-globe-and-mail
CGTN,Lean Left,Expert: Military action alone cannot defeat terrorism in Nigeria,"A security expert has raised doubts about the effectiveness of recent joint U.S.-Nigeria strikes on militants in Sokoto state, despite officials describing the operation as a success. Dr. Oluwole Ojewale noted that although the action reflects strong bilateral security cooperation, military force alone is insufficient. 2 months ago · Beijing, China",https://ground.news/interest/cgtncom
The Morning News,Center,US Targets Islamic State With Airstrikes In Nigeria,"Just after Christmas, the skies over north-western Nigeria lit up — but not with celebration. The United States confirmed it carried out airstrikes on camps linked to the Islamic State group. This signalled a sharp escalation in a region militants are trying to turn into their next base.The targets were in Sokoto state, near Nigeria’s border with Niger. According to the US military, the strikes hit IS-linked camps and likely killed “multiple” fi… 2 months ago",https://ground.news/interest/the-morning-news
UnHerd,Center,US strikes in Nigeria will not turn tide against Isis,"The US airstrikes against Islamic State fighters in Sokoto State in north-west Nigeria last night are unlikely, on their own, to alter the trajectory of the country’s Islamist insurgency. This is true even if they did kill “multiple Isis terrorists”, as US Africa Command claims. But the strikes could still matter in another sense: if they signal a shift in US policy, they may yet improve the security outlook in West Africa. When 13 Christians we… 2 months ago",https://ground.news/interest/unherd
Protothema,Right,Trump's Strike on Isis and the Narrative of Persecuted Christians - Nigeria Says It Approved the Attack,The US strike against Islamists in Nigeria was accompanied by strong religious rhetoric from Donald Trump 2 months ago,https://ground.news/interest/protothema
The New York Sun,Right,Nigeria’s Government Trumpets Its Role in American Airstrikes on ISIS Insurgents,"A Nigerian source is quoted as saying the military had learned of a ‘massive convergence’ of armed terrorists planning coordinated attacks. 2 months ago · New York, United States",https://ground.news/interest/the-new-york-sun
The Savage Nation,Far Right,"MichaelSavage.com – Trump Launches ‘Powerful, Deadly Strike Against ISIS Terrorist Scum’ in Nigeria","The silent nights are over, according to President Donald Trump, who announced ""a powerful and deadly strike against ISIS Terrorist Scum in Northwest Nigeria"" on Christmas night. ""Tonight, at my direction as Commander in Chief, the United States launched a powerful and deadly strike against ISIS Terrorist Scum in Northwest Nigeria, who have been targeting… 2 months ago",https://ground.news/interest/the-savage-nation
Metro News,Lean Left,Why has Trump ordered ‘powerful strikes’ in Nigeria?,"Missiles are shown erupting from a US warship in a video accompanying words by Donald Trump hailing a strike on ISIS in Nigeria (Picture: US Department of War) Donald Trump has hailed ‘powerful and deadly’ US strikes carried out on Christmas Day against an Islamic State branch in Nigeria.  The US president said ‘perfect’ hits had been carried out against ‘ISIS terrorist scum’ in the operation targeting camps run by the group in the country’s nor… 2 months ago · London, United Kingdom",https://ground.news/interest/metro-news
Sapo,Right,u.s. Attacks by the Islamic State in Nigeria,Nigeria's Foreign Minister Yusuf Tuggar confirmed that it was Abuja who provided intelligence information to the United States and revealed direct contacts with Washington 2 months ago · Portugal,https://ground.news/interest/sapo
Corriere Della Sera,Center,Why Is Nigeria a Clay-Footed Giant? What Really Prompted Trump to Intervene?,Behind the US raid in defense of African Christians there would be mainly reasons for internal politics: the great evangelical component of its electorate has been pushing for a long time in this direction. Beginning with Charlie Kirk 2 months ago · Italy,https://ground.news/interest/corriere-della-sera
iNews,Center,Why Trump has launched attacks on Isis in Nigeria,"Following repeated accusations that Nigeria’s government has failed to stop violence against Christians in the country, Donald Trump announced a series of airstrikes on targets in the west African nation on Christmas Day. The strikes, which targeted Islamic State (IS) militants in Nigeria’s northwestern Sokoto state, mark one of Trump’s most recent uses of military force abroad. The move comes weeks after the US President threatened action amid … 2 months ago · London, United Kingdom",https://ground.news/interest/inews
NEWSREP,Right,"Morning Brief: US Launches Christmas-Day Strikes on Islamic State Targets in Nigeria, Yemen Separatists Accuse Saudi Arabia of Airstrikes","US hits IS in Nigeria, Yemen tensions rise, and Japan boosts defense spending. Here’s your Friday morning brief for December 26th, 2025. #MorningBrief #Nigeria #MiddleEast #UkraineRussiaWar 2 months ago",https://ground.news/interest/newsrep
NewsBusters,Right,Networks Continue To Downplay Killing Of Christians As Trump Bombs ISIS In Nigeria,"This past November President Trump instructed the Pentagon to, ""prepare for possible action in Nigeria"", saying the U.S. could go in ""guns-a-blazing"" and halt aid if the government there ""continues to allow the killing of Christians."" He also refused to rule out the possibility of U.S. troops boots on the ground, and declared Nigeria, ""a country of particular concern"" for violating religious freedoms, all of which sent the left  into a frenzy, w… 2 months ago · Washington, United States",https://ground.news/interest/newsbusters
Straight Arrow News,Center,US strikes ISIS in Nigeria on Christmas Day; California battles flooding,"The U.S. launched Christmas Day airstrikes on ISIS targets in Nigeria. President Donald Trump said more could follow. Plus, flooding threats linger across Southern California, even as a holiday storm begins to ease. And a massive oil tanker defies the Coast Guard, forcing a rare and risky U.S. pursuit in the Caribbean Sea. These stories and more highlight your Unbiased Updates for Friday, December 26, 2025. US strikes ISIS in Nigeria, Trump orde… 2 months ago",https://ground.news/interest/straight-arrow-news
The Killeen Daily Herald,Center,Nigeria signals more strikes likely in 'joint' US operations,"Nigeria on Friday signalled more strikes against jihadist groups were expected after a Christmas Day bombardment by US forces against militants in the north of the country, which it said was a joint operation with its military. 2 months ago",https://ground.news/interest/the-killeen-daily-herald
naked capitalism,Lean Left,US Launches Christmas Strikes on Nigeria—the 9th Country Bombed by Trump,"With Nigeria, Trump—who calls himself “the most anti-war president in history”—has now bombed more countries than any president in history. 2 months ago",https://ground.news/interest/naked-capitalism
romaniatv.net,Right,His Video Opens a New Front in Africa. the u.s. Army Launched an Attack on More Isis Positions in Nigeria,"The United States launched an air attack against the military of the Islamic State (ISIS) in northern Nigeria, an operation that marks a new scale of American involvement in the fight against the Jihadist groups in West Africa. The action was confirmed by both US President Donald Trump and US military in a context marked by recent violence and deep religious tensions. The US Video article opens a new front in Africa. The US Army launched an atta… 2 months ago",https://ground.news/interest/romaniatvnet
La Presse,Lean Left,"u.s. Strikes in Nigeria, Lagos Provided Information to Washington Upstream","Nigeria stated on Friday that it had provided the United States with information on Islamic State activists in the north-western part of the country before the Christmas-day strikes that President Donald Trump described as ""powerful and murderous"". 2 months ago · Montreal, Canada",https://ground.news/interest/la-presse_39d7a8
Al Arabiya,Right,Nigeria gave US intelligence for strikes on militants: FM,2 months ago · Saudi Arabia,https://ground.news/interest/al-arabiya
5Pillars,Center,Trump confirms U.S. strikes on ISIS in Nigeria,"FacebookLikeShareTweetEmail U.S. President Trump has confirmed the U.S. carried out strikes against ISIS fighters in north-western Nigeria and warned that there is “more to come” amid false allegations of a “Christian genocide.” Camps run by the group in Nigeria’s Sokoto state, which lies on the border with Niger, were hit, the U.S. military said, adding […] 2 months ago",https://ground.news/interest/5pillars
Pittsburgh Post-Gazette,Center,What to know about the militants targeted by U.S. airstrikes in Nigeria,"The United States airstrikes targeting militants affiliated with the Islamic State in northwestern Nigeria are a major escalation of an offensive that Nigeria’s overstretched military has struggled with for years. 2 months ago · Pittsburgh, United States",https://ground.news/interest/pittsburgh-post-gazette
WABC,Right,The U.S. Gives Terrorists an Unwelcome Xmas Present,"President Donald Trump announced that the United States carried out airstrikes against Islamic State militants in northwest Nigeria on Christmas Day, saying the operation targeted extremists he accused of attacking civilians, particularly Christians. The strikes come shortly after separate U.S. military action against ISIS positions in Syria, launched in response to an attack earlier this month that killed American service members and an interpr… 2 months ago",https://ground.news/interest/wabc
Modern Diplomacy,Right,US Carries Out Strike Against ISIS Militants in Nigeria,"The United States conducted a strike against Islamic State militants in northwest Nigeria at the request of the Nigerian government. President Donald Trump announced this action, highlighting that the group had been targeting and killing mostly Christians in the area. The U. S. military’s Africa Command confirmed that the strike in Sokoto state killed several […] The post US Carries Out Strike Against ISIS Militants in Nigeria appeared first on … 2 months ago",https://ground.news/interest/modern-diplomacy
Omaha World-Herald,Center,Trump says US struck IS targets in Nigeria,"WEST PALM BEACH, Fla. — President Donald Trump said Thursday night that he ordered a ""powerful and deadly"" U.S. strike against Islamic State forces in Nigeria, after spending weeks accusing the West African country's government of failing to rein in… 2 months ago · Omaha, United States",https://ground.news/interest/omaha-world-herald
stern.de,Center,Usa Attack Is Jihadists in Nigeria at Christmas,"The U.S. forces attacked targets of the Islamic State (IS) jihadist militia in Nigeria at Christmas, killing several suspected ISIS fighters. US President Donald Trump spoke on Thursday on his online platform Truth Social of ""numerous perfect attacks"" on IS targets in northwestern Nigeria. To justify the attacks, the U.S. President led the killing of ""innocent Christians"" in the African country. The Nigerian government reportedly supported the U… 2 months ago · Germany",https://ground.news/interest/sternde
World,Right,"U.S. strikes Islamic State group in Nigeria, president says","WORLD is a news organization producing Biblically sound, daily coverage of global, national, and cultural current events. 2 months ago · Asheville, United States",https://ground.news/interest/wngorg
El Vocero de Puerto Rico,Right,Trump Confirms “Deadly” Attack Against Islamic State in Nigeria,"President Donald Trump claimed on Thursday that the United States launched a “powerful and deadly attack” against Islamic State forces in Nigeria, after spending weeks accusing the African government of failing to curb the persecution of Christians. 2 months ago",https://ground.news/interest/el-vocero-de-puerto-rico
Dnevni list Danas,Lean Left,'Vicious Killing of Christians': Trump Announces Us Has Carried Out 'Powerful and Deadly Strikes' Against Islamic State in Nigeria,"US President Donald Trump said the United States had carried out ""powerful and deadly strikes"" against Islamic State targets in Nigeria, following weeks of accusations against the West African country's government that it was failing to curb the persecution of Christians. 2 months ago · Belgrade, Serbia",https://ground.news/interest/dnevni-list-danas
Sueddeutsche Zeitung,Lean Left,Usa Attacks Targets in Nigeria – Fight Against Is Terrorists,"The U.S. forces have attacked targets in northwestern Nigeria, and the U.S. President said they were Islamic terrorists. 2 months ago · Munich, Germany",https://ground.news/interest/sueddeutsche-zeitung
Die Presse,Right,Usa Attack Is Fighters in Nigeria – Several Dead,"The military strike in the sub-state of Sokoto had been carried out at the request of the Nigerian authorities. Nigerian Foreign Ministry stressed that the fight against terrorists had been at the centre, that it was not about certain religions. 2 months ago · Vienna, Austria",https://ground.news/interest/die-presse
Mason City Globe Gazette,Center,US hits IS targets in Nigeria,"WEST PALM BEACH, Fla. — President Donald Trump said Thursday night that he ordered a ""powerful and deadly"" U.S. strike against Islamic State forces in Nigeria, after spending weeks accusing the West African country's government of failing to rein in… 2 months ago",https://ground.news/interest/mason-city-globe-gazette
Merco Press,Lean Left,US launches second strike against ISIS in less than a week,"US President Donald Trump said Thursday that his country had conducted 'deadly' precision airstrikes against ISIS (Islamic State) targets in northwestern Nigeria, which was later corroborated by local authorities. The operation marked a significant escalation in Washington's involvement in Africa to stop what the Republican leader acknowledged was a 'massacre of Christians.' The second major US offensive against the terror group this month follow 2 months ago · Caracas, Venezuela (Bolivarian Republic of)",https://ground.news/interest/merco-press
valeursactuelles.com,Right,The United States Is Carrying Out Strikes Against Jihadists in Nigeria,"Donald Trump announced on Thursday, December 25, that the United States armed forces had carried out “numerous” deadly strikes against Islamic State positions in northwestern Nigeria. In a message published on his Truth Social network, the American president assured that these operations were aimed at sanctioning the violence committed by the jihadist group against Christian populations, reports BFMTV. “I warned these terrorists that if they did… 2 months ago",https://ground.news/interest/valeursactuellescom
The Journal,Lean Left,The 9 at 9: Stephen's Day,"Cancelling online subscriptions, Trump launches strikes in Nigeria and what to do with unwanted gifts… 2 months ago · Ireland",https://ground.news/interest/the-journal_0d766b
Hot Air,Right,Trump Orders Strikes on Nigerian 'Terrorist Scum' – Nigeria Cheers,"Trump orders military strikes on ISIS in Nigeria, receiving support from the Nigerian government. 2 months ago · Arlington, United States",https://ground.news/interest/hot-air
Al Bawaba,Right,"""Deadly"" Us Strikes Against Isis in Nigeria","US forces carried out ""several powerful and lethal strikes"" against ISIS in northwestern Nigeria, while US President Donald Trump vowed on Thursday to launch more strikes ""if the militants continue to kill Christians""... 2 months ago · Amman, Jordan",https://ground.news/interest/albawaba
Telegrafi,Lean Left,Why Did Trump Order Attacks in Nigeria?,"After weeks of accusing the Nigerian government of failing to stop the persecution of Christians, Donald Trump announced on Christmas Day that the United States had carried out a series of attacks on the West African country. The attacks, directed against so-called Islamic State (ISIS) militants in northern Nigeria, constitute the latest American military intervention abroad under the leadership of the American president, who during the 2024 pre… 2 months ago",https://ground.news/interest/telegrafi
Daily Post Nigeria,Center,Trump's airstrikes: Terrorists now getting 'wotowoto' in Northern Nigeria,"A Chieftain of the All Progressives Congress, APC, Joe Igbokwe, has lauded President Donald Trump’s move to bomb terrorists in Sokoto State. DAILY POST reports that the US military, acting on Trump’s directive, bombed some terrorists in Sokoto State on Christmas night. The operation has been generating mixed reactions as some netizens expressed relief while others are claiming that the sovereignty of the nation was violated. Reacting, Igbokwe in… 2 months ago · Nigeria",https://ground.news/interest/daily-post-nigeria
Neue Zürcher Zeitung,Right,Trump Announces the Attack on Is Terrorists in Nigeria on Christmas Day,"On Christmas Day Donald Trump announces attacks against terrorists who are said to have murdered Christians. It is not the first time that the US is attacking Islamist terrorists in Africa. 2 months ago · Zürich, Switzerland",https://ground.news/interest/neue-zurcher-zeitung
cicero.de,Right,Us Deployment in Nigeria - Military Strike Against Persecutors of Christians,"On Christmas Day, US President Donald Trump announces attacks on Islamist terrorists in the West African country who are said to have persecuted and murdered Christians. Nigeria's government now says that the attack has been decided and carried out jointly. 2 months ago",https://ground.news/interest/cicerode
PressTV,Right,"US launches airstrikes on Nigeria, citing unsubstantiated claims of anti-Christian violence","US President Donald Trump said the US conducted airstrikes against terrorists in Nigeria in response to alleged anti-Christian violence. 2 months ago · Tehran, Iran (Islamic Republic of)",https://ground.news/interest/presstv
Kronen Zeitung,Right,Usa Attacked Isis Fighters in Nigeria: Several Dead,"According to President Donald Trump, the U.S. airstrikes on the positions of the terrorist militia Islamic State (IS) flown in northwestern Nigeria on Thursday. According to a U.S. government representative, there were deaths. ""Today the U.S. carried out a powerful and deadly blow on my orders as commander-in-chief (...),"" Trump announced. The I.S. fighters had ""targeted and brutally killed innocent Christians above all."" ""To an extent that has … 2 months ago · Vienna, Austria",https://ground.news/interest/kroneat
Il Sole 24 Ore,Right,"u.s. Missiles versus Isis Stations in Nigeria. Trump: ""Perfect Attacks""","Tonight, on my recommendation as Commander-in-Chief, the United States has launched a powerful and lethal attack on the terrorist scum of the ISIS in the north-west of the... 2 months ago · Milan, Italy",https://ground.news/interest/il-sole-24-ore
Firstpost News,Center,Why did Trump order strikes on Islamic State targets in Nigeria?,"US President Donald Trump announced on Thursday (December 25) that the American military conducted deadly airstrikes against the Islamic State targets in northwestern Nigeria. According to the US military's Africa Command, it carried out attacks in Sokoto state, which borders Niger to the north, that killed several terrorists 2 months ago · Mumbai, India",https://ground.news/interest/firstpost-news
Daily Mirror,Lean Left,America's chilling three-word warning after deadly ISIS strikes on 'terrorist scum' - The Mirror,"United States launches major bombing attack against Islamic State terror group in Niegria following 2 months ago · London, United Kingdom",https://ground.news/interest/daily-mirror
Daily Sabah,Right,Trump orders US airstrikes on Daesh-linked group in Nigeria,"The United States carried out airstrikes against Daesh-linked terrorists in northwestern Nigeria, President Donald Trump said Thursday, marking a sharp... 2 months ago · Türkiye",https://ground.news/interest/daily-sabah
BARE NAKED ISLAM,Far Right,TRUMP makes good on threat that there would be “Hell to pay if Islamic State (ISIS) terrorist scum in Nigeria didn’t stop slaughtering Christians”,"President Donald Trump has announced that the US military carried out targeted airstrikes against ISIS in Nigeria on Christmas Day. ﻿ In a series of posts on Truth Social, Trump claimed responsibility for ordering strikes in northwest Nigeria on December 25, 2025. The President warned that “radical Islamic terrorism” would be met with overwhelming force […] 2 months ago",https://ground.news/interest/bare-naked-islam
Il Post,Lean Left,The United States Bombed Isis in Nigeria,Trump accused the group of attacking Christian communities and the attack was coordinated with the Nigerian government 2 months ago · Italy,https://ground.news/interest/il-post
Novinky.cz,Lean Left,Americans Launch Strikes in Northwest Nigeria,"The United States carried out multiple strikes against Islamic State (IS) terrorists in northwestern Nigeria on Friday night, at the request of the Nigerian government and in retaliation for the killings of Christians in the region. 2 months ago",https://ground.news/interest/novinkycz
WA today,Center,US strikes ISIS terrorists in Nigeria,"The US has launched missiles at ISIS terrorists in Nigeria 2 months ago · Northbridge, Australia",https://ground.news/interest/wa-today
Euronews,Center,"US launches strikes targeting IS militants in Nigeria, Trump says","The ""powerful and deadly"" strikes were carried out against so-called Islamic State group militants ""targeting and viciously killing, primarily, innocent Christians,"" the US president wrote on social media on Thursday night. 2 months ago · France",https://ground.news/interest/euronews
JeuneAfrique.com,Lean Left,Nigeria: United States Announces Killing Strikes Against Islamic State in Sokoto State · Global Voices,"U.S. President Donald Trump announced on Thursday that the U.S. Army had carried out ""many"" deadly strikes against the Islamic State in northwestern Nigeria. He promised further attacks if the organization continues what he called a ""Christian massacre"". 2 months ago",https://ground.news/interest/jeuneafriquecom
ABP News,Right,Inside Trump’s Decision To Strike ISIS ‘Terrorist Scum’ In Nigeria After Attacks On Christians,"Trump says he ordered strikes on ISIS “terrorist scum” in northwest Nigeria after militants targeted and killed innocent Christians, calling the action necessary to stop further violence. 2 months ago · India",https://ground.news/interest/abp-news
Expressen,Right,Trump Has Bombed a New Country - Is Terrorists Were the Target,"The United States has carried out ""multiple"" attacks against what it claims are IS terrorists in Nigeria, President Donald Trump writes on Truth Social. 2 months ago · Stockholm, Sweden",https://ground.news/interest/expressen
ilmessaggero.it,Center,"Nigeria, United States Attack on Isis Terrorists. Trump: ""Innocent Christian Killers""","An attack by the United States in Nigeria, against the terrorists of ISIS. President Donald Trump announced it, which confirmed that in the night ... 2 months ago",https://ground.news/interest/ilmessaggeroit
Culpeper Star-Exponent,Center,US LAUNCHES STRIKES ON NIGERIAN MILITANTS,ISLAMIC STATE 2 months ago,https://ground.news/interest/culpeper-star-exponent
lindependant.fr,Center,"""A Powerful and Murderous Strike Against the Terrorist Vermin of dahesh""... the United States Hit Isis in Nigeria","The United States carried out an air strike against fighters of the Islamic State (IS) group in north-western Nigeria at the request of the Nigerian government, said on Thursday US President Donald... 2 months ago",https://ground.news/interest/lindependantfr
ladepeche.fr,Lean Left,"Donald Trump: Why the Us President Ordered ""Many"" Strikes on Nigeria","The White House tenant reported that the United States carried out ""many strikes"" on Christmas Day in Nigeria in order to target the Islamic State accused of the ""massacre of Christians."" 2 months ago",https://ground.news/interest/ladepechefr
20minutos,Center,"Trump Launches Missile Attack on Islamic State in Nigeria to Eradicate ""Terrorist Scum"" · Global Voices","U.S. President Donald Trump launched on Thursday, Christmas Day, an attack with a dozen Tomahawk missiles ""against Islamic State terrorist scum in northwest Nigeria in retaliation for the murders of ""innocent Christians."" ""This evening, under my leadership as commander-in-chief, the U.S. launched a powerful and lethal attack on Islamic State terrorist scum in northwest Nigeria, which has been brutally attacking and murdering (...) innocent Chris… 2 months ago · Madrid, Spain",https://ground.news/interest/20minutos
National Catholic Register,Right,"In Effort to Stem Violence Against Christians, U.S. Conducts Airstrikes On ISIS in Nigeria",U.S. Secretary of War Pete Hegseth said he was 'grateful for Nigerian government support and cooperation' in the counter-terrorism effort. 2 months ago,https://ground.news/interest/ncregistercom
intellinews.com,Center,"Trump says “MERRY CHRISTMAS to all, including the dead Terrorists” (sic) after strikes in Nigeria","""Tonight, at my direction as Commander in Chief, the United States launched a powerful and deadly strike against ISIS Terrorist Scum in Northwest Nigeria"" 2 months ago · Berlin, Germany",https://ground.news/interest/intellinewscom
telex.hu,Lean Left,Trump Announces Us Military Strikes on Islamic State Militants in Nigeria,"""Merry Christmas to everyone, including the dead terrorists,"" the American president wrote on his social media page. 2 months ago",https://ground.news/interest/telexhu
Politico,Lean Left,"US forces launch Christmas strike on ISIS in Nigeria, Trump says","American forces launched airstrikes against ISIS in Nigeria on Thursday, President Donald Trump announced in a post on Truth Social, the administration’s latest show of lethal force in the international arena since Trump returned to the White House early this year. A Pentagon official told POLITICO the agency worked with the Nigerian government to carry out the strikes. On his social media platform, the president said the strike was a consequenc… 2 months ago",https://ground.news/interest/politico
RTV Slovenija,Lean Left,Us Carries Out Strikes on Islamic State Targets in Nigeria,"The United States has carried out strikes against Islamic State militants in northwestern Nigeria, US President Donald Trump announced. The Pentagon added that the strikes were carried out in cooperation with Nigerian authorities. 2 months ago",https://ground.news/interest/rtv-slovenija
The Media Line,Right,US Launches Missile Strikes on Islamic State Targets in Nigeria,The United States carried out coordinated missile strikes […] The post US Launches Missile Strikes on Islamic State Targets in Nigeria   appeared first on The Media Line. 2 months ago,https://ground.news/interest/the-media-line
Asharq AL-awsat,Right,US Says It Struck ISIS Militants in Northwest Nigeria,"The United States carried out a strike against ISIS militants in northwest Nigeria at the request of Nigeria's government, President Donald Trump and the US military said on Thursday, claiming the group had been targeting Christians in the region. 2 months ago · Riyadh, Saudi Arabia",https://ground.news/interest/asharq-al-awsat
merkur.de,Center,"Us Airstrike Against Terrorists in Nigeria: Trump Speaks of ""Hell on Earth""","On Christmas day, the US President announces attacks on Islamist terrorists who are said to have persecuted Christians. The Pentagon publishes a video. 2 months ago",https://ground.news/interest/merkurde
IBTimes,Center,US Strikes ISIS Targets In Nigeria As Attacks Continue Across Regions,"US Africa Command (AFRICOM) said the strikes were conducted on Dec. 25 in Sokoto state, close to Nigeria's border with Niger, targeting what it described as Islamic State camps. 2 months ago · United States",https://ground.news/interest/ibtimes
444.hu,Lean Left,Us Airstrikes Target Islamic State Group in Nigeria,In collaboration with Nigeria. 2 months ago · Hungary,https://ground.news/interest/444hu
Dagens Nyheter.,Right,Trump: Us Has Carried Out Deadly Attacks in Nigeria,"The United States has carried out several attacks against ""IS terrorists"" in northwestern Nigeria, President Donald Trump writes on his own Truth Social platform. 2 months ago · Stockholm, Sweden",https://ground.news/interest/dagens-nyheter
Le Huffington Post,Left,Donald Trump Announces Deadly Strikes Against Isis in Nigeria,"Donald Trump announced ""lethal"" American strikes against the Islamic State in Nigeria and threatened to carry out further attacks. 2 months ago · Paris, France",https://ground.news/interest/le-huffington-post
Libertad Digital,Right,"Trump Attacks ""Terrorist Scum"" Killing ""Innocent Christians"" in Nigeria · Global Voices","The attack took place last night in western Nigeria. Trump had threatened to ""untie hell."" 2 months ago",https://ground.news/interest/libertad-digital
politika.rs,Right,Trump: Us Launches Strikes on Islamic State Targets in Nigeria,"Donald Trump says US has launched ""powerful and deadly"" strikes against Islamic State in Nigeria 2 months ago · Belgrade, Serbia",https://ground.news/interest/politikars
La Vanguardia,Center,Trump Announces “Powerful and Deadly” u.s. Attack on Islamic State in Nigeria · Global Voices,"U.S. President Donald Trump announced Thursday that his country launched a “powerful and deadly” attack on camps of the Islamic States (IS) terrorist group in Nigeria that have been attacking “innocent Christians.” “Tonight, under my leadership as Commander-in-Chief, the U.S. launched a powerful and deadly attack on ISIS terrorist scum in northwest Nigeria,” Trump posted on his Truth Social network.Keep reading... 2 months ago · Granada, Spain",https://ground.news/interest/la-vanguardia
der Standard AT,Lean Left,"According to Trump, the Us Attacked Isis Fighters in Nigeria, Several Dead","Allegedly, the attack was at the request of the Nigerian government. In November, Washington had threatened with military intervention to protect Christians. 2 months ago · Vienna, Austria",https://ground.news/interest/der-standard_389fff
Eldiario.es,Lean Left,Trump Announces u.s. Attack on Isis in Nigeria for Christian Murders · Global Voices,"The U.S. military points to alleged terrorist organization camps after attacks on the country’s Christian communityTrump raises its threat to the European Union’s digital and green agendas U.S. President Donald Trump announced Thursday that his country launched a “powerful and deadly” attack on camps of the Islamic States (IS) terrorist group in Nigeria that have been attacking “innocent Christians.” “This evening, under my leadership as Command… 2 months ago · Spain",https://ground.news/interest/eldiarioes
IOL,Center,Trump orders ‘Deadly’ US strikes on ISIS in Nigeria,"US forces carried out air strikes against Islamic State militants in northwestern Nigeria, killing several fighters in an operation requested by Nigerian authorities, US and Nigerian officials confirmed. 2 months ago · South Africa",https://ground.news/interest/iol
Origo,Right,Trump Didn't Mince Words: He Dealt a Deadly Blow to Isis,"President Donald Trump announced that the US military had carried out a deadly airstrike on Islamic State cells in Nigeria. 2 months ago · Budapest, Hungary",https://ground.news/interest/origohu
La Libre,Center,"""I Had Previously Warned These Terrorists"": the United States Announces that It Has Carried Out Deadly Strikes Against Isis in Nigeria","US President Donald Trump announced on Thursday that the United States had conducted ""many"" deadly strikes against ISIS in northwestern Nigeria, and promised further attacks if the organization continues what it called ""Christian massacre"". ... 2 months ago · Brussels, Belgium",https://ground.news/interest/la-libre
9News,Right,Australia backs US strikes on ISIS terrorists in Nigeria,"U﻿S President Donald Trump has said he'd ordered a deadly strike on Islamic State terrorists in Nigeria, wh... 2 months ago · Australia",https://ground.news/interest/9news
Lietuvos Radijas ir Televizija,Center,Trump: Us Carried Out Attack Against Islamic State in Nigeria,"In response to the ""massacre of Christians,"" US President Donald Trump announced an attack against the Islamic State (IS) terrorist group in Nigeria. 2 months ago · Vilnius, Lithuania",https://ground.news/interest/lietuvos-radijas-ir-televizija
il Giornale,Right,"Trump Launches a Powerful Attack on Isis in Nigeria. ""He Killed Innocent Christians""","US President Truth announces operation. ""Under my leadership, our country will not allow radical Islamic terrorism to prosper"" 2 months ago · Italy",https://ground.news/interest/ilgiornaleit
delo.si,Lean Left,American Attack on Nigerian Islamists,President Donald Trump ordered an attack on “terrorist scum” from Nigeria on Christmas Day. 2 months ago,https://ground.news/interest/delosi
WXOW,Center,Trump Claims the Violence in Nigeria Is Targeting Christians. Here Are the Facts.,"After months of warning that the United States might take military action to stop violence against Christians in Nigeria, President Donald Trump announced on Christmas Day that he had done just that: launched an attack against the… 2 months ago",https://ground.news/interest/wxow
voz.us,Right,u.s. Bombs Isis in Nigeria in Response to Christian Massacre · Global Voices,"With information from AFP — President Donald Trump said Thursday that U.S. forces carried out ""powerful and deadly"" attacks against members of the jihadist Islamic State (ISIS) group in northwestern Nigeria, after warning about the murder of Christians in that country.Read more]]> 2 months ago",https://ground.news/interest/vozus
Gulf News,Right,Trump says US launched 'numerous' deadly strikes on Daesh in Nigeria,"Multiple Daesh militants reportedly killed in stike carried out in Nigeria's Sokoto state 2 months ago · Dubai, United Arab Emirates (the)",https://ground.news/interest/gulf-news
Le Figaro,Right,Nigeria: United States Announces Killings Against Islamic State · Global Voices,"""JOYES NOEL to all, including the dead terrorists, who will be even more numerous if their massacre of Christians continues,"" said President Donald Trump. 2 months ago · Paris, France",https://ground.news/interest/le-figaro
Digi 24,Center,"u.s. Army Hit Isis Tanks in Nigeria, Announced Donald Trump","U.S. President Donald Trump said he ordered an ""letal"" attack against the terrorists of the Islamic State (ISIS) in Nigeria, which he accused of persecuting Christians in this country. 2 months ago · Romania",https://ground.news/interest/digi-24
Spiegel,Lean Left,Usa Attack Is Positions in Nigeria,"Donald Trump speaks of ""perfect attacks"": The US President reports deadly air strikes against IS terrorists in northwestern Nigeria. The African government confirms the attacks. 2 months ago · Germany",https://ground.news/interest/spiegel
Scroll India,Lean Left,United States says it struck Islamic State terror camp in Nigeria,"The action had been coordinated with the authorities in the West African country, the US military said. 2 months ago · India",https://ground.news/interest/scroll-india
franceinfo.fr,Lean Left,"Donald Trump Announces that the United States Has Carried Out ""Many"" Deadly Strikes Against Isis in Nigeria","""I had previously warned these terrorists that if they did not stop the massacre of Christians, they would pay dearly, and tonight they paid,"" said the US President on Thursday on his Truth Social platform. 2 months ago",https://ground.news/interest/franceinfofr
Anadolu Ajansı,Right,Trump announces US airstrikes on ISIS targets in northwest Nigeria,"‘I have previously warned these Terrorists that if they did not stop the slaughtering of Christians, there would be hell to pay, and tonight, there was,’ says US president - Anadolu Ajansı 2 months ago · Ankara, Türkiye",https://ground.news/interest/anadolu-ajans
El Debate,Right,u.s. Launches Attack on Islamic State Camps in Nigeria After Christian Killings · Global Voices,"The operation, ordered by Trump, was directed against jihadist camps in the north-west of the African country after months of attacks on the populace... 2 months ago",https://ground.news/interest/el-debate
Le Parisien,Right,"""They Paid"": Donald Trump Announces Strikes in Nigeria Against the Islamic State","U.S. President Donald Trump today announced that the U.S. has conducted ""many"" deadly strikes against the Islamic State in northwestern Nigeria, and promised further attacks if the organization continues to kill Christians in the country.""I had previously warned these terrorists that if they did not stop the massacre of Christians, they would pay dearly, and tonight they paid,"" Donald Trump said on his Truth Social platform, adding that the ""war… 2 months ago · Paris, France",https://ground.news/interest/le-parisien
Eesti Rahvusringhääling,Center,Trump: Us Carried Out Powerful Attacks Against Islamic State in Nigeria,US President Donald Trump announced that the country's armed forces have carried out airstrikes against Islamic State (ISIS) targets in northwestern Nigeria. He said the United States is prepared to continue military operations if the Islamist extremists' attacks on Christians do not stop. 2 months ago · Estonia,https://ground.news/interest/eesti-rahvusringhaaling
El Financiero,Right,Trump Won't Forgive Even at Christmas: Order to Bomb Camps of the Isis Terrorist Group in Nigeria,"U.S. President Donald Trump announced Thursday that his country launched a “powerful and deadly” attack on camps of the Islamic State terrorist group in Nigeria that have been attacking “innocent Christians.” “Tonight, under my leadership as Commander-in-Chief, the U.S. launched a powerful and deadly attack on the terrorist scum of ISIS in northwest Nigeria,” Trump posted on his Truth Social network. Trump states in the communication: “Previousl… 2 months ago · Mexico",https://ground.news/interest/el-financiero
El Huffington Post,Left,u.s. Announces Attack on Islamic State Camps in Northwest Nigeria · Global Voices,"The Nigerian executive confirms the bombings as part of its 'cooperation' with the US to combat 'terrorism and violent extremism'. 2 months ago · Madrid, Spain",https://ground.news/interest/el-huffington-post
News,Right,‘Terrorist scum’: Trump launches ‘deadly’ Christmas Day strikes on ISIS targeting Christians in Nigeria,Donald Trump has ordered “numerous” strikes against ISIS targets who have been targeting innocent Christians. 2 months ago,https://ground.news/interest/news_356a3f
NZ Herald,Center,US launches Christmas Day strikes on Isis targets in Nigeria,"President Donald Trump said US forces conducted “powerful and deadly” strikes Thursday against Isis militants in northwestern Nigeria, weeks after he warned... 2 months ago · Auckland, New Zealand",https://ground.news/interest/nz-herald
apollo-news.net,Right,"""Hell on Earth"": Usa Bombard Is Terrorists in Nigeria","Trump has followed his threats: The US has hit a military strike in Nigeria because of the persecution of Christians by Islamists ... The post ""Hell on Earth"": US bombs IS terrorists in Nigeria appeared first on Apollo News. 2 months ago",https://ground.news/interest/apollo-newsnet
The Intercept,Left,War on Christmas: Trump Announces Wave of Airstrikes Targeting ISIS Militants in Nigeria,"Trump cast the Nigeria airstrikes as an assault on those “who have been targeting and viciously killing, primarily, innocent Christians.” 2 months ago · New York, United States",https://ground.news/interest/the-intercept
The Wire,Lean Left,US Strikes ‘Terrorist Targets’ in Nigeria,"The US said the strike came at the request of the Nigerian authorities. Trump had previously threatened military action to protect Christians in Nigeria from what he described as a 2 months ago · New Delhi, India",https://ground.news/interest/the-wire_0ea855
Deutschlandfunk,Center,Military Operation - Us Attack According to President Trump Is Positions in Nigeria,"According to President Trump, the U.S. attacked positions of the IS terrorist militia in northwestern Nigeria. Trump declared that a fatal blow had been carried out against the terrorists. The group of ISIS fighters had mainly targeted innocent Christians and brutally killed them. 2 months ago · Germany",https://ground.news/interest/deutschlandfunk
El Universo,Right,"Trump Orders Attacks in Nigeria: “I Wish Everyone a Happy Navid, Including Dead Terrorists” · Global Voices",President Donald Trump ordered on Christmas “powerful and deadly” attacks on members of the Islamic State (IS) in northwestern Nigeria in response to the murder of Christians in that African country. 2 months ago,https://ground.news/interest/el-universo
la Nacion,Right,u.s. Launched “Powerful” Attack on Islamic State Positions in Nigeria · Global Voices,"The bombing was carried out at the request of the Nigerian government and, according to the US army, caused the death of several members of the group 2 months ago · Buenos Aires, Argentina",https://ground.news/interest/la-nacion_7042bc
The Frederick News-Post,Center,U.S. strikes Nigeria after Trump warnings on Christian killings,"U.S. forces struck Islamic State targets in northwestern Nigeria on Thursday evening, following up on threats to the country over killings of Christians, President Donald Trump said in a Truth Social post. 2 months ago · Georgia, United States",https://ground.news/interest/the-frederick-news-post
Tagesschau,Center,Usa Attack Is Positions,"The U.S. airstrikes on positions of the terrorist group ""Islamic State"" have flown in Nigeria, which is what President Trump has told us. He justified this by the Islamists' actions against Christians in Nigeria. 2 months ago · Hamburg, Germany",https://ground.news/interest/tagesschau
China Daily,Lean Left,"US military strikes IS in northwest Nigeria, Trump says",2 months ago · China,https://ground.news/interest/china-daily
Independent Sentinel,Right,Nigerian Government & US Team Up to Bomb ISIS Monsters,"President Trump sent US forces to bomb ISIS in Nigeria. He teamed with Nigeria’s government. The Nigerian President has said he’d welcome the help as terrorists slaughter Nigerian Christians. The bombings took place in Northwest Nigeria. The targets are groups responsible for kidnappings, mass killings, and terrorizing civilians. President Tinubu supported the strikes. This is […] The post Nigerian Government & US Team Up to Bomb ISIS Monsters a… 2 months ago",https://ground.news/interest/wwwindependentsentinelcom
NOS,Right,Us Carries Out Airstrikes on Islamic State in Nigeria,Nigeria has long been struggling with violence from many quarters. 2 months ago · Netherlands (Kingdom of the),https://ground.news/interest/nos_4ae905
Welt,Right,"In Nigeria: Trump Wants Killed Terrorists ""Happy Christmas"" – Usa Report Attacks on Isis Fighters","On Christmas day, the US President announces attacks on Islamist terrorists who are said to have persecuted and murdered Christians. The Pentagon publishes a video about this. 2 months ago · Dortmund, Germany",https://ground.news/interest/welt
NDTV,Right,"""Merry Christmas To All"": Trump Launches Deadly Strikes On ISIS In Nigeria","Donald Trump said US forces conducted ""powerful and deadly"" strikes against Islamic State in Nigeria for killing Christians in the country. 2 months ago · New Delhi, India",https://ground.news/interest/ndtv
TVA Nouvelles,Lean Left,The United States Announces that It Has Carried Out Deadly Strikes Against the Islamic State in Nigeria,"Donald Trump announced that the United States had conducted ""many"" deadly strikes against the Islamic State in northwestern Nigeria 2 months ago · Montreal, Canada",https://ground.news/interest/tva-nouvelles
Breitbart,Right,"Trump Hits ISIS in Nigeria on Christmas, Citing Mass Christian Killings",Trump stated that he directed the U.S. to carry out a “powerful and deadly strike” in northwest Nigeria against ISIS terrorists. 2 months ago · United States,https://ground.news/interest/breitbart
BioBioChile,Right,"Donald Trump Reports that the u.s. ""Launched a Powerful and Deadly Attack"" on Isis in Nigeria",U.S. President Donald Trump announced Thursday that his country launched a “powerful and deadly” attack on camps... 2 months ago · Chile,https://ground.news/interest/biobiochile
Alabama Live,Center,"US launches strike against ISIS, which has targeted ‘innocent Christians’ in Nigeria, Trump says","Defense Secretary Pete Hegseth threatened there would be “more to come” if the group does not stop going after “innocent Christians in Nigeria (and elsewhere).” 2 months ago · Alabama, United States",https://ground.news/interest/alabama-live
Benzinga,Center,"Trump Says US Launched 'Powerful And Deadly' Strike In Nigeria Against ISIS, Says Terrorists Targeted Christians: 'There Would Be Hell To Pay'","President Donald Trump said the U.S. carried out airstrikes against ISIS militants in northwestern Nigeria over attacks on Christians, signaling further action while re-designating Nigeria as a religious freedom concern and moving to reshape U.S. diplomacy by recalling dozens of career ambassadors. 2 months ago · New York, United States",https://ground.news/interest/benzinga
Le Monde,Lean Left,"Donald Trump Announces ""Many"" Deadly Strikes Against the Islamic State Organization in Nigeria","For the first time under the Republican presidency, Washington intervenes militarily, ""at the request of the Nigerian authorities"", in this West African country, accused by the White House of tolerating the massacres of Christians. 2 months ago · Paris, France",https://ground.news/interest/le-monde
wz.de,Center,Trump: Deadly Us Attacks on Is Terrorists in Nigeria,"On Christmas day, the US President announces attacks on Islamist terrorists who are said to have persecuted and murdered Christians. The Pentagon publishes a video about this. 2 months ago",https://ground.news/interest/wzde
Frankfurter Allgemeine,Right,Trump: Us Attacks on Is Militia in Nigeria,"US President Trump threatened Nigeria with military strikes in November for an alleged genocide of Christians. Now, on Christmas day, he announces attacks on fighters of the terrorist militia ""Islamic State."" 2 months ago · Frankfurt, Germany",https://ground.news/interest/frankfurter-allgemeine
realnewsnow.com,Far Right,Trump Strikes ISIS Targets In Nigeria On Christmas Day - Real News Now,"President Donald Trump ordered U.S. military forces to carry out airstrikes on ISIS targets in Northwest Nigeria on Christmas Day, declaring that the terrorist group had been given ample warning to stop targeting Christians — and had failed to do so. The strikes were announced by Trump on Truth Social, where he described them as “powerful and deadly,” aimed at ISIS-affiliated extremists engaged in what he called the systematic slaughter of innoc… 2 months ago",https://ground.news/interest/realnewsnowcom
La Tercera,Right,Trump Claims the u.s. Launched a “Powerful Attack” on the Islamic State in Nigeria,"President Donald Trump stated this Thursday that Washington launched a “powerful and deadly attack” against militants of the Islamic State (IS) in northwest Nigeria, detailing that the group had been attacking Christians in the region, although it is still unclear the outcome of the offensive or what the exact target was.“Tonight, under my leadership as Commander-in-Chief, the United States launched a powerful and lethal attack against the terro… 2 months ago · Chile",https://ground.news/interest/la-tercera
Clarin,Right,"u.s. Launched ""Numbers"" Attacks on Islamic State in Nigeria · Global Voices","Donald Trump revealed it on his social networks and advanced that there could be more if the organization continues to kill Christians. The attack was carried out at the request of the Nigerian authorities. 2 months ago · Buenos Aires, Argentina",https://ground.news/interest/clarin_5fa6ca
Schweizer Radio und Fernsehen (SRF),Lean Left,On Trump's Orders - u.s. Airstrikes Against Terrorist Militia Islamic State in Nigeria,"Trump described the blow as a reaction to the persecution and killing of Christians in the region. 2 months ago · Zürich, Switzerland",https://ground.news/interest/schweizer-radio-und-fernsehen-srf
El Pais,Lean Left,u.s. Attacks Islamic State in Nigeria Following Trump Threats for Christian Murders · Global Voices,"Donald Trump, president of the United States, this Thursday shook the still waters of Christmas Day with the announcement that the United States had attacked targets of the Islamic State in northwest Nigeria with the justification that the Christian community is threatened in the most populous African country. 2 months ago · Spain",https://ground.news/interest/el-pais
NRC Handelsblad,Lean Left,"Us Carries Out Airstrikes on Isis in Nigeria, Several Dead","Nigeria: President Trump has said ISIS fighters in Nigeria regularly attack ""innocent Christians."" The US military reports that the airstrikes… 2 months ago · Netherlands (Kingdom of the)",https://ground.news/interest/nrc-handelsblad
La Opinion,Lean Left,"Trump Orders ""Lethal Attack"" Against Targets of the Islamic State in Nigeria","""The U.S. launched a powerful and lethal attack on ISIS terrorist scum in northwest Nigeria,"" the president said in a message 2 months ago",https://ground.news/interest/laopinioncom
North Korea Times,Center,"Daily World Briefing, Dec. 26","U.S. military strikes IS in northwest Nigeria, Trump says U.S. President Donald Trump said Thursday that the U.S. military launched a ""powerful and deadly"" strike against the Islamic State (IS) in northwestern Nigeria.""Tonight, at my direction as Commander in Chief, the United States launched a powerful and deadly strike against ISIS Terrorist Scum in Northwest Nigeria, who have been targeting and vicious 2 months ago · Sydney, Australia",https://ground.news/interest/northkoreatimescom
The Straits Times,Right,US launches strike against ISIS militants in north-west Nigeria,Trump claimed the group had been targeting Christians in the region. Read more at straitstimes.com. 2 months ago · Singapore,https://ground.news/interest/the-straits-times_9bb9e6
The Daily Caller,Right,Trump Strikes Anti-Christian Nigerian Terrorists On Christmas,"President Donald Trump announced the anti-Christian ISIS terrorists in Nigeria Thursday in coordination with the country. 2 months ago · Washington, United States",https://ground.news/interest/the-daily-caller
El Mundo,Right,Trump Claims that the u.s. Attacked Islamic State Targets in Nigeria After Attacks on Christians,"President Donald Trump has stated that he launched a ""powerful and deadly attack"" against the forces of the Islamic State in Nigeria, after spending weeks denouncing... 2 months ago · Madrid, Spain",https://ground.news/interest/el-mundo
Observador,Right,"United States Launched Attacks Against the Islamic State in Nigeria, Trump Ad","North American President has classified the attack against Daesh as ""strong and deadly"". U.S. armed forces say they have led an attack at Nigeria's request. 2 months ago · Portugal",https://ground.news/interest/observador
SBS News,Lean Left,US launches airstrike against alleged IS militants in Nigeria,"The US military said the strike in Nigeria's north-west had been requested by the Nigerian government and several suspected IS militants were killed. 2 months ago · Sydney, Australia",https://ground.news/interest/sbs-news
Peru21,Center,"Trump Claims the United States Launched ""Numerous"" Attacks Against the Islamic State in Nigeria","Trump claims the United States launched ""numerous"" attacks against the Islamic State in Nigeria | Donald Trump | Nigeria | Islamic State 2 months ago",https://ground.news/interest/peru21
heimildin.is,Left,Trump Has Waged War in Nigeria,"President Donald Trump said on Christmas Day that US forces had carried out deadly strikes against the “filth” of Islamic State in northwestern Nigeria and vowed more strikes if the militants continued to kill Christians. The top military commander said, without elaborating, that “the Department of War carried out numerous successful strikes” on Christmas Day against Islamic State targets. “I have previously warned... 2 months ago",https://ground.news/interest/heimildinis
Radio-Canada,Lean Left,Trump Announces Deadly Strikes in Nigeria,"On its Truth Social platform, he promised further attacks if the Islamic State organization continues to kill Christians in the country. 2 months ago · Montreal, Canada",https://ground.news/interest/radio-canada
The Free Press (Tampa),Right,‘Hell To Pay’: Trump Announces Christmas Night Strike On ISIS Forces In Nigeria,"President Donald Trump announced late Thursday that he ordered a major military operation against Islamic State militants in northwest Nigeria, framing the strike as direct retaliation for the group’s alleged persecution of Christians in the region. Writing on his social media platform on Christmas night, the President stated that the U.S. had unleashed a “powerful […] ‘Hell To Pay’: Trump Announces Christmas Night Strike On ISIS Forces In Niger… 2 months ago · Tampa, United States",https://ground.news/interest/the-free-press-tampa
The Independent,Lean Left,Trump says the US military struck ISIS targets in Nigeria,"The president declared on Truth Social: ‘MERRY CHRISTMAS to all, including the dead Terrorists, of which there will be many more if their slaughter of Christians continues.’ 2 months ago · London, United Kingdom",https://ground.news/interest/the-independent_ff73a6
Daily Trust,Lean Left,BREAKING: US Bombs Terrorists In Nigeria,"The United States has launched a major attack on suspected terrorists in the North-West part of Nigeria. President Donald Trump announced this in a Social Media post late Thursday. According to the American leader, many terrorists were killed in the attack which he credited the US Department of War for. Details later… 2 months ago",https://ground.news/interest/daily-trust_1e11f1
Bild,Right,"Trump Speaks of ""Hell on Earth"": Us Military Attacks Terrorists in Nigeria","US President Donald Trump ordered an attack on terrorists in Nigeria on December 25. 2 months ago · Berlin, Germany",https://ground.news/interest/bild
GB News,Right,Donald Trump bombs Isis as US targets 'terrorist scum for slaughtering innocent Christians',"President Donald Trump has confirmed the US military carried out a “powerful and deadly” strike against Isis militants in north west Nigeria.Announcing the military action on his Truth Social platform, Mr Trump wrote: ""Tonight, at my direction as Commander in Chief, the United States launched a powerful and deadly strike against Isis terrorist scum in north west Nigeria, who have been targeting and viciously killing, primarily, innocent Christia… 2 months ago · London, United Kingdom",https://ground.news/interest/gbnewscom
svt Nyheter,Lean Left,Trump: Attacked Is Terrorists in Nigeria,"The United States has carried out ""multiple"" attacks against what it claims are IS terrorists in Nigeria, President Donald Trump writes on Truth Social. 2 months ago · Stockholm, Sweden",https://ground.news/interest/svt-nyheter
Sky News UK,Center,US launches airstrikes on Islamic State,"The US president said the strikes, which were carried out in cooperation with the Nigerian government, were ""powerful and deadly"". 2 months ago · United Kingdom",https://ground.news/interest/sky-news
TVN,Center,Trump Says the u.s. Launched 'Numbers' Attacks on Is in Nigeria · Global Voices,"The Republican added that the ""War Department carried out numerous perfect attacks."" 2 months ago",https://ground.news/interest/tvn
SDPnoticias.com,Lean Left,Trump Claims u.s. Attacked Northwest Nigeria · Global Voices,"In a Christmas message, U.S. President Donald Trump stated that his country attacked northwest Nigeria with the aim of weakening the “terrorist scum of ISIS.” “Tonight, under my leadership as Commander-in-Chief, the U.S. launched a powerful and lethal attack on the terrorist scum of ISIS in northwest Nigeria, who have been attacking and murdering innocent Christians.”Donald TrumpAccording to Donald Trump, the attack took place on the night of De… 2 months ago",https://ground.news/interest/sdpnoticiascom
abc News,Lean Left,Trump says US launched strike on ISIS terrorists in Nigeria,"In a post on X, Defense Secretary Hegseth said there will be ""more to come."" 2 months ago · United States",https://ground.news/interest/abc-news_409efb
Express US,Right,Trump launches deadly Christmas Day strikes on ISIS 'scum' in Nigeria,President Trump announced a deadly strike against Nigerian Islamists accused of carrying out deadly attacks towards Christians in the country. 2 months ago,https://ground.news/interest/the-expresscom
ABC Australia,Lean Left,Trump launches strikes against Islamic State militants in Nigeria,"Donald Trump says he ordered a ""powerful and deadly strike against ISIS terrorist scum"" for targeting Christians at levels not seen for years. 2 months ago · Australia",https://ground.news/interest/abc-australia
n-tv.de,Right,"""Powerful and Deadly Blow"": Trump Reports Numerous Us Attacks on Is Terrorists in Nigeria","Just a week ago, U.S. forces are making a retaliation strike against ISIS in Syria. Trump's troops are now also flying deadly attacks on the terrorist militia in Nigeria. The government of the West African country is said to have asked for it. 2 months ago",https://ground.news/interest/n-tvde
Daily Express,Right,Trump says Merry Christmas to 'dead terrorists' as he launches strikes on ISIS,The US President says 'perfect strikes' were carried out by US forces in northwest Nigeria on Christmas Day 2 months ago · United Kingdom,https://ground.news/interest/daily-express
NBC News,Lean Left,U.S. says it struck ISIS in Nigeria after Trump warns of attacks on Christians,"President Donald Trump on Thursday said he ordered “numerous” strikes on Islamic State terrorists in Nigeria he accused of killing Christians.“The United States launched a powerful and deadly strike against ISIS Terrorist Scum in Northwest Nigeria, who have been targeting and viciously killing, primarily, innocent Christians, at levels not seen for many years, and even Centuries!” Trump said in a post on Truth Social 2 months ago · United States",https://ground.news/interest/nbc-news
New Hampshire Union Leader,Center,US launches strike against Islamic State militants in northwest Nigeria,"The United States carried out ‌an airstrike against Islamic State militants in northwest Nigeria at the request of Nigeria's government, President Donald Trump and the U.S. military said on Thursday, claiming the ‍group had been targeting Christians in the region. 2 months ago · New Hampshire, United States",https://ground.news/interest/unionleadercom
focus.de,Right,Trump Announces: Us Military Attacked Isis Terrorists in Nigeria,"According to US President Donald Trump, the U.S. has made a fatal blow to terrorists of the Islamic State in Nigeria. 2 months ago · Berlin, Germany",https://ground.news/interest/focusde
VINnews,Center,U.S. Africa Command Conducts Strike Against ISIS in Nigeria; Trump Says Group Targeted Christians,"WASHINGTON — The U.S. military carried out airstrikes against Islamic State militants in northwest Nigeria Thursday night, targeting extremist elements accused of attacking civilians, including Christian communities, U.S. officials said. In a statement posted late Thursday, President Donald J. Trump said the strikes were ordered in response to escalating violence by ISIS-linked fighters in the […] 2 months ago",https://ground.news/interest/vinnews
KMIZ,Center,Trump Says Us Military Forces Attacked Isis Terrorists in Nigeria,"By Kevin Liptak, CNN - President Donald Trump said Thursday he ordered a deadly attack on ISIS terrorists in Nigeria, whom he has accused of persecuting Christians in the country. “Tonight, at my direction as commander in chief, the United States launched a powerful and lethal attack against ISIS terrorists in northwest Nigeria, who have been brutally attacking and killing, primarily, innocent Christians, at levels not seen for many years, even … 2 months ago",https://ground.news/interest/kmiz
Associated Press News,Lean Left,US launches strikes against Islamic State group in Nigeria after attacks target Christians,"President Donald Trump says the U.S. launched a deadly strike against Islamic State forces in Nigeria, after spending weeks accusing the West African country's government of failing to rein in the persecution of Christians. 2 months ago · United States",https://ground.news/interest/associated-press-news
India Today,Right,"US carries out airstrikes against Islamic State in Nigeria, Trump says","Nigeria has faced years of extremist violence from ISIS-linked groups and Boko Haram, with attacks often hitting civilians and religious communities across the country’s north. 2 months ago · India",https://ground.news/interest/india-today
PIX 11,Center,"US launches deadly strike against ISIS in Nigeria, Trump reveals","NEW YORK (PIX11)-- On Christmas Day, the United States launched a ""powerful and deadly"" strike against the Islamic State of Iraq and Syria (ISIS) in Northwest Nigeria, President Donald J Trump said in a social media post. The president said the reason for the attack was that ISIS had been allegedly targeting and viciously killing [...] 2 months ago · New York, United States",https://ground.news/interest/pix-11
WND,Far Right,'Hell to pay': Trump announces military strike against ISIS in Nigeria * WorldNetDaily * by WND Staff,"'MERRY CHRISTMAS to all, including the dead Terrorists, of which there will be many more if their slaughter of Christians continues' 2 months ago · Medford, United States",https://ground.news/interest/wnd
La Repubblica,Lean Left,"Trump: ""Isis Terrorist Attacks in Northern Nigeria""","US President on Truth: ""Powerful and lethal offensive against terrorist scum"" 2 months ago · Turin, Italy",https://ground.news/interest/la-repubblica
100% FED UP!,Far Right,President Trump Launches Christmas Day Strike Killing “ISIS Terrorist Scum” In Nigeria! * 100PercentFedUp.com * by Noah,"GOD BLESS PRESIDENT TRUMP! He could be just relaxing on Christmas Day at 80 years of age, enjoying a life […] 2 months ago",https://ground.news/interest/100percentfedupcom
ANSA,Center,"Trump, 'Powerful and Deadly Attack on Isis in Nigeria'","""That scum killed Christians, I warned them."" The African country confirms: hit terrorist targets (ANSA) 2 months ago · Italy",https://ground.news/interest/ansa
Twitchy,Far Right,Merry Christmas to All Including the Dead Terrorists: U.S. Airstrikes Target ISIS in Nigeria,U.S. airstrikes target ISIS in Nigeria amid ongoing violence against Christians. 2 months ago · United States,https://ground.news/interest/twitchy
yle,Center,Trump Says Us Has Carried Out Multiple Strikes Against Isis Terrorists in Nigeria,Nigeria said the US airstrikes hit “terrorist targets.” The country also announced that it would continue security cooperation with the US. 2 months ago · Finland,https://ground.news/interest/yle
USA Today,Lean Left,US hits Islamic State in Nigeria after Trump warnings,"President Trump said ""numerous perfect strikes"" had hit Islamic State militants in the West African nation of Nigeria. 2 months ago · United States",https://ground.news/interest/usa-today
New York Post,Right,Trump launches ‘powerful and deadly’ Christmas Day strikes on ISIS targeting Christians in Nigeria: ‘Terrorist Scum’,"President Trump announced Thursday that the US military hit ISIS terrorists in Nigeria targeting Christians with “numerous” deadly airstrikes. 2 months ago · New York, United States",https://ground.news/interest/new-york-post
NewsNation,Center,Trump announces US military strikes against Islamic State militants in Nigeria,"The United States carried out airstrikes against Islamic State militants in northwest Nigeria, U.S. President Donald Trump said on Thursday, claiming the group had been targeting Christians in the region. 2 months ago · Chicago, United States",https://ground.news/interest/wgn-america_663347
CBS News,Center,"U.S. launches strikes on ISIS targets in Nigeria on Christmas Day, Trump says",Strikes against ISIS targets in Nigeria come after President Trump spent weeks accusing the West African country&#039;s government of failing to rein in the persecution of Christians. 2 months ago · United States,https://ground.news/interest/cbs-news
Newsweek,Center,"Trump says US struck ISIS in Nigeria in ""powerful"" attack on Christmas","President Donald Trump said the United States launched airstrikes against ISIS militants in northwest Nigeria on Christmas, describing the operation as a decisive blow against extremists he accused of targeting Christian communities. U.S. military officials have not immediately confirmed the details of the strike. 2 months ago · United States",https://ground.news/interest/newsweek
Newsmax,Right,"Trump Launches 'Powerful, Deadly Strike Against Isis Terrorist Scum' in ...","2 months ago · Washington, United States",https://ground.news/interest/newsmax
The Epoch Times,Right,US Strikes ISIS in Nigeria: Trump,"U.S. President Donald Trump announced a “powerful and deadly strike” targeting the ISIS terrorist group in northwest Nigeria on Dec. 25. Trump said on Truth Social that the terrorists targeted have been “viciously killing, primarily, innocent Christians, at levels not seen for many years, and even Centuries!” He said the group had not heeded warnings, leading to the Christmas night strike. “I have previously warned these Terrorists that if they … 2 months ago · New York, United States",https://ground.news/interest/the-epoch-times
Svenska Dagbladet,Right,Trump: Attacked Isis Terrorists,"The United States has carried out “multiple” attacks on what it claims are ISIS terrorists in Nigeria, President Donald Trump writes on Truth Social. “I have warned these terrorists that if they did not stop slaughtering Christians, they would pay dearly. They did so tonight,” he writes. 2 months ago · Stockholm, Sweden",https://ground.news/interest/svenska-dagbladet
Hindustan Times,Center,‘Merry Christmas to dead terrorists’: Donald Trump as US strikes ISIS in Nigeria,"US President Donald Trump on Thursday (local time) announced that the United States launched “a powerful and deadly strike” targeting ISIS terrorists in Northwest Nigeria. 2 months ago · New Delhi, India",https://ground.news/interest/hindustan-times
Deutsche Welle,Center,Trump says US launched strike against IS in Nigeria,"The US launched a ""powerful and deadly"" strike against IS in Nigeria, the US president said. 2 months ago · Bonn, Germany",https://ground.news/interest/deutsche-welle
breakingthenews.net,Center,Trump says US struck ISIS in Nigeria,United States President Donald Trump announced that the US military carried out 2 months ago,https://ground.news/interest/breakingthenewsnet
Reuters,Center,"US launches strikes against Islamic State militants in northwest Nigeria, Trump says","The United States carried out airstrikes against Islamic State militants in northwest Nigeria, U.S. President Donald Trump said on Thursday, claiming the group had been targeting Christians in the region. 2 months ago · United Kingdom",https://ground.news/interest/reuters_fa2539
Market Screener,Center,"Trump: Tonight, at my direction as commander in chief, the United States launched a powerful and deadly strike against ISIS terrorist scum in northwest Nigeria","Trump: Tonight, at my direction as commander in chief, the United States launched a powerful and deadly strike against ISIS terrorist scum in northwest Nigeria ... -December 25, 2025 at 05:59 pm EST MarketScreener 2 months ago",https://ground.news/interest/marketscreenercom
Political Wire,Center,U.S. Strikes ISIS in Nigeria,"“U.S. forces struck Islamic State targets in northwestern Nigeria on Thursday evening, the U.S. and Nigerian governments said, acting after threats by President Donald Trump to attack the country in an effort to stop killings of Christians,” the New York Times reports. 2 months ago · New York, United States",https://ground.news/interest/political-wire
Worthy Christian News,Center,U.S. Launches Christmas-Day Strike On ISIS Targets In Nigeria Amid Rising Attacks On Christians,"by Emmitt Barry, Worthy News Washington D.C. Bureau Chief (Worthy News) – The United States carried out a targeted military strike against Islamic State terrorists in northwest Nigeria on Christmas Day, acting in coordination with Nigerian authorities, U.S. President Donald Trump announced in a series of social media posts. According to U.S. Africa Command, the strike was conducted in the Sokoto region and resulted in the deaths of multiple Isla… 2 months ago",https://ground.news/interest/worthy-christian-news
Townhall,Right,BREAKING: President Trump Announces Christmas Day Airstrikes on ISIS in Nigeria,"President Trump announces airstrikes on ISIS in Nigeria, targeting terrorists harming Christians. 2 months ago · Washington, United States",https://ground.news/interest/townhall
RedState,Right,Breaking: Trump Announces Deadly Strike vs. 'ISIS Terrorist Scum' in Nigeria,"Trump orders military strike against ISIS in Nigeria targeting Christian persecution. 2 months ago · Washington, United States",https://ground.news/interest/redstate
Mediaite,Lean Left,Trump Announces the U.S. Has Bombed Nigeria,"President Donald Trump announced on Christmas that the U.S. has bombed ""Terrorist Scum"" in Nigeria. 2 months ago · United States",https://ground.news/interest/mediaite
The Guardian Nigeria,Center,"Gbajabiamila remains Chief of Staff, Presidency clarifies",The Presidency has dismissed as false and misleading a viral claim circulating on social media alleging that President Bola Ahmed Tinubu has replaced his Chief of Staff 2 months ago · Nigeria,https://ground.news/interest/the-guardian-nigeria
Premium Times Nigeria,Lean Left,Gbajabiamila remains Tinubu's Chief of Staff - Presidency,"Hakeem Muri-Okunola has not replaced Femi Gbajabiamila as Chief of Staff. 2 months ago · Abuja, Nigeria",https://ground.news/interest/premium-times-nigeria
Vanguard News,Lean Left,Presidency denies rumour of Gbajabiamila’s replacement as Chief of Staff,The Presidency also cautioned members of the media and the public against spreading unverified information. 2 months ago · Nigeria,https://ground.news/interest/vanguard-news
Xinhua,Left,"Urgent: U.S. military strikes IS in northwest Nigeria, Trump says","Urgent: U.S. military strikes IS in northwest Nigeria, Trump says 2 months ago · China",https://ground.news/interest/newscn
Globo,Right,"The United States Launched Attacks on the Islamic State in Nigeria, Said Trump",The Republican said that offensive was motivated by attacks on Christians in the northwest of the African country. 2 months ago · Brazil,https://ground.news/interest/globo
Daily Kos,Left,"US Bombs Islamic State Targets in Sokoto, Nigeria?!","In an apparently rather bizarre response to a suicide attack against a packed mosque in Nigeria's northeastern city of Maiduguri on Wednesday night that killed at least 5 and injured 35 (CBS News), Trump tonight (Christmas Day!) announced bombing... 2 months ago · United States",https://ground.news/interest/daily-kos
The Washington Post,Lean Left,U.S. strikes ISIS in Nigeria after Trump warnings on Christian killings,2 months ago,https://ground.news/interest/the-washington-post
Axios,Lean Left,"US strikes Nigeria ISIS targets on Christmas Day, Trump says","2 months ago · Washington, United States",https://ground.news/interest/axios
Bloomberg,Lean Left,"US Launches Strike Targeting ISIS in Nigeria, Trump Says",2 months ago · United States,https://ground.news/interest/bloomberg
Washington Times,Right,Trump announces U.S. strikes on Islamists in Nigeria,"The U.S. struck at Islamic State targets in Nigeria on Christmas Day, President Trump posted on social media Thursday evening. 2 months ago · United States",https://ground.news/interest/washington-times
Newtelegraph,Right,Air Strike On Terrorists: MURIC Seeks Clarification From FG On Human Casualties,"The ‎Islamic human rights organisation, the Muslim Rights Concern (MURIC) has demanded clarifications from the Federal Government over yesterday’s airstrikes against suspected terrorists’ bases by the United States of America Government in Sokoto and Kwara states. ‎ ‎MURIC, in a statement issued on Friday, made available to Saturday Telegraph by the Executive Director of the... The post Air Strike On Terrorists: MURIC Seeks Clarification From FG… 2 months ago",https://ground.news/interest/newtelegraph
News & Record,Lean Left,"King calls for kindness, unity in Christmas message","LONDON — On a Christmas Day when the war in Ukraine casts a shadow over Europe, concerns over immigration divide societies, and some politicians fan anger and resentment, Britain's King Charles III called on people to focus on kindness instead… 2 months ago · Cherokee County, United States",https://ground.news/interest/news-and-record
BFM TV,Center,"""Cherring the Values of Compassion and Reconciliation"": King Charles Iii Delivered His Traditional Christmas Speech","At 77, the British monarch delivered his Christmas speech in the United Kingdom and the Commonwealth from Westminster Abbey in London in a pre-recorded message. 2 months ago · France",https://ground.news/interest/bfm-tv
Dnevni list Danas,Lean Left,Britain's King Calls for Kindness and Unity in Christmas Message Amid Global Conflict,"On Christmas Day, as the war in Ukraine casts a shadow over Europe, concerns about immigration divide societies, and some politicians stoke anger and resentment, Britain's King Charles III urged citizens today to focus on kindness rather than conflict. 2 months ago · Belgrade, Serbia",https://ground.news/interest/dnevni-list-danas
Sydney Morning Herald,Lean Left,Moving message in King Charles' Christmas broadcast,"Royal editor Russell Myers unpacks King Charles' 2025 Christmas message. 2 months ago · Sydney, Australia",https://ground.news/interest/sydney-morning-herald
Radio-Canada,Lean Left,"Christmas: King Charles Iii Calls for ""Compassion""","King Charles III called for ""the values of compassion and reconciliation"" to be cherished in an uncertain world that ""seems to be turning faster and faster."" 2 months ago · Montreal, Canada",https://ground.news/interest/radio-canada
ABC FOX Montana,Center,King Charles calls for 'reconciliation' in Christmas speech,"Britain's King Charles III called for ""compassion and reconciliation"" at a time of ""division"" across the world in his Christmas Day message Thursday. 2 months ago · Missoula, United States",https://ground.news/interest/abc-fox-montana
Il Fatto Quotidiano,Lean Left,"King Charles Iii, Christmas Discourse on the Kindness and Importance of Unity","Focusing on kindness rather than conflict. This is the heart of King Charles III's Christmas speech that, from Westminster Abbey to London, explains how the story of the Magi and the shepherds, who pass through the night to find the Savior, shows how to find strength in the company and kindness of others. Even today, in times of uncertainty, these values are dear to all great faiths and offer deep sources of hope and resilience in the face of ad… 2 months ago · Rome, Italy",https://ground.news/interest/il-fatto-nuotidiano
www.larazon.es,Right,"The Speech of King Charles Iii on Christmas Day: Call for ""Digital Detoxification"" and No Trace of His Brother Andres","King Charles III has made his traditional Christmas speech on December 25. This year, the place chosen to record the message was Westminster Abbey in London, an emblematic place for the Windsors. The monarch, in his speech, has launched an important message about the importance of ""digital detoxification"", encouraging the population to ""quiet the mind and allow the soul to renew"" in the times that come. ""To be connected all the time does not alw… 2 months ago · Spain",https://ground.news/interest/wwwlarazones
Euro Weekly News,Lean Left,King Charles III calls for “digital detox” in Christmas speech,"In his fourth Christmas broadcast as monarch, King Charles III urged Britain and the Commonwealth to embrace a “digital detox” to counter the frenzy of modern life, while drawing on themes of hope, reconciliation, and lessons from the past to get through uncertain times. Delivered from the historic Lady Chapel at Westminster Abbey – a site of pilgrimage surrounded by repurposed Christmas trees… Source 2 months ago · Spain",https://ground.news/interest/euro-weekly-news
charter97.org,Lean Left,"In the Uk, the Chorus ""Pissing for Ukrani"" Sang ""Schedrik"" During King Charles' Christmas Speech.",Video. 2 months ago,https://ground.news/interest/charter97org
merkur.de,Center,In a Special Place: King Charles Makes a Strong Appeal to the Nation,King Charles chooses an extraordinary place for his Christmas address. The monarch's message could hardly be more personal. 2 months ago,https://ground.news/interest/merkurde
thairath.co.th,Right,"King Charles Iii Offered a Christmas Message, Calling for Unity in a Divided World.",King Charles III of England delivered a Christmas message calling for unity in an increasingly divided world. 2 months ago,https://ground.news/interest/thairathcoth
Protothema,Right,King Charles' Message of Unity for Christmas: a Call for Solidarity in a Divided World,"His message included a call for calm and inner peace, at a time when ""the world seems to be spinning faster and faster."" 2 months ago",https://ground.news/interest/protothema
Kronen Zeitung,Right,Charles-Christmas Speech with Serious Message,"In the midst of global crises, social tensions and growing polarization, King Charles III makes an appeal at Christmas to values that have their origins in one of the darkest eras in Europe. In his Christmas address, the British monarch recalls courage, sacrifice and cohesion – virtues that, from his point of view, can provide guidance today. In the speech broadcast on Christmas Day, the 77-year-old King refers to the Second World War and the ex… 2 months ago · Vienna, Austria",https://ground.news/interest/kroneat
Daily Star,Right,Tragic 'Soviet spy' backstory of King Charles' song choice used in Christmas speech,"In a moving Christmas broadcast, the King called for unity and neighbourly spirit amid global divisions, with a stirring performance of ""Carol of the Bells"", a song with a tragic backstory 2 months ago · United Kingdom",https://ground.news/interest/daily-star
telex.hu,Lean Left,"In His Christmas Speech Encouraging Respect for One Another and Getting to Know Our Neighbors, Charles Iii","According to the British monarch, in times of global uncertainty, people should draw strength from the diversity of communities. 2 months ago",https://ground.news/interest/telexhu
leprogres.fr,Center,United Kingdom. “Reconciliation” and Interreligious Dialogue: Key Takeaways From Charles Iii’s Christmas Address,"The British monarch delivered his traditional pre-recorded Christmas address on Thursday. He emphasized interreligious dialogue, recalling his meeting with Pope Leo XIV. 2 months ago",https://ground.news/interest/leprogresfr
politika.rs,Right,King Charles Iii Calls for Unity in Christmas Message,"Britain's King Charles III called for reconciliation and unity in his Christmas address this year, urging his countrymen to find strength in the diversity of their communities to ensure that right triumphs over wrong. 2 months ago · Belgrade, Serbia",https://ground.news/interest/politikars
La Presse,Lean Left,"Christmas Speech: King Charles Iii Calls for ""Compassion"" and ""Reconciliation""","King Charles III called on Thursday to ""save the values of compassion and reconciliation"" in an uncertain world that ""seems to be turning faster"" during his traditional Christmas speech, focused on interreligious dialogue. 2 months ago · Montreal, Canada",https://ground.news/interest/la-presse_39d7a8
Bay Today,Lean Left,King Charles pays tribute to late Queen in heartfelt Christmas address,"In a deeply personal and reflective address, King Charles III delivered his first Christmas Day message as monarch, paying tribute to the late Queen Elizabeth II while calling for compassion, unity, and service. 2 months ago · North Bay, Canada",https://ground.news/interest/bay-today
US Magazine,Center,"King Charles Shares Christmas Speech on ‘Division’ Amid Cancer, Family Drama","King Charles III reflected on the importance of prioritizing values amid division in his annual Christmas Day speech. The British monarch, 77, delivered the message on Thursday, December 25, continuing the annual tradition started by his late great-grandfather King George V in 1932 and carried on by his late mother, Queen Elizabeth II, for seven decades during her reign. Charles took over the custom in 2022, just months after the queen’s death a… 2 months ago · United States",https://ground.news/interest/us-magazine
Sud Ouest,Center,"King Charles Iii Calls for ""Reconciliation"" in His Christmas Speech","The 77-year-old monarch expressed himself in a pre-recorded message from Westminster Abbey in London King Charles III called for ""the values of compassion and reconciliation"" to be cherished. 2 months ago · France",https://ground.news/interest/sud-ouest
Asharq AL-awsat,Right,King Charles Calls for More Compassion in Christmas Speech,"Britain's King Charles III called for ""compassion and reconciliation"" at a time of ""division"" across the world in his annual Christmas Day message broadcast on Thursday. The 77-year-old monarch said he found it ""enormously encouraging"" how people of different faiths had a ""shared longing for peace"". In the year of the 80th anniversary of end of World War II, the king said the courage of servicemen and women and the way communities came together … 2 months ago · Riyadh, Saudi Arabia",https://ground.news/interest/asharq-al-awsat
TVA Nouvelles,Lean Left,"In His Christmas Speech, Charles Iii Calls for ""Reconciliation"" and ""Compassion""","In his Christmas speech, Charles III called for ""reconciliation"" 2 months ago · Montreal, Canada",https://ground.news/interest/tva-nouvelles
The News,Right,King Charles delivers Christmas message,"King Charles highlighted the importance of unity in diversity in his annual Christmas Day message on Thursday, as wars and tensions put communities around the world under strain.With the great... 2 months ago · Pakistan",https://ground.news/interest/the-news
The Herald Scotland,Lean Left,King praises Second World War values in Christmas message,"The annual Christmas broadcast is written by the King and is the rare occasion when he does not turn to the Government for advice. 2 months ago · Scotland, United Kingdom",https://ground.news/interest/the-herald-scotland
Reuters,Center,Britain's King Charles lauds unity in diversity in his Christmas message,"Britain's King Charles highlighted the importance of unity in diversity in his annual Christmas Day message on Thursday, as wars and tensions put communities around the world under strain. 2 months ago · United Kingdom",https://ground.news/interest/reuters_fa2539
The Globe & Mail,Center,King Charles praises unity in diversity in annual Christmas message,"Monarch praised military veterans and aid workers, saying they gave ​him hope 2 months ago · Canada",https://ground.news/interest/the-globe-and-mail
Liverpool Echo,Center,Every word King Charles said in Christmas speech,"The tradition of the monarch addressing the nation on Christmas Day began in 1932 2 months ago · Liverpool, United Kingdom",https://ground.news/interest/liverpool-echo
CNN,Lean Left,King Charles urges courage and reconciliation in Christmas message,"Britain’s King Charles III has used his Christmas address to reflect on life as a shared journey and called on people to embrace values like courage, reconciliation and unity in a divided and uncertain world. 2 months ago · Atlanta, United States",https://ground.news/interest/cnn
BBC News,Center,King's Christmas message urges communities to pull together in divided world,"He invokes the wartime spirit in his annual speech, delivered from Westminster Abbey. 2 months ago · United Kingdom",https://ground.news/interest/bbc-news_bf95f4
The Times,Center,King Charles Christmas speech makes veiled call for ‘digital detox’,A royal aide says the King’s suggestion to pause and ‘allow our souls to renew’ reflects his concern about smartphones 2 months ago · United Kingdom,https://ground.news/interest/thetimescom
The Scotsman,Center,King praises 'timeless' Second World War values in Christmas message,"The King drew on war, community and pilgrimage in his Christmas broadcast. 2 months ago · Scotland, United Kingdom",https://ground.news/interest/the-scotsman
lancs.live,Center,King Charles praises wartime values in Christmas message,The King urged the nation to never lose sight of the values of courage and sacrifice 2 months ago,https://ground.news/interest/lancslive
wz.de,Center,Charles Reminds of World War Ii Values,"Charles III, in his Christmas address, calls for compassion and reconciliation. The King recalls fundamental values and virtues in times of uncertainty and division. 2 months ago",https://ground.news/interest/wzde
examinerlive.co.uk,Center,King Charles urges nation to remember World War 2 values in Christmas 2025 message - Yorkshire Live,"The King has praised the courage of communities following recent attacks in Manchester and overseas, emphasising wartime values of sacrifice and bravery 2 months ago",https://ground.news/interest/examinerlivecouk
Grimsby Telegraph,Center,King Charles urges nation not to lose sight of WWII courage in Christmas speech,"The King urged the nation to remember Second World War values of courage and sacrifice in his annual Christmas Day broadcast 2 months ago · Grimsby, United Kingdom",https://ground.news/interest/grimsby-telegraph
My London,Center,The full King Charles Christmas speech for 2025,"King Charles III has addressed the nation this Christmas Day 2 months ago · London, United Kingdom",https://ground.news/interest/my-london
iNews,Center,King Charles praises diversity and targets culture warriors in political Christmas speech,"The monarch hates being called poltical, but is clear that he wants to play a major role as a figure of national unity 2 months ago · London, United Kingdom",https://ground.news/interest/inews
Devon Live,Center,King Charles’ heartfelt Christmas 2025 speech in full,"King Charles III has addressed the nation this Christmas Day 2 months ago · Devon, United Kingdom",https://ground.news/interest/devon-live
Bristol Post,Center,King Charles' Christmas message urges nation over WWII values,"The King has used his Christmas message to urge the nation to ""never lose sight"" in a divisive world of the Second World War values of ""courage and sacrifice"" and community spirit. 2 months ago · Bristol, United Kingdom",https://ground.news/interest/bristol-post
Daily Record,Lean Left,King Charles annual Christmas speech to the nation in full,"The tradition of an annual Christmas broadcast from the monarch goes back to 1932 when King George V delivered a speech on the radio. 2 months ago · Glasgow, United Kingdom",https://ground.news/interest/daily-record_ed6bce
Wales Online,Lean Left,King Charles recalls 'timeless message' of WW2 values in Christmas speech,"King Charles has used his Christmas message to urge the nation to 'never lose sight' of the values of the Second World War and the community spirit that came with it 2 months ago · Wales, United Kingdom",https://ground.news/interest/wales-online
Evening Standard,Center,King calls for unity and courage in Christmas message to the nation,"Speaking in his annual Christmas address, the King highlighted the importance of courage, sacrifice and community in the face of global conflict and social division 2 months ago · London, United Kingdom",https://ground.news/interest/evening-standard
Manchester Evening News,Center,Everything King Charles said as he addresses UK in King's Speech 2025,"King Charles addressed the nation today 2 months ago · Manchester, United Kingdom",https://ground.news/interest/manchester-evening-news
Daily Express,Right,King Charles’s Christmas message in full,King Charles has just delivered his 2025 Christmas speech to the nation. 2 months ago · United Kingdom,https://ground.news/interest/daily-express
Daily Mirror,Lean Left,King's Christmas speech delivers message of 'compassion and reconciliation' - The Mirror,"King Charles has delivered his speech to the nation and the commonwealth, paying tribute to our greatest generation of war heroes and calling for peace and forgiveness throughout the world 2 months ago · London, United Kingdom",https://ground.news/interest/daily-mirror
The Sun,Right,King praises WWII values & 'spontaneous bravery' in poignant Christmas speech,"KING Charles delivered his Christmas message hailing ""triumph of courage over adversity"" and celebrating community spirit and the ""spontaneous... 2 months ago · United Kingdom",https://ground.news/interest/the-sun_dd9bb3
GB News,Right,King Charles says different faiths have ‘so much in common’ in Christmas message,"King Charles has said people of different faiths have “so much in common” as he urged compassion, reconciliation and unity in his Christmas Day message 2 months ago · London, United Kingdom",https://ground.news/interest/gbnewscom
Sky News UK,Center,King's Christmas message references Bondi Beach attack as he pays tribute to acts of 'spontaneous bravery',"The monarch says ""stories of the triumph of courage over adversity give me hope"" as he delivers his message from Westminster Abbey. 2 months ago · United Kingdom",https://ground.news/interest/sky-news
ABC Australia,Lean Left,King pays homage to acts of 'spontaneous bravery' in Christmas message,"King Charles III pays homage to those who confronted terror at the Bondi Beach massacre, acknowledging their ""spontaneous acts of bravery"" in his annual Christmas message. 2 months ago · Australia",https://ground.news/interest/abc-australia
ANSA,Center,King Charles in the Christmas Discourse Appeals to Reconciliation - Highlights,The English Royals at the traditional Sandringham Mass (ANSA) 2 months ago · Italy,https://ground.news/interest/ansa
OKDIARIO,Right,"Feijóo Supports Philip Vi’s Call to “Care for Coexistence, Claiming the Constitution”","The leader of the Popular Party, Alberto Núñez Feijóo, has expressed his support for the Christmas Message of King Felipe VI, who has appealed to all Spaniards to preserve ""democratic coexistence"", valuing the Transition despite the differences between political formations. ""I subscribe to the words of the King,"" said Feijóo, on his social networks. Likewise, he stressed the King's call ""to take care of the coexistence between Spaniards without … 2 months ago",https://ground.news/interest/okdiario
EFE,Center,The King Demands Democratic Coexistence and Appeals to the Courage of the Transition,"The king has claimed this evening, in the first words of his traditional Christmas speech, the Transition as a collective exercise of responsibility and has appealed to democratic coexistence. 2 months ago",https://ground.news/interest/efe
abc,Right,"Ana Sánchez: Felipe Vi, Dialogue Against Noise","Inspiring and courageous. These two words describe the Christmas Message that the King has sent this evening and in which he has turned to try to recover coexistence and dialogue, broken between right and left. The Monarch has given the levers by pointing out the Transition and the entry into the European Union as memories of the best Spain, reasons of trust in the present and engines for progress in the future. Felipe VI’s words have been brave… 2 months ago · Spain",https://ground.news/interest/abc_0c202e
La Vanguardia,Center,The King Invokes in His Christmas Message the Transition to Alert Against the Risks of Extremism,"“In democracy, one’s own ideas can never be dogmas, nor others’ threats; moving forward consists in taking steps, with agreements and resignations, but in the same direction, not running at the expense of the fall of the other.” Without references to anyone in particular but with a message addressed to everyone, the King, in his traditional Christmas address, has invoked the transition to preserve coexistence in the face of extremism. 2 months ago · Granada, Spain",https://ground.news/interest/la-vanguardia
Eldiario.es,Lean Left,"Philip Vi Warns of a ""Crisis of Confidence"" in Democracies that ""Nurses"" the ""Extremisms"" and Calls for ""Exemplarity"" From the Public Authorities","The king makes in his twelfth message of Christmas an intergenerational defense, from those who ""remember the Transition"" to the ""young people who now face new difficulties"", through the ""adults who reconcile, with great effort"": ""All are necessary to advance in a fair and cohesive way""Felipe VI celebrates the 50th anniversary of the coronation of Juan Carlos I... without Juan Carlos I King Felipe VI has warned in his traditional Christmas messa… 2 months ago · Spain",https://ground.news/interest/eldiarioes
El Mundo,Right,"Felipe Vi Appeals to ""Trust"", ""Coexistence"" and ""Will of Country"" as a Solution for Spain to Progress: ""We Are a Great Country""","Unabatedly and bluntly, King Philip VI wanted to frame the purpose of his Christmas message of this 2025 from the first paragraph of the 1,126-word text he uttered... 2 months ago · Madrid, Spain",https://ground.news/interest/el-mundo
20minutos,Center,"The King Calls on Politicians to Take Care of the ""Coexistence"" and the ""Shared Project"" of Spain Before the ""Hastio"" Citizen","King Philip VI has made a clear defense of the ""coexistence"" and has called to take care of it every day as ""the basis of our democratic life.""In a Christmas message focused on the demand of dialogue and the ""shared project"" that is Spain, the monarch has made a clear allusion to the politicians, to whom he has asked to avoid the ""tension of the public debate"", because it causes ""taste, disenchantment and disaffection"" in the citizenship, and al… 2 months ago · Madrid, Spain",https://ground.news/interest/20minutos
El Debate,Right,The King Marks Red Lines: Calls for “Exemplarity to the Public Authorities” and Warns Against “Extremisms”,"Don Felipe affirms that “in democracy, one’s ideas can never be dogmas, nor the other’s threats” 2 months ago",https://ground.news/interest/el-debate
Libertad Digital,Right,"The King Warns of the Deterioration of Coexistence, Exalts the Transition and Calls for ""Exemplarity"" From the Public Authorities",The King has used the 50 years of the Transition to warn that coexistence is deteriorating and has called for exemplaryness. 2 months ago,https://ground.news/interest/libertad-digital
Cambridge News,Center,King Charles breaks tradition with Christmas message from Westminster Abbey,"The King is expected to pay tribute to Britain's war veterans in his Christmas message, as he reflects on the commemorations marking 80 years since VE Day and VJ Day 2 months ago · Cambridge, United Kingdom",https://ground.news/interest/cambridge-news
Chronicle Live,Center,King Charles films Christmas message at Westminster Abbey honouring veterans,"King Charles will deliver his Christmas Day message from Westminster Abbey, paying tribute to war heroes as he reflects on this year's 80th anniversary commemorations of VE Day and VJ Day 2 months ago · Newcastle upon Tyne, United Kingdom",https://ground.news/interest/chronicle-live
Corriere Della Sera,Center,King Charles Will Speak at Christmas by Westminster Abbey: Words Inspired by Religion in the Year of His Visit to the Vatican,The anticipations of King Charles' Christmas discourse broadcast on the 25th afternoon on TV in which he will remember the 80th anniversary of World War II. After the words of December 12 on the improvement of his illness 2 months ago · Italy,https://ground.news/interest/corriere-della-sera
dissidentvoice.org,Left,"Sanctioning Fever: The United States, European Union, and Free Speech","At present, there is a pot-calling-the-kettle-black approach being taken by the European Union and the United States regarding the imposition of sanctions upon individuals deemed hostile to free speech. On December 23, the US State Department announced that it would bar five European citizens accused of spearheading efforts to pressure US tech giants to censor or suppress American opinions. This came after the European Union’s own tilt to sancti… 2 months ago",https://ground.news/interest/dissidentvoiceorg
Geller Report,Far Right,"US Announces Travel Ban on European Censors, EU Leaders Panic - Threat to Their Censorship Industrial Complex","The censorship machine is panicking as its power is challenged. Free speech strikes back The United States has announced a new travel ban targeting European officials involved in censorship and digital surveillance, marking a sharp escalation against what the Trump administration calls extraterritorial suppression of American speech. The State Department is barring five “egregious” European figures in the “global censorship-industrial complex” f… 2 months ago",https://ground.news/interest/geller-report
Caldron Pool,Far Right,U.S. Imposes Visa Bans to Defend Free Speech From European Regulation · Caldron Pool,"The United States has imposed visa bans on five European figures involved in efforts to regulate online speech, a move the Trump administration says is necessary to defend free expression and prevent foreign interference in American public debate. The visa restrictions, announced Tuesday, apply to former European Union Commissioner Thierry Breton, Center for Countering Digital Hate chief executive Imran Ahmed, Global Disinformation Index chief e… 2 months ago",https://ground.news/interest/caldron-pool
Independent Sentinel,Right,"The EU Canceled Romanian Elections, Censor Globally & Now They're Sanctioned","We wrote about the US sanctioning former EU Commissioner Thierry Breton yesterday. Others were also sanctioned, and the list will likely grow. US Secretary of State Marco Rubio named British, French, and German citizens involved in efforts to curb the spread of so-called disinformation are targets of the visa ban. While Thierry Breton is no […] The post The EU Canceled Romanian Elections, Censor Globally & Now They’re Sanctioned appeared first o… 2 months ago",https://ground.news/interest/wwwindependentsentinelcom
The Free Press (Tampa),Right,‘Unwelcome On American Soil’: US Bars Five European Figures In Escalating Free Speech War,"A simmering diplomatic feud between Washington and Brussels over online speech regulations boiled over on Wednesday after the Trump administration barred five prominent European figures from entering the United States. The State Department accused the group—which includes a former top EU official and several NGO leaders—of leading efforts to censor American viewpoints. The move marks […] ‘Unwelcome On American Soil’: US Bars Five European Figure… 2 months ago · Tampa, United States",https://ground.news/interest/the-free-press-tampa
NewsBusters,Right,NY Times Sides with European Censors Over Rubio: 'They Seek to Curb Online Hate',"On Tuesday, Secretary of State Marco Rubio upset European socialists by announcing he would “bar leading figures of the global censorship-industrial complex from entering the United States.” The New York Times provided an unintentionally laughable headline on Christmas Eve: They Seek to Curb Online Hate. The U.S. Accuses Them of Censorship. The Trump administration said five regulators and researchers who work to tackle disinformation and abuse … 2 months ago · Washington, United States",https://ground.news/interest/newsbusters
TVN,Center,Us Denies Visa to Former Eu Commissioner for Technology Regulations,"The U.S. State Department reported Tuesday that it will deny a visa to a former EU commissioner and four other Europeans, accused of trying to ""coerce"" U.S. social media platforms into censoring views. 2 months ago",https://ground.news/interest/tvn
sgtreport.com,Right,Trump Admin BANS Anti-Free Speech EU Globalists From Entering U.S.,"by Steve Watson, Modernity News: America draws a line in the sand against foreign meddlers The Trump administration has slapped visa bans on former EU Commissioner Thierry Breton and four other ‘anti-disinformation’ activists, accusing them of coercing American social media companies to censor viewpoints they dislike. The move signals a zero-tolerance policy toward extraterritorial censorship, […] 2 months ago",https://ground.news/interest/sgtreportcom
Sky News UK,Center,Why Trump administration is so annoyed with Europe's online rules,"The US has imposed visa bans on five public figures in Europe, including a key architect of the Digital Services Act - a piece of legislation that is very unpopular in the White House. 2 months ago · United Kingdom",https://ground.news/interest/sky-news
TimesDaily,Center,US bars 5 Europeans it says pressured tech firms,WASHINGTON — The State Department announced Tuesday it was barring five Europeans it accused of leading efforts to pressure U.S. tech firms to censor or suppress American viewpoints. 2 months ago,https://ground.news/interest/timesdaily
Benzinga,Center,Elon Musk Reacts To US Travel Ban On Former EU Commissioner: '...Gets His Dessert' - Tesla (NASDAQ:TSLA),"Elon Musk reacted on X to the U.S. travel restrictions on five European officials, including former EU Commissioner Thierry Breton. 2 months ago · New York, United States",https://ground.news/interest/benzinga
Firstpost News,Center,‘Coercion and intimidation’: Europe fumes after US censors 5 prominent EU figures,"After the Trump administration censored five prominent Europeans over purported free speech concerns, European leaders have reacted furiously, backing the censored figures and standing by European Union (EU) that Trump wants to be done away with. 2 months ago · Mumbai, India",https://ground.news/interest/firstpost-news
Sydney Morning Herald,Lean Left,‘Unwelcome on American soil’: US bans European ‘ideologues’ accused of censorship,"The move triggered a backlash in Europe as the US said the bans could be expanded. A One Nation senator applauded the action and urged the Trump administration to “now do Australian politicians”. 2 months ago · Sydney, Australia",https://ground.news/interest/sydney-morning-herald
Jewish Telegraphic Agency,Center,Jewish groups defend European media monitors banned for what State Dept. calls ‘censorship’,Two major Jewish groups defended a digital hate-speech researcher who has been barred by the Trump administration from entering the country. Representatives for Jewish Federations of North America and the Jewish Council for Public Affairs responded after the U.S. State Department restricted the visas of five European digital speech activists. The banned activists include two who helped Jewish college students sue the social network X over the pr… 2 months ago,https://ground.news/interest/jewish-telegraphic-agency
Twitchy,Far Right,Former EU Commissioner Butthurt About Being Banned From the US for Censorship,Former EU Commissioner Thierry Breton reacts to US travel ban over censorship issues. 2 months ago · United States,https://ground.news/interest/twitchy
charentelibre.fr,Center,Digital Cold War Between the United States and Europe,"Denoting acts of ""censorship"", the Trump administration has sanctioned five European figures committed to the regulation of technology and against misinformation, including Thierry Breton. 2 months ago",https://ground.news/interest/charentelibrefr
SBS News,Lean Left,US issues visa bans for five Europeans involved in technology regulation,"An EU spokesperson said it would seek answers from the United States about the ""unjustified measures"". 2 months ago · Sydney, Australia",https://ground.news/interest/sbs-news
The Western Journal,Right,Shock and Awe: Fiery Rubio Imposes Unprecedented Sanctions on European Elites Who Attempted to Censor Americans,"In an unprecedented move, Secretary of State Marco Rubio has announced that restrictions will be imposed on European politicians who have declared themselves enemies of freedom of speech. On Monday, […] The post Shock and Awe: Fiery Rubio Imposes Unprecedented Sanctions on European Elites Who Attempted to Censor Americans appeared first on The Western Journal. 2 months ago · Phoenix, United States",https://ground.news/interest/the-western-journal
India Today,Right,"EU, France, Germany condemn US visa bans for 5 Europeans accused of censorship","EU, France and Germany condemned U.S. visa bans on European digital activists, calling them unjustified and warning of a strong response to defend EU sovereignty and freedom of expression. 2 months ago · India",https://ground.news/interest/india-today
ITV,Right,US bars five Europeans who it says pressured tech firms to censor speech,"French President Emmanuel Macron led European condemnation of the move, describing the move by the United States as ""intimidation"". 2 months ago · London, United Kingdom",https://ground.news/interest/itv_bbe77f
The Last Refuge,Far Right,Secretary of State Marco Rubio Issues Visa Bans Against Five EU Leaders of Censorship,"The European Union, France and Germany are furious at the U.S. State Department and Marco Rubio for issuing visa bans against European political figures who are involved in censorship under the guise of combating online hate and disinformation. Brussels said Wednesday it will “respond swiftly and decisively” against the “unjustified measures.” [SOURCE] The first EU […] 2 months ago",https://ground.news/interest/the-last-refuge
Haaretz,Lean Left,"U.S. sanctions European activists tackling antisemitic disinformation, citing 'censorship'","Though not tied to the combat against antisemitism, the U.S. move to deny entry to five activists, including a former EU commissioner, is widely viewed as an attack by the Trump administration on European regulations that have affected the U.S. president's far-right allies and supporters 2 months ago · Tel Aviv-Yafo, Israel",https://ground.news/interest/haaretz
Business Insider,Lean Left,The US banned a former EU official's visa over Big Tech rules — and the fight is playing out on X,"The US moved to bar EU officials over tech regulation, igniting a public transatlantic clash over free speech and platform control.ANDREW CABALLERO-REYNOLDS / AFP via Getty ImagesThe US announced visa bans on five Europeans over tech rules it says censor American speech.Marco Rubio accused Europe of coercing US platforms to silence views it opposes online.France's Emmanuel Macron condemned the move and vowed to defend Europe's digital sovereignt… 2 months ago · United States",https://ground.news/interest/business-insider
Washington Examiner,Right,EU leaders erupt over US travel ban on officials involved in Digital Services Act,"Foreign leaders are condemning the Trump administration for imposing visa restrictions on five Europeans whom Secretary of State Marco Rubio accused of trying to censor Americans under the European Union’s content moderation law. Five people, including former EU Commissioner Thierry Breton, whom U.S. officials labeled the “mastermind” behind the EU’s Digital Services Act regulating social media platforms, are now barred from entering the United … 2 months ago · Washington, United States",https://ground.news/interest/washington-examiner
World Tribune: Window on the Real World,Right,Trump Administration says it banned Europeans’ visas for ‘extraterritorial censorship of Americans’,"by WorldTribune Staff / 247 Real News December 24, 2025 The Trump Administration announced it has imposed visa bans on five Europeans who are behind efforts to censor Americans social media platforms. The State Department said it imposed visa bans on Thierry Breton, a former European Union commissioner behind the Digital Services Act (DSA), and […] 2 months ago",https://ground.news/interest/world-tribune-window-on-the-real-world
The New York Sun,Right,European Commission Condemns Sanctions on Europeans Accused by State Department of Anti-American Censorship,"The EU is seeking “clarifications” regarding the ban on visits by five individuals involved in what it says is an effort to create safe digital environments. 2 months ago · New York, United States",https://ground.news/interest/the-new-york-sun
Deutschlandfunk,Center,"""Hateaid"" - Eu Threatens Us Against Five Europeans because of Entry Ban","The EU threatens the US with consequences because of the imposed entry bans against five Europeans. European Commission President von der Leyen strongly condemned the action. The Commission asked for clarification, it said from Brussels. If necessary, one would react quickly and decisively to defend the right to establish its own rules in the digital area. 2 months ago · Germany",https://ground.news/interest/deutschlandfunk
INTELLINEWS,Center,France Condemns US Visa Ban on European Tech Experts Amid Online Regulation Dispute,"France has strongly criticized the United States following the introduction of a visa ban targeting European technology experts, escalating tensions between the two powers amid ongoing disputes over online regulation. The move, seen by French officials as a direct affront to transatlantic cooperation in the tech sector, comes as both sides grapple with differing approaches [...] 2 months ago",https://ground.news/interest/intellinews
National Post,Right,"Trump admin issues visa bans for censors, including EU enforcer who warned of Hamas propaganda","The U.S. State Department announced sanctions against a former European Union commissioner, who sought to keep terror propaganda off social media after Oct. 7. 2 months ago · Canada",https://ground.news/interest/national-post
The Daily Caller,Right,Eurocrats Melt Down Over Trump Barring Censorship Police From US,"European officials erupted after the Trump administration barred prominent European figures accused of promoting online censorship from entering the U.S. 2 months ago · Washington, United States",https://ground.news/interest/the-daily-caller
Common Dreams,Left,Trump Ban on European Disinformation Opponents Decried as 'Authoritarian Attack on Free Speech',President Donald Trump's administration is under fire for imposing a travel ban on a former European Union commissioner and leaders of nongovernmental groups that fight against disinformation and hate speech. 2 months ago · United States,https://ground.news/interest/common-dreams
Euronews,Center,Europe defends its digital rules after US targets Breton with visa ban,"Brussels and Paris both denounced Washington’s decision to impose a visa ban on former EU Commissioner Thierry Breton, after the Trump administration escalated digital rules scrap by sanctioning Breton over what it said amounted to ""censorship"". 2 months ago · France",https://ground.news/interest/euronews
electionlawblog.org,Lean Left,"""US bars former EU commissioner Thierry Breton and others over tech rules"" #ELB",Financial Times: Washington has barred former EU commissioner Thierry Breton and four other people from entering the country over what it said was “censorship” and coercion of US social media platforms. The visa ban on five Europeans followed a campaign… Continue reading The post “US bars former EU commissioner Thierry Breton and others over tech rules” appeared first on Election Law Blog. 2 months ago,https://ground.news/interest/electionlawblogorg
politika.rs,Right,American Ramp for European Officials,"The US decision to restrict travel for European citizens and officials is unacceptable 2 months ago · Belgrade, Serbia",https://ground.news/interest/politikars
20 Minutes,Lean Left,Another Breton Targeted by Trump Tells His Daily Life Under American Sanctions,"Judge at the International Criminal Court, Nicolas Guillou was placed under sanctions by the Trump administration last August. On Tuesday, Thierry Breton, former European Commissioner, was banned from visa by the US authorities. 2 months ago · France",https://ground.news/interest/20-minutes
One News Page,Center,UK social media campaigners among five denied US visas,The Trump administration bans five people who have called for tech regulation from entering the country. 2 months ago,https://ground.news/interest/one-news-page
Le·gal In·sur·rec·tion,Right,State Dept. Bars Five Europeans for 'Extraterritorial Censorship of Americans',"""These radical activists and weaponized NGOs have advanced censorship crackdowns by foreign states—in each case targeting American speakers and American companies."" 2 months ago",https://ground.news/interest/le-gal-in-sur-rec-tion
Indian Express,Lean Left,"US State Department denies visas to ex-top EU official, UK campaigners, impose sanctions for ‘censorship’","Trump administration officials have in the past accused European nations for alleged censorship, and one of the reports by the State Department human rights alleged “significant human rights issues”. 2 months ago · India",https://ground.news/interest/indian-express
American Greatness,Right,State Dept Restricts European Leaders Who Pressured Tech Firms to Censor Americans Online › American Greatness,"The U.S. State Department, on Tuesday, imposed visa restrictions on five European leaders who are accused of orchestrating or enabling censorship of Americans through pressuring […] Source 2 months ago · United States",https://ground.news/interest/american-greatness
Globo,Right,"Eu, France and Germany Condemn u.s. Visa Restrictions on Citizens Who Act Against Misinformation",Brussels stated that it could “response quickly and decisively” against “unjusted measures” 2 months ago · Brazil,https://ground.news/interest/globo
ABC Australia,Lean Left,US sanctions five Europeans involved in regulating tech companies,"Leaders in Germany, France, Spain and the European Union slam the move as ""intimidation and coercion"". 2 months ago · Australia",https://ground.news/interest/abc-australia
El Pais,Lean Left,Trump Intensifies His Escalation Against the Eu by Sanctioning Leaders Who Have Attacked Hate Speech on the Internet,"Donald Trump’s administration’s blackmail and pressure on the European Union for the community technological rules that U.S. platforms in Europe must comply with has escalated to an unprecedented level. Washington has imposed sanctions on several European personalities on Wednesday night related to the moderation of content on social media and the fight against hate speech on platforms such as Elon Musk’s X, or Meta’s Facebook. The U.S. State De… 2 months ago · Spain",https://ground.news/interest/el-pais
saarbruecker-zeitung.de,Center,Dispute over Alleged Censorship: Eu Council President Costa: Us Entry Bans Are Unacceptable,The indignation about the US's bans on entry to the United States of America against a former EU Commissioner and other European citizens is great. There are clear words from Brussels towards Washington. 2 months ago,https://ground.news/interest/saarbruecker-zeitungde
NBC News,Lean Left,Europe pushes back at Trump's 'authoritarian' sanctions on anti-disinformation figures,"The State Department sanctioned Thierry Breton, Imran Ahmed, Clare Melford, Anna-Lena von Hodenberg and Josephine Ballon for ""egregious acts"" of censorship. 2 months ago · United States",https://ground.news/interest/nbc-news
La Repubblica,Lean Left,"u.s. Visa Denied to Breton, Europe Against Trump: ""We Do Not Let Ourselves Be Intimidated, We Will Defend Our Democracy""","Brussels and EU governments are attacking the decision to ban from the US 5 Europeans including the former commissioner accused of ""censura"" (Censorship). ..Our democratically approved rules.................................................................................................................. 2 months ago · Turin, Italy",https://ground.news/interest/la-repubblica
Evening Standard,Center,Macron slams Trump administration over US visa ban on anti-hate campaigners,"The move by the US authorities comes despite senior Trump figures, including Vice President JD Vance, lecturing Europe on the importance of free speech 2 months ago · London, United Kingdom",https://ground.news/interest/evening-standard
sfg.media,Right,Macron and the European Union Accuse the United States of Intimidation Over Visa Sanctions Targeting Supporters of Digital Regulation,Brussels Says It Is Defending Its Sovereign Right to Set Rules for Online Platforms 2 months ago,https://ground.news/interest/sfgmedia
Sapo,Right,u.s. Prohibits Entry of Five Europeans by Alleged Pressure for Censorship on Social Networks,"This decision represents the culmination of a process initiated several months ago, during which officials of the Trump administration instructed North American diplomats to build a firm opposition to the European Union's Digital Services Act. 2 months ago · Portugal",https://ground.news/interest/sapo
Capital.fr,Right,"Thierry Breton Is Banned From Entering the United States: Measures that ""Reveal Intimidation"" for Emmanuel Macron","Thierry Breton and four other American personalities have been denied a right of residence in the United States. This is not a mistake, quite the contrary. These refusals have the value of sanction to express disagreement with the new European regulation of tech platforms. 2 months ago",https://ground.news/interest/capitalfr
PJ Media,Far Right,Saving Our Speech: Rubio's Visa Ban on Five Censor-Happy European Activists,Marco Rubio's visa ban challenges European activists censoring American speech. 2 months ago,https://ground.news/interest/pj-media
Fortune,Center,Trump administration bars Europeans from U.S. for pressuring tech firms to ‘censor’ American speech,"The move targets architects of the EU’s Digital Services Act and anti-disinformation advocates—triggering diplomatic condemnation from Europe’s leaders. 2 months ago · New York, United States",https://ground.news/interest/fortune
The Washington Post,Lean Left,Europe condemns U.S. move to bar individuals over tech monitoring,"Secretary of State Marco Rubio said that the State Department would bar several Europeans for their actions in monitoring the internet, which he characterized as censorship. 2 months ago",https://ground.news/interest/the-washington-post
Bild,Right,Us Impose Entry Barriers: Eu Politicians Affected,"For the first time, five Europeans, including prominent EU politicians, have been detained for alleged promotion of censorship. 2 months ago · Berlin, Germany",https://ground.news/interest/bild
Observador,Right,Former Commissioner Among the 5 Europeans Prevented From Entering the United States as a Representative for Regulatory Decisions Against Technology,"Former European Commissioner Thierry Breton is one of the views of the decision, a summary of regulatory decisions against technology that the US considers to be attacks on ""American viewpoints"". 2 months ago · Portugal",https://ground.news/interest/observador
abc,Right,Macron Digs up the Axe of War Against Trump for the Withdrawal of the Visa to a Former French Minister,"Emmanuel Macron has launched a frontal response and attack against Donald Trump on a strategic ground for the future of Europe. The French president has pronounced himself strongly after the United States has withdrawn the visa and refused entry to Thierry Breton, who was Commissioner of the Internal Market between 2019 and 2024 and who he accuses of censorship for being the brain of the Digital Services Act that regulates social networks. ""Fran… 2 months ago · Spain",https://ground.news/interest/abc_0c202e
Axios,Lean Left,"Trump admin bars Europeans accused of US tech ""censor"" ...","2 months ago · Washington, United States",https://ground.news/interest/axios
CTV News,Center,U.S. bars five Europeans it says pressured tech firms to censor American viewpoints online,The U.S. State Department announced Tuesday it was barring five Europeans it accused of leading efforts to pressure U.S. tech firms to censor or suppress American viewpoints. 2 months ago · Canada,https://ground.news/interest/ctv-news
Интерфакс-Украина,Lean Left,"European Commission condemns US decision on visa sanctions against 5 European citizens, including former European Commissioner","The European Commission said it strongly condemned the US decision to impose travel restrictions on five European citizens, including former European Commissioner Thierry Breton. 2 months ago",https://ground.news/interest/_1b50bb
Engadget,Lean Left,US bans former EU Commissioner and others over social media rules,"The Trump administration has issued travel bans that prohibit five European tech researchers, including one former EU Commissioner, from entering the United States. 2 months ago · United States",https://ground.news/interest/engadget
romaniatv.net,Right,"Trump Suspended the Views of Five European Officials Involved in the Fight Against Online Misinformation, Including an Former European Commissioner","The administration of American President Donald Trump announced on March, the imposition of sanctions against five key figures in Europe involved in the regulation of the technology industry and in the fight against online misinformation, a decision that caused heavy reactions at European level and re-learned transatlantic tensions on freedom of expression and control of digital content. Article Trump suspended the views of five European officia… 2 months ago",https://ground.news/interest/romaniatvnet
Watauga Democrat,Lean Left,EU 'strongly condemns' US sanctions against five Europeans,"The European Union and some member states reacted sharply Wednesday to US sanctions imposed on five European figures involved in regulating tech companies, including former European commissioner Thierry Breton. 2 months ago · Calhoun, United States",https://ground.news/interest/watauga-democrat
Daily Post Nigeria,Center,"US denies ex-EU commissioner, others visa over calls for content moderation on social media","The United States has denied visas to five individuals, including former European Union commissioner, Thierry Breton, accusing them of attempting to pressure American social media companies into censoring content. In a statement, the US State Department said the individuals sought to coerce US-based platforms into suppressing viewpoints they oppose. Secretary of State Marco Rubio described them as part of what he called a global censorship-indus… 2 months ago · Nigeria",https://ground.news/interest/daily-post-nigeria
CGTN,Lean Left,"EU, France, Germany slam US visa bans as 'censorship' row deepens","US opposes EU's Digital Services Act, citing free speech – but Macron says visa bans 'amount to intimidation and coercion' 2 months ago · Beijing, China",https://ground.news/interest/cgtncom
tippinsights,Right,US Sanctions EU Figures Over Alleged Online Censorship,"The US State Department imposed visa sanctions on five European figures, including a former EU commissioner, accusing them of pressuring American tech platforms to censor speech. Secretary of State Marco Rubio said the individuals led coordinated efforts to suppress American viewpoints. The move reflects the Trump administration’s broader pushback against European digital regulations and what it calls foreign censorship of US speech, according t… 2 months ago",https://ground.news/interest/tippinsights
El Mundo,Right,"Macron Calls the Us Veto ""Act of Intimidation"" at the Entrance of Former European Commissioner Thierry Breton","The Trump administration prohibits the entry into the country of five European personalities following the adoption of European law that obliges platforms to eliminate illegal content Read 2 months ago · Madrid, Spain",https://ground.news/interest/el-mundo
apollo-news.net,Right,"After Entry Ban, Hateaid Complains, ""Repression"" – that's Exactly the Business Model of Hateaid","The leaders of the organization HateAid are no longer allowed to enter the USA. The American Foreign Ministry has made a number of entry barriers ... The post After the entry ban, HateAid complains ""Repression"" – that's exactly what its own business model appeared first on Apollo News. 2 months ago",https://ground.news/interest/apollo-newsnet
Israel Hayom,Right,US imposes visa bans on EU commissioner over censorship,"The Trump administration barred Thierry Breton, formerly the EU commissioner for Internal Market and Services, who helped craft the Digital Services Act, plus four individuals working on anti-disinformation campaigns, charging that they coerced American tech firms into silencing content, according to CNBC. Secretary of State Marco Rubio stated publicly that ""The State Department is taking decisive action against five individuals who have led org… 2 months ago · Israel",https://ground.news/interest/israelhayomcom
El Debate,Right,European Leaders Charge Trump After Vetoing Five Regulators and Activists in the u.s.,The European Commission has 'strongly' condemned the restrictions and asked the US authorities for formal clarifications 2 months ago,https://ground.news/interest/el-debate
telex.hu,Lean Left,Us Bans Leaders of European Organizations Fighting Online Hate Speech,"Among them is a former EU commissioner. According to the US Secretary of State, they are suppressing the “American position”. 2 months ago",https://ground.news/interest/telexhu
Semafor,Lean Left,US denies EU citizens visas over social media ‘censorship’,"Washington denied visas to five European citizens, including a former EU commissioner, for “censorship” of US social media. Thierry Breton was the architect of the EU’s Digital Service Act, which imposed stringent content moderation requirements on tech platforms. The US secretary of state said Breton and the four others were “radical activists… targeting American speakers and American companies.” The State Department is also taking aim at the U… 2 months ago · New York, United States",https://ground.news/interest/semaforcom
The Local - De,Lean Left,Germany says US visa bans over tech rules 'not acceptable',"Germany on Wednesday said a US State Department decision to deny visas to five prominent figures in the European tech sphere over freedom of speech was ""not acceptable"". 2 months ago · Germany",https://ground.news/interest/the-local-de
Liberation,Lean Left,"Thierry Breton Banned From Staying in the United States by the Trump Administration, the Eu Asks for ""Clarification""","With four NGO members fighting online disinformation and hatred in the UK and Germany, the former European Commissioner was sanctioned by Washington for his commitment to strict regulation of technology. 2 months ago · Paris, France",https://ground.news/interest/liberation
Eldiario.es,Lean Left,Trump Doubles His Ideological Crusade Against the Eu and Forbids European Citizens to Travel to the Us for Their Hate Speech Online,"Among the five sanctioned is former European Commissioner of Internal Market Thierry Breton. The European Commission condemns the US measure and warns that ""if necessary, we will respond quickly and decisively to defend our regulatory autonomy against unjustified measures""Brussels fine X with 120 million euros for failing to comply with transparency obligations Donald Trump continues to coerce Europe in its particular cultural war and in defense… 2 months ago · Spain",https://ground.news/interest/eldiarioes
ladepeche.fr,Lean Left,"Thierry Breton Banished From the United States by the Trump Administration: How the ""Tyran of Europe"" Has Put America on the Back","The Trump administration has announced that Thierry Breton's residence permits as well as four other European personalities committed to strict regulation of technology and against online disinformation, have... 2 months ago",https://ground.news/interest/ladepechefr
Irish Times,Lean Left,Ex-EU commissioner and activists barred from US in attack on European tech regulators,"US state department accuses five Europeans of pressuring tech firms to censor or suppress American viewpoints 2 months ago · Dublin, Ireland",https://ground.news/interest/irish-times
NOS,Right,Us Exceptional Measure: Former Eu Commissioner Banned From Entering Country,Four European activists from non-profit organizations that fight disinformation have also been given US visa bans. 2 months ago · Netherlands (Kingdom of the),https://ground.news/interest/nos_4ae905
Lietuvos Radijas ir Televizija,Center,European Commission Strongly Condemns Us Sanctions on Five Europeans,"The European Union (EU) ""strongly condemns"" US sanctions on five European figures involved in the regulation of technology companies, including former European Commissioner Thierry Breton, the European Commission (EC) said on Wednesday. 2 months ago · Vilnius, Lithuania",https://ground.news/interest/lietuvos-radijas-ir-televizija
Euro Weekly News,Lean Left,Trump intensifies confrontation with EU by sanctioning leaders tackling online hate speech,"The pressure campaign by Donald Trump’s Administration against the European Union over its digital rules has reached an unprecedented level. In a move without parallel in transatlantic relations, Washington has imposed sanctions on several European figures linked to content moderation and the fight against online hate speech, accusing them of “censoring Americans” abroad. The decision… Source 2 months ago · Spain",https://ground.news/interest/euro-weekly-news
Politico Europe,Lean Left,US sanctions former EU commissioner and four Europeans over efforts to curb online hate speech,"US Secretary of State Marco Rubio named British, French and German citizens involved in efforts to curb the spread of disinformation are targeted by the visa ban. 2 months ago · Brussels, Belgium",https://ground.news/interest/politico-europe
valeursactuelles.com,Right,Thierry Breton Banned From Entry Into the United States by the Trump Administration,"The Trump administration announced, on Tuesday 23 December, sanctions against five European personalities, including former European Commissioner Thierry Breton, reports Le Figaro. These personalities have regularly attacked the United States and demanded that... Read article The former European Commissioner Thierry Breton banned entry into the United States by the Trump administration appeared first on Current Values. 2 months ago",https://ground.news/interest/valeursactuellescom
UPI,Center,"U.S. bars former EU commissioner, 4 others from entering country","Former EU Commissioner for the Internal Market Thierry Breton was the chief target of a U.S. travel ban imposed on European online safety activists. 2 months ago · Washington, United States",https://ground.news/interest/upi_0b956e
Irish Examiner,Lean Left,Former EU commissioner and activists barred from US in attack on European tech regulators,Rolling coverage of the international stories of interest to our readers 2 months ago · Ireland,https://ground.news/interest/irish-examiner
Report24,Far Right,Washington Makes Serious: Sanctions and Entry Bans for the Censors of the Eu,"Two executives and founders of the German censorship NGO ""Hate Aid"" have just been banned from entering the USA. Former EU Commissioner Thierry Breton, who is responsible for the censorship measures, is also no longer allowed to enter the country. Washington stops talking and admonishing – it starts the fight against the European censorship complex. The US government has just served the people in Germany (and the EU) an early Christmas present –… 2 months ago",https://ground.news/interest/report24
La Vanguardia,Center,Trump Opens Another Front with Europe and Vetoes Entry to a Former Eu Commissioner for “Censoring” Us Platforms.,"The government of Donald Trump, whose aversion for Europe became evident after the publication of the National Security Strategy, has banned the visa of a former EU Commissioner and four other people involved in the fight against disinformation on social networks, considering that they promote censorship and unjustly attack US technological giants.Continue reading... 2 months ago · Granada, Spain",https://ground.news/interest/la-vanguardia
PerthNow,Center,US imposes visa bans over European online platform laws,"Visa bans on architects and campaigners of Europe's push to further regulate top American tech companies has riled the French government. 2 months ago · City of Perth, Australia",https://ground.news/interest/perthnow
UnHerd,Center,US denies visa to head of Global Disinformation Index,"The United States has denied a visa to Clare Melford, the head of the UK-based Global Disinformation Index (GDI). The move forms part of a wider push by Washington against what it describes as a “global censorship-industrial complex” which is pressuring US companies to suppress lawful speech. The US State Department said it would impose visa restrictions on five individuals, including former EU commissioner Thierry Breton, whom it accused of see… 2 months ago",https://ground.news/interest/unherd
Hot Air,Right,Sacre Bleu! Macron Steams After US Bars Censorship-Happy EU Officials,"Macron criticizes US visa restrictions on EU officials amid censorship tensions. 2 months ago · Arlington, United States",https://ground.news/interest/hot-air
CNBC,Center,'Witch hunt': Ex-EU commissioner Breton denounces U.S. visa ban targeting 'censorship',The former EU commissioner and four anti-disinformation campaigners were the subject of U.S. travel sanctions. 2 months ago · United States,https://ground.news/interest/cnbc
20minutos,Center,"Former European Commissioner Thierry Breton, Among Those Affected by Us Visa Restrictions","On Tuesday, Donald Trump's administration announced visa restrictions on five ""agents of the global censorship industrial complex,"" including former European Union Internal Market Commissioner Thierry Breton, who are accused of coercing U.S. platforms to censor opposing U.S. opinions. Undersecretary of State for Public Diplomacy Sarah Rogers has confirmed that Breton is among those affected, because he is ""one of the architects"" of the Digital S… 2 months ago · Madrid, Spain",https://ground.news/interest/20minutos
Zero Hedge,Right,Trump Admin Bans Anti-Free Speech EU Globalists From Entering US,"ZeroHedge - On a long enough timeline, the survival rate for everyone drops to zero 2 months ago · United States",https://ground.news/interest/zero-hedge
ledauphine.com,Center,"United States. ""a Global Industrial Complex of Censorship"": Why Washington Punishes Thierry Breton and Other Europeans","The Trump administration announced on Tuesday sanctions against five European personalities committed to strict regulation of technology and against online misinformation, including a Frenchman, former European Commissioner Thierry Breton, who denounced a ""wind of maccarthysm"". This is what we know. 2 months ago",https://ground.news/interest/ledauphinecom
شفق نيوز,Left,Trimb Prevents the Entry of Five Prominent European Figures Into America.,"While Secretary of State Marco Rubio said that ""ideologists in Europe have long led systematic efforts to force American platforms to suppress American views that are against them,"" he stressed that ""the Triump administration will no longer tolerate these blatant practices of extra-border surveillance."" ""The Department will take steps to deny leading figures in the global industrial control complex"" expressed its willingness to ""expand the list … 2 months ago · Iraq",https://ground.news/interest/_465d27
WND,Far Right,Trump administration bans five European censorship advocates from entering U.S. over free speech concerns * WorldNetDaily * by WND Staff,"... 2 months ago · Medford, United States",https://ground.news/interest/wnd
TF1 INFO,Center,Thierry Breton and 4 Other Europeans Deprived of a Visa in the United States: Why Such a Sanction?,"The United States has imposed sanctions on five Europeans, committed to the regulation of digital technology and the fight against disinformation. Frenchman Thierry Breton, former European Commissioner, is one of the people targeted. The latter is blaming a ""wind of maccarthysm"" blowing on Washington. - Thierry Breton and four other Europeans deprived of a visa in the United States: why such a sanction? (International). 2 months ago",https://ground.news/interest/tf1-info
detector.media,Lean Left,Us Imposes Visa Sanctions Against Eu Excommissar and Disinformation Fighters,"According to Rubio, these people are leading an organized effort to force American platforms into censorship, demonetization, and “suppression of American views that they oppose.” 2 months ago",https://ground.news/interest/detectormedia
RTV Slovenija,Lean Left,Us Denies Entry to Former European Commissioner Breton over Online Censorship Allegations,"The United States has announced that it will deny visas to former European Commissioner Thierry Breton and four other people who, in their opinion, are pressuring American technology companies and forcing them to censor social media. 2 months ago",https://ground.news/interest/rtv-slovenija
Kyiv Post,Lean Left,"US Bars Former EU Tech Chief, Civil Society Figures Over Digital Rules","Visa crackdown escalates transatlantic fight over online regulation, free speech, and European digital sovereignty. 2 months ago · Kyiv, Ukraine",https://ground.news/interest/kyiv-post
sta.si,Center,Us Bans Entry to Former European Commissioner Breton over Alleged Online Censorship,"The United States is banning five Europeans from entering the country for trying to force American platforms to censor social media, the State Department said on Tuesday. They include former European Commissioner Thierry Breton, who warned after the US State Department's decision that it was a witch hunt. 2 months ago",https://ground.news/interest/stasi
der Standard AT,Lean Left,Usa Impose Entry Bans Against European Hate-in-the-Network Ngos and Ex-Eu Commissioner Breton,"Because of alleged censorship of American online platforms, entry bans have been issued. Europe is also free and sovereign in the digital area, says ex-EU Commissioner Breton against 2 months ago · Vienna, Austria",https://ground.news/interest/der-standard_389fff
Berliner Zeitung,Lean Left,Hateaid: Usa Imposes Entry Bans Against Former Eu Commissioners and German Activists,The U.S. confirms the leadership of the German organization HateAid and other activists with entry bans. Washington accuses them of participation in censorship. 2 months ago,https://ground.news/interest/berliner-zeitung
Hot News,Lean Left,Reaction From Europe After an Former Eu Commissioner Has Been Banned in the u.s. of the Trump - hotnews.ro Administration,"The French government condemned Wednesday's visa ban imposed by Thierry Breton's Trup administration, a European Commissioner who contributed to the promotion of the EU's Digital Services Act, which targets large American companies in the field... 2 months ago · Romania",https://ground.news/interest/hot-news
Radio-Canada,Lean Left,Regulation of Technology: Washington Punishes Europeans,"The Trump administration punishes five European personalities committed to strict regulation of technology, including a former European Commissioner. 2 months ago · Montreal, Canada",https://ground.news/interest/radio-canada
444.hu,Lean Left,The Us Has Banned Leaders of European Organizations Fighting Online Disinformation and Hate Speech,"According to the US Secretary of State, the five individuals now banned seek to censor American platforms, and their entry, presence, or activities in the United States have potentially serious, adverse foreign policy consequences for the United States. 2 months ago · Hungary",https://ground.news/interest/444hu
lindependant.fr,Center,Tech Regulation: Why Did the United States Ban French Thierry Breton?,"Tensions between the United States and the European Union are intensifying around digital technology. Washington has banned Thierry Breton visa and four activists, accused of promoting censorship of platforms... 2 months ago",https://ground.news/interest/lindependantfr
Devdiscourse,Center,Transatlantic Tensions: U.S. Visa Ban on EU Leader Sparks Outrage,"The French government has condemned a U.S. visa ban on Thierry Breton, a former European Union commissioner. The Trump administration has accused Breton and others of censoring U.S. social media. This move comes amid tensions over the EU's Digital Services Act, targeting American tech companies. 2 months ago · India",https://ground.news/interest/devdiscourse
Il Post,Lean Left,The United States Denied the Visa to Former European Commissioner Thierry Breton,"He is accused of wanting to censor freedom of thought, for his work in combating misinformation on the Internet 2 months ago · Italy",https://ground.news/interest/il-post
EADaily,Right,The White House has hit Euro-Atlantic unity: The United States imposed sanctions against Europeans: EADaily,"EADaily, December 24th, 2025. The United States of America imposed sanctions in the form of a ban on entry for five Europeans, including former EU Commissioner for Internal Market Thierry Breton. This was announced by US Secretary of State Marco Rubio. 2 months ago",https://ground.news/interest/eadaily
censor.net,Lean Left,Us Imposes Visa Sanctions Against Eu Excommissar Breton and Disinformation Fighters,The US State Department has imposed visa sanctions on former European Commissioner Thierry Breton and leaders of organizations that counteract disinformation. The Donald Trump administration said that these individuals were involved in limiting and censoring American views. 2 months ago,https://ground.news/interest/censornet_caee9a
DR,Lean Left,Us to Deny Entry to Former Eu Commissioner over Alleged Censorship,"This could in the future result in a refusal at the airport for former French EU Commissioner Thierry Breton if he wishes to travel to the United States. 2 months ago · Copenhagen, Denmark",https://ground.news/interest/dr
Digi 24,Center,"The Trump Administration Prohibits Us Visas for Five Europeans, Including Former Commissioner Thierry Breton.","The Trump administration announced in March sanctions against five European personalities engaged in regulation of online technology and misinformation, including a former European Commissioner, Thierry Breton, a decision declared ""with the highest strength"" of Paris, reports AFP. 2 months ago · Romania",https://ground.news/interest/digi-24
Sueddeutsche Zeitung,Lean Left,Usa Sanction Leadership of the German Organization Hate Aid,"The two managing directors Anna-Lena von Hodenberg and Josephine Ballon are no longer allowed to enter the USA. 2 months ago · Munich, Germany",https://ground.news/interest/sueddeutsche-zeitung
Politiken,Lean Left,End 'These Egregious Acts': Us Punishes Five Europeans for Alleged Censorship of American Views,"Thierry Breton will be denied entry to the United States. He is accused of being part of a global censorship industry. 2 months ago · Copenhagen, Denmark",https://ground.news/interest/politiken
Channel News Asia,Center,"US targets former EU commissioner, activists with visa bans over alleged censorship","WASHINGTON: The Trump administration on Tuesday (Dec 23) imposed visa bans on a former European Union commissioner and anti-disinformation campaigners it says were involved in censoring US social media platforms, in the latest move in a campaign aimed at European rules that US officials say go beyond legitimate regu 2 months ago · Singapore",https://ground.news/interest/channel-news-asia
Le Huffington Post,Left,Why the United States Deprives Thierry Breton and Four Other Europeans of a Visa,"The former European Commissioner is targeted for acting for a regulation of technology and against online disinformation. 2 months ago · Paris, France",https://ground.news/interest/le-huffington-post
Schweizer Radio und Fernsehen (SRF),Lean Left,Usa Impose Entry Bans on Five Persons,"The U.S. government imposes an entry ban on several people because of the alleged censorship of U.S. platforms. 2 months ago · Zürich, Switzerland",https://ground.news/interest/schweizer-radio-und-fernsehen-srf
Jyllands-Posten,Right,Us Punishes Former Eu Commissioner for Alleged Censorship,"The United States will deny visas to former French EU Commissioner Thierry Breton and four other Europeans accused of working to censor American views on American media platforms. The United States... 2 months ago · Aarhus, Denmark",https://ground.news/interest/jyllands-posten
Al Jazeera,Lean Left,US bars five Europeans over alleged efforts to ‘censor American viewpoints’,US to deny visas to an ex-EU commissioner and four others it accuses of efforts to censor speech on social media. 2 months ago · Qatar,https://ground.news/interest/al-jazeera_1a2e2c
New York Post,Right,Trump admin bars five European officials from entering US due to ‘extraterritorial censorship’ campaign,"The State Department revealed Tuesday that it is barring five ""egregious"" European figures in the ""global censorship-industrial complex"" from entering the US. 2 months ago · New York, United States",https://ground.news/interest/new-york-post
Spiegel,Lean Left,Usa: Sanctions Against Hateaid Leaders Cause Outrage,"In an initial statement on the US sanctions, the heads of HateAid speak of an act to ""silence critics with all the rigour."" Ex-EU Commissioner Breton, who is also concerned, sees a ""witch hunt"". 2 months ago · Germany",https://ground.news/interest/spiegel
The Gateway Pundit,Far Right,Trump State Department Bars EU-Linked Globalists from Entry for Pushing Anti-Free Speech Censorship,"The US Department of State, under the direction of Marco Rubio, has taken a rare and decisive step against European political figures accused of acting against American interests, barring several prominent individuals who’ve sought to censor free and open dialogue on American platforms. 2 months ago · United States",https://ground.news/interest/the-gateway-pundit
yle,Center,Us Imposes Visa Ban on Ex-Commissioner over Alleged Social Media Censorship,"According to Secretary of State Marco Rubio, those subject to visa bans have led an organized effort to suppress American views. 2 months ago · Finland",https://ground.news/interest/yle
SDPnoticias.com,Lean Left,United States Imposes Immigration Veto on Five Europeans for Alleged Censorship,"The Secretary of State, Marco Rubio, announced that five European citizens were banned from entering the United States due to acts of censorship against the country.The five European citizens who received the U.S. immigration veto are high profile figures, including European Union activists and market commissioners.Who are the European citizens who have immigration veto from the United States?Within the five European citizens who have immigratio… 2 months ago",https://ground.news/interest/sdpnoticiascom
rp-online.de,Right,Human Rights Organization Hateaid: Usa Prohibits Entry to the Federal Order of Merit,"The Trump administration calls online platform laws ""suppression of American positions."" Now it imposes entry bans on EU representatives and organisations that oppose hatred and disinformation on the web. 2 months ago",https://ground.news/interest/rp-onlinede
Le Monde,Lean Left,Washington targets Thierry Breton and other Europeans for their role in tech regulation,"Paris condemns 'in the strongest possible terms' the American decision targeting the former European Commissioner, Thierry Breton. Washington has called European regulatory actions 'censorship' and is directly targeting major tech figures. 2 months ago · Paris, France",https://ground.news/interest/le-monde
NRC Handelsblad,Lean Left,"Us Imposes Visa Sanctions on Former Eu Commissioner Breton, Who Designed Tougher Rules for Big Tech",The United States has imposed sanctions on five prominent European figures who have worked in recent years to tighten regulation of Big Tech. One… 2 months ago · Netherlands (Kingdom of the),https://ground.news/interest/nrc-handelsblad
El Universo,Right,u.s. Denies Visa to Former Eu Commissioner Linked to a Law Considered an Instrument of Censorship,"The measure targets Thierry Breton, a former European Commissioner for the Internal Market and who led digital regulation in Europe. 2 months ago",https://ground.news/interest/el-universo
Zeit Online,Lean Left,"Targeted Advisory Centre: Hateaid Leaders on Us Sanctions: ""Act of Repression""","Here you will find information on the topic ""Consulting Centre in the sights"". Read now ""HateAid leaders on US sanctions: ""Act of repression"""". 2 months ago · Germany",https://ground.news/interest/zeit-online
Radio France Internationale,Center,The United States Provides Five Europeans Who Have Worked to Regulate Technology in Europe,"France denounces ""with the utmost firmness"" the American sanctions against five European nationals, including former European Commissioner Thierry Breton, who speaks of a ""wind of maccarthysm"" with reference to witch hunts against communist militants in the 1950s in the United States. These five personalities have worked to regulate technology in Europe and are now banned from staying in the United States. The US State Department accuses them of… 2 months ago · Paris, France",https://ground.news/interest/radio-france-internationale
France24,Center,US bars five Europeans over alleged pressure on tech firms to censor ...,2 months ago · France,https://ground.news/interest/france24
Deutsche Welle,Center,"US bans ex-EU commissioner, others over social media rules","The US accuses former EU tech regulator Thierry Breton and four anti-disinformation campaigners of censorship. Breton called the visa ban a ""witch hunt."" 2 months ago · Bonn, Germany",https://ground.news/interest/deutsche-welle
voz.us,Right,The State Department Bans Europeans Complicit in Censoring Freedom of Expression From Entering the United States,"The U.S. government announced the imposition of new immigration sanctions against five foreign citizens accused of leading or promoting coordinated efforts to pressure U.S. platforms to censor opinions protected by freedom of expression. The State Department confirmed that the measures are part of President Donald Trump's foreign policy, focused on defending national sovereignty and rejecting censorship from abroad.Read more]]> 2 months ago",https://ground.news/interest/vozus
BBC News,Center,UK campaigners among five denied US visas,The Trump administration bans five people who have called for tech regulation from entering the country. 2 months ago · United Kingdom,https://ground.news/interest/bbc-news_bf95f4
Hola News,Center,"u.s. Bans Five Europeans Accused of Censorship, Including a Former Commissioner","Washington, Dec 23 (EFE).- The Donald Trump administration has banned the entry into the United States of five European citizens who are accused of “coercing” social networks to censor U.S. voices, Secretary of State Marco Rubio announced this Tuesday. Among those sanctioned was former European Commissioner of Internal Market Thierry Breton (2019-2024), a driving force behind regulations to limit disinformation on platforms such as X, Meta and T… 2 months ago",https://ground.news/interest/hola-news
연합뉴스-Yonhap News Agency,Right,"The Us Has Banned Five Individuals, Including a Former Eu Executive, From Entering the Country, Accusing Them of Censoring Big Tech's Speech.","(Seoul = Yonhap News) Reporter Go Il-hwan = The United States has banned the entry of five people, including former high-ranking officials from the European Union (EU) who led legislation to regulate big tech companies in the United States. 2 months ago · Korea (the Republic of)",https://ground.news/interest/_ae7d36
The Verge,Lean Left,Trump administration bars former EU official and anti-disinformation and hate researchers from US,"Thierry Breton, former EU Commissioner for Internal Market and Services, speaks at the event ""Economic Transformation, Net-Zero Valley and Digitalization"" in May 2024. On Tuesday, the Trump Administration followed through on a threat of retaliation targeting foreigners who are involved in content moderation. The State Department announced sanctions barring US access for former EU commissioner Thierry Breton, as well as four researchers, while i… 2 months ago · United States",https://ground.news/interest/the-verge
ABC FOX Montana,Center,"US denies visas to EU ex-commissioner, four others over tech rules","The US State Department said Tuesday it would deny visas to a former EU commissioner and four others, accusing them of seeking to ""coerce"" American social media platforms into censoring viewpoints they oppose. 2 months ago · Missoula, United States",https://ground.news/interest/abc-fox-montana
The Thinking Conservative,Far Right,US Bars Entry for Foreign Nationals Seeking to Censor Americans - The Thinking Conservative News,"The U.S. will block the entry of foreign nationals who have supported efforts to censor Americans, Secretary of State Marco Rubio announced on Dec. 23. The post US Bars Entry for Foreign Nationals Seeking to Censor Americans appeared first on The Thinking Conservative News. 2 months ago",https://ground.news/interest/the-thinking-conservative
The Epoch Times,Right,US Bars Entry for Foreign Nationals Seeking to Censor Americans,"The United States will block the entry of foreign nationals who have supported efforts to censor Americans, Secretary of State Marco Rubio announced on Dec. 23. “For far too long, ideologues in Europe have led organized efforts to coerce American platforms to punish American viewpoints they oppose. The Trump administration will no longer tolerate these egregious acts of extraterritorial censorship,” Rubio wrote in an X post highlighting the move… 2 months ago · New York, United States",https://ground.news/interest/the-epoch-times
CNN,Lean Left,"State Department imposes sanctions on former EU official, disinformation group leaders for ‘censorship’","The US State Department on Tuesday imposed visa sanctions on a former top European Union official and employees of organizations that combat disinformation for alleged censorship – sharply ratcheting up the Trump administration’s fight against European regulations that have impacted digital platforms, far-right politicians and Trump allies, including Elon Musk. 2 months ago · Atlanta, United States",https://ground.news/interest/cnn
Dnevni list Danas,Lean Left,Us Bans Former Eu Commissioner and Others From Entering Country for Allegedly Censoring American Views,"The State Department announced on Tuesday that it was banning entry into the United States of five Europeans accused of leading efforts to pressure American technology firms to censor or suppress American views. 2 months ago · Belgrade, Serbia",https://ground.news/interest/dnevni-list-danas
Corriere Della Sera,Center,The Us Denies Visa to Former Eu Commissioner Breton and Four Other European Personalities,"Breton, who is part of a group for the development of stricter regulations in the field of technology, is accused by the US of carrying out actions that are equivalent to a ""censorship"" at the expense of American interests 2 months ago · Italy",https://ground.news/interest/corriere-della-sera
Il Sole 24 Ore,Right,Us Sanctions Against Five European Personalities Including Former Eu Commissioner Breton,"The United States has announced sanctions against five European personalities engaged in strict regulation of the technology sector, prohibiting them from entering the country. Among the people affected by the measures also... 2 months ago · Milan, Italy",https://ground.news/interest/il-sole-24-ore
ANSA,Center,"The Us Denies Visa to Former Eu Commissioner, Breton: 'He Damaged Big Tech' - North America",The U.S. Department has also sanctioned four European NGOs (ANSA) 2 months ago · Italy,https://ground.news/interest/ansa
EFE,Center,"u.s. Bans the Entry of Five Europeans Accused of Censorship, Including a Former Commissioner","The Donald Trump administration has banned five European citizens from entering the United States who are accused of ""coercing"" social networks to censor U.S. voices, Secretary of State Marco Rubio announced. 2 months ago",https://ground.news/interest/efe
BFM TV,Center,"The United States Bans Thierry Breton Visa and Four Other Europeans, on the Basis of Disagreements over the Regulation of Technology","On Tuesday, the United States announced sanctions against five European personalities committed to strict regulation of technology, including former European Commissioner Thierry Breton, who was banned from staying. 2 months ago · France",https://ground.news/interest/bfm-tv
GB News,Right,US sanctions five Europeans who 'pressured tech firms to censor views' after revealing 'red line' on GB News,"Donald Trump's State Department has announced it was prohibiting five European individuals from entering the United States, accusing them of spearheading campaigns to coerce American technology companies into suppressing US viewpoints 2 months ago · London, United Kingdom",https://ground.news/interest/gbnewscom
vrt,Center,"5 Europeans Fighting for Stricter Regulation of the Tech Sector Are Banned From Entering the Us, Including Former European Commissioner Thierry Breton","The US is imposing sanctions on five Europeans who advocate for stricter regulation of the technology sector. This includes Thierry Breton, France's former European Commissioner. They are facing travel bans because, according to Washington, they are ""censoring"" American companies. 2 months ago · Antwerp, Belgium",https://ground.news/interest/vrt
ilmessaggero.it,Center,"Usa, Negati I Vista a 5 Europei: Tra Cui L'ex Commissario Ue Breton. Paris: ""Stop Condemna""","The United States has announced sanctions against five European personalities committed to stricter regulation on the technology sector, including the former... 2 months ago",https://ground.news/interest/ilmessaggeroit
franceinfo.fr,Lean Left,Former European Commissioner Thierry Breton Bans Visa by the United States,Washington has imposed a ban on the former minister and four other European personalities because of their commitment to strict regulation of American tech giants. 2 months ago,https://ground.news/interest/franceinfofr
Anadolu Ajansı,Right,US imposes visa restrictions on 5 individuals accused of attempting to coerce platforms to censor 'American viewpoints',"US secretary of state says 'radical activists' advanced censorship crackdowns targeting American speakers and companies - Anadolu Ajansı 2 months ago · Ankara, Türkiye",https://ground.news/interest/anadolu-ajans
Associated Press News,Lean Left,US bars five Europeans it says pressured tech firms to censor American viewpoints online,The State Department is barring five Europeans it accuses of leading efforts to pressure U.S. tech firms to censor or suppress American viewpoints. 2 months ago · United States,https://ground.news/interest/associated-press-news
Le Parisien,Right,"Gafam: Washington Bans Five Europeans, Including Frenchman Thierry Breton, Paris Reacts","Donald Trump had promised reprisals if the European Union did not lighten the restrictions in the digital sector. 2 months ago · Paris, France",https://ground.news/interest/le-parisien
Il Fatto Quotidiano,Lean Left,Usa Sanction Thierry Breton and 4 Other Europeans: No Entry Into the Country,"The United States has decided to sanction five European personalities committed to stricter regulation on the technology sector. Among them there is also the former European Commissioner for the Internal Market and Services, Thierry Breton. He was forbidden to enter the country. The State Department justified the measures stating that the actions of these people are equivalent to ""censura"" and are harmful to American interests. Breton, indicated… 2 months ago · Rome, Italy",https://ground.news/interest/il-fatto-nuotidiano
La Libre,Center,"American Sanctions Against Five Europeans for Strict Regulation of Technology: ""the Trump Administration Will No Longer Tolerate These Acts of Censorship""","The United States has sanctioned five Europeans, including former Commissioner Thierry Breton, accused of conducting digital regulatory actions deemed to be extraterritorial censorship. ... 2 months ago · Brussels, Belgium",https://ground.news/interest/la-libre
The National Pulse,Right,"U.S. Sanctions Pro-Censorship Figures in UK, EU for Suppressing Americans’ Free Speech.","PULSE POINTSWHAT HAPPENED: The United States imposed sanctions targeting the international censorship-NGO ecosystem, focusing on visa-related measures against former officials and NGO leaders in Britain and the European Union (EU) involved in extraterritorial censorship of American speech.WHO WAS INVOLVED: Under Secretary of State Sarah B. Rogers announced the sanctions. Secretary of State Marco Rubio and several foreign former figures, includin… 2 months ago",https://ground.news/interest/the-national-pulse
Novinky.cz,Lean Left,Us Sanctions Five Europeans over Alleged Censorship of Us Platforms,"The United States has imposed sanctions in the form of a travel ban on five Europeans, including former European Commissioner for Internal Market Thierry Breton, over alleged censorship of American internet platforms, AFP and DPA reported. 2 months ago",https://ground.news/interest/novinkycz
Sud Ouest,Center,United States: Thierry Breton Bans Entry with Four Other Europeans in Favour of the Regulation of Technology,"Five European figures committed to strict regulation of technology, including former French European Commissioner Thierry Breton, are prohibited from staying on Tuesday The United States 2 months ago · France",https://ground.news/interest/sud-ouest
RedState,Right,Rubio Targets Five Foreign Operatives Who Conspired With Big Tech to Censor Americans,"Rubio sanctions five foreign operatives for colluding with Big Tech to censor Americans. 2 months ago · Washington, United States",https://ground.news/interest/redstate
Welt,Right,"""Exterritorial Censorship? Usa Impose Sanctions","Because of alleged censorship of American platforms, the U.S. government imposes entry bans. Secretary of State Marco Rubio makes a reference to Europe and accuses actors there of suppressing U.S. opinions. Details about those affected remain open. 2 months ago · Dortmund, Germany",https://ground.news/interest/welt
leprogres.fr,Center,Usa. Washington Visa Ban Thierry Breton and 4 Other Europeans,"On Tuesday, the United States announced retaliatory measures against European figures in the regulation of technology, including the French Thierry Breton. 2 months ago",https://ground.news/interest/leprogresfr
Le Figaro,Right,"Washington Bans Five Europeans, Including Thierry Breton, Who Denounces a ""Wind of Maccarthysm""","The actions of these five personalities, committed for strict regulation of technology, seem to be ""censorship"" to the detriment of American interests, justified the State Department. 2 months ago · Paris, France",https://ground.news/interest/le-figaro
wz.de,Center,European Censorship? Usa Impose Sanctions,"US Secretary of State Marco Rubio criticizes ""ideologists"" in Europe who wanted to censor American platforms. At the same time, his ministry announces an entry ban against several people. 2 months ago",https://ground.news/interest/wzde
The Daily Signal,Right,EXCLUSIVE: Trump Bars Five Europeans Accused of Censoring American Speech from Entering US,"President Donald Trump is barring five “agents of the global censorship-industrial complex” from entering the United States. 2 months ago · Washington, United States",https://ground.news/interest/the-daily-signal
Mediaite,Lean Left,Trump Admin Sanctions Europeans Engaged in Censorship: ‘Unwelcome on American Soil’,"The Trump administration announced sanctions against several British and European figures accused of engaging in the ""extraterritorial censorship of Americans."" 2 months ago · United States",https://ground.news/interest/mediaite
Just the News,Right,Rubio imposes visa restrictions on European officials who attempted to censor American free speech,"""The Trump Administration will no longer tolerate these egregious acts of extraterritorial censorship,"" Rubio posted on X. ""Today, the State Department will take steps to bar leading figures of the global censorship-industrial complex from entering the United States. We stand ready and willing to expand this list if others do not reverse course."" 2 months ago · Washington, United States",https://ground.news/interest/justthenewscom
Newsmax,Right,Us Bars 5 Europeans over Tech Censorship Push,"2 months ago · Washington, United States",https://ground.news/interest/newsmax
Aletho News,Center,US Department of State Discloses Names of 5 Europeans Sanctioned for Censorship Against US,"Sputnik – 24.12.2025 US Under Secretary of State Sarah Rogers has disclosed the list of five Europeans who have been sanctioned by Washington for the extraterritorial censorship of Americans. The list includes Thierry Breton, who is described as a mastermind of the Digital Services Act (DSA); Imran Ahmed, who headed the Center for Countering Digital Hate (CCDH) that called for deplatforming US anti-vaxxers, including now Secretary of Health Robe… 2 months ago",https://ground.news/interest/aletho-news
Salon,Left,"Police end probe of Bob Vylan over ""Death to the IDF"" chant at Glastonbury","UK authorities launched a probe into the act after they led an anti-IDF chant at Glastonbury. 2 months ago · San Francisco, United States",https://ground.news/interest/salon
RTV Slovenija,Lean Left,Bob Vylan Duo Escapes Unscathed From Glastonbury Performance,"Following a thorough investigation into the alleged controversial performance by the duo Bob Vylan at Glastonbury, police have decided not to prosecute them, citing insufficient evidence to convict them of chanting against the Israel Defense Forces. 2 months ago",https://ground.news/interest/rtv-slovenija
irishstar.com,Lean Left,Police drop Bob Vylan investigation over controversial Glastonbury performance,"Avon and Somerset Police have concluded their investigation into Bob Vylan's Glastonbury performance, which was broadcast on BBC, and found insufficient evidence for prosecution 2 months ago",https://ground.news/interest/irishstarcom
Dawn,Lean Left,British police drop investigation against punk-rap duo Bob Vylan over ‘Death to the IDF’ chants,https://images.dawn.com/news/1194626/british-police-drop-investigation-against-punk-rap-duo-bob-vylan-over-death-to-the-idf-chants 2 months ago · Pakistan,https://ground.news/interest/dawn_a02aa2
Le Figaro,Right,British Police Won't Sue Bob Vylan's Rappers After Their Anti-Israeli Remarks,"The British courts consider that the charges against the British duo ""do not meet the criteria for criminality"". 2 months ago · Paris, France",https://ground.news/interest/le-figaro
PerthNow,Center,Police shut down investigation into Bob Vylan’s Glastonbury chants,"Bob Vylan are no longer being investigated by Avon and Somerset Police over their controversial Glastonbury set. 2 months ago · City of Perth, Australia",https://ground.news/interest/perthnow
NME,Center,Police drop investigation into Bob Vylan IDF chants at Glastonbury,"A police investigation into chants made during a Bob Vylan performance at Glastonbury 2025 has concluded that no further action will be taken. READ MORE: Bob Vylan: “We’ve been screaming about these topics at the top of our lungs for years. Why has it taken this long?” The Glastonbury 2025 set was broadcast live on the BBC and saw Bob Vylan lead the audience in chants of “death, death to the IDF” and “free, free Palestine”. Following the festiv… 2 months ago · London, United Kingdom",https://ground.news/interest/nme
Irish Independent,Right,Bob Vylan avoid prosecution after Glastonbury ‘death to IDF’ chant,"An investigation into chants by punk-rap duo Bob Vylan at Glastonbury Festival last summer will not lead to any further action by prosecutors as there is “insufficient” evidence for there to be “a realistic prospect of conviction”, police have said. 2 months ago · Ireland",https://ground.news/interest/independentie
Sydney Morning Herald,Lean Left,British police drop Bob Vylan Glastonbury chant probe,"The punk-rap duo were under investigation for leading the chant “death, death to the IDF” during a performance at the music festival. 2 months ago · Sydney, Australia",https://ground.news/interest/sydney-morning-herald
Pitchfork,Lean Left,Bob Vylan Won’t Face Charges for “Death to the IDF” Chant,U.K. police ended their investigation due to “insufficient evidence” 2 months ago,https://ground.news/interest/pitchfork
Daily Journal,Center,UK police say no action against Bob Vylan duo over Israel army chant,"British police said Tuesday they were taking no action against punk-rap duo Bob Vylan, who led a Glastonbury festival crowd in chants of ""Death to the IDF"" -- the Israeli military. 2 months ago · Cherokee County, United States",https://ground.news/interest/daily-journal_17eacc
RollingStone,Left,U.K. Police Drop Investigation Into Bob Vylan’s Controversial Glastonbury Chants,"Police in England will not bring charges against Bob Vylan for their controversial chants — including 'Death, death to the IDF' — at Glastonbury 2025. 2 months ago · Los Angeles, United States",https://ground.news/interest/rollingstone_6de571
444.hu,Lean Left,"Police Close Case Against Bob Vylan, Who Chanted Anti-Israeli Rhymes at Glastonbury Festival","British police have closed their investigation into Bob Vylan's anti-Israeli chants during his Glastonbury performance and have concluded that they will not take any further action. The scandal erupted in the summer when Bobby Vylan, a member of the English rap-punk duo Bob Vylan, chanted harsh words at the Glastonbury festival audience. The chant ""Free Palestine!"" was followed by ""Death to the IDF (Israeli Defense Forces)."" ""Having reviewed all… 2 months ago · Hungary",https://ground.news/interest/444hu
The European Conservative,Right,"“Death to the IDF” Chants, but No Criminal Charges","Police have ended an investigation into alleged antisemitic chanting at the high-profile Glastonbury music festival led by a punk/grime double act, taking no further action. Responding to chants this summer of “death to the IDF” from Bob Vylan vocalist Pascal Robinson-Foster, Avon and Somerset Police stated We have concluded, after reviewing all the evidence, that it does not meet the criminal threshold outlined by the CPS for any person to be … 2 months ago",https://ground.news/interest/the-european-conservative
Observador,Right,"British Police Ends Investigation to Bob Vylan for Shouting ""Death to Idfs"" without Making Accusations","This is the anti-Israeli statements made by the British duo at the Glostonbury festival in June. The authorities considered that the comments ""did not exceed the limit of crime"". 2 months ago · Portugal",https://ground.news/interest/observador
Daily Mirror,Lean Left,Police issue update on Bob Vylan's Glastonbury set after chants sparked outrage - The Mirror,"Avon and Somerset Police have revealed they won't be taking action against Bob Vylan after they sparked outrage at Glastonbury by declaring IDF soldiers should be killed 2 months ago · London, United Kingdom",https://ground.news/interest/daily-mirror
Sky News UK,Center,Bob Vylan rapper will not be prosecuted over 'death to the IDF' chant,"Police say there is ""insufficient"" evidence for ""a realistic prospect of conviction"" over the performance at this year's Glastonbury Festival. 2 months ago · United Kingdom",https://ground.news/interest/sky-news
Al Jazeera,Lean Left,UK police drop probe into Bob Vylan’s chants about Israeli military,Police say there is ‘insufficient evidence’ to bring charges after investigating comments made at Glastonbury festival. 2 months ago · Qatar,https://ground.news/interest/al-jazeera_1a2e2c
Ynet News,Lean Left,UK police drop probe into Bob Vylan’s ‘death to the IDF’ chants at Glastonbury,"Police say chants did not meet criminal threshold despite widespread condemnation from Israeli officials, Jewish groups, UK leaders, and US denying entry visas to the British punk duo 2 months ago · Tel Aviv-Yafo, Israel",https://ground.news/interest/ynet-news
NOS,Right,"'Death, Death to the Israeli Army' Not Punishable, British Police Rule","""Death, death to the IDF"" and other remarks made by the rap-punk group Bob Vylan at Glastonbury last summer are not punishable. This is the conclusion of British police, who investigated the remarks at the festival. Singer Bobby Vylan chanted ""Free, free, Palestine"" and shouted the slogan about the Israeli army. The police decided to investigate after British Prime Minister Keir Starmer, among others, condemned the remarks, calling them ""appalli… 2 months ago · Netherlands (Kingdom of the)",https://ground.news/interest/nos_4ae905
The Jewish Chronicle,Right,Police drop case against Bob Vylan over ‘death to the IDF’ chant,The force said the case had been ‘incredibly complex’ 2 months ago,https://ground.news/interest/thejccom
Evening Standard,Center,"No charges over Bob Vylan’s ‘death to IDF’ Glastonbury set, police say","Vylan, whose real name is Pascal Robinson-Foster, was interviewed by police over the incident 2 months ago · London, United Kingdom",https://ground.news/interest/evening-standard
Bristol Post,Center,Avon and Somerset Police issue Bob Vylan update after Glastonbury comments,"Pascal Robinson-Foster led chants during their BBC livestreamed performance 2 months ago · Bristol, United Kingdom",https://ground.news/interest/bristol-post
Birmingham Mail,Center,Bob Vylan update from police after Glastonbury comments - Birmingham Live,"Pascal Robinson-Foster led chants during their BBC livestreamed performance 2 months ago · Birmingham, United Kingdom",https://ground.news/interest/birmingham-mail
somersetcountygazette.co.uk,Center,Police conclude investigation into Bob Vylan chanting at Glastonbury Festival,"An investigation by Avon and Somerset Police into chants made during a Bob Vylan performance at Glastonbury Festival has concluded. 2 months ago · Somerset, United Kingdom",https://ground.news/interest/somersetcountygazettecouk
The National,Lean Left,Police drop investigation into Bob Vylan's Glastonbury chant,"AN investigation into chants made during a Bob Vylan performance at Glastonbury has concluded no further action will be taken 2 months ago · Glasgow, United Kingdom",https://ground.news/interest/the-national_de7c84
GB News,Right,Bob Vylan Glastonbury chant probe DROPPED as police cite lack of evidence,"Avon and Somerset Police have confirmed they will not pursue any prosecution against punk duo Bob Vylan following their controversial Glastonbury Festival performance earlier this year 2 months ago · London, United Kingdom",https://ground.news/interest/gbnewscom
BBC News,Center,Bob Vylan: No charges over IDF chants during Glastonbury set,"Avon and Somerset Police says the incident ""does not meet the criminal threshold"" for prosecution. 2 months ago · United Kingdom",https://ground.news/interest/bbc-news_bf95f4
Berliner Morgenpost,Center,Instead of Conscription: Britons Plan Internship Years with the Military,"Conscription has not existed in Great Britain for decades. However, in times of crisis, the government is now considering new approaches. 2 months ago · Berlin, Germany",https://ground.news/interest/berliner-morgenpost
Frankfurter Allgemeine,Right,Report: British Plan Military Internship Years,"There is no compulsory military service in the UK, which is why, according to a report, the government wants to attract more young people to the professional army. 2 months ago · Frankfurt, Germany",https://ground.news/interest/frankfurter-allgemeine
Die Presse,Right,United Kingdom Offers Twelve Months of Military Service to Under-25s,"As of March, 150 young people will be able to complete paid one-year military training. In the long term, it will be extended to more than a thousand places if interested. 2 months ago · Vienna, Austria",https://ground.news/interest/die-presse
Tagesschau,Center,Britain Launches Pilot Project for Voluntary Military Service,"Conscription was abolished in Great Britain in the 1960s. Due to growing threats, the United Kingdom now wants to test a voluntary military service. 2 months ago · Hamburg, Germany",https://ground.news/interest/tagesschau
censor.net,Lean Left,"Britain Plans to Launch a Probationary Year Program for Young People in the Armed Forces,","The Ministry of Defense intends to launch a program that will give people under the age of 25 the opportunity, without long-term commitments, to try for service in the army, navy or air force. The initiative is part of an effort aimed at solving problems with the set of... 2 months ago",https://ground.news/interest/censornet_caee9a
Digi 24,Center,"British Defence Minister Announces a Campaign to Recruit Young People Into the Army: ""It's a New Era of Defence""","The British Armed Forces will launch a program in March that will allow people under 25 years of age to follow a remunerated preparation for a year around them, announced the British Defence Ministry, quoted by Reuters and AFP on Saturday. 2 months ago · Romania",https://ground.news/interest/digi-24
Latestly,Right,Teens in UK Armed Forces to Get Paid 'gap Years' in Bid to Attract Youngsters,Get latest articles and stories on World at LatestLY. The London-based i Paper reported on Friday (local time) that the UK's Ministry of Defence hopes the scheme will broaden the appeal of military careers for British youth as tensions with Russia rise across Europe. World News | Teens in UK Armed Forces to Get Paid 'gap Years' in Bid to Attract Youngsters. 2 months ago,https://ground.news/interest/latestly
Le Figaro,Right,United Kingdom Launches Paid Training to Attract Young People to the Army,"People under the age of 25 will be able to take paid training for one year. The Ministry of Defence hopes to attract more young people into the army. 2 months ago · Paris, France",https://ground.news/interest/le-figaro
politika.rs,Right,"Uk: Voluntary, Paid Military Training for Young People Under 25 Introduced","High school graduates and students in the UK will be able to train to operate in war zones as part of a voluntary, paid one-year break from the Armed Forces. 2 months ago · Belgrade, Serbia",https://ground.news/interest/politikars
My London,Center,UK under-25s who need to be 'ready to fight' will be paid military gap years from March 2026,"Around 150 young people will be recruited from March 2026 for placements of up to two years, with the scheme expanding to more than 1,000 per year 2 months ago · London, United Kingdom",https://ground.news/interest/my-london
charter97.org,Lean Left,"In Britain, the Graduates Will Be Asked to Take a ""Year of Recess"" and Try to Serve in the Army.",The programme will target boys and girls under the age of 25. 2 months ago,https://ground.news/interest/charter97org
Metro News,Lean Left,Teenagers to be offered military 'gap years' in a bid to boost numbers,"Open the article to view the coverage from Metro News 2 months ago · London, United Kingdom",https://ground.news/interest/metro-news
Anadolu Ajansı,Right,UK to introduce voluntary military gap year for young people,"Scheme aims to boost recruitment, build life skills, prepare young people for future security threats amid warnings UK is not ready for war - Anadolu Ajansı 2 months ago · Ankara, Türkiye",https://ground.news/interest/anadolu-ajans
nationalworld.com,Lean Left,The new national service? UK will offer military gap years to boost country’s defence,Teenagers will be given the chance to have paid gap years in the military as the government aims to shore up the UK’s defence. 2 months ago,https://ground.news/interest/nationalworldcom
GB News,Right,Government to offer military 'gap year' to boost recruitment for Britain’s beleaguered armed forces,"Young people under the age of 25 will be offered a paid military ‘gap year’ from March under a new Government scheme designed to boost Britain’s beleaguered armed forces 2 months ago · London, United Kingdom",https://ground.news/interest/gbnewscom
Wales Online,Lean Left,UK to introduce military 'gap year' for under 25s to boost recruitment,"Young people under 25 will soon be able to take part in a paid military 'gap year' 2 months ago · Wales, United Kingdom",https://ground.news/interest/wales-online
LBC,Right,"Armed Forces to launch 'gap year' for youngsters to gain experiences of armed forces, LBC understands","Ministers eventually want to grow the scheme to over 1,000 young people subject to interest, it is believed 2 months ago · London, United Kingdom",https://ground.news/interest/lbc
ITV,Right,Teenagers to be offered military gap years to boost UK's defence,"2 months ago · London, United Kingdom",https://ground.news/interest/itv_bbe77f
Evening Standard,Center,Teenagers to be offered paid armed forces gap years under new defence scheme,"Around 150 young people will be recruited for placements of up to two years, with the scheme expanding to more than 1,000 per year 2 months ago · London, United Kingdom",https://ground.news/interest/evening-standard
Sky News UK,Center,Details of military gap year for UK's under 25s revealed,The government hopes to get more young people interested in joining the UK's defence amid growing fears over the threat of Russia's military. 2 months ago · United Kingdom,https://ground.news/interest/sky-news
The Sun,Right,Teens to be 'offered paid gap years with military' amid WW3 fears,"Teenagers are reportedly set to be offered paid gap years with the armed forces in a step towards a new ""whole of society"" approach to... 2 months ago · United Kingdom",https://ground.news/interest/the-sun_dd9bb3
iNews,Center,Gap year soldiers to be trained to fight in war zones under new UK Army scheme,"Gen Z school leavers are to be offered military training to prepare them to fight in war zones, as part of a voluntary paid gap year in the Armed Forces, The i Paper can reveal. The UK is introducing a new military gap year programme to bolster Armed Forces recruitment, build public awareness of the threat posed by Russia and equip young people with life skills. Previously unreleased details of the gap year scheme, shared exclusively with The i … 2 months ago · London, United Kingdom",https://ground.news/interest/inews
Yale University,Lean Left,Researchers Discover Molecular Difference in Autistic Brains,"Brains of autistic individuals have fewer of a specific kind of glutamate receptor, supporting an idea that autism is driven by a signaling imbalance. 3 months ago",https://ground.news/interest/yale-university_82c97a
Euro Weekly News,Lean Left,UK to host historic Bayeux Tapestry with record insurance cover,"The Bayeux Tapestry is to be insured for an estimated £800 million by the UK Treasury in preparation for its exhibition at the British Museum, officials have confirmed. The nearly 1,000-year-old embroidered cloth will be covered under the taxpayer-backed Government Indemnity Scheme against damage or loss during its transport from France and while on display in London. The provisional valuation has… Source 2 months ago · Spain",https://ground.news/interest/euro-weekly-news
BFM TV,Center,Transfer of the Bayeux Tapestry: the Uk Will Provide Eur 917 Million for the Operation,The Financial Times reveals that the British government has decided to secure this 11th century treasure to the tune of £800 million. A security that does not calm the opponents of this transfer considered far too risky for embroidery. 2 months ago · France,https://ground.news/interest/bfm-tv
France24,Center,UK Treasury to cover Bayeux Tapestry for estimated €917 million,"France is preparing to transport the historic Bayeux Tapestry to England this coming summer. But concerns remain about whether the transfer of this valuable artifact will be secure enough, especially in the wake of the infamous Louvre heist. The Bayeux ​Tapestry is set to be covered by a UK Treasury indemnity of about 800 million ‌pounds (€917 million) during its loan to the British Museum in 2026, the Financial Times report. 2 months ago · France",https://ground.news/interest/france24
Jyllands-Posten,Right,Tapestry Insured for Seven Billion Under Loan to England,"The famous Bayeux Tapestry will be insured for 800 million pounds, equivalent to 6.9 billion kroner, when it is loaned to the United Kingdom in 2026. This is reported by the British media The Guardian. It is before... 2 months ago · Aarhus, Denmark",https://ground.news/interest/jyllands-posten
Daily Post,Center,Bayeux Tapestry to be insured by UK Treasury for £800m,"The 70-metre relic will be loaned to the British Museum next year 2 months ago · Colwyn Bay, United Kingdom",https://ground.news/interest/daily-post
Sky News UK,Center,Bayeux Tapestry: Priceless artefact to be insured for £800m,The 70m embroidery - depicting the Battle of Hastings - will ultimately be backed by the British taxpayer. 2 months ago · United Kingdom,https://ground.news/interest/sky-news
Le Huffington Post,Left,The United Kingdom Releases the (Big) Checkbook to Ensure the Tapestry of Bayeux,"Fragile and ancient, the famous embroidery will have the assurance of choice to compensate for any deterioration during its transport, storage and exhibition in London. 2 months ago · Paris, France",https://ground.news/interest/le-huffington-post
Birmingham Mail,Center,£800m Bayeux Tapestry insurance policy for British Museum loan - Birmingham Live,"The Treasury will back the cover under the Government Indemnity Scheme 2 months ago · Birmingham, United Kingdom",https://ground.news/interest/birmingham-mail
Sud Ouest,Center,Nearly Eur 1 Billion Is the Colossal Sum that the British Government Is Making Available for the Exhibition of the Bayeux Tapestry in London.,"The Bayeux tapestry will be exhibited in London from September 2026 to July 2027 as part of a historic loan from France to the United Kingdom. According to the Financial Times, the British Treasury will cover 2 months ago · France",https://ground.news/interest/sud-ouest
BBC News,Center,Treasury to cover Bayeux Tapestry loan to UK for estimated £800m,The huge embroidery will be covered under the government's indemnity scheme when it travels to the UK. 2 months ago · United Kingdom,https://ground.news/interest/bbc-news_bf95f4
Radio France Internationale,Center,The British Government Provides the Bayeux Tapestry for Nearly £800 Million,"Nearly £800 million, or one billion euros, for the Bayeux Tapestry. This is the astronomical sum that the United Kingdom will pay to cover the loan of this invaluable work by France to the British Museum. But despite this amount, many experts fear a deterioration of the Tapestry. 2 months ago · Paris, France",https://ground.news/interest/radio-france-internationale
The Times,Center,Taxpayer will cover damage up to £800m for Bayeux Tapestry loan,"Under the deal to bring the artwork to the British Museum, the Treasury has valued it at almost twice the price of Leonardo’s Salvator Mundi 2 months ago · United Kingdom",https://ground.news/interest/thetimescom
Liberation,Lean Left,"Before His Departure in London, Bayeux Tapestry Provided for 800 Million Pounds","Funded by British taxpayers, the compensation must assure the masterpiece of the eleventh century against any damage or loss during its transfer from Normandy and the time of its exhibition at the British Museum. 2 months ago · Paris, France",https://ground.news/interest/liberation
Il Sole 24 Ore,Right,"Bayeux Tapestry, 916 Mln Loan Allowance at the British Museum","The Ministry of the Treasury will cover the movement of the work of great historical and symbolic value from Normandy to London 2 months ago · Milan, Italy",https://ground.news/interest/il-sole-24-ore
IBTimes UK,Lean Left,Viral Video Captures Indonesian Nurse Praying And Shielding Patient During Taiwan 7.0 Tremor,"To those of us reading the headlines from safety, a '7.0 magnitude' quake is just a number on a screen. But for families in Taiwan this past Saturday, that number meant the solid ground beneath their feet suddenly felt like the deck of a storm-tossed ship. A new video making the rounds online brings that terrifying moment home. Shared by the Singaporean outlet MothershipSG, the footage does more than just document rattling furniture; it puts you… 2 months ago · United Kingdom",https://ground.news/interest/ibtimes-uk
The Independent (US),Lean Left,Aftershock warning after Taiwan hit by magnitude 7 earthquake,Tremors felt in capital Taipei and across island 2 months ago · United States,https://ground.news/interest/the-independentcom
The Express Tribune,Center,6.6 quake strikes off Taiwan: USGS,"A 6.6-magnitude earthquake struck off Taiwan’s northeastern coast on Saturday, the US Geological Survey (USGS) said, the second major tremor to hit the island within days. Taiwan’s weather agency, which put the magnitude at 7.0, said the quake hit at 23:05 pm (1505 GMT) at a depth of 73 kilometres (45 miles) in the sea off Yilan county, southwest of Taipei. The Yilan County Fire Bureau told AFP there were no immediate reports of casualties or da… 2 months ago · Pakistan",https://ground.news/interest/the-express-tribune
Outlook India,Lean Left,6.6 Earthquake Near Taiwan: USGS Confirms Philippine Sea Epicentre,"A 6.6-magnitude earthquake struck the Philippine Sea near Taiwan late Saturday, according to USGS data, with aftershocks possible as assessments continue. 2 months ago · New Delhi, India",https://ground.news/interest/outlook-india
Peru21,Center,The 'Ring of Fire' Trembles: 6.6 Magnitude Earthquake Shakes the Coasts of Taiwan,The Ring of Fire trembles: 6.6 magnitude earthquake shakes the coast of Taiwan | Taiwan | earthquake | earthquake epicenter today | tremor today Peru 2 months ago,https://ground.news/interest/peru21
El Financiero,Right,Strong Earthquake of Magnitude 6.6 Shakes the Coast of Taiwan: ‘Most Didn’t Come Out’,"The U.S. Geological Service reported that an earthquake of 6.6 magnitude shook Taiwan, right off its northeast coast on Saturday night.The earthquake occurred at 11:05 p.m., local time, 32 kilometers (20 miles) from the coastal city of Yilan. Earthquakes were felt throughout the island, including in the capital, Taipei, where the buildings shook. USGS indicated that the movement occurred at a depth of approximately 67 to 72.8 kilometers, causing… 2 months ago · Mexico",https://ground.news/interest/el-financiero
Japan Today,Lean Left,M6.6 earthquake strikes off coast of Taiwan,"The U.S. Geological Survey says a magnitude 6.6 earthquake hit Taiwan just off its northeast coast late Saturday. The earthquake took place at 11:05 p.m. local time, 32… 2 months ago · Sakado, Japan",https://ground.news/interest/japan-today
Telegrafi,Lean Left,"Strong Earthquake in Taiwan, First Footage Captures Dramatic Moment","A magnitude 7 earthquake struck an area about 32 kilometers off Taiwan's northeastern coast. It was the second major quake to hit the island this week, after a magnitude 6.1 quake struck the southeastern coastal district of Taitung on Wednesday. Taiwan sits near the junction of two tectonic plates and is prone to earthquakes. More than 100 people died in a quake in southern Taiwan in 2016, while a magnitude 7.3 quake in 1999 killed more than 2,0… 2 months ago",https://ground.news/interest/telegrafi
UPI,Center,Magnitude 6.6 earthquake near Taiwan disrupts rail services,"A 6.6-magnitude earthquake was recorded off Taiwan's northeastern coast on Saturday night, but no injuries or significant damage were reported. 2 months ago · Washington, United States",https://ground.news/interest/upi_0b956e
REALITATEA.NET,Right,Proportional Cuts in Taiwan. These Are the First Data on Payments,"A major seismo with magnitude 7.0 hit the east coast of Taiwan Saturday evening, at 23:05 p.m., being located at a depth of about 73 km close to the Yalan Committee. The technical movement was severely reduced throughout the island, causing the balance of buildings in the capital of Taipei and being classified at level 4 of intensity, Prague is normally associated with minor payments. Although the seismic orders were resettled up to Hong Kong, w… 2 months ago",https://ground.news/interest/realitateanet
Toronto Sun,Right,Taiwan’s worst quake in nearly 2 years brings only minor damage,"Taiwan reported limited damage from an earthquake powerful enough to shake buildings in the capital late Saturday, with key infrastructure operating normally and no major casualties reported. 2 months ago · Toronto, Canada",https://ground.news/interest/toronto-sun
Los Angeles Times,Lean Left,Magnitude 6.6 earthquake strikes off Taiwan,"A magnitude 6.6 earthquake has struck off Taiwan's northeastern coast, the U.S. Geological Survey said. 2 months ago · Los Angeles, United States",https://ground.news/interest/los-angeles-times
Origo,Right,"A Strong Earthquake Shook Taiwan, the Capital Trembled – Video","An earthquake shook Taiwan on Saturday, with tremors felt in the capital, but no major damage was caused. 2 months ago · Budapest, Hungary",https://ground.news/interest/origohu
thairath.co.th,Right,"A 6.6 Magnitude Earthquake Shook Taiwan, Impacting Taipei. Tsmc Evacuated Its Factories.","A 6.6 magnitude earthquake struck off the coast of Taiwan, sending tremors across the island, including in Taipei. Major chip manufacturer TSMC evacuated some of its factories for safety reasons. 2 months ago",https://ground.news/interest/thairathcoth
europapress.es,Center,An Earthquake of Magnitude 7.0 Shakes Northeastern Taiwan,"An earthquake of magnitude 7.0 has shaken northeastern Taiwan this Saturday night, according to the... 2 months ago · Spain",https://ground.news/interest/europapresses
Santa Maria Times,Center,A Magnitude 6.6 Earthquake Shakes the Coast of Taiwan,"The U.S. Geological Survey reported that a magnitude 6.6 earthquake struck Taiwan, just off its northeast coast on Saturday night. 2 months ago · Calhoun, United States",https://ground.news/interest/santa-maria-times
CGTN,Lean Left,China’s Taiwan region experiences a magnitude-6.6 earthquake,"A powerful 6.6-magnitude earthquake struck off the coast of Yilan County, shaking parts of China's Taiwan region on Saturday. 2 months ago · Beijing, China",https://ground.news/interest/cgtncom
Associated Press News,Lean Left,A magnitude 6.6 earthquake strikes off the coast of Taiwan,The U.S. Geological Survey says a magnitude 6.6 earthquake has hit Taiwan just off its northeast coast. 2 months ago · United States,https://ground.news/interest/associated-press-news
Al Jazeera,Lean Left,Taiwan rocked by magnitude 7.0 quake but no major damage reported,The weather administration said damage from the quake should be limited because it was deep and hit offshore. 2 months ago · Qatar,https://ground.news/interest/al-jazeera_1a2e2c
The spokesman-Review,Lean Left,"7.0-magnitude quake hits off Taiwan's coast, no major damage reported","TAIPEI, Taiwan — A magnitude-7.0 earthquake jolted Taiwan late Saturday and was felt by residents across the whole island, according to the Central Weather Administration, or CWA. The quake hit at 11:05 pm (1505 GMT) at a depth of 72.8 kilometers (44 miles), with its epicenter located offshore northeastern Taiwan, the agency said. Residents received earthquake alerts on their mobile phones as ... 2 months ago · Spokane, United States",https://ground.news/interest/the-spokesman-review
delo.si,Lean Left,Taiwan Hit by Powerful Earthquake: Nature Has Already Struck Them Earlier This Week,The earthquake struck Taiwan at around 11pm local time at a depth of 73km off Yilan County. Local media reported that buildings were swaying in Taipei City. 2 months ago,https://ground.news/interest/delosi
Taiwan News,Lean Left,"Magnitude 7.0 earthquake strikes northeast Taiwan | Taiwan News | Dec. 27, 2025 23:35","Level 4 shock waves felt across northern and western Taiwan | Dec. 27, 2025 23:35 2 months ago · Taiwan",https://ground.news/interest/taiwan-news
Daily Express,Right,Taiwan earthquake LIVE: Taipei rocked by 7.0 magnitude quake sparking panic,"Taipei, the capital of Taiwan, was rocked by a huge earthquake. 2 months ago · United Kingdom",https://ground.news/interest/daily-express
liputan6.com,Right,Magnitude 7.0 Earthquake Rocks Taiwan,So far there have been no direct reports of damage or injuries. 2 months ago,https://ground.news/interest/liputan6com
Frankfurter Allgemeine,Right,Thickness of 7.0: Heavy Earthquake Off the Coast of Taiwan,"Earthquake warnings continue to occur in the country on the Pacific ring of fire — now the authorities are again sounding the alarm. The world's largest chip manufacturer is also affected. 2 months ago · Frankfurt, Germany",https://ground.news/interest/frankfurter-allgemeine
The Thinking Conservative,Far Right,Taiwan Rattled by 7.0 Magnitude Quake - The Thinking Conservative News,A 7.0 magnitude earthquake struck some 32 km (20 miles) off Taiwan’s northeastern coastal city of Yilan late on Saturday. The post Taiwan Rattled by 7.0 Magnitude Quake appeared first on The Thinking Conservative News. 2 months ago,https://ground.news/interest/the-thinking-conservative
Daily Mirror,Lean Left,Tsunami alert issued as monster 7.0 magnitude earthquake rocks several cities,"A 7.0-magnitude earthquake has hit Taiwan with people in several cities including the capital Taipei and nearby Taoyuan reporting feeling intense tremors today 2 months ago · London, United Kingdom",https://ground.news/interest/daily-mirror
New Strait Times,Center,6.6-magnitude earthquake hits off Taiwan,"TAIPEI: A 6.6-magnitude earthquake struck off Taiwan’s northeastern coast on Saturday, the US Geological Survey (USGS) said, the second major tremor to hit the island within days. 2 months ago · Malaysia",https://ground.news/interest/new-strait-times
CartaCapital,Left,"6,6 Degrees to Taiwan","This Saturday's earthquake was felt throughout the territory of Taiwan, reported the local press 2 months ago · São Paulo, Brazil",https://ground.news/interest/cartacapitalcombr
One News Page,Center,News24 | 6.6-magnitude earthquake hits off Taiwan: USGS,"A 6.6-magnitude earthquake struck off Taiwan’s northeastern coast on Saturday, the US Geological Survey (USGS) said, but there were no immediate reports of casualties or damage. 2 months ago",https://ground.news/interest/one-news-page
20 Minutes,Lean Left,"A New Earthquake, of Magnitude 7, Strikes Taiwan",,https://ground.news/interest/20-minutes
GMA Filipino News,Lean Left,PHIVOLCS: Magnitude 6.6 quake near Taiwan no threat to PH,"The Philippine Institute of Volcanology and Seismology (PHIVOLCS) reported that a magnitude 6.6 earthquake struck the Taiwan region late Saturday, but poses no tsunami threat to the Philippines. 2 months ago · Quezon City, Philippines (the)",https://ground.news/interest/gma-filipino-news
Protothema,Right,"6.6 Magnitude Earthquake Strikes Northeast of Taiwan, Watch Video",The epicenter was approximately 30 kilometers from the coast at a large focal depth - No tsunami warning was issued 2 months ago,https://ground.news/interest/protothema
Neue Zürcher Zeitung,Right,Earthquake of Magnitude 7.0 Rocked Taiwan,"The earthquake had the magnitude 7.0 on the Richter scale and was noticeable all over the island. 2 months ago · Zürich, Switzerland",https://ground.news/interest/neue-zurcher-zeitung
Globo,Right,Taiwan Is Scutted by Magnitude Earthquake 7.0,2 months ago · Brazil,https://ground.news/interest/globo
TVN,Center,6.6 Magnitude Earthquake Shakes Northeastern Taiwan with No Damage Reports,"Taiwan's weather service, which had placed the magnitude at 7, specified that the earthquake occurred at 23H05 (15H05 GMT) at a depth of 73 kilometers in the sea opposite Yilan County, southwest of Taipei. 2 months ago",https://ground.news/interest/tvn
ANSA,Center,Magnitud Earthquake 7.0 Hits the Northwest of Taiwan,"An earthquake of magnitude 7.0 has tonight the north-eastern coast of Taiwan, said the weather agency of the island, which for the moment does not report victims or particular damage. The earthquake hit at 23:05 (16:00). 2 months ago · Italy",https://ground.news/interest/ansa
Firstpost News,Center,"7.0-magnitude earthquake jolts Taiwan’s northeast, strong tremors felt in Taipei","A powerful 7.0-magnitude earthquake struck off Taiwan’s northeastern coast late on Saturday, shaking several parts of the island, including Taipei and Kaohsiung. Authorities said there were no immediate reports of casualties or major damage, and assessments are under way. 2 months ago · Mumbai, India",https://ground.news/interest/firstpost-news
Taipei Times,Lean Left,Magnitude 7.0 quake hits Yilan,"Bringing Taiwan to the World and the World to Taiwan 2 months ago · Taipei, Taiwan",https://ground.news/interest/taipei-times
Deutsche Welle,Center,7.0-magnitude earthquake rattles Taiwan,"The quake struck off Taiwan's northeastern coast, and shook buildings in the capital, Taipei. 2 months ago · Bonn, Germany",https://ground.news/interest/deutsche-welle
Anadolu Ajansı,Right,Taiwan shaken by 6.6 magnitude earthquake,"Early reports show no major casualties, residents urged to follow safety protocols as aftershocks continue - Anadolu Ajansı 2 months ago · Ankara, Türkiye",https://ground.news/interest/anadolu-ajans
Devdiscourse,Center,"Powerful Earthquake Jolts Taiwan, Minor Damage Reported | Science-Environment","A 7.0 magnitude earthquake hit off Taiwan's northeastern coast near Yilan, causing buildings to shake in Taipei. While no major damage was reported, more than 3,000 homes temporarily lost power. Taiwan, located near a junction of tectonic plates, frequently experiences earthquakes. 2 months ago · India",https://ground.news/interest/devdiscourse
The Star Kuala Lumpur,Right,"6.6-magnitude earthquake hits off Taiwan, reports USGS","A 6.6-magnitude earthquake struck off Taiwan's northeastern coast on Saturday, the US Geological Survey (USGS) said, but there were no immediate reports of casualties or damage. 2 months ago · Malaysia",https://ground.news/interest/the-star-kuala-lumpur
आज तक,Right,"Taiwan Shaken by Earthquake, Measuring 7 on the Richter Scale","A magnitude 7.0 earthquake struck off the northeastern coast of Taiwan late Saturday night. It struck about 32 kilometers off the northeastern coast, with a depth of about 73 kilometers. The tremor was felt in the capital, Taipei, but no major damage or casualties have been reported so far. 2 months ago",https://ground.news/interest/_421d90
USA Today,Lean Left,Large earthquake rattles Taiwan,The earthquake was felt in the capital of Taipei just after 11 p.m. local time. 2 months ago · United States,https://ground.news/interest/usa-today
Politiken,Lean Left,Strong Earthquake Shakes Taiwan's Capital,"An earthquake with an estimated magnitude between 6.6 and 7.0 struck the sea off Taiwan on Saturday evening local time. 2 months ago · Copenhagen, Denmark",https://ground.news/interest/politiken
Newsweek,Center,Strong earthquake strikes off Taiwan coast,No tsunami warnings have been issued following the large earthquake. 2 months ago · United States,https://ground.news/interest/newsweek
India TV News,Right,"Earthquake of 7.0 magnitude strikes Taiwan, tremors felt across the region","A powerful earthquake of 7.0 magnitude on the Richter scale rocked Taiwan on Saturday, according to the country's Central Weather Bureau. The tremor hit the northeastern coastal city of Yilan at 11:05 PM local time, with the epicenter located 32.3 km east of Yilan County Hall. The earthquake’s epicenter was situated at coordinates 24.69°N, 122.08°E, with a depth of 72.8 km (45 miles). The shaking was felt across the island, including in the capi… 2 months ago · India",https://ground.news/interest/india-tv-news
The Straits Times,Right,Taiwan rattled by 7-magnitude quake,The quake shook buildings in the capital Taipei and had a depth of 73km. Read more at straitstimes.com. 2 months ago · Singapore,https://ground.news/interest/the-straits-times_9bb9e6
Focus Taiwan,Lean Left,Magnitude 7.0 earthquake rocks northeastern Taiwan,"A magnitude 7.0 earthquake struck off the coast of northeastern Taiwan at 11:05 p.m. Saturday, according to the Central Weather Administration (CWA). 2 months ago · Taiwan",https://ground.news/interest/focus-taiwan
India Today,Right,"7.0 magnitude earthquake strikes Taiwan, buildings shake in Taipei","Authorities reported minor incidents such as gas and water leaks, brief power outages affecting over 3,000 homes, and temporary evacuations at some TSMC facilities. 2 months ago · India",https://ground.news/interest/india-today
Live Mint,Center,"Earthquake today: Buildings shake as 7.0 magnitude quake jolts Taiwan, second in three days","A 7.0-magnitude earthquake struck 32 km off Yilan, Taiwan, late Saturday. This was the second significant quake in three days. Taiwan's location near tectonic plates makes it prone to seismic activity. 2 months ago · New Delhi, India",https://ground.news/interest/live-mint
BFM TV,Center,"An Earthquake of Magnitude 7 Hits Taiwan, Three Days After Another Earthquake","Taiwan was hit by an earthquake of magnitude 7, this Saturday, December 27th. An earthquake of magnitude 6.1 had already been recorded on Wednesday. 2 months ago · France",https://ground.news/interest/bfm-tv
Bloomberg,Lean Left,"Taiwan Rattled by 7.0 Magnitude Earthquake, Weather Agency Says",2 months ago · United States,https://ground.news/interest/bloomberg
Xinhua,Left,6.6-magnitude quake hits waters off Taiwan: CENC,6.6-magnitude quake hits waters off Taiwan: CENC 2 months ago · China,https://ground.news/interest/newscn
BBC News,Center,Taiwan earthquake: How the island's two-decade preparation saved it,"A quarter of a century ago, an earthquake killed 2,400. This week, barely a building fell down 2 years ago · United Kingdom",https://ground.news/interest/bbc-news_bf95f4
newtalk.tw,Center,"A Magnitude 7 Earthquake Struck Off the Coast of Yilan Late at Night, Felt in Multiple Provinces and Cities Across China. Netizens Exclaimed, ""I Was Shaken Awake All Night!""","A magnitude 7 earthquake struck off the coast of Yilan County late last night (27th). The strong tremors not only terrified people across Taiwan, but the shockwaves also crossed the sea and affected many provinces and cities in China. According to the China Earthquake Networks Center, coastal areas including Fujian, Zhejiang, and Guangdong, as well as some cities in the Yangtze River Delta, experienced significant tremors, with many high-rise re… 2 months ago",https://ground.news/interest/newtalktw
cna.com.tw,Center,"A Magnitude 7 Earthquake Struck Off the Coast of Yilan; Taipei City Reported 39 Reports of Damage, Most of Which Have Been Addressed.","The Taipei City Government stated today that a magnitude 7 earthquake struck off the coast of Yilan late on the 27th, with an intensity of level 4 in Taipei City. As of 1 a.m. today, the Taipei City Disaster Prevention Office had received 39 reports of disasters, all of which were minor incidents and most have been resolved. The Disaster Emergency Center is operating at Level 3 as usual. 2 months ago",https://ground.news/interest/cnacomtw
juventudrebelde.cu,Center,Taiwan Trembles: Earthquake Shakes the Whole Country (+Video),"An earthquake of magnitude 6.6 struck the north-east coast of Taiwan on Saturday at 23:05 local time (15:05 GMT), reports from the United States Geological Survey (USGS). The epicenter was located at a depth of 73 kilometres at sea, opposite Yilan County, south-west of the capital, Taipei, and, according to the Taiwan Emergency Management Center, had initially estimated the magnitude at 7, but subsequently adjusted the figure. The earthquake int… 2 months ago",https://ground.news/interest/juventudrebeldecu
Futurism,Lean Left,Doomsday Glacier Approaching Catastrophic Collapse,"The Thwaites Glacier, an enormous shelf of ice in the Antarctic, has been given the ominous nickname of the “Doomsday Glacier” — because if it were to change collapse, it could have profound implications for the future of sea level rise and the fate of coastal communities. Scientists have watched in horror as its retreat has accelerated significantly. Now, as detailed in a study published by the International Thwaites Glacier Collaboration (ITGC… 2 months ago",https://ground.news/interest/futurism
columbia.edu,Lean Left,Scientists Search for Ancient Climate Clues Beneath Antarctic Ice,"An international team, including researchers from Columbia’s Lamont-Doherty Earth Observatory, is attempting to drill for mud and rocks holding critical insights about the fate of the West Antarctic Ice Sheet in our warming world. 2 months ago · New York, United States",https://ground.news/interest/columbiaedu
CBS News,Center,University of Minnesota part of search in Antarctica for Earth's oldest ice,"Over the holidays, a team of researchers and a University of Minnesota employee are hard at work in Antarctica. The scientists are drilling for ice millions of years old, deep beneath the surface. 2 months ago · United States",https://ground.news/interest/cbs-news
ecoticias.com,Left,"Scientists Discover New Knowledge About the ""End-of-the-World Glaciers"" and Are More Worrying than It Seems","The Thwaites glacier (in Western Antarctica) and its neighbor Pine Island are again concentrating scientific attention for an uncomfortable reason for climatic models and for coastal planning. A work published in Nature Geoscience identifies small-scale underwater whirls (submesoscales) that act as a blender under the floating platforms of both glaciers and increase fusion from below into very short windows (from hours to days), an unusual rhyth… 2 months ago",https://ground.news/interest/ecoticiascom
nhpr,Center,New research from Dartmouth shows how underwater 'storms' may shape glacier melt,"Dartmouth oceanographer Yoshihiro Nakayama created a high-resolution model to study the melting of two glaciers in western Antarctica, and found that small-scale underwater eddies melt ice from below. 2 months ago · New Hampshire, United States",https://ground.news/interest/nhprorg
Green Matters,Lean Left,Experts Say the Doomsday Glacier Is Sending Us an Important Message About Our Future,"Satellite images have offered scientists an update on the status of the Doomsday Glacier, which they say indicates sea levels are on the rise. 2 months ago · New York, United States",https://ground.news/interest/green-matters
Wired,Lean Left,The Doomsday Glacier Is Getting Closer and Closer to Irreversible Collapse,An analysis of the expansion of cracks in the Thwaites Glacier over the past 20 years suggests that a total collapse could be only a matter of time. 3 months ago · United States,https://ground.news/interest/wired
CNN,Lean Left,Underwater ‘storms’ are eating away at the Doomsday Glacier. It could have big impacts on global sea level rise,"Swirling underwater eddies are aggressively melting two Antarctic glaciers, a recent study found, including the one that could raise sea levels by multiple feet. 3 months ago · Atlanta, United States",https://ground.news/interest/cnn
nsidc.org,Center,International Thwaites Glacier Collaboration | National Snow and Ice Data CenterGlaciers,Thwaites Glacier is one of the fastest-retreating glaciers in Antarctica. 2 months ago,https://ground.news/interest/nsidcorg
Falmouth Packet,Center,Cornwall features in King's Christmas Day speech,"The King used his Christmas message to urge the nation to “never lose sight” of the Second World War values of “courage and sacrifice” and… 2 months ago · Falmouth, United Kingdom",https://ground.news/interest/falmouth-packet
Radio Times,Center,King's speech tops Christmas ratings with surprise second place beating Strictly,"The King's Christmas message was the most watched programme on Christmas Day, with almost 7 million viewers tuning in to watch the royal address, according to BARB's overnight figures.That total combines all those who watched across various channels – including BBC, ITV, Sky News and GB News – as King Charles made his annual speech from the changed location of Westminster Abbey.In the address, the King urged the British public to get ""to know ou… 2 months ago",https://ground.news/interest/radio-times
The Telegraph,Right,BBC suffers worst ever Christmas as ratings slump,"2 months ago · London, United Kingdom",https://ground.news/interest/the-telegraph
Evening Standard,Center,King’s Christmas message tops UK TV ratings,"Nearly 7 million viewers tuned in across multiple channels as King Charles used his address to praise community and shared values. 2 months ago · London, United Kingdom",https://ground.news/interest/evening-standard
iNews,Center,BBC Christmas viewing hits record lows with 'stale' line-up,"Impartial news & intelligent debate 2 months ago · London, United Kingdom",https://ground.news/interest/inews
The National,Lean Left,What the BBC won't tell you about the King's Christmas message viewing figures,"""The King's message tops Christmas Day TV ratings,"" the BBC's news headline read breathlessly this afternoon ... 2 months ago · Glasgow, United Kingdom",https://ground.news/interest/the-national_de7c84
Manchester Evening News,Center,BBC Christmas Day 2025 ratings confirmed as broadcaster dealt huge blow,"The broadcaster didn't have the same success it had last year. 2 months ago · Manchester, United Kingdom",https://ground.news/interest/manchester-evening-news
Wales Online,Lean Left,BBC issues statement as Christmas Day ratings confirmed,"The TV ratings for the BBC on Christmas Day have been revealed. 2 months ago · Wales, United Kingdom",https://ground.news/interest/wales-online
Daily Mirror,Lean Left,The King's Speech wins Christmas TV ratings war - but you won't believe second place - The Mirror,"His Majesty King Charles III ruled the TV ratings on Christmas Day - pulling the highest number of viewers on the day. But overall, a bleak picture has been painted for traditional broadcasting. 2 months ago · London, United Kingdom",https://ground.news/interest/daily-mirror
Metro News,Lean Left,Strictly triumphs but Christmas TV ratings hit record lows after backlash,"Open the article to view the coverage from Metro News 2 months ago · London, United Kingdom",https://ground.news/interest/metro-news
BBC News,Center,The King's message tops Christmas Day TV ratings,"Nearly 7m people tuned in on the BBC, ITV, Sky News and GB News to watch King Charles deliver his annual broadcast. 2 months ago · United Kingdom",https://ground.news/interest/bbc-news_bf95f4
Daily Express,Right,BBC dealt huge blow as Christmas Day TV ratings confirmed,The BBC didn't achieve the success of 2024. 2 months ago · United Kingdom,https://ground.news/interest/daily-express
