outlet,bias,headline,summary,ground_news_interest_url
Irish Independent,Right,CIA tells Trump Ukraine did not try to kill Putin in strike – while Kyiv accuses Moscow of staging incident to derail peace talks,"The Central Intelligence Agency (CIA) has told US president Donald Trump that Ukraine did not attempt to assassinate Vladimir Putin, contradicting Russian claims that Ukrainian drones targeted one of the Russian president’s residences. 2 months ago · Ireland",https://ground.news/interest/independentie
Kyiv Post,Lean Left,Ukraine Spy Agency Predicts Kremlin Will Soon Conduct Mass Casualty Op Killing Civilians,"Kyiv’s intelligence service heads up came 48 hours after the CIA said a Moscow narrative that Ukrainian drones attacked Putin’s private home was baseless and fake news. 2 months ago · Kyiv, Ukraine",https://ground.news/interest/kyiv-post
News,Right,Fake drone attack rattles Trump,"The US president was left furious after a call with tyrant Vladimir Putin, who complained that Ukraine had just tried to kill him. 2 months ago",https://ground.news/interest/news_356a3f
Welt,Right,"Putin Residence: Alleged Attack – ""Can Anyone Interpret as They Want"" Video","U.S. intelligence services contradict Russia's claim of a Ukrainian drone attack on Putin's residence. According to the CIA, a military base was hit. In Kiev, people are looking for normality despite war. Christoph Wanner reports. 2 months ago · Dortmund, Germany",https://ground.news/interest/welt
The Independent,Lean Left,Ukraine-Russia war latest: Russian missile strike injures dozens in Kharkiv attack,"Ukraine said its forces ‘adhere to international law’ 2 months ago · London, United Kingdom",https://ground.news/interest/the-independent_ff73a6
One News Page,Center,"Ukraine did not target one of Putin's residences, CIA briefs Trump","The CIA has determined Ukraine did not target President Putin or his residence in a recent attack, contradicting Putin's assertion to President Trump. Despite Trump's initial anger, he later shared an editorial questioning Russia's claim, which lacked clear evidence and was denied by Ukraine. 2 months ago",https://ground.news/interest/one-news-page
La Repubblica,Lean Left,"The Cia: the Dacia of the Tsar Was Not the Target of the Raid. Zelensky: ""Near Agreement""","The White House does not comment on the indiscretions of the US press. The Russian generals insist: ""The final target dacia"" 2 months ago · Turin, Italy",https://ground.news/interest/la-repubblica
Radio France Internationale,Center,"Russia: Vladimir Putin's Residence Was Not the Target of a Ukrainian Attack, According to Cia","While a cease-fire is still unobtainable between Russia and Ukraine, the Russian president announced that he was going to harden the tone after the alleged attack by a Ukrainian drone on one of his private residences. An assertion about which the Russian authorities did not provide any tangible evidence and which has just been denied by the CIA after, at first, causing Donald Trump's anger... 2 months ago · Paris, France",https://ground.news/interest/radio-france-internationale
Daily Mirror,Lean Left,Donald Trump makes dramatic U-turn on Putin after CIA's bombshell evidence - The Mirror,"US President Donald Trump has made a dramatic U-turn on his initial reaction to Putin's claims that Ukraine launched a drone attack on his residence, after receiving CIA intelligence 2 months ago · London, United Kingdom",https://ground.news/interest/daily-mirror
Meduza,Left,Wsj: Cia Director Told Trump that Ukraine Did Not Attempt to Attack Putin's Residence,"The U.S. Central Intelligence Agency (CIA) is of the view that Ukraine did not attempt to attack the residence of Russian President Vladimir Putin on Valdai in Novgorod province, reporting on December 31, The Wall Street Journal, citing sources. 2 months ago · Riga, Latvia",https://ground.news/interest/meduza
The Last Refuge,Far Right,Anonymous U.S. Officials Say Ukraine Didn't Target Putin with Drone Attack - Russian Officials Say They Have Drone Flight Plan From Navigation Unit,"The Wall Street Journal is reporting that Ukraine did not target the personal residence of Russian Federation President Vladimir Putin, “according to U.S. officials.”   However, Russia captured one of the drones intact and have said they were able to “extract a file containing a flight plan from the navigation unit” which they plan to share […] 2 months ago",https://ground.news/interest/the-last-refuge
abc,Right,The Cia Disproves Putin and Dismisses Ukraine’s Attack on One of His Residences,"The CIA has concluded that Ukraine was not behind an alleged attack on Russian President Vladimir Putin, or on one of his residences, thus denying a claim that the Kremlin leader himself transferred Donald Trump this week in a telephone conversation. The assessment of American intelligence, revealed by 'The New York Times', disassembles one of the arguments used by Moscow to justify a tightening of its position in negotiations aimed at ending th… 2 months ago · Spain",https://ground.news/interest/abc_0c202e
romaniatv.net,Right,The War in Ukraine Expands: Us Services Deny the Planned Attack on Putin's Residence,"The US information services contradict Moscow's claims: Ukraine has not tried to attack Russian President Vladimir Putin's residence. Thus, Russia's statements about an attempt to kill the leader of Kremlin, according to New Voice, are rejected. The article of the Ukraine's War expands: US services deny the alleged attack on Putin's residence appeared for the first time in Romania TV. 2 months ago",https://ground.news/interest/romaniatvnet
Sueddeutsche Zeitung,Lean Left,Cia Contradicts Putin: Ukraine Not Responsible for Drone Attack,"The CIA has informed Donald Trump that Ukraine is not responsible for an alleged attack on Putin's residence. Putin accuses Kiev of disrupting the peace process while Selensky is fighting for an end to the war. 2 months ago · Munich, Germany",https://ground.news/interest/sueddeutsche-zeitung
www.t-online.de,Lean Left,Alleged Attack: the Cia Also Contradicts Putin,Russia claims that the Ukraine personally attacked warlord Putin with drones. Now the US foreign intelligence service expresses itself. 2 months ago,https://ground.news/interest/wwwt-onlinede
Newser,Lean Left,CIA: Ukraine Did Not Direct Drones to Putin's Home,"US intelligence has found there's no truth to Russia's Monday claim that Ukraine tried—and failed—to hit Vladimir Putin's residence in northern Russia with a swarm of drones, according to US officials cited by the Wall Street Journal and New York Times . The Journal 's source says the US... 2 months ago · Miami, United States",https://ground.news/interest/newsercom
BFM TV,Center,Vladimir Putin's Residence Attacked: a Cia Note Undermines Moscow's Version,"VIDEO - The CIA questions the Russian version of a Ukrainian attack on Vladimir Putin's residence. According to the Wall Street Journal, this offensive never took place. Moscow accused Kiev of having launched 90 drones, but Ukraine denies. 2 months ago · France",https://ground.news/interest/bfm-tv
RTV Slovenija,Lean Left,Cia: Kyiv Did Not Target Putin's Residence with Drones,The US intelligence agency CIA does not believe that Ukraine targeted one of Russian President Vladimir Putin's residences in a drone attack earlier this week. 2 months ago,https://ground.news/interest/rtv-slovenija
UK Defence Journal,Center,US intel disputes Russian claim of Kyiv drone plot on Putin,"The Kremlin announced on 29 December that Ukraine had attempted to assassinate President Vladimir Putin using a large-scale drone strike on his state residence in the Novgorod region. Moscow officials, including Foreign Minister Sergey Lavrov, alleged that 91 long-range drones were launched and intercepted before reaching their target, describing the incident as an escalation by Kyiv and proof of hostile intent during US-mediated peace negotiati… 2 months ago",https://ground.news/interest/uk-defence-journal
sta.si,Center,Cia Assesses that Kyiv Did Not Target Putin's Residence with Drones,"The US intelligence agency CIA does not believe that Ukraine targeted one of Russian President Vladimir Putin's residences in a drone attack earlier this week, several US media outlets reported on Wednesday, citing unnamed US government officials. 2 months ago",https://ground.news/interest/stasi
Novinky.cz,Lean Left,Trump Posts About Putin's Lie After Receiving Update From Cia,"U.S. national security advisers told The Wall Street Journal on Wednesday that Ukraine did not attack Russian President Vladimir Putin or one of his residences with drones. The CIA also supported this conclusion. The United States found that the Ukrainians did indeed attack in the same area as Putin's headquarters, but far from him and only on military targets. 2 months ago",https://ground.news/interest/novinkycz
Infobae,Lean Left,u.s. Intelligence Ruled Out Ukraine Attempting to Attack a Vladimir Putin Residence,"CIA officials told Wall Street Journal that Kiev was looking to hit a military target in the Novgorod region, not the Russian leader's country residence as Moscow claimed. 2 months ago · Buenos Aires, Argentina",https://ground.news/interest/infobae_343f97
TF1 INFO,Center,Attack of Drones on Putin's Residence: Cia in Turn Denies,"Russia accused Ukraine of launching 91 drones against Vladimir Putin's residence in the Novgorod area. No attack would actually have taken place, according to the CIA. - Attack of drones against a Putin residence: the CIA in turn denies (International). 2 months ago",https://ground.news/interest/tf1-info
lindependant.fr,Center,"War in Ukraine: Putin's Residence Targeted by Ukrainian Drones? Cia Refutes and Assures that Kyiv Was Targeting ""a Military Target Located in the Same Area""","On 29 December 2025, Russia accused Ukraine of targeting Vladimir Putin's residence, using drones. 2 months ago",https://ground.news/interest/lindependantfr
Bild,Right,Russia Must Have Lied: Cia: No Attack by Kiev on Putin's Residence,"Kiev is said to have attacked Putin's residence – but apparently it was just Russian propaganda. 2 months ago · Berlin, Germany",https://ground.news/interest/bild
Tagesschau,Center,"Media Reports: According to the Cia, No Attack on Putin's Residence by Kiev","Russia accuses Ukraine of attacking Kremlin chief Putin's residence. A CIA analysis is now to prove that this is not true. Thus, the intelligence service supports Ukraine's position. 2 months ago · Hamburg, Germany",https://ground.news/interest/tagesschau
La Libre,Center,"War in Ukraine: Putin's Secondary Residence Was Not the Target of the Ukrainian Attack, According to the Cia",,https://ground.news/interest/la-libre
Washington Top News,Center,The Cia Assesses that Ukraine Did Not Target Putin's Residence in the Drone Attack,"The CIA has assessed that Ukraine was not targeting a residence used by Russian President Vladimir Putin in a recent drone strike in northern Russia, according to U.S. officials, undermining a claim the Russian leader made to President Donald Trump in a phone call on Monday. CIA Director John Ratcliffe briefed Trump on the assessment Wednesday, the officials said. Russia had publicly denounced Ukraine's attempted attack on Putin's residence on M… 2 months ago · Washington, United States",https://ground.news/interest/washington-top-news
Mediazona,Left,Wsj: u.s. Intelligence Suggests that the u.s.a. Did Not Attempt to Attack Putin's Residence in Valdai; the Attack Was Aimed at a Military Facility in the Same Region.,The U.S. Central Intelligence Agency concluded that Ukrainian drones were trying to attack a military facility in No... 2 months ago,https://ground.news/interest/_57539d
South China Morning Post,Center,CIA concludes Ukraine did not target Putin’s residence in drone strike,CIA findings contradict Moscow’s allegations. Kyiv calls the claim a pretext to escalate war and stall peace talks. 2 months ago · Hong Kong,https://ground.news/interest/south-china-morning-post
France24,Center,Kyiv argues alleged attack on Putin’s home was Russian false-flag operation,"The CIA has concluded that Ukraine did not attempt to target Russian President Vladimir Putin or any of his residences in an attack earlier this week, an allegation Kyiv has firmly denied, saying the Kremlin is using the claim to harden its stance in peace negotiations aimed at ending the war in Ukraine. France24 International Affairs commentator Douglas Herbert shares his insights. 2 months ago · France",https://ground.news/interest/france24
i24NEWS,Right,Cia Denies Ukrainian Attempt at Vladimir Putin's Residence,The CIA contests the Kremlin's version and believes that Ukraine has not attempted to target Vladimir Putin's residence in a recent drone attack. 2 months ago,https://ground.news/interest/i24news
The Moscow Times,Lean Left,U.S. Finds Ukraine Did Not Attack Putin’s Valdai Residence – WSJ,"U.S. intelligence officials have concluded that Ukraine did not attack one of President Vladimir Putin’s residences earlier this week, The Wall Street Journal reported late Wednesday. 2 months ago · Amsterdam, Netherlands",https://ground.news/interest/the-moscow-times
Digi 24,Center,"After Isw, and the Cia Announced that Ukraine Did Not Target Putin's Residence in the Drone Attack.","The CIA, the U.S. intelligence agency, has assessed that Ukraine has not targeted a Russian President Vladimir Putin's residence in the recent drone attack in the north of the country, according to US officials, which contradicts the information the Russian leader has given them... 2 months ago · Romania",https://ground.news/interest/digi-24
fr.de,Lean Left,Lie Exposed to Residence Attack: Trump Shares Sharp Putin Criticism After Cia Briefing,CIA refutes Putin: There was no Ukraine attack on the residence. Trump is doing a turnaround after intelligence briefing – and is distributing against Putin. 2 months ago,https://ground.news/interest/frde
Asahi,Lean Left,"Cia Denies Russian Claim: ""Putin's Residence Was Not Attacked"" - Us Report: Asahi Shimbun","Regarding Russia's claim that Ukraine attempted to attack President Putin's official residence, the Wall Street Journal reported on December 31, 2025, that the Central Intelligence Agency (CIA) denied this claim... 2 months ago · Tokyo, Japan",https://ground.news/interest/asahi
charter97.org,Lean Left,Trump Attacked Putin because of a Fairy About an Attack on His Residence.,It is Russia that blocks the path to peace in Ukraine. 2 months ago,https://ground.news/interest/charter97org
Observador,Right,Directly/cia Did Not Find Indications that Ukraine Has Tried to Reach the Residence of the Russian President.,"The CIA communicated to Trump that Ukraine did not try to reach Putin's residence, but it would have something else to do with the North American press. Russia had declared an attempt to attack drones. 2 months ago · Portugal",https://ground.news/interest/observador
telex.hu,Lean Left,"Cia Says Ukrainians Did Not Attack Putin's Residence, Despite Russian President's Claims","The Ukrainians also deny the incident, saying that Putin is trying to justify further attacks on Ukraine. 2 months ago",https://ground.news/interest/telexhu
Daily Express,Right,Trump makes complete U-turn on Putin after CIA releases shocking new evidence,US President Mr Trump previously expressed outrage over the purported strike - but later signalled scepticism by reposting a critical New York Post editorial on Truth Social. 2 months ago · United Kingdom,https://ground.news/interest/daily-express
HuffPost It,Left,The Cia Denies the Kremlin: No Attack on Putin's Villa,"The director of CIA John Ratcliffe would have informed Trump, reports CNN. But after the words of reproach for the alleged action of Kiev the US president ... 2 months ago · Italy",https://ground.news/interest/huffpost-it
News.ro,Lean Left,"The Cia Considers that Ukraine Did Not Target Putin's Residence in the Drone Attack, Against Kremlin's Claims.","The CIA, the U.S. intelligence agency, assessed that Ukraine did not target a Russian President Vladimir Putin's residence in the recent drone attack in the north of the country, according to U.S. officials, who objected to the information received by Russian leader Donald Trump in a telephone interview, reports CNN and NBC News. 2 months ago",https://ground.news/interest/newsro
El Mundo,Right,"Ukraine-Russia War, Last Minute Live the Cia Has Found No Sign of a Ukrainian Attack on a Putin Residence, According to Wsj","The CIA has found no evidence that Kiev recently attacked a residence of Russian President Vladimir Putin with drones, they said it works. 2 months ago · Madrid, Spain",https://ground.news/interest/el-mundo
Spiegel,Lean Left,Cia Detects No Evidence of Ukrainian Attack on Putin's Residence,"Kremlin ruler Vladimir Putin accuses Ukraine of attacking one of his residences with drones. According to media reports, U.S. intelligence now has a clear verdict that there has been no such attack. 2 months ago · Germany",https://ground.news/interest/spiegel
News.de,Lean Left,Vladimir Putin Attacked?: Kremlin Lie Blown up - u.s. Intelligence Exposes Alleged Terrorist Evidence,"Vladimir Putin is firmly convinced that Ukraine has carried out a drone attack on its private residence in Waldai - but the alleged evidence presented by the Kremlin speaks a different language, and the CIA is now taking a position. 2 months ago",https://ground.news/interest/newsde
Deutschlandfunk,Center,Russian War of Attack - Reports: Cia Does Not Assume Ukrainian Attack on Putin's Residence,"According to reports, the U.S. intelligence agency CIA does not assume that Ukraine has targeted the residence of Russian President Putin, which is reported by several U.S. media, including the Wall Street Journal and CNN, on the basis of government officials. 2 months ago · Germany",https://ground.news/interest/deutschlandfunk
Firstpost News,Center,'No evidence': US intel dismisses Russia’s claim of Ukraine drone attack on Putin's home,"The United States has found no evidence that Ukraine targeted Russian President Vladimir Putin or his residence with a drone, countering Moscow’s claims. The assessment has been backed by the EU and Kyiv, which say the allegation is a distraction that risks undermining ongoing diplomatic efforts 2 months ago · Mumbai, India",https://ground.news/interest/firstpost-news
Der Tagesspiegel,Center,Cia Contradicts Putin: u.s. Intelligence Sees No Evidence for Ukraine's Attack on Residence,"Russia reports 24 dead and many injured after drone attack on Hotel + Macron announces pledges to protect Ukraine + Selenskyj: Peace agreement is completed to 90 percent + The news blog. 2 months ago · Berlin, Germany",https://ground.news/interest/der-tagesspiegel
Svenska Dagbladet,Right,Source: Cia Dismisses Russian Reports of Attack,"The CIA believes that Ukraine has not targeted a residence used by Russian President Vladimir Putin, a source familiar with the matter told CNN. 2 months ago · Stockholm, Sweden",https://ground.news/interest/svenska-dagbladet
The Korea Times,Lean Left,"Ukraine, EU officials dismiss alleged attack on Putin residence","WEST PALM BEACH, Florida — Ukrainian and European officials have rejected Moscow's claims that Ukraine targeted a personal residence of Russian President Vladimir Putin with a drone attack this week, an incident that threatens to disrupt U.S.-led peace negotiations heading into the new year. On Monday, Russian Foreign Minister Sergei Lavrov alleged that Ukraine had tried to attack Putin's residence in the northern Novgorod region with dozens of … 2 months ago · Korea, Republic of",https://ground.news/interest/the-korea-times
EADaily,Right,Wall Street Journal: The CIA has established that attempts to attack There was no Putin: EADaily,"EADaily, January 1st, 2026. The Wall Street Journal newspaper claims that the data on Kiev's attack on the residence of Russian President Vladimir Putin are allegedly not confirmed by American intelligence services. 2 months ago",https://ground.news/interest/eadaily
Eesti Rahvusringhääling,Center,Central Intelligence Agency Assesses Ukraine Did Not Attack Putin's Residence,"US officials say the Central Intelligence Agency (CIA) has assessed that Ukraine did not target Russian President Vladimir Putin's residence in the north of the country in a recent drone strike, refuting a claim the Russian leader made in a phone call to President Donald Trump on Monday. 2 months ago · Estonia",https://ground.news/interest/eesti-rahvusringhaaling
mannheim24.de,Center,"Reports: According to Cia, No Attack by Kiev on Putin's Residence","According to Moscow's accusations, the findings of the U.S. intelligence services on the alleged attack by Ukraine on Putin's residence are public. On the fronts, the fight continues at the turn of the year. 2 months ago",https://ground.news/interest/mannheim24de
Anadolu Ajansı,Right,US finds Ukraine did not target Putin in drone strike: Report,"CIA assessment found no evidence of an attempted attack on Russian president or one of his residences, The Wall Street Journal reports, citing US official - Anadolu Ajansı 2 months ago · Ankara, Türkiye",https://ground.news/interest/anadolu-ajans
Frankfurter Allgemeine,Right,Cia Should Not Believe in Attack on Putin's Residence,"The CIA intelligence agency reportedly informed Donald Trump that Ukraine was targeting other targets – not Putin personally, as Russia had complained. U.S. President Putin's criticism spreads promptly. 2 months ago · Frankfurt, Germany",https://ground.news/interest/frankfurter-allgemeine
n-tv.de,Right,"No ""Terrorist Attack"": According to the Cia, There Was No Attack on Putin's Residence","Russia, according to a Ukrainian attack on President Vladimir Putin's residence, has expressed doubts. The CIA has apparently declared to US President Trump that there was no ""terrorist attack."" 2 months ago",https://ground.news/interest/n-tvde
Zeit Online,Lean Left,Ukraine War: Cia Analysis to Contradict the Thesis of Attack on Putin's Residence,"Russia claims that Ukraine has attacked President Vladimir Putin's estate with drones. According to reports, U.S. intelligence is coming to a different conclusion. 2 months ago · Germany",https://ground.news/interest/zeit-online
The Statesman,Center,US intelligence debunks Russia’s claim of Ukrainian plot to assassinate Vladimir Putin,"US intelligence agencies say Ukraine did not attempt to target Vladimir Putin, contradicting Russia’s claim of an assassination plot. 2 months ago",https://ground.news/interest/the-statesman_fb6331
Lietuvos Radijas ir Televizija,Center,War in Ukraine. Cia Informed Trump that Ukraine Did Not Attack Putin's Residence,"Central Intelligence Agency (CIA) Director John Ratcliffe has presented the agency's... 2 months ago · Vilnius, Lithuania",https://ground.news/interest/lietuvos-radijas-ir-televizija
NZ Herald,Center,"Ukraine did not target Putin’s home, CIA finds","The CIA has determined that Ukraine did not target President Vladimir Putin of Russia or one of his residences in an attack this week, according to United... 2 months ago · Auckland, New Zealand",https://ground.news/interest/nz-herald
India TV News,Right,US intelligence debunks Russia's claim of Ukrainian drone attack plot on Putin's residence: Report,"US security officials have dismissed Russia's claim that Ukraine launched drone strikes on Vladimir Putin’s residence in an attempt to assassinate the Russian leader. The conclusion draws on an evaluation by the Central Intelligence Agency, which determined that there was no conclusive evidence of an attempted attack on Putin, ANI reported citing The Wall Street Journal (WSJ). However, the intelligence agency of the United States has declined to… 2 months ago · India",https://ground.news/interest/india-tv-news
Latestly,Right,US Intelligence Rejects Russian Claim of Ukraine Drone Plot Against Putin,"Get latest articles and stories on World at LatestLY. US intelligence has assessed that Ukraine did not target Russian President Vladimir Putin in an alleged drone incident, contradicting Moscow's claims. President Trump played down the allegation, while Ukraine denied involvement and Russia cited the incident to harden its stance in peace talks. World News | US Intelligence Rejects Russian Claim of Ukraine Drone Plot Against Putin. 2 months ago",https://ground.news/interest/latestly
The Hill,Center,Trump briefed on intelligence dismissing claim Ukraine targeted Putin’s residence,"President Trump was briefed by CIA Director John Ratcliffe at the White House on Wednesday, where he was informed that there is no evidence Ukraine launched an attack on Russian President Vladimir Putin’s residence, NewsNation’s Kellie Meyer and Kevin Bohn have learned. The briefing happened two days after Russia accused Ukraine of trying to attack… 2 months ago · Washington, United States",https://ground.news/interest/the-hill
DNyuz,Right,"Ukraine Did Not Target Putin’s Home, C.I.A. Finds","The C.I.A. has determined that Ukraine did not target President Vladimir V. Putin of Russia or one of his residences in an attack this week, according to U.S. officials, rebutting an assertion Mr. Putin made in a phone call to President Trump on Monday. John Ratcliffe, the C.I.A. director, briefed Mr. Trump on the finding, a person familiar with the matter said. Mr. Trump has not directly acknowledged the intelligence, but on Wednesday, he poste… 2 months ago",https://ground.news/interest/dnyuz
cascadepbs.org,Lean Left,Trump signals Russia is blocking path to peace in Ukraine,"The CIA has assessed that Ukraine was not targeting a residence of Russian President Vladimir Putin in a recent drone attack, a claim that Putin told President Trump, and that Trump seemed to accept. Trump now suggests that he agrees with European leaders that it’s Russia blocking the path to a peace agreement. Nick Schifrin discussed more with Angela Stent. 2 months ago",https://ground.news/interest/cascadepbsorg
Wall Street Journal,Center,U.S. Finds Ukraine Didn’t Target Putin or Residence in Alleged Drone Strike,"2 months ago · New York, United States",https://ground.news/interest/wall-street-journal
NBC Chicago,Center,"U.S. finds Ukraine did not try to kill Putin in alleged drone strike, source says","A CIA assessment concluded that Ukraine did not try to kill Russian President Vladimir Putin at his country residence as alleged by the Kremlin. 2 months ago · Chicago, United States",https://ground.news/interest/nbc-chicago
CNN,Lean Left,"CIA assesses Ukraine was not targeting a Putin residence in drone attack, contrary to Kremlin claim, sources say","The CIA has assessed Ukraine was not targeting a residence used by Russian President Vladimir Putin in a recent drone attack in the north of his country, according to US officials, undercutting an assertion the Russian president had made to Trump in a Monday phone call. 2 months ago · Atlanta, United States",https://ground.news/interest/cnn
BNO News,Center,U.S. intelligence says Ukraine did not target Putin in alleged drone operation -WSJ,"U.S. national security officials said available intelligence does not support Russia’s claim that Ukraine targeted President Vladimir Putin in an alleged drone operation, contradicting claims made by the Kremlin, according to The Wall Street Journal. The assessment was reported Wednesday by The Wall Street Journal, citing U.S. officials familiar with the matter. According to the report, a Central Intelligence Agency (CIA) review found no evidenc… 2 months ago · Tilburg, Netherlands",https://ground.news/interest/bno-news
Corriere Della Sera,Center,"Ukraine - Russia, the News About the Russian War: ""Ukrainian Raid on a Hotel in Kherson, 24 dead."" Ukrainian Drones and Putin's Dacia, Cia: ""It Wasn't the Target of the Attack""","The news of Thursday 1 January on the conflict in Ukraine, live. Ukrainian chief negotiator Umerov: ""We prepare a meeting on US and EU partners on 3 January"" 2 months ago · Italy",https://ground.news/interest/corriere-della-sera
El Universo,Right,Cia Says There Are No Signs of Ukrainian Attacks on Vladimir Putin's Residence,"The CIA has found no evidence that Kiev recently attacked with drones a residence of Russian President Vladimir Putin, according to U.S. officials quoted on Wednesday by The Wall Street Journal, which would refute the accusations made this week by Moscow. 2 months ago",https://ground.news/interest/el-universo
New York Post,Right,Putin claimed Ukraine targeted his home — but CIA says it never happened,"Russian President Vladimir Putin lied when he claimed earlier this week that Ukraine tried to kill him in a massive drone attack targeting one of his residences, according to US intelligence. 2 months ago · New York, United States",https://ground.news/interest/new-york-post
Dnevni list Danas,Lean Left,Wall Street Journal: the Us Determined that Ukraine Did Not Target Putin in the Drone Attack,"The US has determined that Ukraine did not target Russian President Vladimir Putin in the recent drone attack, The Wall Street Journal has learned. 2 months ago · Belgrade, Serbia",https://ground.news/interest/dnevni-list-danas
Hola News,Center,"Cia Found No Sign of a Ukrainian Attack on Putin’s Residence, According to Wsj","Washington, Dec 31 (EFE).- The CIA has found no evidence that Kiev recently attacked a residence of Russian President Vladimir Putin with drones, according to U.S. officials quoted this Wednesday by The Wall Street Journal, which would refute the accusations made this week by Moscow. Sources consulted by the newspaper say that Ukraine, which has denied this particular attack, was seeking to strike a military target that it had already attacked a… 2 months ago",https://ground.news/interest/hola-news
www.sme.sk,Lean Left,"Ukraine Russia Online: Us Intelligence Agencies, According to Media, Concluded that Ukraine Did Not Attack Putin's Residence","Russia has invaded Ukraine militarily. Ukraine has submitted an updated peace document to the US. Follow the latest news on the war in Ukraine. 2 months ago · Bratislava, Slovakia",https://ground.news/interest/wwwsmesk
Star Advertiser,Center,"Ukraine, E.U. officials dismiss alleged attack on Putin residence | Honolulu Star-Advertiser","WEST PALM BEACH, Florida >> Ukrainian and European officials have rejected ‌Moscow’s claims that Ukraine targeted a personal residence of Russian President Vladimir Putin with a drone attack this week, ‌an incident that threatens to disrupt U.S.-led peace negotiations heading into the new year. 2 months ago · Honolulu, United States",https://ground.news/interest/star-advertiser
India Today,Right,US intelligence finds no evidence Ukraine targeted Putin's residence,US national security officials have found no evidence that Ukraine targeted Vladimir Putin in a recent drone incident. This contradicts Moscow's claims and escalates tensions amid ongoing Russia-Ukraine conflict. 2 months ago · India,https://ground.news/interest/india-today
PBS NewsHour,Lean Left,Trump signals Russia blocking path to peace as CIA rejects Putin's drone attack claim,"The CIA has assessed that Ukraine was not targeting a residence of Russian President Vladimir Putin in a recent drone attack, a claim that Putin told President Trump, and that Trump seemed to accept. Trump now suggests that he agrees with European leaders that it’s Russia blocking the path to a peace agreement. Nick Schifrin discussed more with Angela Stent. 2 months ago · Washington, United States",https://ground.news/interest/pbs-newshour
Daily Kos,Left,WASSUP with Trump's WEIRD Post Blaming Russia for 'Standing in the Way of Peace' with Ukraine?,"Three years ago, at Vladimir Putin's direction, Russia sent troops into Ukraine on a mission to occupy and annex the nation, and to overthrow its democratically elected government. That mission was opposed by the rest of the free world including the... 2 months ago · United States",https://ground.news/interest/daily-kos
Reuters,Center,"US finds Ukraine did not target Putin in drone strike, WSJ reports",2 months ago · United Kingdom,https://ground.news/interest/reuters_fa2539
The Epoch Times,Right,France to Debate Social Media Ban for Under-15s,"The French government plans to ban children under the age of 15 from social media platforms and to prohibit cellphones in high schools from September, following similar restrictions in other countries amid growing concern over online harms to young people. France’s President Emmanuel Macron has frequently cited social media as one of the factors responsible for violence among young people and has indicated his intention to mirror Australia’s wor… 2 months ago · New York, United States",https://ground.news/interest/the-epoch-times
Origo,Right,"A Strict Decision Is Being Prepared in Europe, It Will Affect Children","France's new bill aims to protect young people online while tightening digital regulations based on international examples. 2 months ago · Budapest, Hungary",https://ground.news/interest/origohu
Kronen Zeitung,Right,"Macron: ""Social Media Are the Cause of Violence","President Emmanuel Macron thinks of a ban on the use of social media for children under the age of 15. As a model for the ban on Instagram, TikTok & Co., he serves Australia. According to reports, Macron wants to initiate the legislative process in early January. It is planned that the bans will enter into force in September. Moreover, the ban on mobile phones in schools for this age group should be extended to older pupils, reported the newspap… 2 months ago · Vienna, Austria",https://ground.news/interest/kroneat
Zeit Online,Lean Left,France: Macron Wants to Ban Social Media for Under 15-Year-Olds,"Children are to be protected from the dangers of social media in France. According to reports, the government plans to ban them from September on the Australian model. 2 months ago · Germany",https://ground.news/interest/zeit-online
Deutschlandfunk,Center,Social Media Ban - France Wants to Ban Online Platforms for Under 15-Year-Olds,"The government in France wants to ban online platforms such as Instagram and Tiktok from the fall of 2026 for all young people under the age of 15, according to a draft law from which the news agency AFP quotes. 2 months ago · Germany",https://ground.news/interest/deutschlandfunk
Politiken,Lean Left,Macron to Ban Social Media for Children by September,"French government is trying to get mobile phones out of high schools and ban social media for children under 15. 2 months ago · Copenhagen, Denmark",https://ground.news/interest/politiken
Fox News,Right,France reportedly planning to ban children under 15 from social media starting 2026,"France is planning to ban children under 15 from social media and to restrict cellphone use in high schools starting next year, local media Le Monde reported on Tuesday.The proposal aims to curb excessive screen time and shield minors from online risks such as inappropriate content. President Emmanuel Macron has repeatedly cited social media as a contributing factor to violence among young people.  ""Many studies and reports now confirm the vario… 2 months ago · New York, United States",https://ground.news/interest/fox-news_a44aba
Geo News,Right,France president 'wants to ban under-15s from social media',"France plans to ban children under 15 from social media sites and to prohibit mobile phones in high schools from September 2026, local media reported on Wednesday, moves that underscore rising public angst over the impact of online harms on... 2 months ago",https://ground.news/interest/geo-news
ABC Australia,Lean Left,France reportedly planning social media ban for under-15s,"President Emmanual Macron's government will soon submit draft legislation banning children under 15 from using social media, according to French media. 2 months ago · Australia",https://ground.news/interest/abc-australia
Reuters,Center,"Macron wants to ban under-15s from social media from September 2026, Le Monde reports","France plans to ban children under 15 from social media sites and to prohibit mobile phones in high schools from September 2026, local media reported on Wednesday, moves that underscore rising public angst over the impact of online harms on minors. 2 months ago · United Kingdom",https://ground.news/interest/reuters_fa2539
Spiegel,Lean Left,France: Emmanuel Macron Wants to Ban Social Media for Under 15-Year-Olds,"Model Australia: According to media reports, the French president plans a complete ban on social media for teenagers under the age of 15. Thus, the use of mobile phones in schools is also to become more restrictive. 2 months ago · Germany",https://ground.news/interest/spiegel
Observador,Right,France Wants to Ban Social Networks Less than 15 Years From 2026,"""We will protect our children and our adolescents from social networks and screens,"" promised Emmanuel Macron in his new year's message. The bill will be discussed shortly. 2 months ago · Portugal",https://ground.news/interest/observador
Australian Financial Review,Right,France aims to ban under-15s from social media: report,"President Emmanuel Macron wants to follow Australia whose world-first ban for under-16s on social media platforms came into force in December. 2 months ago · Sydney, Australia",https://ground.news/interest/australian-financial-review
7NEWS Australia,Right,France could be next to ban under-15s from social media,"France may become the next country to follow Australia's lead in banning social media for young teenagers, with reports it aims to do so by September 2026. 2 months ago · Australia",https://ground.news/interest/7news-australia
www.larazon.es,Right,"France Will Ban Social Networks for Children Under 15 Years of Age to Stop Digital ""Slow Poison""","France is preparing to lead a legislative revolution in Europe with the aim of protecting the mental health of the new generations. Emmanuel Macron’s government will present in the coming days a bill that aims to prohibit the use of social media platforms to children under 15 years of age from the 2026 academic year. This measure, inspired by recent Australian legislation, seeks to restrict access to giants such as Facebook, TikTok, Instagram an… 2 months ago · Spain",https://ground.news/interest/wwwlarazones
Deutsche Welle,Center,France plans social media ban for children under 15: reports,"After Australia's world-first social-media ban for minors, France has drafted a similar law to block under-15s from major platforms, which could take effect from September. 2 months ago · Bonn, Germany",https://ground.news/interest/deutsche-welle
Le Parisien,Right,Prohibition of Social Networks for Children Under 15 and Mobile Phones in High School: How the Executive Wants to Speed Up,"The truce of confectioners barely ended, which business was already resuming at high speed V for the executive. A few hours before the vows to the French d'Emmanuel Macron from Wednesday 31 December to the evening, the government specified its much awaited bill to ban social networks to the under 15s and the use of mobile phones in high school.A text of only two pages — to ""be effective and legally fixed"", dixit entourage of the head of state — … 2 months ago · Paris, France",https://ground.news/interest/le-parisien
delo.si,Lean Left,France Imposes Strict Restrictions on Young People on Social Media and in Schools,"The initiative adopted by the Senate includes, among other things, a requirement for parental consent for children between the ages of 13 and 16 to register on online social media platforms. 2 months ago",https://ground.news/interest/delosi
Telegrafi,Lean Left,France to Follow Australia's Example on Social Media,"France is set to follow Australia's lead and ban social media platforms for children under 15 from the start of the 2026 school year, in September. The bill banning under-15s from using social media will be submitted for legal scrutiny and is expected to be debated in parliament early next year. French President Emmanuel Macron has made it clear in recent weeks that he wants France to quickly follow Australia's model, which imposed a ban on unde… 2 months ago",https://ground.news/interest/telegrafi
Radio-Canada,Lean Left,France: Ban on Social Media for Children Under 15 Years of Age?,"A bill providing for this prohibition is to be discussed in Parliament shortly, for possible entry into force in 2026. 2 months ago · Montreal, Canada",https://ground.news/interest/radio-canada
Globo,Right,France Plans to Ban Social Networks for Children Under 15 Years of Age,"France wants to protect children from excessive exposure to screens and proposes to prohibit access to social networks for less than 15 years from September 2026, according to a draft law revised by the AFP. The initiative is with the support of President Emmanuel Macron, who stated at the beginning of this month that Parliament should start discussing the proposal in January. Similar measures: a new law restricts feed of social networks and acc… 2 months ago · Brazil",https://ground.news/interest/globo
El Mundo,Right,Macron Announces the Ban on Social Networks in France for Children Under 15,"Emmanuel Macron will launch a bill to ban the use of social media for children under 15 years of age from next week. The president himself has anticipated... 2 months ago · Madrid, Spain",https://ground.news/interest/el-mundo
The European Conservative,Right,France Mulls Social Media Ban for Children Under 15,"France will make a fresh attempt to protect children from excessive screen time, proposing a ban on social media access for children under 15 by next September, according to a draft law seen by AFP. The initiative is backed by President Emmanuel Macron, who said earlier this month that parliament should start debating such a proposal in January. Australia this month imposed a social media ban on under 16s, in a world first. “Many studies and rep… 2 months ago",https://ground.news/interest/the-european-conservative
The Journal,Lean Left,France eyes Australia-style ban on social media for under-15s next year,A draft law proposes introducing the measure by next September. 2 months ago · Ireland,https://ground.news/interest/the-journal_0d766b
sta.si,Center,France Plans to Ban Access to Social Media for Under-15s,"France is preparing a law that could ban access to social media for those under 15 from autumn next year, the French news agency AFP reports. The French Senate this month backed an initiative to protect teenagers from excessive use of social media, which is also supported by President Emmanuel Macron. 2 months ago",https://ground.news/interest/stasi
France24,Center,"France Is Also Preparing to Follow the ""Australian Model"" and Is Preparing to Implement a Social Media Ban for Minors Under 15.",2 months ago · France,https://ground.news/interest/france24
TVA Nouvelles,Lean Left,France Wants to Ban Social Networks for Children Under the Age of 15 From the Beginning of 2026,"The French government wants to ban social networks for children under the age of 15 from the start of school in 2026. 2 months ago · Montreal, Canada",https://ground.news/interest/tva-nouvelles
Radio France Internationale,Center,France: the Government Wants to Ban Social Networks for Children Under 15 as of September 2026,"The French government wants to ban access to social networks for children under the age of 15 by the school year of September 2026. The use of mobile phones, already prohibited from kindergarten to college, could also be banned in high school. 2 months ago · Paris, France",https://ground.news/interest/radio-france-internationale
Irish Examiner,Lean Left,France plans social media ban for under-15s from September 2026,"Draft bill to be submitted for legal checks as France aims to follow Australia’s world-first ban on platforms including Facebook, Snapchat and YouTube 2 months ago · Ireland",https://ground.news/interest/irish-examiner
Euro Weekly News,Lean Left,Macron plans teen social media ban France 2026,"France’s President Macron is pushing forward with new first-in-Europe legislation to prohibit social media access for minors under 15 and a ban on mobile phone use in secondary schools, with implementation expected for the 2026 school year. The French government has drafted a concise two-article bill, which is expected to be presented in early January, just after the Christmas recess… Source 2 months ago · Spain",https://ground.news/interest/euro-weekly-news
InsideNoVA.com,Center,France plans social media ban for children under 15,"France will make a fresh attempt to protect children from excessive screen time, proposing a ban on social media access for children under 15 by next September, according to a draft law seen by AFP. 2 months ago",https://ground.news/interest/insidenovacom
Eesti Rahvusringhääling,Center,France Plans to Ban Social Media for Children Under 15,France plans to ban children from social media platforms from the start of the 2026 school year. A bill banning the use of social media by those under 15 is being submitted for legal review and is expected to be tabled in parliament early in the new year. 2 months ago · Estonia,https://ground.news/interest/eesti-rahvusringhaaling
444.hu,Lean Left,France to Ban Social Media for Under-15s,"France plans to follow Australia in banning social media platforms for under-15s from the start of the 2026 school year, following in the footsteps of the UK. A draft law that would prevent under-15s from using social media has now been submitted for legal review and is expected to be debated in parliament early next year. French President Emmanuel Macron has made it clear in recent weeks that France wants to quickly follow Australia's world-fir… 2 months ago · Hungary",https://ground.news/interest/444hu
charentelibre.fr,Center,Towards the End of Social Networks Before 15 Years ? the Screw Trick Is Getting Ready for Next Year,"By the beginning of next year, people under the age of 15 could be excluded from social networks. A bill has to be discussed in Parliament in early 2026 to introduce a ""digital majority"" and expand 2 months ago",https://ground.news/interest/charentelibrefr
EURACTIV,Lean Left,France to propose banning under-15s from social media as of September,"The government will present a law for parliament discussion in early 2026 2 months ago · Brussels, Belgium",https://ground.news/interest/euractiv
ladepeche.fr,Lean Left,Social Media Banned for Children Under 15 Years of Age as Soon as They Get Back to School? What the Bill Contains Soon to Be Discussed in Parliament,"In January, Parliament will be discussing the new digital law to introduce a digital majority of 15 years. The text also intends to ban mobile phones in high school. 2 months ago",https://ground.news/interest/ladepechefr
Capital.fr,Right,The Government Wants to Ban Social Networks for Teenagers Under 15 Years of Age as Early as the Start of the 2026 School Year.,"Cyberharassment, sleep disorders, exposure to shocking content... To limit the risks associated with screens, the government is preparing a screwdrive on the digital uses of teenagers. A bill plans to ban social networks to children under the age of 15 and to extend the ban on the smartphone in high school as early as September 2026. 2 months ago",https://ground.news/interest/capitalfr
valeursactuelles.com,Right,The Government Wants to Ban Social Networks for Children Under the Age of 15,"On January 8th, a government bill will be examined by the Council of State to ban social networks for children under the age of 15 as early as September 2026.... Article The government wants to ban social networks for children under the age of 15 from the beginning of the year 2026 appeared first on current values. 2 months ago",https://ground.news/interest/valeursactuellescom
actu.fr,Center,"France Wants to Ban Social Networks for Children Under 15 Years of Age, From the Beginning of September 2026","This bill, which also includes a ban on mobile phones in high school, will be considered as early as January 2026. 2 months ago",https://ground.news/interest/actufr
The Local - Fr,Lean Left,French government wants to ban social media for under-15s from 2026,"The French government wants to ban social media for under-15s from September 2026, according to a draft law seen by AFP which will be discussed in parliament in the new year. 2 months ago · France",https://ground.news/interest/the-local-fr
Le Monde,Lean Left,The Government Wants to Ban Social Networks for Children Under 15 Years of Age From the Beginning of 2026,"In this bill, which is to be discussed in Parliament in early 2026, the executive also intends to extend the ban on the use of mobile phones to high school. 2 months ago · Paris, France",https://ground.news/interest/le-monde
Le Télégramme,Center,France Wants to Ban Social Networks for Children Under 15 as of September 2026,"According to a bill, the French government wants to ban social networks for children under the age of 15 as of September 2026, but also to extend the ban on mobile phones to high school. 2 months ago",https://ground.news/interest/le-telegramme
Liberation,Lean Left,Social Networks: the Government Intends to Ban Them for Children Under the Age of 15 From the Beginning of 2026,"A bill will be introduced next week. It contains two articles: one to ban 0-14 years of age from travelling to the relevant platforms, and the other to ban the phone in high school. 2 months ago · Paris, France",https://ground.news/interest/liberation
La Libre,Center,France Wants to Ban Social Networks for Children Under 15,"The government wants to ban social networks for children under the age of 15 as soon as the coming year, according to a bill consulted by the AFP and to be discussed in Parliament at the beginning of 2026. ... 2 months ago · Brussels, Belgium",https://ground.news/interest/la-libre
Le Figaro,Right,The Government Wants to Ban Social Networks for Children Under 15 From 1 September 2026,"In a second article, the bill intends to extend the ban on the use of mobile phones to high school. 2 months ago · Paris, France",https://ground.news/interest/le-figaro
lindependant.fr,Center,Mobile Phones in High School and Social Networks Before 15 Years Soon Banned ? the Bill Is Written and Will Be Discussed in Early January,"The bill was drafted in a way that respected European law. A crucial point, while previous legislation setting the digital majority at 15 years of age had never been able to come into force because of the... 2 months ago",https://ground.news/interest/lindependantfr
franceinfo.fr,Lean Left,Info Franceinfo. the Government Wants to Ban Social Networks for Children Under 15 and the Use of Mobile Phones in High School as of September 2026,"The bill contains only two articles: the first provides for a ban on access to social networks for young people under 15 years of age, and the second aims to ban the use of mobile phones in high school. 2 months ago",https://ground.news/interest/franceinfofr
turi2,Right,"News Ticker of January 2, 2025.","Deutschlandfunk presents 2026 under the theme ""The Right of the Stronger: How to Reorganize the World"". presseportal.de ProSieben launches next ""GNTM"" relay on February 11 with the men, one day later with women. presseportal.de Audio platform ORF Sound takes five more private radios and six free radios into its portfolio. radioszene.de France's President Emmanuel Macron wants to ban social media for under 15-year-olds. mirror.de 2 months ago",https://ground.news/interest/turi2
EU Observer,Lean Left,EU points to Russia in Finland cable attack,"Russia is suspected of starting the new year by escalating anti-EU hybrid warfare with another cable-cutting attack in the Baltic Sea. 2 months ago · Brussel, Belgium",https://ground.news/interest/eu-observer
Expressen,Right,Here the Freighter Fitburg Is Being Unloaded of Russian Steel – Two Have Been Arrested,"The ship Fitburg is suspected of having broken a cable in the Gulf of Finland. The ship was carrying Russian steel products subject to EU sanctions, according to the Finnish Customs. The cargo has been seized. Two crew members have been arrested. 2 months ago · Stockholm, Sweden",https://ground.news/interest/expressen
The Morning News,Center,Finnish Authorities Detain Ship Over Undersea Cable Sabotage Suspicion,"Could a ship dragging its anchor spark an international investigation? Apparently, yes.Finnish police have detained the Fitburg, a cargo vessel sailing from Russia to Israel. It was suspected of damaging an undersea telecoms cable linking Helsinki and Estonia.All 14 crew members—Russian, Georgian, Kazakh, and Azerbaijani nationals—were arrested. Fortunately, the telecom operator Elisa said its services weren’t affected, with data quickly reroute… 2 months ago",https://ground.news/interest/the-morning-news
Die Presse,Right,Finland Seized Ship After Damage of Submarine Cable,"The ship was said to have transported Russian steel when it destroyed a communication cable with a lowered anchor. Finland captured 14 crew members. 2 months ago · Vienna, Austria",https://ground.news/interest/die-presse
El Pais,Lean Left,Finland Seizes Ship From Russia Suspected of Sabotaging a Cable in the Baltic Sea,"On Wednesday, the Finnish authorities intercepted a ship from Russia, suspected of sabotaging a submarine telecommunications cable from Helsinki to Estonia, through the Gulf of Finland. The cargo ship, Fitburg, made the route from St. Petersburg to the port of Haifa, in Israel, according to the Finnish Border Guard. The incident coincided with an increase in hybrid attacks by the Kremlin in the Baltic Sea area, bordered by countries members of t… 2 months ago · Spain",https://ground.news/interest/el-pais
Anadolu Ajansı,Right,EU says closely following Helsinki-Tallinn submarine cable disruption,"Antonio Costa stresses protecting critical infrastructure with Baltic, EU partners - Anadolu Ajansı 2 months ago · Ankara, Türkiye",https://ground.news/interest/anadolu-ajans
The Moscow Times,Lean Left,Finland Seizes Cargo Ship Suspected of Damaging Undersea Cable,"Finnish police said Wednesday that they had seized a cargo vessel suspected of damaging a telecommunications cable linking Helsinki and Tallinn earlier in the Gulf of Finland. 2 months ago · Amsterdam, Netherlands",https://ground.news/interest/the-moscow-times
Kyiv Post,Lean Left,Finnish Police Detain Russia-Linked Vessel Over Suspected Undersea Cable Sabotage,"NATO has warned that undersea cables form a critical part of global infrastructure and are exposed to sabotage or hybrid tactics that could disrupt both civilian life and military communications. 2 months ago · Kyiv, Ukraine",https://ground.news/interest/kyiv-post
Zero Hedge,Right,Finnish Police Seize Russia-Linked Ship Accused Of Cutting Undersea Cable,"ZeroHedge - On a long enough timeline, the survival rate for everyone drops to zero 2 months ago · United States",https://ground.news/interest/zero-hedge
Benzinga,Center,Finnish Authorities Seize Russian Cargo Liner After Suspected Undersea Telecom Cable Sabotage: Report,"Finnish authorities seize Russian cargo ship suspected of sabotaging undersea cables in Gulf of Finland amid Russia-Ukraine conflict. 2 months ago · New York, United States",https://ground.news/interest/benzinga
The Kyiv Independent,Lean Left,Finland detains Russia-linked ship suspected of sabotage,"Early in the morning on Dec. 31, the Finnish telecommunications service provider Elisa reported that an undersea cable linking Finland and Estonia had been damaged. The cargo ship Fitburg, sailing from Russia, may have been responsible. 2 months ago · Kyiv, Ukraine",https://ground.news/interest/the-kyiv-independent
Le Parisien,Right,"A ""Criminal Act""? Finland Seizes a Russian Ship, Suspected of Having Damaged a Cable in the Baltic Sea","New sabotage or simple accident? Finnish police announced on Wednesday that they had seized a ship from Russia suspected of having damaged, a submarine telecommunications cable between Helsinki (Finland) and Tallinn (Estonia).The Finnish Coast Guard identified the ship, called Fitburg, a 132-metre-long cargo ship flying the flag of Saint Vincent and the Grenadines, from St. Petersburg, to Russia, for Haifa, Israel. Fourteen crew members from Rus… 2 months ago · Paris, France",https://ground.news/interest/le-parisien
Euro Weekly News,Lean Left,Finland reports damage to submarine cable linking Estonia and detains nearby vessel,Finnish authorities have confirmed that a submarine communications cable connecting Finland and Estonia suffered significant damage on December 31. 2 months ago · Spain,https://ground.news/interest/euro-weekly-news
Politico Europe,Lean Left,Finland detains Russian-crewed ship after another subsea cable damaged,"Finnish authorities suspect “aggravated sabotage” of a cable linking Finland and Estonia. 2 months ago · Brussels, Belgium",https://ground.news/interest/politico-europe
The US Sun,Right,Putin ‘shadow ship’ SEIZED in Baltic after 'dragging anchor to damage cables',"FINNISH police have seized a cargo ship, suspected of causing significant damage to an undersea telecoms cable. The vessel - named The Fitburg... 2 months ago · New York, United States",https://ground.news/interest/the-us-sun
Al Jazeera,Lean Left,Finland seizes ship sailing from Russia after suspected cable sabotage,New telecommunications cable damage discovered in Finland’s exclusive economic zone. 2 months ago · Qatar,https://ground.news/interest/al-jazeera_1a2e2c
Hot News,Lean Left,"Estonia Has Detected Problems in Five Submarines, Including the Damaged in Finland - hotnews.ro","The authorities in Estonia acknowledged on Wednesday that there were problems in five sub-sealed telecommunications cables, including those that determined the initiation of an investigation in Finland against a ship suspected of causing damage... 2 months ago · Romania",https://ground.news/interest/hot-news
The Canberra Times,Lean Left,Finland seizes ship sailing from Russia,"Finland has seized the vessel Fitburg traveling from Russia on suspicion of it sabotaging an undersea cable. 2 months ago · Canberra, Australia",https://ground.news/interest/the-canberra-times
charter97.org,Lean Left,A Ship Leaving Russia Was Detained in the Gulf of Finland.,He's suspected of damage to submarine cables. 2 months ago,https://ground.news/interest/charter97org
20minutos,Center,Finland Reports Damage to a Submarine Cable Connecting with Estonia and Detains an Anchored Ship in the Immediate Vicinity,"On Wednesday, Finland’s telecommunications operator Elisa reported damage to one of her submarine cables that connects with Estonia. The country’s authorities have confirmed the arrest of a ship anchored in the vicinity of the site of the damage, as well as its 14 crew members. In a statement published on its website, Elisa speaks of a “disturbation” on the cable, detected around 5.00 local time (4.00 Spanish peninsular time). “The police has an… 2 months ago · Madrid, Spain",https://ground.news/interest/20minutos
The Epoch Times,Right,Finnish Authorities Detain Suspect Vessel Following Damage to Undersea Cable,"Finnish authorities on Wednesday took control of a vessel they believe may have been responsible for damaging an undersea telecommunications cable running between Finland and Estonia. The suspect vessel may have dragged its anchor across the undersea cable. Telecommunications company Elisa initially detected a fault in one of its undersea cables running across the Gulf of Finland from the Finnish capital Helsinki to the Estonian capital Tallinn … 2 months ago · New York, United States",https://ground.news/interest/the-epoch-times
BBC News,Center,Finnish police seize ship suspected of sabotaging undersea telecoms cable,"Police arrested 14 crew members on the ship sailing from St Petersburg, Russia, to the Israeli port of Haifa. 2 months ago · United Kingdom",https://ground.news/interest/bbc-news_bf95f4
europapress.es,Center,Finland Reports Damage to a Submarine Cable and Stops a ship...,"The Estonian Prime Minister dismisses for now that the detained ship belongs to the ""float in the shadow"" of... 2 months ago · Spain",https://ground.news/interest/europapresses
Radio Free Europe/ RadioLiberty,Center,Vessel Held In Finland After Suspected Baltic Cable Sabotage,"Finnish authorities seized a cargo vessel in the Baltic Sea that is suspected of damaging underwater cables in Estonian waters in a possible sabotage incident, police in Helsinki told reporters. 2 months ago · Czechia",https://ground.news/interest/radio-free-europe-radioliberty
The Maritime Executive,Center,Finland Detains General Cargo Ship Suspected of Damaging Subsea Cables,Finnish authorities moved quickly to find and detain a vessel suspected of damaging subsea telecommunications cables running between Estonia and Finl... 2 months ago,https://ground.news/interest/maritime-executivecom
Kronen Zeitung,Right,Vessel Fixed: Sabotage Alarm in Finland,"After the damage of a submarine communication cable in the Baltic Sea, the Finnish Coast Guard has established a suspicious ship. Apparently, a connection between Finland and Estonia has been targeted. As the police reported in Finland, telecommunications provider Elisa reported in the morning a damage in a cable connecting the Finnish capital Helsinki with Estonia's capital Tallinn. Finnish police reported in a press conference that it was a fr… 2 months ago · Vienna, Austria",https://ground.news/interest/kroneat
France24,Center,Finland seizes ship sailing from Russia after suspected undersea cable sabotage,"Finnish authorities seized a vessel on Wednesday, suspected of sabotaging an undersea telecommunications cable in the Baltic Sea. 2 months ago · France",https://ground.news/interest/france24
Il Fatto Quotidiano,Lean Left,Damaged Submarine Cables in the Baltic Sea: Seized Russian Ship,"Read on Il Fatto Quotidiano.it: two submarine cables have been damaged between Sweden, Finland and Estonia. 2 months ago · Rome, Italy",https://ground.news/interest/il-fatto-nuotidiano
The Straits Times,Right,Finland seizes ship sailing from Russia after suspected cable sabotage in Baltic Sea,"The cargo vessel, Fitburg, was dragging its anchor in the sea, officials said. Read more at straitstimes.com. 2 months ago · Singapore",https://ground.news/interest/the-straits-times_9bb9e6
Schweizer Radio und Fernsehen (SRF),Lean Left,In Front of Estonia Sea Cables Are Damaged – Finland Establishes Ship,"Once again, a cable is damaged in the Baltic Sea. A ship with an anchor chain is suspected. 2 months ago · Zürich, Switzerland",https://ground.news/interest/schweizer-radio-und-fernsehen-srf
La Vanguardia,Center,Finland Seizes a Ship for Damaging a Submarine Cable in the Baltic Sea,"Finnish police reported Wednesday that they had seized a ship suspected of damaging a submarine telecommunications cable going from Helsinki to the capital of Estonia, Tallinn, through the Gulf of Finland, an area that has been affected by alleged sabotages over the past two years.Continue reading... 2 months ago · Granada, Spain",https://ground.news/interest/la-vanguardia
vrt,Center,Cargo Ship en Route From Russia to Israel Intercepted After Damage to Submarine Cable,"Finnish authorities have seized a cargo ship suspected of damaging a telecom cable in the Gulf of Finland, part of the Baltic Sea. The ship was en route from Russia to Israel. 2 months ago · Antwerp, Belgium",https://ground.news/interest/vrt
Dnevni list Danas,Lean Left,Finland and Estonia Are Investigating Damage to an Underwater Telecommunications Cable,"Authorities in Finland and Estonia have begun an investigation into this morning's damage to an underwater telecommunications cable in the Gulf of Finland, between the capitals of the two countries. 2 months ago · Belgrade, Serbia",https://ground.news/interest/dnevni-list-danas
Tagesschau,Center,Finland Commits Ship After Damage to Submarine Cable,"Once again, a submarine cable is damaged in the Baltic Sea. There is a ship suspected of being found with an anchor chain dropped. Police are investigating several offenses. 2 months ago · Hamburg, Germany",https://ground.news/interest/tagesschau
Evening Standard,Center,Russian ship seized by Finnish authorities for 'damaging undersea cables',"The captured cargo vessel left St Petersburg and was travelling between Finland’s capital Helsinki and Tallinn in Estonia 2 months ago · London, United Kingdom",https://ground.news/interest/evening-standard
Daily Express,Right,NATO member 'apprehends Russian ship' after critical undersea cable damaged,"Authorities stopped and inspected a suspected vessel after its anchor chain was seen dragging, and police say 14 crew members have been detained 2 months ago · United Kingdom",https://ground.news/interest/daily-express
Globo,Right,Finland Seizes Ship Suspected of Damaging Cables in the Baltic Sea.,The country's president stated that he is monitoring the situation. 2 months ago · Brazil,https://ground.news/interest/globo
444.hu,Lean Left,Finnish Police Seize Ship Suspected of Damaging Undersea Cable,"Finnish police have seized a ship suspected of damaging an undersea cable between Helsinki and Tallinn, the Guardian reports. Finnish authorities say the ship is believed to be “responsible for the damage to the cable”; the line is owned by telecommunications company Elisa and is located in Estonia’s exclusive economic zone. No details about the seized ship have been released. The cable was damaged in the Gulf of Finland, which is part of the Ba… 2 months ago · Hungary",https://ground.news/interest/444hu
Sky News UK,Center,Finland police seize vessel suspected of damaging Baltic Sea cable,Finnish police have seized a cargo vessel suspected of damaging an undersea cable. 2 months ago · United Kingdom,https://ground.news/interest/sky-news
RTÉ,Center,Finland seizes ship accused of cable damage in Baltic Sea,"Finnish authorities boarded and ⁠seized a cargo vessel called Fitburg, ‍after it was suspected of having damaged underwater cables in the Baltic Sea, Finnish police told a press conference. 2 months ago · Ireland",https://ground.news/interest/rte
Frankfurter Allgemeine,Right,Finland Confiscates Ship After Cable Breakage in Baltic Sea,"Finland's authorities have confiscated a suspicious vessel, which is said to have damaged a data cable with an anchor – and came from Russia. 2 months ago · Frankfurt, Germany",https://ground.news/interest/frankfurter-allgemeine
Aftonbladet,Left,"Cable Break Between Sweden, Finland and Estonia","Two fiber optic cables in the Baltic Sea have been damaged. The cables belong to telecommunications operators. Finnish authorities have seized a ship that was at the scene. 2 months ago · Stockholm, Sweden",https://ground.news/interest/aftonbladet
20 Minutes,Lean Left,A Vessel Stopped After Damage on a Telecommunications Cable in the Baltic Sea,"The vessel, the origin of which has not been disclosed, is suspected of having damaged a telecommunications cable connecting Helsinki to Tallinn, in the Gulf of Finland 2 months ago · France",https://ground.news/interest/20-minutes
Il Post,Lean Left,Finland Has Seized a Ship Suspected of Having Damaged a Submarine Cable,2 months ago · Italy,https://ground.news/interest/il-post
NOS,Right,Finland Seizes Cargo Ship After Suspected Sabotage of Submarine Cable,"Finnish authorities have seized a vessel in the Gulf of Finland suspected of damaging an undersea data cable. Fourteen crew members were arrested in the investigation into the suspected sabotage, Finnish police announced at a press conference. The crew members are Russian, Georgian, Kazakh, and Azerbaijani nationals. The cargo ship Fitburg sails under the flag of Saint Vincent and the Grenadines, an archipelago in the Caribbean. The 132-meter-lo… 2 months ago · Netherlands",https://ground.news/interest/nos_4ae905
www.t-online.de,Lean Left,Russian Sabotage in the Baltic Sea Again? Finland Sets Ship,"In the Baltic Sea, another submarine cable is damaged. There is a ship suspected of belonging to Russia's shadow fleet. Finnish police are investigating. 2 months ago",https://ground.news/interest/wwwt-onlinede
Welt,Right,Critical Infrastructure: Communication to Estonia Disturbed – Finland Establishes Suspicious Ship,"In the Baltic Sea a submarine cable was damaged again. Now a ship is suspected because it was caught with an anchor chain dropped. Police are investigating for further offenses. 2 months ago · Dortmund, Germany",https://ground.news/interest/welt
PerthNow,Center,Finland suspects ship of damaging cable in Baltic Sea,"Finland says it has seized a another ship it suspects of damaging an undersea telecomms cable. 2 months ago · City of Perth, Australia",https://ground.news/interest/perthnow
Spiegel,Lean Left,Baltic Sea: Finland Confiscates Ship After Cable Damage,"After a disturbance of ""critical underwater infrastructure"" Finland has located and taken over a suspicious ship. The incident is similar to the action of the Russian ""shadow fleet"". 2 months ago · Germany",https://ground.news/interest/spiegel
El Financiero,Right,Finland Takes Ship for Damage to Telecommunications Submarine Cable · Global Voices,"Finland's authorities took control of a ship suspected of causing damage to a telecommunications cable, initiating a criminal investigation into the latest reported incident affecting submarine links in the Baltic Sea.The Finnish Border Guard intercepted the ship this Wednesday after Elisa Oyj detected a fault in a cable between Helsinki and Tallinn early in the morning, police reported in a statement.It was found that the ship's anchor chain wa… 2 months ago · Mexico",https://ground.news/interest/el-financiero
Bild,Right,Cable Destroyed in the Baltic Sea Between Helsinki and Tallin: Finland Establishes Ship,"A Finnish sea cable was destroyed, investigations were carried out against a suspicious ship. 2 months ago · Berlin, Germany",https://ground.news/interest/bild
South China Morning Post,Center,‘Criminal damage’: Finland police say ship seized after cable damage,"Various energy and telecommunications infrastructure has been hit in recent years, with many leaders and experts suspecting Russia. 2 months ago · Hong Kong",https://ground.news/interest/south-china-morning-post
Digi 24,Center,Security Alert in the Baltic Sea. Finnish Police Hacked a Ship After a Cable Crash,"The Finnish police kidnapped a suspect ship that would have had a cable of telecommunications in the Finnish Gulf, a cable that links Helsinki to Tallinn after an anomaly was reported on the submarine infrastructure. The incident took place in the Sea... 2 months ago · Romania",https://ground.news/interest/digi-24
censor.net,Lean Left,"Finland Has Taken Control of the Ship Due to Damage to a Telecom Cable in the Baltic Sea,",The Finnish border service intercepted a vessel suspected of damaging a cable between Helsinki and Tallinn and launched a criminal investigation into the incident. 2 months ago,https://ground.news/interest/censornet_caee9a
franceinfo.fr,Lean Left,Finnish Police Seizes Ship Suspected of Damaged Telecommunications Cable in Baltic Sea,"In recent years, several energy and communication infrastructures, including submarine cables and pipelines, have been damaged in this area. No details of the ship's origin have been disclosed. 2 months ago",https://ground.news/interest/franceinfofr
www.larazon.es,Right,Hybrid War in the Baltic? Finland Captures a Ship After the Mysterious Cutting of a Submarine Cable,"The Finnish police announced this Wednesday that they are investigating a ship as suspected of the possible breakage of a submarine telecommunications cable in the Baltic Sea connecting Finland and Estonia, in what could be a new episode of sabotage of critical infrastructure in the area. The police, in collaboration with other authorities, started the investigation after the Finnish teleoperator Elisa reported on this day that it had detected a… 2 months ago · Spain",https://ground.news/interest/wwwlarazones
n-tv.de,Right,Undersea Cable Damaged: Finland Arrests Suspicious Ship in the Baltic Sea,"A year ago, a ship attributed to the Russian shadow fleet damaged important cables in the Baltic Sea. Finland is now reporting a similar incident. The Coast Guard is bringing a suspicious ship into its control. 2 months ago",https://ground.news/interest/n-tvde
The Telegraph,Right,Russian Crew Detained After Undersea Cable Cut in 'Sabotage',"2 months ago · London, United Kingdom",https://ground.news/interest/the-telegraph
Zeit Online,Lean Left,Communication Cable Damaged: Finnish Coast Guard Arrests Suspicious Ship,"In the Baltic Sea, another submarine cable has been damaged, and the Finnish Coast Guard then established a suspicious ship and initiated an investigation. 2 months ago · Germany",https://ground.news/interest/zeit-online
Newsmax,Right,Finland's President: Ship Suspected of Causing Undersea Cable Damage,"Finnish authorities have inspected a vessel suspected of causing undersea cable damage in the ⁠Gulf of Finland, President Alexander Stubb said ​on Wednesday. 2 months ago · Washington, United States",https://ground.news/interest/newsmax
Deutsche Welle,Center,Finland seizes vessel suspected of damaging undersea cable,"European countries are on high alert following a series of suspected sabotage attacks on underwater cables and pipelines. 2 months ago · Bonn, Germany",https://ground.news/interest/deutsche-welle
Deutschlandfunk,Center,Baltic Sea - Finland Establishes Ship After Damage to a Sea Cable,The Finnish authorities have set up a vessel in the Gulf of Finland after a damage to a submarine cable has been reported. 2 months ago · Germany,https://ground.news/interest/deutschlandfunk
Al Arabiya,Right,Finland suspects ship of causing undersea cable damage: President,2 months ago · Saudi Arabia,https://ground.news/interest/al-arabiya
Bloomberg,Lean Left,Finland Takes Control of Ship Suspected of Undersea ...,2 months ago · United States,https://ground.news/interest/bloomberg
The Washington Post,Lean Left,Authorities investigating damage to undersea telecom ...,2 months ago,https://ground.news/interest/the-washington-post
sta.si,Center,Finland Seizes Vessel After Telecommunications Cable Damage in Gulf of Finland,Finnish police today seized a vessel that was suspected of damaging a telecommunications cable running in the Gulf of Finland between the Finnish capital Helsinki and the Estonian capital Tallinn a few hours earlier. Police did not disclose details about the vessel. 2 months ago,https://ground.news/interest/stasi
Associated Press News,Lean Left,Authorities investigating damage to undersea telecom cable in Gulf of Finland,Authorities are investigating damage to an undersea telecommunications cable in the Gulf of Finland that occurred between the capitals of Finland and Estonia. 2 months ago · United States,https://ground.news/interest/associated-press-news
CNN,Lean Left,Finland detains ship and its crew after critical undersea cable damaged,"Finland has detained a ship and its crew after a critical undersea telecommunication cable connecting the country to Estonia was damaged Wednesday, Finnish authorities said. 2 months ago · Atlanta, United States",https://ground.news/interest/cnn
Helsinki Times,Lean Left,Cargo ship seized after undersea cable damage in Gulf of Finland,"Finnish authorities have detained the cargo vessel Fitburg in connection with damage to an undersea telecoms cable between Helsinki and Tallinn. The vessel, flagged to Saint Vincent and the Grenadines, is suspected of serious criminal activity in the Gulf of Finland. 2 months ago · Finland",https://ground.news/interest/helsinki-times
Reuters,Center,"Finland suspects ship of causing undersea cable damage, president says",2 months ago · United Kingdom,https://ground.news/interest/reuters_fa2539
La Libre,Center,Voltages in the Baltic Sea: Finland Seizes a Ship After Damage to a Telecommunications Cable,"The Finnish police announced that they had seized a vessel suspected of causing damage to a telecommunications cable connecting Helsinki to Tallinn, in the Gulf of Finland. ... 2 months ago · Brussels, Belgium",https://ground.news/interest/la-libre
Novinky.cz,Lean Left,"Further Damage to Submarine Cables, Finns Seize Ship Sailing From Russia","Damage to an undersea cable was discovered in the Gulf of Finland on Wednesday morning. Shortly after noon, authorities announced that they had detained a ship suspected of causing the damage. It is believed to be the Fitburg, a vessel heading from Russia to Israel. Whether a deliberate crime was committed is now under investigation. 2 months ago",https://ground.news/interest/novinkycz
Xinhua,Left,Finland Detains Vessel over Suspected Undersea Cable Damage,Finland detains vessel over suspected undersea cable damage 2 months ago · China,https://ground.news/interest/newscn
Lietuvos Radijas ir Televizija,Center,Ship Suspected of Damaging Another Submarine Cable Detained in Finland,"Finnish authorities have inspected a ship suspected of damaging a cable in the Gulf of Finland, the country's President Alexander Stubbs said on Wednesday. 2 months ago · Vilnius, Lithuania",https://ground.news/interest/lietuvos-radijas-ir-televizija
Dagens Nyheter.,Right,New Cable Breaks in the Gulf of Finland – Ships Seized,"Finnish police have taken a vessel and 14 crew members into custody after two submarine cables in the Gulf of Finland were damaged on… 2 months ago · Stockholm, Sweden",https://ground.news/interest/dagens-nyheter
Svenska Dagbladet,Right,Swedish Cable Damaged − Ship Seized,"A ship has been seized after a data communication cable between Helsinki and Tallinn was damaged in the Gulf of Finland. A Swedish cable was also damaged, according to the Estonian Ministry of Justice. 2 months ago · Stockholm, Sweden",https://ground.news/interest/svenska-dagbladet
Devdiscourse,Center,Finnish Ship Inspection Amid Undersea Cable Concerns,Finnish authorities have inspected a vessel suspected of damaging undersea cables in the Gulf of Finland. This comes amid heightened security alerts in the Baltic Sea region following disruptions in power and communication links since Russia's invasion of Ukraine in 2022. 2 months ago · India,https://ground.news/interest/devdiscourse
DR,Lean Left,Finnish Authorities Suspect a Ship Is to Blame for a Rupture in a Telecommunications Cable in the Gulf of Finland,"Finnish authorities suspect that a break in a telecommunications cable in the Gulf of Finland may have been caused by a ship, writes President Alexander Stubb on X. 2 months ago · Copenhagen, Denmark",https://ground.news/interest/dr
Market Screener,Center,"Finland suspects ship of damaging cable in Baltic Sea, in latest such incident","Finnish police said on Wednesday they seized a ship believed to have damaged an undersea telecoms cable which runs from Helsinki to Estonia's capital Tallinn across the Gulf of Finland, an area hit by... -December 31, 2025 at 06:17 am EST MarketScreener 2 months ago",https://ground.news/interest/marketscreenercom
svt Nyheter,Lean Left,Cable Break Between Finland and Estonia,"A data communication cable between Helsinki and Tallinn has been damaged. A ship suspected of causing the cable break has been inspected by Finnish authorities, President Alexander Stubb said. 2 months ago · Stockholm, Sweden",https://ground.news/interest/svt-nyheter
yle,Center,There Is a Disturbance in Elisa's Submarine Cable Connection in the Gulf of Finland - Finnish Authorities Have Taken Possession of a Vessel Moving in the Area,Elisa's telecommunications cable between Helsinki and Tallinn has been damaged. The Border Guard has located a vessel whose actions are suspected of causing the damage to the cable. 2 months ago · Finland,https://ground.news/interest/yle
Helsingin Sanomat,Lean Left,Cable Break in the Gulf of Finland | Hs Information: Authorities Landed on the Fitburg Ship Suspected of Cable Damage From a Helicopter,"The ship suspected of damaging Elisa's cable was en route from Russia to Israel. According to the Estonian Ministry of Justice and Digital Affairs, the Swedish company's cable has also been severed. 2 months ago · Helsinki, Finland",https://ground.news/interest/helsingin-sanomat
Eesti Rahvusringhääling,Center,Several Estonian Communication Cables Have Been Damaged in Recent Days,"Elisa announced on Wednesday morning that a break was discovered in the communication cable connection between Finland and Estonia in the Gulf of Finland in the Estonian exclusive economic zone. According to the Ministry of Justice and Digital Affairs, a total of four communication cables connecting Estonia with foreign countries and one cable between Hiiumaa and the mainland have been damaged in recent days. 2 months ago · Estonia",https://ground.news/interest/eesti-rahvusringhaaling
Newsweek,Center,Ship accused of damaging underwater cable between NATO ally Capitals,"Investigators say the ship’s anchor was lowered near the fault site, and the case is being treated as aggravated criminal damage. 2 months ago · United States",https://ground.news/interest/newsweek
der Standard AT,Lean Left,Finland Stops Ship that Is Said to Have Damaged Submarine Cable,"Alleged attack on Putin residence: Russia releases video with remains of a drone. Odessa reports power outages 2 months ago · Vienna, Austria",https://ground.news/interest/der-standard_389fff
444.hu,Lean Left,"There Was a Huge Bank Robbery in Germany, Worthy of a Movie, with 30 Million Euros Worth of Valuables Disappearing From Safes During the Holidays","Bank robbers took advantage of the long Christmas weekend to break into a Sparkasse safe in Gelsenkirchen and looted a huge fortune. According to the first news, published on Tuesday, more than 3,200 safes were broken into in the savings bank's vault - more than ninety percent of all the safes there - and approximately 2,500 customers were damaged. According to the investigative authority, the perpetrators obtained approximately 30 million euros… 2 months ago · Hungary",https://ground.news/interest/444hu
Capital.fr,Right,30 Million Stolen From a German Bank: Offended Customers Demand Accounts,"A spectacular burglary targeted a bank in West Germany. More than 3,000 safes were forced and an estimated 30 million euro loot was volatile. In the face of the scale of the damage, customers are asking for explanations. 2 months ago",https://ground.news/interest/capitalfr
Origo,Right,Another Gold Theft in Germany – Could the Culprit Be an Insider?,"Suspected bank robbery in Bonn: gold disappeared from a Sparkasse account, police say a bank employee may have been involved in the case. 2 months ago · Budapest, Hungary",https://ground.news/interest/origohu
El Pais,Lean Left,A Millionaire Robbery in a German Bank Leaves Hundreds of Customers Restless About Their Possessions,"“We want to get in! We want to get in!” shouted some 200 people Tuesday before a branch in the German city of Gelsenkirchen. They were customers of the Sparkasse, the savings bank, desperate for the millionaire theft that was discovered the day before and the lack of explanations about the fate of their belongings. Continue reading 2 months ago · Spain",https://ground.news/interest/el-pais
El Mundo,Right,Film Theft in a German Bank: They Drill the Vault and Take Tens of Millions of Euros,"A surprising robbery shook the city of Gelsenkirchen in western Germany this Monday, after a group of thieves accessed the vault of a... 2 months ago · Madrid, Spain",https://ground.news/interest/el-mundo
Breitbart,Right,Germany: Over $30 Million Stolen In ‘Ocean's Eleven-like’ Bank Robbery,A group of thieves broke into a bank vault in Germany in a heist police officers compared to the Hollywood film Ocean's Eleven. 2 months ago · United States,https://ground.news/interest/breitbart
Euro Weekly News,Lean Left,Thieves drill into bank vault for €30 million,"A German bank, closed for the Christmas holidays, suffered an enormous break-in involving a circular saw that cut a hold in the back wall of the strongroom. 2 months ago · Spain",https://ground.news/interest/euro-weekly-news
Dnevni list Danas,Lean Left,"'Like in Ocean's 11': a Bank Was Robbed in Germany, 30 Million Euros Were Stolen","More than 3,000 safes were opened, and in addition to money, the thieves took jewelry and other valuables. Search for robbers. 2 months ago · Belgrade, Serbia",https://ground.news/interest/dnevni-list-danas
charentelibre.fr,Center,"A Hole, 3,000 Chests, 30 Million Euros: the Completely Crazy Breaker that Sniffs Germany","In Germany, burglars made a robbery worthy of a Hollywood film: they pierced the safe room of a bank with the help of a giant drill, devastated 3000 chests, causing a 2 months ago",https://ground.news/interest/charentelibrefr
Corriere Della Sera,Center,"Germany, Bank Theft of 30 Million Euros. Stolen Jewelry and Cash From Safe Deposit Boxes: the Anger of Customers","Hundreds of people in front of the branch office of Gelsenkirchen Bank, worried about their savings and jewelry 2 months ago · Italy",https://ground.news/interest/corriere-della-sera
ladepeche.fr,Lean Left,"Out-of-Standard Robbery in Germany: 3000 Bank Boxes Emptied with a Giant Drill, Nearly 30 Million Euros of Damage","An out-of-standard robbery took place last weekend in the city of Gelsenkirchen (Germany). burglars robbed more than 3000 safes from a branch of the local savings bank, using a... 2 months ago",https://ground.news/interest/ladepechefr
Metro News,Lean Left,"'Ocean's Eleven-style' gang drills into bank vault to steal £30,000,000 of gold","Open the article to view the coverage from Metro News 2 months ago · London, United Kingdom",https://ground.news/interest/metro-news
7NEWS Australia,Right,Christmas heist as $52m stolen from bank,Police say the robbery resembles the Hollywood film Ocean’s Eleven. 2 months ago · Australia,https://ground.news/interest/7news-australia
Ynet News,Lean Left,German police continue manhunt after ‘Ocean’s Eleven’–style $35 million bank heist,"Masked robbers used the Christmas holiday shutdown to drill into a Sparkasse bank vault in western Germany, break open more than 3,000 safe deposit boxes and escape with cash, gold and jewelry 2 months ago · Tel Aviv-Yafo, Israel",https://ground.news/interest/ynet-news
Firstpost News,Center,"Real-life ‘Ocean’s Eleven’: How robbers drilled into German bank vault and stole millions in cash, valuables","A gang of thieves pulled off one of the biggest robberies in Germany's history. They drilled a huge hole in the basement wall of a bank vault and decamped with nearly €30 million from the safety deposit boxes 2 months ago · Mumbai, India",https://ground.news/interest/firstpost-news
La Tercera,Right,Thieves Group Steals About 30 Million Euros From a Bank in Germany,"On Tuesday, the German authorities put the value of the stolen loot from the vault of a savings box in Gelsenkirchen, an area more than 500 kilometers west of Berlin, in Germany, by a group of thieves who would have accessed the camera by digging a hole in one of the walls. “Unknown perpetrators took advantage of the tranquility of the holiday holiday to drill a vault with a large drill and search the interior safes,” it was stated through a sta… 2 months ago · Chile",https://ground.news/interest/la-tercera
Channel News Asia,Center,"'Ocean's Eleven' gang steals US$35 million in cash, gold and jewellery from German bank over Christmas","BERLIN: Robbers used a large drill to break into a German bank's vault room during the extended Christmas break and steal cash, gold and jewellery worth 30 million euros (US$35 million), police and the bank said on Tuesday (Dec 30).The spectacular heist in the western city of Gelsenkirchen, North Rhine-Westph 2 months ago · Singapore",https://ground.news/interest/channel-news-asia
www.larazon.es,Right,A Group of Thieves Steals About 30 Million Euros From a Bank in Gelsenkirchen,"On Tuesday, the German authorities put the value of the stolen loot from the vault of a savings box in Gelsenkirchen by a group of thieves who would have accessed the camera by making a hole in one of the walls of the camera. Thus reported EP. ""Unknown perpetrators took advantage of the tranquility of the Christmas holidays to drill a vault with a large drill and search the inside safes"", reads a statement issued by the City Police, which has sp… 2 months ago · Spain",https://ground.news/interest/wwwlarazones
The Express Tribune,Center,"Germany bank heist nets €30M in cash, valuables","Germany bank heist nets €30M in cash, valuables 2 months ago · Pakistan",https://ground.news/interest/the-express-tribune
USA Today,Lean Left,"Thieves drill into bank vault, steal millions. Angry customers: 'Let us in!'","The perpetrators drilled through a thick concrete wall and then broke into several thousand safe deposit boxes, leaving bank customers inconsolable. 2 months ago · United States",https://ground.news/interest/usa-today
Tribune India,Right,"Thieves drill into German bank vault, steal Euro 30 million in overnight heist - The Tribune","According to investigators, the burglars entered the bank through an underground parking garage. From there, they drilled through a wall to gain access to the vault area. After breaking open thousands of safe-deposit lockers, the suspects escaped using the same route. 2 months ago · Chandigarh, India",https://ground.news/interest/tribune-india
New York Post,Right,"Cunning thieves drill into German bank vault, steal millions of euros worth of property in grand heist","Thieves stole tens of millions of euros worth of property from safety deposit boxes inside a German bank vault that they drilled into Monday during the holiday lull, police said. 2 months ago · New York, United States",https://ground.news/interest/new-york-post
CNN,Lean Left,Thieves drill into German bank vault and make off with millions,"Thieves used the quiet Christmas period to drill their way into the vault of a German retail bank and make off with at least 10 million euros’ worth of money and valuables from customers’ deposit boxes, police said on Tuesday. 2 months ago · Atlanta, United States",https://ground.news/interest/cnn
Deutschlandfunk,Center,The perpetrators stole an estimated 30 million euros,"After breaking into a savings bank in Gelsenkirchen, the investigators estimate the amount of the loot at about 30 million euros. 2 months ago · Germany",https://ground.news/interest/deutschlandfunk
Meduza,Left,"In Germany, the Sparkasse Bank Was Stolen on Christmas Weekend, and the Criminals Hacked About 3,000 Safes and Stole Tens of Millions of Euros.","The criminals robbed the branch of the Sparkasse Bank in Helzenkirchen in the Federal Land of North Rhine, Westphalia, stealing money and valuables for tens of millions of euros, reporting to Associated Press and Deutsche Welle. 2 months ago · Riga, Latvia",https://ground.news/interest/meduza
BroBible,Center,Thieves Make Off With Estimated $35 Million Haul After Drilling Into Bank Vault In Germany,"Gelsenkirchen bank robbery Most bank robberies involve criminals making off with a relatively meager sum compared to the massive heists at the center of plenty of Hollywood productions. However, a gang of thieves in Germany managed to draw comparisons to Ocean’s 11 after spending multiple days raiding a vault before fleeing with an estimated $35 million worth of cash and other valuables. There’s no shortage of movies that revolve around robbers … 2 months ago",https://ground.news/interest/brobible
Al Jazeera,Lean Left,Burglars nab tens of millions in property from German bank,"Footage shows a hole in the vault of Sparkasse Bank in Gelsenkirchen, Germany, where thieves made off with valuables. 2 months ago · Qatar",https://ground.news/interest/al-jazeera_1a2e2c
Il Sole 24 Ore,Right,Robbery From at Least 30 Million Euros for the Band of the Hole in Germany,"According to the first reconstructions of the Gelsenkirchen police, the ""hole band"" that in recent days managed to enter the vault of a bank would have taken away from the boxes of... 2 months ago · Milan, Italy",https://ground.news/interest/il-sole-24-ore
TF1 INFO,Center,“An Extraordinary Robbery”: How Thieves Stole 30 Million Euros From a German Bank,"▶️ Robbers broke into a bank in Gelsenkirchen over the weekend, using a giant drill. The perpetrators stole the contents of more than 3,000 safes, for an estimated 30 million euros in loot. The bank remained closed on Tuesday for security reasons, while customers ask to know what happened to their money. - “An extraordinary robbery”: how thieves stole 30 million euros from a German bank (International). 2 months ago",https://ground.news/interest/tf1-info
Politiken,Lean Left,Thieves Drill Into Millions of Euros Worth of Gold in German Bank,"According to police, thieves worked their way to a vault from a parking garage and gained access to safe deposit boxes. 2 months ago · Copenhagen, Denmark",https://ground.news/interest/politiken
charter97.org,Lean Left,Large Robbery in Germany: 30 Million Euros in Cash and Gold Stolen From the Bank,The burglars broke into the vault through a nearby parking lot. 2 months ago,https://ground.news/interest/charter97org
RTÉ,Center,"Gang steals cash, gold worth €30m from German bank","Robbers used a large drill to break into a German bank's vault room during the extended Christmas break and steal cash, gold and jewellery worth €30 million, police and the bank said. 2 months ago · Ireland",https://ground.news/interest/rte
ABC Australia,Lean Left,Robbers use drill to steal $52m of cash and jewellery from German bank,"According to police, the robbers drilled their way into the underground vault room of the savings bank from a parking garage. 2 months ago · Australia",https://ground.news/interest/abc-australia
The Epoch Times,Right,German Bank Customers Demand Info After Vaults Were Robbed,"Thieves in Germany drilled their way into the vault of a German retail bank and made off with at least 10 million euros’ ($11.8 million) worth of money and valuables from customers’ deposit boxes, police said Tuesday. Customers are waiting to find out who has been affected. Minnesota officials are denying allegations of widespread fraud. It comes after a viral video appeared to show fraud at daycare centers. The United States has hit an area in … 2 months ago · New York, United States",https://ground.news/interest/the-epoch-times
thairath.co.th,Right,Burglars Used a Drill to Break Into a Vault and Stole Assets Worth 1.1 Billion Baht From a German Bank.,German police are hunting for a gang of thieves who used drills to break into a vault and made off with over 1.1 billion baht in assets. Police say the criminals acted with great professionalism. 2 months ago,https://ground.news/interest/thairathcoth
Il Post,Lean Left,There Was a 30 Million Euro Theft in a Northwest Bank in Germany,2 months ago · Italy,https://ground.news/interest/il-post
La Presse,Lean Left,Germany: Bank Robbing Causes an Estimated Injury of 30 Million,"burglars robbed a bank last weekend in Gelsenkirchen, West Germany, causing an injury of 30 million euros (48 million Canadian dollars) according to the police, and the anger of customers Tuesday morning. 2 months ago · Montreal, Canada",https://ground.news/interest/la-presse_39d7a8
Euronews,Center,Thieves drill into German bank vault and steal millions of euros,A fire alarm summoned police officers and firefighters to the bank branch shortly before 4 am on Monday. 2 months ago · France,https://ground.news/interest/euronews
South China Morning Post,Center,"‘Ocean’s Eleven’ gang steals millions in cash, gold and jewellery from German bank","Thieves use quiet Christmas period to drill their way into vault, smash open more than 3,000 safe deposit boxes and make off with the loot. 2 months ago · Hong Kong",https://ground.news/interest/south-china-morning-post
The Independent,Lean Left,Thieves pull off bank robbery in Germany stealing millions from safety deposit boxes,"Witnesses told investigators they saw several men carrying large bags in a nearby parking garage over the weekend 2 months ago · London, United Kingdom",https://ground.news/interest/the-independent_ff73a6
GB News,Right,"Robbers steal £26million worth of cash, gold and jewellery from German bank by drilling a hole into vault","Criminals are believed to have stolen around £26million worth of cash, gold and jewellery after tunnelling into the underground vault of a German savings bank during the Christmas holiday period.The theft targeted a Sparkasse bank branch in Gelsenkirchen in western Germany, where suspects drilled through a wall from an adjoining underground car park to gain access to the vault.Investigators said the gang used heavy drilling equipment to breach t… 2 months ago · London, United Kingdom",https://ground.news/interest/gbnewscom
Helsinki Times,Lean Left,"Thieves steal €30 million in German bank heist, police say","Burglars have stolen an estimated €30 million in cash, gold and jewellery from a bank vault in the German city of Gelsenkirchen, according to police. The break-in, described by investigators as highly professional, involved drilling through a concrete wall from an underground car park into the secure storage area of a Sparkasse bank branch. More than 3,000 safe-deposit boxes were forced open. 2 months ago · Finland",https://ground.news/interest/helsinki-times
The Washington Post,Lean Left,Thieves drill into a German bank vault and steal tens of millions of ...,2 months ago,https://ground.news/interest/the-washington-post
Liberation,Lean Left,"""It's Like in the Movie Ocean的s Eleven"": in Germany, Robbers Rob a Bank with a Giant Drill","The burglars made a huge hole to access the safe room of a facility in the city of Gelsenkirchen, taking with them the equivalent of 30 million euros in silver, jewelry and gold. They are still at large. 2 months ago · Paris, France",https://ground.news/interest/liberation
Anadolu Ajansı,Right,"Robbers steal $35M in cash, valuables in German bank heist","Angry customers try to storm bank building in Gelsenkirchen city amid police deployment - Anadolu Ajansı 2 months ago · Ankara, Türkiye",https://ground.news/interest/anadolu-ajans
Radio France Internationale,Center,"In Germany, a Spectacular Bank Robbing at an Estimated €30 Million","burglars robbed a bank on the weekend of 27 and 28 December in Gelsenkirchen, West Germany. They pierced a huge hole in the hotel's safe. The announcement caused the customers' anger. 2 months ago · Paris, France",https://ground.news/interest/radio-france-internationale
Digi 24,Center,Jaf Like in Movies at a Bank in Germany. Cost of 30 Million Euros,"A Jaf show took place this weekend at a bank in the city of Gelsenkirchen, West Germany, causing, according to the police, a 30-million-euro damage, as well as the wrath of bank clients in the morning, informs the AFP. 2 months ago · Romania",https://ground.news/interest/digi-24
The Herald Scotland,Lean Left,Thieves drill into German bank vault and steal property worth tens of millions,"Some 2,700 bank customers were affected by the theft in Gelsenkirchen, police said. 2 months ago · Scotland, United Kingdom",https://ground.news/interest/the-herald-scotland
One News Page,Center,Thieves use drill to steal €30m in German bank heist,Gelsenkirchen Police say thieves used the 'quiet' days after Christmas to break into the high street branch. 2 months ago,https://ground.news/interest/one-news-page
BBC News,Center,German bank heist: Thieves use drill to steal €30m from savings bank,"Gelsenkirchen Police say thieves used the ""quiet"" days after Christmas to break into the high street branch. 2 months ago · United Kingdom",https://ground.news/interest/bbc-news_bf95f4
RTV Slovenija,Lean Left,30 Million Euros Stolen in One of Germany's Biggest Robberies,"In the city of Gelsenkirchen in western Germany, unknown persons stole around 30 million euros worth of cash and valuables from 3,200 safes in a Sparkasse bank branch last weekend. 2 months ago",https://ground.news/interest/rtv-slovenija
DR,Lean Left,Drilled a Large Hole in a German Bank and Stole 225 Million Kroner,"2 months ago · Copenhagen, Denmark",https://ground.news/interest/dr
franceinfo.fr,Lean Left,"A German Bank Victim of a Spectacular Robbery, the Damage Estimated at 30 Million Euros by the Police","The robbers drilled a hole in the safe room using a huge drill. According to the investigators, they also ""profy the Christmas calm"", the bank being closed at this time. 2 months ago",https://ground.news/interest/franceinfofr
Il Fatto Quotidiano,Lean Left,'Band of the Hole' Steals 30 Million Euros From a Bank in Germany: Desperate Customers in Front of the Entrance,"There is talk of colossal theft and, counting that the thieves robbed practically everything they could take from 3,300 safe deposit boxes, rented to 2,700 customers, the definition is not risky. It happened to the Gelsenkirchen bank during Christmas holidays. The criminals practiced a huge hole in the wall of an office, reaching the vault. From the opening of the bank on Monday, hundreds of customers crowded in front of the branch, worried abou… 2 months ago · Rome, Italy",https://ground.news/interest/il-fatto-nuotidiano
CartaCapital,Left,Ladrons Use Drill for Millions of Thefts in German Bank,"The estimate is that damages reach around EUR 30 million. 2 months ago · São Paulo, Brazil",https://ground.news/interest/cartacapitalcombr
Associated Press News,Lean Left,Thieves drill into a German bank vault and steal tens of millions of euros worth of property,Police in Germany say thieves stole tens of millions of euros worth of property from safety deposit boxes inside a bank vault that they drilled into during the holiday lull. 2 months ago · United States,https://ground.news/interest/associated-press-news
abc News,Lean Left,"Thieves drill into German bank vault, steal millions of euros worth of property","Thieves stole tens of millions of euros worth of property from safety deposit boxes inside a German bank vault that they drilled into Monday during the holiday lull, police said. 2 months ago · United States",https://ground.news/interest/abc-news_409efb
Globo,Right,Loans Steal 30 Million Euros From German Bank,"The episode took place in the city of Gelsenkirchen, in western Germany. Ladrons opened more than 3,000 suitcases with money, gold and jewelry. 2 months ago · Brazil",https://ground.news/interest/globo
hna.de,Center,"Collector Fishes Valuable 2 Euro Coin From Circulation in Germany – ""Delusional Fund""",Usually-looking 2 euro coins can turn out to be amazingly valuable. One such collector has now taken a collector out of circulation in Germany. 2 months ago,https://ground.news/interest/hnade
Sud Ouest,Center,"30 Million Euros Stolen, Giant Drill, Black audi... the Spectacular Robbery of a Bank in Germany","The suspects drilled a large hole in the safe room and stole the contents of nearly 3,000 of them, in Gelsenkirchen, in western Germany. 2 months ago · France",https://ground.news/interest/sud-ouest
telex.hu,Lean Left,"3,200 Safes Broken Into, 30 Million Euros Stolen From a Bank in Gelsenkirchen","This is one of the largest breaches in German history, with the bank saying that 95 percent of its customers may have been affected. 2 months ago",https://ground.news/interest/telexhu
20 Minutes,Lean Left,30 Million Euros Stolen From a Robbery Worthy of a Film in Germany,"The suspects, who have not yet been identified, used a giant drill. 2 months ago · France",https://ground.news/interest/20-minutes
Live Mint,Center,"Robbers drill into German bank, steal cash, gold and jewelry worth $35 million","Robbers used a large drill to break into a German savings bank's vault room and steal cash, gold and jewelry worth some 30 million euros ($35 million), police said Tuesday. 2 months ago · New Delhi, India",https://ground.news/interest/live-mint
REALITATEA.NET,Right,Jaf Cracion Shows in a Bank in Germany: the Hotels Stole 30 Million Euros without Being Observed,"The police were warned in the morning only months after a fire alarm was announced inside the bank. Meanwhile, the authors had already left much to do. The first indications show that the explosion took place during Christmas celebrations or even the previous week.At the arrival of the intervention forces, the investigators discovered a huge opening perforated in the walls of the blind room. According to the police, the group — probably composed… 2 months ago",https://ground.news/interest/realitateanet
The European Conservative,Right,German Bank Chaos After €30m Vault Raid Over Christmas,"Furious customers demanded answers on Tuesday after audacious thieves drilled their way into a German bank vault during the Christmas holidays and made off with valuables feared to be worth more than €30 million. The dramatic raid targeted a branch of Sparkasse Gelsenkirchen-Buer, where criminals used a heavy-duty industrial drill to smash through a wall and enter the secure safe-deposit room undetected. Police believe the gang struck while the … 2 months ago",https://ground.news/interest/the-european-conservative
la Nacion,Right,A Drill and Underground Access: This Is How 30 Million Euros Were Stolen From a German Bank,"Gelsenkirchen, Germany.— About 30 million euros (about $35 million) would have been stolen during a spectacular assault on the security chest room of a branch of Sparkasse Bank in the German city of Gelsenkirchen, according to preliminary estimates by the investigators.The coup, due to its scale and sophistication, set alarms on the authorities and sparked a wave of concern among thousands of customers.According to security sources, criminals fo… 2 months ago · Buenos Aires, Argentina",https://ground.news/interest/la-nacion_7042bc
lindependant.fr,Center,"""One of the Biggest Blows Ever Made in Criminal History"": 30 Million Euros Were Stolen During the Spectacular Robbery of a Bank in Germany","A bank robbery took place in western Germany, causing an estimated damage of 30 million euros, the police said on Tuesday 30 December. 2 months ago",https://ground.news/interest/lindependantfr
Le Huffington Post,Left,This Impressive Hole Is the Result of a Robbery with a Giant Drill,"More than two days after the incident, the Gelsenkirchen police estimated the amount of the damage to be more than EUR 30 million. 2 months ago · Paris, France",https://ground.news/interest/le-huffington-post
KAKE News,Center,"Germany bank heist nets about 30mn euros in cash, valuables: police","Robbers used a large drill to break into a German savings bank's vault room and steal cash, gold and jewelry worth some 30 million euros ($35 million), police said Tuesday. 2 months ago",https://ground.news/interest/kakecom
leprogres.fr,Center,"Germany. ""Like in Ocean's Even"": Spectacular Robbery with a Drill in a Bank","The suspects robbed more than 3,000 safes in a bank in Gelsenkrichen. The damage is estimated at 30 million euros. 2 months ago",https://ground.news/interest/leprogresfr
NDTV,Right,"Robbers Steal $35 Million In Cash, Valuables From German Bank: Police","Robbers used a large drill to break into a German bank's vault room and steal cash and valuables worth some 30 million euros ($35 million), police said on Tuesday. 2 months ago · New Delhi, India",https://ground.news/interest/ndtv
delo.si,Lean Left,"Around 30 Million Euros Stolen From Bank Safes in Germany, Perpetrators Still Being Sought","According to the information collected so far, this is one of the largest bank safe robberies in modern German history. 2 months ago",https://ground.news/interest/delosi
Svenska Dagbladet,Right,Robbery League Came in at over 300 Million,"A gang of robbers in Germany has come across loot worth just over 300 million kronor after drilling into an underground bank vault. 2 months ago · Stockholm, Sweden",https://ground.news/interest/svenska-dagbladet
The Local - De,Lean Left,German bank clients furious after robbers steal €30 million in cash and valuables,"Thieves looted €30 million from 3,200 Sparkasse safe deposit boxes in Gelsenkirchen, in what is believed to be Germany's biggest bank heist in decades. Customers reacted with fury on Tuesday. 2 months ago · Germany",https://ground.news/interest/the-local-de
Lietuvos Radijas ir Televizija,Center,"Bank Robbery in Germany: 3,000 Safes Broken Into, Losses Amount to Around 30 Million Euros","Robbers using a large drill broke into a German bank vault and stole cash and valuables worth around 30 million euros, police said Tuesday. 2 months ago · Vilnius, Lithuania",https://ground.news/interest/lietuvos-radijas-ir-televizija
abc,Right,€30 Million Stolen From a Bank in Germany,"Some thieves have stolen cash and items valued at about 30 million euros (35 million dollars) in a German bank, reports AFP, who quotes the police. They managed to enter the building with the help of a large drill. “The events have taken place in the city of Gelsenkirchen, in the west of the country. The robbery has been perpetrated by thieves who opened more than 3,000 safe deposit boxes containing money, gold and jewelry,” the police reported.… 2 months ago · Spain",https://ground.news/interest/abc_0c202e
Deutsche Welle,Center,Mega-Pretty at Burglary in Gelsenkirchener Sparkasse,"This is probably one of the biggest coups in the German criminal history: money, gold and jewellery worth millions of euros are gone. 2 months ago · Bonn, Germany",https://ground.news/interest/deutsche-welle
Le Monde,Lean Left,"Bank Robbery in Germany: €30 Million in Damage, According to Police Estimate","The suspects, still unidentified, broke into a branch of the local savings bank and emptied nearly 3,000 boxes filled with silver, gold and jewellery, police said. 2 months ago · Paris, France",https://ground.news/interest/le-monde
Berliner Morgenpost,Center,Millions of Proceeds in Nrw: Burglars Clear 3200 Lockers in Sparkasse Empty,"Shortly after Christmas, unknown people broke into a savings bank in Gelsenkirchen and made a million-dollar sum. 2 months ago · Berlin, Germany",https://ground.news/interest/berliner-morgenpost
Wapa,Center,Straight Out of a Movie! Thieves Steal over 30 Million Euros From a Bank in Germany,"The heist was carried out by thieves who opened more than 3,000 safes containing cash, gold and jewelry, police in that country said. 2 months ago",https://ground.news/interest/wapa
BFM TV,Center,"Spectacular Robbery of a Bank in Germany, the Damage Estimated at 30 Million Euros by the Police","A bank was robbed in Germany using a giant drill: more than 30 million euros were stolen, according to the police. 2 months ago · France",https://ground.news/interest/bfm-tv
Helsingin Sanomat,Lean Left,Germany | Thieves Drilled a Large Hole Through a Bank Wall and Stole €30 Million Worth of Loot,"A large group of customers worried about their assets gathered in front of the bank on Tuesday. 2 months ago · Helsinki, Finland",https://ground.news/interest/helsingin-sanomat
Neue Zürcher Zeitung,Right,Spectacular Burglary in Gelsenkirchen: Perpetrators Flee with Loot of 30 Million Euros,"The perpetrators got through a hole in a bank's vault. Many customers are now worried about their valuables, the atmosphere on site is heated up. 2 months ago · Zürich, Switzerland",https://ground.news/interest/neue-zurcher-zeitung
www.sme.sk,Lean Left,"Germany: Savings Bank Branch Robbed, Damage Estimated at 30 Million Euros","This is one of the largest thefts in modern German history. 2 months ago · Bratislava, Slovakia",https://ground.news/interest/wwwsmesk
La Libre,Center,Burglars Manage to Open Thousands of Safes in a Bank: They Leave with a Huge Loot,"In Germany, burglars forced thousands of safes in a bank in Gelsenkirchen for an estimated 30 million euros. ... 2 months ago · Brussels, Belgium",https://ground.news/interest/la-libre
osthessen-news.de,Center,Investigators Follow Concrete Trail After Vault Coup,"After the spectacular burglary into the vault of a Sparkassenfiliale in Gelsenkirchen, the investigators followed a concrete trail. Witnesses pointed to several men who had been seen with large bags in the stairwell of an adjacent parking garage on the night of Saturday on Sunday, the police reported.Video pictures from the parking garage showed a high-powered black car, which had left the parking garage on early Monday morning. Masked perpetrat… 2 months ago",https://ground.news/interest/osthessen-newsde
Der Tagesspiegel,Center,"""We Want to Go in, We Want to Go in: Tumult After Bank Break-in in Gelsenkirchen – Loot Estimated at 30 Million Euros","Highly professional burglars have cleared a bank's vault in Gelsenkirchen. The police are following a concrete trail. The trouble with those affected is great. 2 months ago · Berlin, Germany",https://ground.news/interest/der-tagesspiegel
der Standard AT,Lean Left,Gelsenkirchen: Desperate Bank Customers Want to Know if Their Money Is Still There After Burglary,"Even two days after a bank break-in in Gelsenkirchen, Germany, savers still don't know if they are affected. The mood in front of the bank is at the boiling point, the damage is high 2 months ago · Vienna, Austria",https://ground.news/interest/der-standard_389fff
saarbruecker-zeitung.de,Center,Masked Men in the Car: Investigators Follow Concrete Trail After Safe Coup,"Around 3,200 broken-up lockers and an estimated 30 million euros of loot: In front of the Sparkassenfiliale in Gelsenkirchen the mood boils up. 2 months ago",https://ground.news/interest/saarbruecker-zeitungde
News.de,Lean Left,Sparkassenraub in Gelsenkirchen: up to 30 Million Euros Captured! People Are Waiting Furiously in Front of the Bank Branch,"PanoramaAfter breaking into the vault of a bank in Gelsenkirchen, customers hope for information. But they still have to wait. In the meantime, further details have been announced. 2 months ago",https://ground.news/interest/newsde
presseportal.de,Right,30 Million Euros Damage After Bank Robbery in Gelsenkirchen,Kölner Stadt-Anzeiger - Gelsenkirchen - After the first investigation into the burglary into a branch of the ... 2 months ago,https://ground.news/interest/presseportalde
The Sun,Right,Brazen '£30m' Xmas bank heist as gang drills 18ins of concrete to raid vault,THIEVES in Germany have pulled off an audacious Christmas heist - without anyone noticing until it was far too late. The break-in went... 2 months ago · United Kingdom,https://ground.news/interest/the-sun_dd9bb3
Zeit Online,Lean Left,Crime: Safe Coup: Investigators Estimate Loot at 30 Million Euros,"Here you will find information on the topic ""Criminality"". Read now ""Tresor-Coup: Investigators estimate loot at 30 million euros"". 2 months ago · Germany",https://ground.news/interest/zeit-online
rp-online.de,Right,Saferoom Break-in in Gelsenkirchen: 90 Percent of All Lockers Broken up in Sparkassenfiliale,"After the break-in into the vault of a savings bank, worried customers forcefully demand information. The situation in Gelsenkirchen threatens to escalate again. Media report damages in millions. 2 months ago",https://ground.news/interest/rp-onlinede
Die Presse,Right,Tumult Before German Bank Branch After Spectacular Burglary,"During the Christmas holidays, the vault of a savings bank in Gelsenkirchen was pierced and the lockers were cracked. Among the customers, the resentment is now rising. You can't go into the bank at the moment. 2 months ago · Vienna, Austria",https://ground.news/interest/die-presse
24ur.com,Center,Spectacular Holiday Robbery of a German Savings Bank,"The burglars made their way to the safe with a drill. What exactly they took is not yet known, but according to initial estimates, the damage exceeds 10 million euros. But here comes the problem... Will the insurance company pay out the damage, given that most of the customers did not have specially insured valuables that they kept in safes? 2 months ago · Ljubljana, Slovenia",https://ground.news/interest/24urcom
Frankfurter Allgemeine,Right,Gelsenkirchener Sparkasse Remains Closed Due to Aggressive Customers After Break-In,"3200 lockers have been broken up during the spectacular burglary in Gelsenkirchen, investigators expect a loot in millions. Meanwhile, worried customers gather in front of the branch. 2 months ago · Frankfurt, Germany",https://ground.news/interest/frankfurter-allgemeine
Sueddeutsche Zeitung,Lean Left,Lockers Cracked in Sparkasse - Rush of Worried Bank Customers in Gelsenkirchen,"The perpetrators have broken open numerous lockers and have escaped unrecognized. Bank customers gather in front of the Sparkassen branch, the mood is irritable. The police have to move in. 2 months ago · Munich, Germany",https://ground.news/interest/sueddeutsche-zeitung
focus.de,Right,Unknowns Drill Into Sparkasse's Vault and Leave Mega-Hole,"In the basement of a bank in Gelsenkirchen, a large hole in the vault is left behind. The atmosphere in front of the bank is heated up, many customers fear. 2 months ago · Berlin, Germany",https://ground.news/interest/focusde
Schweizer Radio und Fernsehen (SRF),Lean Left,Spectacular Burglary in Gelsenkirchen: Loch Im Banktresor,"The Sparkasse in Gelsenkirchen has been broken into – but who was it? And how and when could this happen? 2 months ago · Zürich, Switzerland",https://ground.news/interest/schweizer-radio-und-fernsehen-srf
derwesten.de,Center,Angry Customers Besiege Gelsenkirchener Sparkasse – Police Must Intervene After Burglary,Around 200 Sparkassen customers gather in Gelsenkirchen-Buer after the break-in in front of the Sparkassen branch. The atmosphere is heated up. 2 months ago · Germany,https://ground.news/interest/derwestende
Tagesschau,Center,Bank Robbers Drill a Hole in a Vault in Gelsenkirchen,"Bank robbers used a large drill to bore a hole in the wall of a vault at a branch in Gelsenkirchen. The perpetrators are believed to have searched safe deposit boxes. What exactly they took is not yet known. 2 months ago · Hamburg, Germany",https://ground.news/interest/tagesschau
vrt,Center,Spectacular Bank Robbery in Germany: Thieves Drill Huge Hole From Parking Garage,"In the German city of Gelsenkirchen, burglars robbed a bank by drilling a hole from a parking garage into the safe deposit box. The amount of the loot remains unclear. The perpetrators are currently at large. 2 months ago · Antwerp, Belgium",https://ground.news/interest/vrt
Novinky.cz,Lean Left,Robbers Drilled a Hole Into the Safe of a Savings Bank in Gelsenkirchen,"Unknown perpetrators used a large drill to drill a hole in a savings bank vault in the western German city of Gelsenkirchen on Monday night and searched the safety deposit boxes inside. Information on the extent of the damage is not yet available, the website of the German weekly Focus reports. Police are investigating the case as a burglary. 2 months ago",https://ground.news/interest/novinkycz
n-tv.de,Right,Bank Break-in in Gelsenkirchen: Unknown People Drill Their Way Into Vaults,"In Gelsenkirchen, criminals get access to bank lockers with the help of a large drill. The perpetrators can escape with the loot, in the wall of the vault now a big hole opens. The police are hoping for clues. 2 months ago",https://ground.news/interest/n-tvde
wz.de,Center,Concerned Customers Request Information After Breaking Into Vault,"A large hole opens in the wall to the vault. In Gelsenkirchen, perpetrators broke into a bank. Much is still unclear. Concerned customers fear for their property. 2 months ago",https://ground.news/interest/wzde
Welt,Right,Gelsenkirchen: Thieves Drill Large Hole in a Bank Vault,"It's a coup like in a movie: unknown people have drilled themselves into the vault of a Gelsenkirchen bank over Christmas, where lockers are located. The hole was discovered only on Monday morning. 2 months ago · Dortmund, Germany",https://ground.news/interest/welt
Spiegel,Lean Left,Gelsenkirchen: Unknown Bore Hole in Wall of Vault,"There was a fire alarm – but the forces did not find a fire, but an extraordinary break-in: in North Rhine-Westphalia, unknown people drilled a hole in a vault. 2 months ago · Germany",https://ground.news/interest/spiegel
Bild,Right,Gelsenkirchen: Burglars Drill Hole in Sparkasse Vault,"It was a film-ready break-in, in which even the police must admit at the end: the criminals knew exactly what they were doing ... 2 months ago · Berlin, Germany",https://ground.news/interest/bild
stern.de,Center,Unknown People Enter the Vault Through a Big Hole,"The perpetrators drilled a hole in a bank's vault with a drill in Gelsenkirchen. Afterwards they searched several lockboxes. The police searched for witnesses. They drilled a hole in the vault: Unknown perpetrators broke into a bank building in Gelsenkirchen and searched several lockboxes. According to police data, the perpetrators got into the vault with the help of a large drill. The break-in was discovered early Monday morning by a fire alarm… 2 months ago · Germany",https://ground.news/interest/sternde
www.t-online.de,Lean Left,"""Filmreif"": Police Are Amazed at Sparkassen-Coup in the Ruhr Area – Perpetrators on the Run",In the middle of the night a fire alarm goes off in a Gelsenkirchener Sparkassenfiliale. What the investigators then discover is extraordinary. 2 months ago,https://ground.news/interest/wwwt-onlinede
ga.de,Center,Crime: Unknowns Rise Through Big Hole in Vault,"The perpetrators drill a hole in a bank's vault with a drill in Gelsenkirchen. Afterwards, they search several value lockers. The police are looking for witnesses. 2 months ago",https://ground.news/interest/gade
Le Parisien,Right,"""Excessive Speed"": a Cable Car Accident in the Italian Alps Caused Four Injuries","The ski season is in full swing in the Alps between Christmas and New Year's Eve. Four people were injured and a hundred others were blocked at the top of a mountain in northwestern Italy on Tuesday, after the arrival too fast of a cable car cabin at the upper station, according to the rescue services.Nobody was seriously injured as a result of the accident on the Macugnaga cable car, which climbs to the Monte Moro pass, at 2,800 m above sea lev… 2 months ago · Paris, France",https://ground.news/interest/le-parisien
Deutschlandfunk,Center,Northern Italy - Four Injured in Cable Car Accident,Four people have been injured in a cable car accident in the Italian Alps. 2 months ago · Germany,https://ground.news/interest/deutschlandfunk
Spiegel,Lean Left,Italy: Cable Car Gondola Does Not Slow Down Enough – Four Injured,"A cable car cabin hit a barrier in an Italian ski resort at high speed. Four people were injured, about 100 had to be evacuated by helicopters. 2 months ago · Germany",https://ground.news/interest/spiegel
Times of Malta,Center,"Four hurt, 100 stranded after Italy cable car accident","Four people were injured and around 100 were stranded atop a mountain in northwest Italy on Tuesday after a cable car accident, authorities said.No one was seriously injured following the incident on the Macugnaga cable car, which travels up to the Moro Pass at 2,800 metres (9,000 feet) altitude near the Swiss border, a spokesman... 2 months ago",https://ground.news/interest/times-of-malta
CTV News,Center,"Italian cable car accident injures four people, 100 evacuated from mountain","At least four people were injured and helicopters helped to bring around 100 others to safety on Tuesday after a cable car accident on a mountain in northwest Italy, local authorities said. 2 months ago · Canada",https://ground.news/interest/ctv-news
Reuters,Center,"Italian cable car accident injures four people, 100 evacuated from mountain","At least four people were injured and helicopters helped to bring around 100 others to safety on Tuesday after a cable car accident on a mountain in northwest Italy, local authorities said. 2 months ago · United Kingdom",https://ground.news/interest/reuters_fa2539
delo.si,Lean Left,"At the Height of the Ski Season, About a Hundred People Were Stranded at an Altitude of 2,800 Meters.","The accident occurred at the height of the ski season, when many Italians and tourists flock to ski resorts for the Christmas and New Year holidays. 2 months ago",https://ground.news/interest/delosi
CBS News,Center,"Italy cable car accident leaves 4 hurt, 100 stranded on mountaintop for hours","Four people were injured and around 100 stranded visitors had to be rescued by helicopter after a cable car accident in northern Italy, officials said. 2 months ago · United States",https://ground.news/interest/cbs-news
Schweizer Radio und Fernsehen (SRF),Lean Left,Near Swiss Border - Cable Car Accident in Northern Italy: 100 People Evacuated,"At a height of about 2800 metres, a cabin bounced against a station barrier. Four people were slightly injured. 2 months ago · Zürich, Switzerland",https://ground.news/interest/schweizer-radio-und-fernsehen-srf
Die Presse,Right,Gondola Creaks in Mountain Station: Accident Puts Cable Car in Piedmont Lame,"The cable car of Macugnaga had to be stopped, about 100 people had to be rescued by helicopters. 2 months ago · Vienna, Austria",https://ground.news/interest/die-presse
Euronews,Center,At least six injured and 100 evacuated after Italy cable car crash,Dozens of people were left stranded after two cabins collided with the cable car's upper and lower stations near the village of Macugnaga in Piedmont. 2 months ago · France,https://ground.news/interest/euronews
La Libre,Center,A Cable Car Accident Hurts Several People in Italy: Hundreds of People Are Trapped at the Top of a Mountain,"Four people were injured and a hundred more evacuated on Tuesday after an incident on a cable car in Macugnaga, in northwestern Italy, where a cabin would have arrived too quickly at the station. ... 2 months ago · Brussels, Belgium",https://ground.news/interest/la-libre
Bild,Right,Almost 100 People Evacuated: Cable Car Gondola Crashes in Mountain Station,"After an accident at a cable car in the Italian Alps, almost 100 people have been evacuated. 2 months ago · Berlin, Germany",https://ground.news/interest/bild
Market Screener,Center,"Italian cable car accident injures four, forces evacuation","STORY: :: A cable car accident injures at least four people on Italy's Monte Moro mountain  :: Helicopters helped to evacuate about 100 people from an altitude of around 9,200 feet ... -December 30, 2025 at 11:22 am EST MarketScreener 2 months ago",https://ground.news/interest/marketscreenercom
La Vanguardia,Center,Six Wounded and One Hundred People Trapped by the Crash of a Cable Car in the Italian Alps,"A hundred people trapped this Tuesday at the top of Mount Moro, at 2,800 meters altitude in the Italian Alps, due to an incident on the cable car have already been evacuated, according to the National Alpine Rescue Corps.Continue reading... 2 months ago · Granada, Spain",https://ground.news/interest/la-vanguardia
The Independent,Lean Left,Cable car crash in Europe leaves four injured as 100 passengers evacuated,"The incident occurred in the Piedmont region of Italy 2 months ago · London, United Kingdom",https://ground.news/interest/the-independent_ff73a6
Zeit Online,Lean Left,Italian Alps: Almost 100 People Evacuated After Cable Car Accident in Piedmont,"In the Italian Alps, a cable car cabin crashed against a barrier. Four people were injured. Many skiers were stuck on the mountain for hours. 2 months ago · Germany",https://ground.news/interest/zeit-online
n-tv.de,Right,100 Skiers Are Evacuated: Cable Car Cabin Crashes Against Mountain Station in Italian Alps,"In Italy, a cable car collides with the barrier of a mountain station near the municipality of Macugnaga on the border with Switzerland. At least four people are injured - numerous skiers are temporarily stuck at about 2800 metres altitude. 2 months ago",https://ground.news/interest/n-tvde
ladepeche.fr,Lean Left,"""The Cab Didn't Slow Down!"" 6 Injured and 100 People Blocked After a Cable Car Accident in Italy","Big fear for holidaymakers at Monte Moro station, Italy. On Tuesday 30 December, a cable car cabin carrying 15 passengers hit the security barriers at 2,743 meters above sea level.... 2 months ago",https://ground.news/interest/ladepechefr
24ur.com,Center,"12 People Injured in Cable Car Accident, Including Two Children","A technical failure in a cable car at the Macugnaga ski resort in the northern Italian region of Piedmont has caused an accident, injuring 12 people, according to Italian media. Around a hundred people were stranded at an altitude of 2,800 meters and had to be flown down to the valley by helicopters. 2 months ago · Ljubljana, Slovenia",https://ground.news/interest/24urcom
Lietuvos Radijas ir Televizija,Center,"Cable Car Breakdown in Italy Injures 4, Traps Around 100 on Mountain","Four people were injured and about 100 people were trapped on a mountaintop after a cable car broke down in northwestern Italy, officials said. 2 months ago · Vilnius, Lithuania",https://ground.news/interest/lietuvos-radijas-ir-televizija
news38.de,Center,Cable Car Cabin Rammt Mountain Station ++ Nearly 100 People Must Be Evacuated From Ski Area,Follow-up cable car accident in the Italian Alps! Numerous visitors had to be evacuated in a ski resort. 2 months ago,https://ground.news/interest/news38de
India Today,Right,"Hundreds stranded mid-air after 2 cable cars collide in Italy, 4 injured","The mishap occurred when two cabins collided with the upper and lower stations of the installation, the fire service said. The accident took place near the village of Macugnaga in the Piedmont region. 2 months ago · India",https://ground.news/interest/india-today
lindependant.fr,Center,"""It Would Seem that the Cabin Arrived at an Excessive Speed"": About 100 People Blocked at Nearly 3,000 M Above Sea Level After a Cable Car Accident","Four people were injured and a hundred others found themselves blocked at the top of a mountain in northwestern Italy on Tuesday 30 December, after the arrival too fast of a cable car cabin in Italy... 2 months ago",https://ground.news/interest/lindependantfr
www.t-online.de,Lean Left,Injured in Popular Winter Sports Area: Cable Car Gondola Crashes Against Wall,In a winter sports area a cable car crashes against a barrier of the mountain station. Several people are injured. Helicopters leave. 2 months ago,https://ground.news/interest/wwwt-onlinede
Welt,Right,Almost 100 People Evacuated After Cable Car Accident in Italy,"After an accident at a cable car almost 100 people are stuck in the Alps. With two helicopters they have to be brought step by step into the valley. The complicated action lasts for hours. 2 months ago · Dortmund, Germany",https://ground.news/interest/welt
REALITATEA.NET,Right,"A Serious Accident at a Television Station in Italy. Two People Injured, and 100 Others Are Blocked at 2,800 Metres High. the Bombers and Police Helicopters, Used for Evacuation -Video","In the first information, the accident occurred at Monte Moro mountain station, at an altitude of about 2,800 metres, possibly due to the rapid arrival of the telecabina at the station.The two victims were immediately assisted by a doctor and assistant who is happening in the area, and will be evacuated by a medical helicopter. Fortunately, their lives are not at risk.The authorities say that the entire telecabin system has been blocked, and the… 2 months ago",https://ground.news/interest/realitateanet
romaniatv.net,Right,"A Serious Accident in Italy. Two Injuries After a Telecabine Has Been Blocked. About 100 People Will Be Evacuated by the Helicopter From 2,800 Meters High","An accident, a soldier with two injuries, took place at the Macuganaga telecabine from Verbano-Cusio-Ossola, in the Piemont region of Italy. A telecabine has been blocked, and nearly 100 people have to be evacuated with the 2,800-meter helicopter, reports ANSA. The serious accident article in Italy. Two injuries after a telecabine has been blocked. About 100 people will be evacuated with the 2,800-metre helicopter when it first appeared in Roman… 2 months ago",https://ground.news/interest/romaniatvnet
El Universo,Right,Incident on a Cable Car Leaves a Hundred People Trapped in the Italian Alps,"A hundred people have been trapped this Tuesday at the top of Mount Moro, at 2,800 meters altitude in the Italian Alps, due to an incident on the cable car that connects the town of Macugnaga (north) with the ski track. 2 months ago",https://ground.news/interest/el-universo
www.larazon.es,Right,"More than 100 Trapped at 2,800 Meters in the Alps After the Accident of a Cable Car","A hundred people have been trapped this Tuesday at the top of Mount Moro, at 2,800 meters of altitude in the Italian Alps, due to an incident in the cable car that connects the town of Macugnaga (north) with the ski track.The accident occurred at 11.25 hours (10.25 GMT) when a cabin did not stop at the planned point and crashed into the barrier of the arrival station, causing minor injuries to 6 people, who were already evacuated by the rescue s… 2 months ago · Spain",https://ground.news/interest/wwwlarazones
Daily Express,Right,Cable car crash horror as four injured including child – with 100 left stranded,"The horror unfolded around 2,800 meters above sea level. 2 months ago · United Kingdom",https://ground.news/interest/daily-express
Digi 24,Center,"An Accident with a Telecabine in the Piemont Region of Italy: Two People Are Injured and Nearly 100 Are Blocked at More than 2,800 Metres","A military accident with two injuries took place at the Macugnaga-Cusio-Ossola Telecabine in the Piemont region of Italy. The system has been blocked, and currently nearly 100 people have to be evacuated by the helicopter from 2,800 metres high, reports the ANSA agency. 2 months ago · Romania",https://ground.news/interest/digi-24
der Standard AT,Lean Left,"Technical Defect at Cable Car in Piedmont: Four Injured, 100 Persons Evacuated","A cabin crashed against the station barrier at too high a speed. The cable car was stopped and around 100 people evacuated. 2 months ago · Vienna, Austria",https://ground.news/interest/der-standard_389fff
Il Sole 24 Ore,Right,"Incident to the Macugnaga Cable Car, Bring Back to the Valley the Hundred People Blocked at the Passo Del Moro","Finished in the early afternoon the evacuation operation of about one hundred people who had been blocked in the area of the Passo del Moro di Macugnaga, at 2800 meters above sea level, after the... 2 months ago · Milan, Italy",https://ground.news/interest/il-sole-24-ore
Origo,Right,There Was a Serious Elevator Accident: Rescue Helicopters Were Also Alerted,"A technical fault caused an accident on a mountain cable car in northern Italy. Several injured people were treated, the passengers were rescued, and an investigation has been launched. 2 months ago · Budapest, Hungary",https://ground.news/interest/origohu
Hot News,Lean Left,"Video Ten People Have Been Blocked at 3,000 Meters High on an Italian Mountain in an Accident - hotnews.ro","About a hundred people have been blocked in the Moro Pass area, at a height of about 2,800 metres, in the town of Macugnaga, the Italian region Piemont, after the telecabina in which it was hit... 2 months ago · Romania",https://ground.news/interest/hot-news
Daily Mirror,Lean Left,Monte Moro station chaos as 6 injured in horror cable car crash with 100 left stranded - The Mirror,"We'll be bringing you the very latest updates, pictures and video on this breaking news story. 2 months ago · London, United Kingdom",https://ground.news/interest/daily-mirror
il Giornale,Right,Two Wounded and a Hundred People Blocked: Fear on the Macugnaga Cable Car,Perhaps the excessive speed or error in maneuvering at the base of the abrupt braking that caused the accident. There are two cabins involved 2 months ago · Italy,https://ground.news/interest/ilgiornaleit
Il Post,Lean Left,A Hundred People Were Evacuated From the Macugnaga Cable Car in Piedmont After an Accident.,2 months ago · Italy,https://ground.news/interest/il-post
ANSA,Center,"Accident Blocks the Macugnaga Cable Car, Helicopters to Evacuate 100 People. Four Injured","It happened at about 2,800 meters. ""The plant did not properly decelerate entering the station"" (ANSA) 2 months ago · Italy",https://ground.news/interest/ansa
La Repubblica,Lean Left,"Incident at the Macugnaga Cable Car: Three Injured, 100 People Blocked at High Altitude","Helicopters will be used to evacuate all from the 2,800 meters of Mount Moro. Closed the ski slopes 2 months ago · Turin, Italy",https://ground.news/interest/la-repubblica
GMA Filipino News,Lean Left,EXPLAINER: What is known so far about the Swiss bar fire that killed 40,"Who were the victims of the Crans-Montana bar fire in Switzerland? Why were some of them minors? What penalties could the bar owners face? How many exits were there? 1 month ago · Quezon City, Philippines",https://ground.news/interest/gma-filipino-news
Malay Mail,Right,"Swiss hospital chief says bar fire victims suffered burns, fractures and suffocation in scramble for survival","SION (Switzerland), Jan 3 — The head of the hospital which received casualties from the horrific Swiss ski resort bar blaze told AFP yesterday there were not only burns but injuries such as fractures as people ran for their lives.Eric Bonvin, managing director of hospitals in southwest Switzerland’s Wallis canton, said that judging from the casualties, it was likely that people were crushed and suffocated in the panic, while some were injured de… 2 months ago · Selangor, Malaysia",https://ground.news/interest/malay-mail
Inquirer,Lean Left,"Some of the worst fires in bars, nightclubs and music venues","INQUIRER.net A fire at a bar in the Swiss ski resort of Crans-Montana in the early hours of New Year’s Day has left dozens of people presumed dead and around 100 injured, according to authorities. Here is a look at some other nightclub, bar and music venue fires that have led to significant death tolls: • […]...Keep on reading: Some of the worst fires in bars, nightclubs and music venuesThe post Some of the worst fires in bars, nightclubs and mu… 2 months ago · Manila, Philippines",https://ground.news/interest/inquirer
Vatican News,Right,Switzerland in mourning as 40 die in massive bar blaze,"Swiss investigators have begun the grim process of identifying victims of a fire that ripped through a bar in the Swiss Alps town of Crans-Montana, killing at least 40 people and injuring some 115. Read all 2 months ago",https://ground.news/interest/vatican-news
Boston.com,Center,Here's what to know about the Swiss Alpine bar fire that killed 40,"The blaze broke out around 1:30 a.m. Thursday during a holiday celebration inside the Le Constellation bar. 2 months ago · Boston, United States",https://ground.news/interest/bostoncom
The Christian Post,Right,"World Council of Churches says it's praying, mourning alongside suffering after ski resort fire kills 40, injures 119","The World Council of Churches has said it is ""mourning"" with the people of Switzerland and everyone directly affected by the tragic fire that ripped through a bar in Crans-Montana during new year celebrations. #Switzerland #skiresortfire #CransMontana #LeConstellation 2 months ago",https://ground.news/interest/christianpostcom
iNews,Center,How the Swiss bar fire unfolded and what we know so far,"Impartial news & intelligent debate 2 months ago · London, United Kingdom",https://ground.news/interest/inews
DNyuz,Right,At least 40 dead in Swiss ski resort fire as authorities search for answers,"Authorities are working to determine the cause of a fire that swept through a crowded bar on New Year’s Day, killing at least 40 people and injuring 115 in the Crans-Montana mountain resort in southern Switzerland, as questions remain over how the blaze started and became so deadly. The fire broke out in the early morning Thursday at the Constellation lounge bar inside the resort in the Swiss canton of Valais and spread quickly, triggering one o… 2 months ago",https://ground.news/interest/dnyuz
Republic World,Right,Photo Shows Exact Moment Fire Erupted In Swiss Bar Killing 40,"A photo and a video showing the exact moment a deadly fire broke out at a bar in Switzerland’s Crans-Montana ski resort, killing at least 40, is going viral on social media. 2 months ago · Mumbai, India",https://ground.news/interest/republic-world
Today,Lean Left,Fire at Swiss Ski Resort Bar Leaves About 40 People Killed,Authorities say about 40 people were killed and more than 100 injured after a deadly fire at a New Year’s celebration in the Swiss Alps. Swiss officials say the fire caused a sudden explosive ignition. The exact cause of the blaze is under investigation. NBC's Daniele Hamamdjian reports for TODAY. 2 months ago · United States,https://ground.news/interest/today
West Hawaii Today,Lean Left,Fire in Swiss Alps leaves dozens of New Year’s revelers dead,"CRANS-MONTANA, Switzerland — Fire ripped through a bar packed with young New Year’s revelers in an upscale Swiss ski resort town early Thursday, killing about 40 people and injuring about 115, officials said, in what the Swiss president called “one of the worst tragedies our country has ever experienced.” 2 months ago",https://ground.news/interest/west-hawaii-today
Tulsa World,Center,Blaze at Alpine bar kills dozens,"SWITZERLAND 2 months ago · Tulsa, United States",https://ground.news/interest/tulsa-world
Firstpost News,Center,Switzerland holds 5 days for mourning after 'unprecedented' ski resort fire kills 47,"Following the tragic blast at a New Year's Eve party at a bar in Switzerland that killed 40, the European nation is holding five days of mourning to honour the victims. 2 months ago · Mumbai, India",https://ground.news/interest/firstpost-news
Sydney Morning Herald,Lean Left,Chaotic scenes as fire rips through bar in Swiss ski resort,"A fire swept through a crowded bar in Switzerland in the early hours of the new year, killing about 40 people and injuring at least 115 others 2 months ago · Sydney, Australia",https://ground.news/interest/sydney-morning-herald
People,Lean Left,Teen Speaks Out After Narrowly Escaping Deadly Ski Resort Fire: 'We Were Piled on Top of Each Other',"A 17-year-old survivor of the Le Constellation bar fire in Crans-Montana, Switzerland, said she saw ""really horrible things"" as she escaped the blaze 2 months ago · United States",https://ground.news/interest/people
osthessen-news.de,Center,Ski Resort Crans-Montana: Around 40 Dead After Fire at New Year's Eve Party in Switzerland,"According to official sources, about 40 people were killed in the fire in a bar in the Swiss nobel ski resort of Crans-Montana. Around 115 other people were injured, most of them severely, said the commander of the cantonal police in Valais, Frédéric Gisler. ""Probably there will also be victims from abroad.""The fire broke out at night around 1:30 in the bar ""Le Constellation"". Hundreds of people had celebrated New Year's Eve there. The cause of … 2 months ago",https://ground.news/interest/osthessen-newsde
stern.de,Center,"""One of Switzerland's Worst Tragedies"": Around 40 People Killed in Fire in Bar on New Year's Eve","A shocking record of the fire in a bar in the Swiss luxury ski resort of Crans-Montana on New Year's Eve: According to the authorities, about 40 people were killed and 115 more injured. Most of the injuries were serious, said the police chief of the canton of Valais, Frédéric Gisler, at a press conference on Thursday. Swiss President Guy Parmelin called the fire ""one of the worst tragedies that our country has experienced"".The hospitals in the c… 2 months ago · Germany",https://ground.news/interest/sternde
NewsNation,Center,'It could have been me:' Woman describes chaos near deadly Swiss bar fire,"Grace Rocoffort de Vinnière told NewsNation the Constellation bar was popular among young people. 2 months ago · Chicago, United States",https://ground.news/interest/wgn-america_663347
The Telegraph,Right,New Year's horror inferno that left dozens of revellers dead,"2 months ago · London, United Kingdom",https://ground.news/interest/the-telegraph
illawarramercury.com.au,Lean Left,Australian injured in fatal fire at Swiss ski resort,An Australian was caught up in a fire that engulfed a crowded bar during a New Year's Eve... 2 months ago,https://ground.news/interest/illawarramercurycomau
El Nuevo Día,Center,The Death Toll Increased to 40 After Fire in the Swiss Alps Bar During New Year’s Celebration,Municipal authorities had banned the use of fireworks due to lack of rain in the last month 2 months ago · Puerto Rico,https://ground.news/interest/el-nuevo-dia
El Vocero de Puerto Rico,Right,Fire in Swiss Bar Leaves Around 40 Dead and More than 100 Injured on New Year's Day,"Tragedy in Crans-Montana, Switzerland: Dozens dead and nearly 100 injured after a fire at the ""Le Constellation"" bar during New Year's celebrations. Authorities are investigating the cause and working to identify the victims at this popular alpine ski resort. 2 months ago",https://ground.news/interest/el-vocero-de-puerto-rico
Expressen,Right,Witnesses: Sparklers in Bottles Started the Fire in the Bar in the Exclusive Ski Resort of Crans-Montana,"The celebration quickly turned into a burning inferno. Champagne flowed in the popular bar – and was served in bottles equipped with sparklers that started the fire, according to eyewitnesses. The affected ski resort of Crans-Montana is an exclusive hangout for international celebrities. 2 months ago · Stockholm, Sweden",https://ground.news/interest/expressen
il Giornale,Right,"Who Are Jacques and Jessica Moretti, the French Owners of the Bar in Crans-Montana Destroyed by the Flames","The couple, active for years in the catering sector in the Swiss resort, is in shock and has also lost some members of their staff 2 months ago · Italy",https://ground.news/interest/ilgiornaleit
aninews.in,Right,"Swiss bar fire in Crans-Montana claims 40 lives, 115 injured, says police","At a press conference in Crans-Montana, Valais Cantonal Police Commander Frederic Gisler on Thursday said that authorities responded swiftly after a fire was reported at a bar in the area. 2 months ago · India",https://ground.news/interest/aninewsin
merkur.de,Center,Fire-Inferno with Dead People in Switzerland: What We Know – and What We Don't Know,"At a New Year's Eve party in the Swiss ski resort Crans-Montana, several people die from a fire. Some details are known – many questions still open. 2 months ago",https://ground.news/interest/merkurde
100% FED UP!,Far Right,"Devastating Fire At Swiss Ski Resort K*lls About 40 People, Injures Over 100 Others * 100PercentFedUp.com * by Danielle",About 40 people died and 115 others sustained injuries in a horrific fire during a New Year’s party at a […] 2 months ago,https://ground.news/interest/100percentfedupcom
SBS News,Lean Left,Dozens killed in a fire at a Swiss ski resort | Morning News Bulletin 2 January 2026,"Dozens killed in a fire at a Swiss ski resort; Australia's beef industry set to be hit by new Chinese tariffs; And in tennis, Ash Barty urges Australian stars to capitalise on home summer ahead of Open. 2 months ago · Sydney, Australia",https://ground.news/interest/sbs-news
rp-online.de,Right,"40 Dead by Fire in Switzerland: ""One of the Worst Tragedies in the Country's History",A fire disaster at a New Year's Eve party in the Swiss Nobel ski resort of Crans-Montana costs about 40 people their lives. The identification of the victims and the more than 100 injured will take a long time. The authorities announce information. 2 months ago,https://ground.news/interest/rp-onlinede
PBS NewsHour,Lean Left,Fire at Swiss bar during New Year's celebration kills about 40,"Around 40 people are dead and more than 100 are injured after a fire tore through a bar in the Swiss mountain ski town of Crans-Montana. The cause of the fire is still under investigation as the Swiss face a devastating scene. Lisa Desjardins reports. 2 months ago · Washington, United States",https://ground.news/interest/pbs-newshour
WPRI 12,Center,"40 dead, 115 injured in fire at Swiss bar during New Year's celebration","About 40 people were killed and another 115 injured, most of them seriously, after a fire ripped through a bar’s New Year celebration in a Swiss Alpine resort less than two hours after midnight Thursday, police said. 2 months ago · East Providence, United States",https://ground.news/interest/wpri-12
Sud Ouest,Center,Fire in a Bar in Switzerland: How Could Spark Candles Be the Cause of the Tragedy?,"After the drama of Crans-Montana, a firefighter highlights the risks associated with the use of these candles in night establishments and the consequences of non-compliance with safety rules 2 months ago · France",https://ground.news/interest/sud-ouest
The Post and Courier,Center,Dozens Confirmed Dead in Fire at New Year's Party in Swiss Alps,"About 40 people were killed and more than 100 injured, many gravely, in a fire in a bar at a ski resort in the Swiss Alps during a New Year's celebration Thursday. The Swiss president said it was ""one of… 2 months ago · Charleston, United States",https://ground.news/interest/the-post-and-courier
Deseret News,Center,About 40 dead after fire at New Year’s Eve celebration in Switzerland,"Officials: Many more injured, death toll could rise. Investigators say they don’t believe the incident was an attack. Where is Crans-Montana, Switzerland? 2 months ago · Salt Lake City, United States",https://ground.news/interest/deseret-news
lindependant.fr,Center,"Fire in a Bar in Crans-Montana: ""One of the Worst Tragedies"" Switzerland Has experienced... a New Record of a ""Forty"" Dead and About 115 Wounded, ""Most Seriously""","About 40 people were killed and about 115 others were injured, mostly seriously, in the fire that ravaged a crowded bar on a New Year's Eve in the ski resort of Crans... 2 months ago",https://ground.news/interest/lindependantfr
Stuff,Lean Left,Here's what to know about the deadly Swiss Alpine bar fire,Swiss investigators are probing what caused a fire in a bar at an Alpine ski resort that left around 40 people dead and another 115 injured during a New Year's celebration. 2 months ago · New Zealand,https://ground.news/interest/stuff_0ae80d
Sapo,Right,There Are No Portuguese in the Fire in the Ski Station Bar in Switzerland,"Many of the fire wounds – which started about 01h30 (00h30 in Lisbon), after several explosions had been recorded during the passing of the year that occurred in the Le Constellation bar – were in serious condition. 2 months ago · Portugal",https://ground.news/interest/sapo
24ur.com,Center,"Police Confirm: 'Around' 40 People Died in the Fire, 115 Injured","A tragedy struck a bar in the fashionable Swiss ski resort of Crans Montana on New Year's Eve. According to police, the explosion occurred around 1:30 a.m., followed by a fire. The tragedy claimed about 40 lives and injured 115 people. Many are in hospital with severe burns. 2 months ago · Ljubljana, Slovenia",https://ground.news/interest/24urcom
Berliner Morgenpost,Center,40 Dead in Fire Inferno in Switzerland: This Is What Is Known About the Disaster,"Hospitals in Crans-Montana are overwhelmed after a devastating fire. Approximately 40 people have died. How could this have happened? 2 months ago · Berlin, Germany",https://ground.news/interest/berliner-morgenpost
Lincoln Journal Star,Center,Here's what to know: Dozens dead in New Year's fire at a Swiss Alpine bar,"Swiss investigators are probing what caused a fire in a bar at an Alpine ski resort that left dozens of people presumed dead and another 100 injured during a New Year’s celebration. Most of the injured were seriously wounded when… 2 months ago · Cherokee County, United States",https://ground.news/interest/lincoln-journal-star
Washington Examiner,Right,"Hundreds injured, dozens feared dead after fire at Swiss ski resort New Year's Eve celebration","A fire at a popular ski resort bar in the Swiss Alps has left 40 people dead and 115 people injured. The fire in Cans-Montana, Switzerland, a ski resort town, began at around 1:30 a.m. local time and was sparked at Le Constellation bar during a New Year’s celebration. Swiss law enforcement officials announced at a Thursday afternoon press conference that most of the injured were seriously injured and that they were all being cared for. “A signif… 2 months ago · Washington, United States",https://ground.news/interest/washington-examiner
The LADbible,Center,Terrifying images show moment deadly ski resort blaze set off by 'champagne sparkler',"Some terrifying images have captured the moment when the deadly ski resort blaze was set off by a 'champagne sparkler' 2 months ago · Manchester, United Kingdom",https://ground.news/interest/the-ladbible
El Pais,Lean Left,"The Testimonies of the Fire at the Le Constellation Bar in Crans-Montana: “Absolute Panic Spread, Everyone Shouted”",Several witnesses claim that a candle over a bottle of champagne caused the fire 2 months ago · Spain,https://ground.news/interest/el-pais
The Gateway Pundit,Far Right,New Year’s Eve Explosion and Fire in Luxury Swiss Resort Kills DOZENS – Local Hospitals Overwhelmed With Burn Victims,Not a happy new year in Switzerland. 2 months ago · United States,https://ground.news/interest/the-gateway-pundit
El Financiero,Right,‘Everyone Screamed’: Witnesses Narrate What the ‘Hell’ of the Swiss Bar Fire Was Like,"Two young Frenchmen who were at the Le Constellation bar who caught fire at a New Year’s Eve party told how the fire happened and spread; how they fled, and the panic that was generated among the attendees. “Everyone was screaming,” one of these two young people told the French channel BFMTV what they had lived. According to the girls, the origin of the tragedy was flares or fireworks that were made in champagne bottles. Le Constellation started… 2 months ago · Mexico",https://ground.news/interest/el-financiero
Our Sunday Visitor,Right,Tragic New Year fire in a ski resort bar kills ‘several dozen’ in Switzerland,"""This evening should have been a moment of celebration and coming together, but it turned into a nightmare,"" said a government official. 2 months ago",https://ground.news/interest/our-sunday-visitor_7a5c97
TVN,Center,Police Fear 'Tens' of Deaths From Fire in Swiss Ski Resort,"Police, firefighters and lifeguards came to the popular tourist resort, one of the most valued ski destinations in Europe, which began the year with a ""burning smell in the air"", according to local media. 2 months ago",https://ground.news/interest/tvn
BFM TV,Center,"""The Whole Ceiling Was on Fire"": Two Witnesses Said ""the Panic"" During the Fatal Fire in Crans-Montana","Emma and Albane, two young French women who quickly managed to get out of the ""Constellation"" bar where the fatal fire took place on the night of the Saint-Sylvestre in Crans-Montana (Switzerland), tell of the ""crowd movements"" and ""panic"" during the appearance of the flames. 2 months ago · France",https://ground.news/interest/bfm-tv
Times of India,Right,What we know so far about the deadly New Year’s Eve bar fire in Switzerland,"A deadly fire tore through a packed bar during New Year’s Eve celebrations at the upscale Swiss ski resort of Crans-Montana, killing dozens of people . 2 months ago · India",https://ground.news/interest/times-of-india
India TV News,Right,"Death count rises to 40 in explosion at Switzerland bar on New Year's Eve, probe underway","At least 40 people were killed and 100 others were injured after an explosion tore through a luxury bar in Switzerland and triggered a massive fire during New Year's Eve celebrations, the Italian Foreign Ministry said, citing Swiss police. Moreover, the Swiss authorities said the explosion, which happened at the basement of the Le Constellation Bar and Lounge in the ski resort town of Crans-Montana, was being considered a fire and not a terror a… 2 months ago · India",https://ground.news/interest/india-tv-news
Ynet News,Lean Left,"Swiss resort inferno: ‘sparkler on champagne bottle ignited ceiling, people burned he","Hours after the deadly New Year’s Eve disaster at an Alpine ski town, authorities still could not confirm exact casualties, but reports said about 40 were killed and 100 injured; three Jews were reported missing 2 months ago · Tel Aviv-Yafo, Israel",https://ground.news/interest/ynet-news
Newser,Lean Left,'Several Dozen' Dead in Fire at Swiss Ski Bar,"A packed New Year's Eve party at a Swiss ski resort turned into a mass-casualty disaster, with ""several dozen"" dead and about 100 injured, reports the Guardian . A blaze erupted around 1:30am local time Thursday in Le Constellation, a popular bar in the high-end resort of Crans-Montana in southwestern... 2 months ago · Miami, United States",https://ground.news/interest/newsercom
ga.de,Center,"Swiss Ski Resort Crans-Montana: ""Absolute Panic: Dozens Dead After Fire at New Year's Eve Party","A New Year's Eve party in the Swiss ski resort Crans-Montana ends in a tragedy: dozens of people die in a fire in a bar, 100 more are injured. 2 months ago",https://ground.news/interest/gade
The Epoch Times,Right,Dozens Dead After Fire Sweeps Through Swiss Ski Resort Bar; US Rings in New Year as World Welcomes 2026,"Police say dozens are feared dead and as many as 100 others are injured after a fire at a ski resort in Switzerland. The blaze broke out in the early hours of New Year’s Day at the Le Constellation bar in the upscale Alpine ski resort of Crans-Montana in the Swiss Canton of Valais. Helicopters and ambulances rushed to the scene to assist victims, including several tourists. The cause of the blaze remains unclear, but authorities say it appears t… 2 months ago · New York, United States",https://ground.news/interest/the-epoch-times
Channel 4,Lean Left,Several dozen killed after deadly fire at Swiss ski resort,"The cause of the devastating blaze at Le Constellation bar hasn’t been established. 2 months ago · London, United Kingdom",https://ground.news/interest/channel-4
Evening Standard,Center,Terrifying moment fire spreads through ceiling of Swiss ski resort bar as '40 killed',"Video on social media shows appears to show flames engulfing the wooden ceiling as people try to flee the rapidly-developing inferno 2 months ago · London, United Kingdom",https://ground.news/interest/evening-standard
Politico Europe,Lean Left,Swiss president postpones New Year’s speech after ski resort fire,"A bar in the municipality of Crans-Montana in Valais caught fire this morning, killing several dozens and injuring 100. 2 months ago · Brussels, Belgium",https://ground.news/interest/politico-europe
Wapa,Center,Tragedy in Switzerland: Dozens Reported Dead in Fire During 2026 Celebrations,"""Several dozen people are presumed dead,"" police commander Frederic Gisler told the press, adding that the number of injured could reach 100. 2 months ago",https://ground.news/interest/wapa
Jyllands-Posten,Right,"Danish Tv Host in Crans-Montana: ""Nobody Understands that It Can Happen in Such a Small Town""","TV host Felix Smith spent New Year's Eve in Crans-Montana, Switzerland, where an explosion and subsequent fire have claimed the lives of a double-digit number of people. He tells a number of Danish media... 2 months ago · Aarhus, Denmark",https://ground.news/interest/jyllands-posten
Hot News,Lean Left,"What It's Known so Far About the Tragedy in Switzerland. ""I Tried to Shoot the Game to Help People Get Out"" - hotnews.ro","Ten people died and about 100 others were injured, most of them in a fire which exploded in the Le Constellation bar from the Crans-Montana ski station in southwestern Switzerland during the... 2 months ago · Romania",https://ground.news/interest/hot-news
mannheim24.de,Center,Brand in Switzerland: Candles or Fireworks as Triggers?,What happened to the devastating tragedy of a New Year's Eve party in Switzerland with dozens of deaths? Two visitors report. 2 months ago,https://ground.news/interest/mannheim24de
Diario de Cádiz,Center,"New Year's Eve in Cadiz: 112 Attends 266 Emergencies, Most Health Care",3.5% more incidents than last year on the same date Several killed and injured in a fire in the Swiss ski resort of Crans Montana 2 months ago,https://ground.news/interest/diario-de-cadiz
Protothema,Right,"The Moment the Fire Starts Inside the Bar in Crans Montana, Watch Video",At least 40 people lost their lives and about 100 were injured - Shocking testimonies from eyewitnesses 2 months ago,https://ground.news/interest/protothema
Daily Star,Right,Moment Swiss bar sets on fire in horror footage as witness describes 'bloodbath',"Footage from inside the Le Constellation bar in Crans-Montana has captured the moment the popular establishment at the ski resort caught on fire as witnesses called the incident a ""bloodbath"" 2 months ago · United Kingdom",https://ground.news/interest/daily-star
Tagesschau,Center,Swiss Police: Dozens of Deaths After Fire in Bar in Crans-Montana,"After the fire at a New Year's Eve party in Crans-Montana in Switzerland, the police are running out of dozens of deaths. Thus, more than 100 people have been injured. 2 months ago · Hamburg, Germany",https://ground.news/interest/tagesschau
The Hill,Center,Dozens believed dead after fire at New Year’s celebration in Switzerland,"Dozens are believed to be dead and at least 100 people injured after a fire tore through a bar in a Swiss ski resort town amid a New Year’s celebration, law enforcement said Thursday.  The fire occurred at Le Constellation bar in the Swiss ski resort town of Crans-Montana early Thursday morning, authorities said, according to The Associated Press.  “Our… 2 months ago · Washington, United States",https://ground.news/interest/the-hill
Straight Arrow News,Center,Dozens presumed dead in New Year's Eve fire at Swiss ski resort,"Dozens are presumed dead, and around 100 more were injured after a fire broke out during a New Year's Eve celebration at a bar in the Swiss Alps. The fire started at about 1:30 a.m. local time in a bar called ""Le Constellation"" in the Alpine ski resort municipality of Crans-Montana. The location is about two hours from the Swiss capital of Bern in a region known as Valais Canton. ""What was a moment of joy turned into a tragedy in Crans-Montana l… 2 months ago",https://ground.news/interest/straight-arrow-news
The Statesman,Center,"Swiss ski resort bar fire: Dozens killed, victims of several nationalities, terror angle ruled out; what we know so far",Swiss President Guy Parmelin cancelled his New Year's address after the fire tragedy. 2 months ago,https://ground.news/interest/the-statesman_fb6331
Deutschlandfunk,Center,Swiss Ski Resort - Dozens of Dead and Injured After Fire in Bar in Crans-Montana,"According to the police, dozens of people have been killed in a fire in a bar in the Swiss ski resort Crans-Montana in the canton of Valais. Around one hundred people have been injured, most of them severely. 2 months ago · Germany",https://ground.news/interest/deutschlandfunk
WTXF,Center,Dozens feared dead in fire at Swiss Alps bar during New Year’s celebrations,"An explosive fire broke out during a New Year’s Eve celebration at a crowded bar in the Swiss Alps, killing multiple people and injuring others, according to Swiss police. 2 months ago",https://ground.news/interest/wtxf
Il Fatto Quotidiano,Lean Left,"""In the Crans-Montana Restaurant There Were Normally 400 People. Here Many Italian and French Tourists"": the Story of a Resident of the Area","The tragedy in Crans-Montana: the story of a citizen 2 months ago · Rome, Italy",https://ground.news/interest/il-fatto-nuotidiano
News.de,Lean Left,"Explosion in Crans-Montana, Switzerland: Dozens of Dead and Injured After New Year's Eve-Inferno - Speculations About Cause","The New Year's Eve in Switzerland has been overshadowed by a deadly tragedy: an explosion occurs in a bar in Crans-Montana, where more than 100 people celebrated New Year's Eve. What is known so far. 2 months ago",https://ground.news/interest/newsde
TF1 INFO,Center,Explosion in a Bar: Dozens of Deaths in Switzerland,"There was an explosion followed by a violent fire in Switzerland. The tragedy occurred in a bar in the ski resort of Crans-Montana around 1am, in the midst of a New Year's celebration. The authorities evoke dozens of deaths, without making any more precise progress, as well as a hundred wounded, including two French people. Several people lie on the ground, unconscious. The aid is quickly overflowing. The origin of the explosion remains unknown … 2 months ago",https://ground.news/interest/tf1-info
IOL,Center,Dozens presumed dead after 'explosive' fire rips through crowded bar at Swiss ski resort,"Tragedy struck a crowded bar in Crans-Montana as a fire erupted during New Year celebrations, leaving several dozen presumed dead and around 100 injured, with authorities investigating the cause. 2 months ago · South Africa",https://ground.news/interest/iol
The News,Right,New Year’s tragedy: Celebrations turn to chaos after deadly fire at Swiss bar kills 40,"A deadly fire broke out during New Year's festivities at a Swiss ski resort bar, leaving multiple people dead and several others injured, confirmed local authorities.As New Year’s Day began, a... 2 months ago · Pakistan",https://ground.news/interest/the-news
"La Nación, Grupo Nación",Right,Dozens of Dead After Fire in Swiss Ski Resort,"Crans-Montana. Several dozen people are afraid of being killed and about a hundred were injured after a fire on Thursday morning, January 1, at a bar in the luxurious ski resort of Crans-Montana, in southwestern Switzerland, in the midst of the New Year celebrations, the authorities reported.The fire, of undetermined origin, broke out around 01:30 a.m. locals at the Le Constellation bar, a place very crowded by tourists and with capacity for som… 2 months ago",https://ground.news/interest/la-nacion-grupo-nacion
SDPnoticias.com,Lean Left,Terrible Fire in Switzerland: No Nation Is Free From Tragic Accidents,"If there is an exemplary country by its institutions of first order, it is Switzerland. One of its cantons, that of Valais, is today in a “special situation”. It is understood, the fire in the bar-lounge Le Constellation, of the ski resort Crans-Montana, has been very serious — the New Year’s party left a balance of dozens of people dead and more than a hundred injured. The special situation implies that the cantonal police, firefighters of mult… 2 months ago",https://ground.news/interest/sdpnoticiascom
Neue Zürcher Zeitung,Right,New Year's Disaster in Crans-Montana: These Are the Pictures,"In the Valais ski resort Crans-Montana several dozen people died in a fire in a bar. 2 months ago · Zürich, Switzerland",https://ground.news/interest/neue-zurcher-zeitung
diario.mx,Center,Dozens Killed and About 100 Injured in Swiss Bar Fire,"A fire destroyed the New Year’s celebration of a bar in a Swiss alpine complex less than two hours after midnight on Thursday, with dozens of people dead and about 100 more injured, most seriously, according to the police. Crans-Montana station is known mainly as an international ski and golf resort, and overnight its crowded Le Constellation bar went from a party stage to becoming the scene of one of Switzerland’s worst tragedies. The interior … 2 months ago",https://ground.news/interest/diariomx
NBC News,Lean Left,Dozens presumed dead after fire rips through Swiss ski resort bar,"Dozens of people are feared dead after a fire swept through a ski resort bar during a New Year’s celebration in Crans-Montana, Switzerland. NBC News’ Daniele Hamamdjian has the details. 2 months ago · United States",https://ground.news/interest/nbc-news
Liberation,Lean Left,"""It's a Place Where All the Young People Go"": Stupor in the Swiss Ski Resort of Crans-Montana, Where ""Several Dozen Dead"" Are Feared After the Fire of a Bar","A fire ravaged a trendy bar in the Crans-Montana ski resort in Valais on New Year's Eve. According to some sources, there could be 40 deaths. Two French people were injured. 2 months ago · Paris, France",https://ground.news/interest/liberation
La Libre,Center,Fire in a Bar in Crans-Montana: No Belgian Victim Identified Yet,"The SPF Affaires étrangères states on Thursday that it is not aware, at this stage, of Belgians among the people who died in the explosion in Crans-Montana, Switzerland. ... 2 months ago · Brussels, Belgium",https://ground.news/interest/la-libre
La Presse,Lean Left,Switzerland: About 40 People Killed in a Bar Fire During New Year's Eve,"The fire on New Year's Eve in a crowded bar at the Swiss ski resort in Crans-Montana killed some 40 people and injured about 115 people, the police of the canton of Valais announced on Thursday. 2 months ago · Montreal, Canada",https://ground.news/interest/la-presse_39d7a8
World,Right,Mass casualties sustained in New Year’s fire at Swiss bar,"WORLD is a news organization producing Biblically sound, daily coverage of global, national, and cultural current events. 2 months ago · Asheville, United States",https://ground.news/interest/wngorg
TVA Nouvelles,Lean Left,Switzerland: Dozens of Deaths Alleged in the Fire at a Bar at Crans-Montana Station,"The police feared that ""several dozen people"" had died in a fire that also caused a hundred people to be injured in a bar in Switzerland. 2 months ago · Montreal, Canada",https://ground.news/interest/tva-nouvelles
romaniatv.net,Right,"A Roman, Rescuer After an Explosion From a Restaurant at Crans-Montana Station, Switzerland: About 80 People Have Been Taken Away by Me. They Are Still Victims Inside, Carbonized","The commander of the Valais Cantonal Police, Frederic Gisler, confirmed at a press conference that ten people died in the fire which exploded in the first hour of the new year in a popular Swiss ski station Crans Montana. Among the rescuers who participated in the support of the victims was also a novel. Meanwhile, the Mae of Bucharest reported that there was no information that during the time there were also Romanians. Article A novel, saved a… 2 months ago",https://ground.news/interest/romaniatvnet
Breitbart,Right,'Several Dozen' Dead in New Year's Eve Ski Resort Nightclub Fire,"At least ""several dozen"" killed and around 100 people are seriously injured after a fire at a New Year's Eve party in a basement nightclub. 2 months ago · United States",https://ground.news/interest/breitbart
Mediapart,Lean Left,"Fire in a Bar in Crans-Montana, Switzerland: Police Fear that ""Tens of People"" Have Perished","The fire spread to a cocktail bar at the Valais station on the night of Wednesday to Thursday. The hypothesis of an attack is ruled out according to Béatrice Pilloud, the canton's prosecutor. 2 months ago · Paris, France",https://ground.news/interest/mediapart
Arutz Sheva,Right,Deadly explosion at Swiss ski resort,At least ten people were killed in an explosion and fire that broke out at a bar in a Swiss ski town during New Year celebrations. 2 months ago · Israel,https://ground.news/interest/arutz-sheva
Manchester Evening News,Center,UK Foreign Office issues update on fatal Swiss resort fire,"Dozens are presumed dead after a fire broke out at a New Year's Eve party 2 months ago · Manchester, United Kingdom",https://ground.news/interest/manchester-evening-news
Globo,Right,At Least 40 People Die in an Explosion Followed by Fire at New Year's Party at a Luxury Ski Station in Switzerland; Videos,"Rescue teams work locally, and there are no information about what caused the fire 2 months ago · Brazil",https://ground.news/interest/globo
Zeit Online,Lean Left,Switzerland: What Is Known About the Fire in Crans-Montana,"On New Year's Eve, a devastating fire broke out in a bar in the noble ski resort of Crans-Montana. Numerous people are dead. 2 months ago · Germany",https://ground.news/interest/zeit-online
ilmessaggero.it,Center,"Crans-Montana, the Testimonies: ""Guys Who Came Out of the Local Bloody and Clothesless, a Tragedy""","The New Year's Massacre. Switzerland was shocked by the explosion that took place this night in the ski resort of Crans-Montana, in the bar Le Constellation where a... 2 months ago",https://ground.news/interest/ilmessaggeroit
BioBioChile,Right,Dozens of Dead in a Ski Resort in Switzerland After Fire in a Bar,Dozens of dead left a recorded fire in the early hours of the year in the popular ski resort of... 2 months ago · Chile,https://ground.news/interest/biobiochile
La Tercera,Right,Swiss Authorities Confirm Dozens of Deaths After Bar Fire During New Year’s Celebrations in Valais,"The Swiss authorities have confirmed on New Year’s morning that there are “tens” of people “presumably killed” and a hundred seriously injured as a result of a fire declared at the Le Constellation bar in the ski resort of Crans-Montana, in Valais, Switzerland. “Dozens of people” are “presumably dead”, explained in a press conference the commander of the Police of the canton of Valais, Frédéric Gisler and the deputy for Vallais Stéphane Ganzer. … 2 months ago · Chile",https://ground.news/interest/la-tercera
sta.si,Center,Dozens of People Are Believed to Have Died and More than a Hundred Injured in an Explosion in Crans Montana,"An explosion that rocked a bar in the Swiss ski resort of Crans Montana last night reportedly killed dozens of people and injured more than a hundred, police announced at a press conference today. 2 months ago",https://ground.news/interest/stasi
UPI,Center,"About 40 dead, 100 injured in Switzerland bar fire","About 40 people are believed to be dead and about 100 injured after a fire broke out at a New Year's Eve celebration at a bar in Switzerland. 2 months ago · Washington, United States",https://ground.news/interest/upi_0b956e
la Nacion,Right,Switzerland: Dozens Killed by a Fire in a Luxurious Ski Resort,"The flames originated in a bar; the exact number of victims is unknown 2 months ago · Buenos Aires, Argentina",https://ground.news/interest/la-nacion_7042bc
आज तक,Right,"40 Killed, over 100 Injured in Switzerland Bar blast... Police Rule Out Terror Angle","Amid the New Year's celebrations, tragic news came from Switzerland. A powerful explosion at a Swiss bar turned the celebrations into mourning. Police have confirmed dozens of deaths, while more than 100 are reported injured. However, the police have currently ruled out the incident as a terrorist attack. 2 months ago",https://ground.news/interest/_421d90
Sky News UK,Center,What we know about deadly New Year's fire at Swiss ski resort,"A fire in the early hours of New Year's Day has killed at least 40 people and injured 119, many of them seriously, officials said in an update on Friday. The blaze broke out at Le Constellation, a bar in the Swiss ski resort of Crans-Montana. Here's everything we know so far. 2 months ago · United Kingdom",https://ground.news/interest/sky-news
wz.de,Center,Brand in Swiss Ski Resort - What We Know - and What Not,During a New Year's Eve party in a Swiss Nobel ski resort a fire breaks out in a bar. Dozens of people die. Many questions are still open - especially about the background. 2 months ago,https://ground.news/interest/wzde
El Debate,Right,The Tragedy Is Raging in Switzerland: Dozens of Dead on New Year's Eve Due to a Fire in the Crans Montana Ski Resort,There are about a hundred injured. The police rule out that this was an attack. The main difficulties are in the identification of the... 2 months ago,https://ground.news/interest/el-debate
Outlook India,Lean Left,"Several Killed, Many Injured In New Year Explosion And Fire At Swiss Ski Resort Bar","Blast and blaze at a crowded bar in Crans-Montana during New Year celebrations leave multiple dead; police launch investigation 2 months ago · New Delhi, India",https://ground.news/interest/outlook-india
Marca,Center,Tragedy in a Bar in a Ski Resort in Switzerland: an Explosion Causes Dozens of Deaths and Injuries,"The news that comes from Switzerland to begin in 2026 is that an explosion and the subsequent fire in a bar in the ski resort of Crans Montana, in the canton of Valais, in the southeast of the country, has caused several dozen deaths and more than a hundred wounded. Of all this the spokesman of the cantonal police of Valais, Gaëtan Lathion, reported at a press conference.wf_cms.rss.read_more 2 months ago · Barcelona, Spain",https://ground.news/interest/marca
Libertad Digital,Right,"Dozens of People ""Presumably Dead"" and a Hundred Injured in a Fire in a Swiss Ski Resort",The fire devastated the Le Constellation bar after an explosion. Authorities confirm foreign victims and rule out the hypothesis of an attack. 2 months ago,https://ground.news/interest/libertad-digital
Peru21,Center,What We Know About the Tragedy in Switzerland: 47 Dead and More than 100 Injured After Explosion in Bar,New Year's tragedy: at least 40 dead after explosion in a bar in Switzerland 2 months ago,https://ground.news/interest/peru21
Observador,Right,10h. a Follow-up Fire Explosion in Switzerland Caused Dozens of Deaths and More than a Hundred Injuries,"The most recent balance made by the authorities confirms that they have been injured in a serious state. Moreover, progressive Democrat Zohran Mamdani has today assumed the role of President of the New York camera. 2 months ago · Portugal",https://ground.news/interest/observador
South Wales Argus,Center,Dozens presumed dead in fire at new year party in Swiss resort,"Many more are seriously injured following the incident at Le Constellation bar in Crans-Montana. 2 months ago · Newport, United Kingdom",https://ground.news/interest/south-wales-argus
Irish Mirror,Lean Left,Police update says dozens dead after explosion rips through ski resort,"The blaze has broken out at Le Constellation Bar and Lounge in the popular ski resort of Crans-Montana, Switzerland, amid a New Year's Eve celebration with hundreds of people inside 2 months ago · Ireland",https://ground.news/interest/irish-mirror
Greek Reporter,Right,"New Year’s Explosion at Popular Swiss Ski Resort Kills Dozens, Injures Over 100","Crans-Montana, Switzerland. Credit: Wikimedia Commons / Denise Hastert CC BY 4.0 A powerful explosion and fire tore through a bar in Crans‑Montana, one of Switzerland’s most renowned winter resorts, in the early hours of New Year’s Day, leaving multiple people dead and many injured as visitors celebrated the start of 2026. The blast occurred around 1:30 a.m. local time at Le Constellation bar, a popular venue with tourists, and triggered a massi… 2 months ago",https://ground.news/interest/greek-reporter
Liverpool Echo,Center,Crans-Montana ski resort fire: what you need to know,"The bar was reportedly crowded with over 100 people at the time 2 months ago · Liverpool, United Kingdom",https://ground.news/interest/liverpool-echo
Israel Hayom,Right,Crans Montana le constellation bar Fatal Explosion at Swiss Ski Resort Crans-Montana,"Several individuals perished in a blast at a Crans-Montana ski resort venue, Valais cantonal police confirmed to Blick. Additional victims sustained injuries, a police spokesperson stated early Thursday. RhoneFM, a local station, indicated that pyrotechnic devices potentially triggered the catastrophe, according to Blick. Multiple individuals reportedly corroborated this assessment to the broadcaster. Casualty projections appear severe, with Rho… 2 months ago · Israel",https://ground.news/interest/israelhayomcom
Wales Online,Lean Left,Dozens killed in fire that ripped through Alpine ski resort,"'Several tens of people' are presumed dead and about 100 are injured, most of them seriously 2 months ago · Wales, United Kingdom",https://ground.news/interest/wales-online
9News,Right,Witnesses blame 'sparklers in champagne bottles' after 40 killed in Swiss Alps blaze,"New Year celebrations turned to tragedy in Switzerland on Thursday, with dozens of people dead and more tha... 2 months ago · Australia",https://ground.news/interest/9news
Birmingham Mail,Center,New Year's fire at ski resort popular with Brits claims at least ten lives - Birmingham Live,"An investigation is underway into the deadly blaze at Swiss resort Crans-Montana 2 months ago · Birmingham, United Kingdom",https://ground.news/interest/birmingham-mail
RTÉ,Center,"Explosion at Swiss bar 'not an attack', says prosecutor","Follow developments following an explosion at a bar in Switzerland, which was crowded with people on New Year's eve. 2 months ago · Ireland",https://ground.news/interest/rte
charentelibre.fr,Center,"Fire in a Bar in Crans-Montana, Switzerland: the Score Goes up to Dozens of Deaths","A fire in a crowded bar in Crans-Montana, Switzerland, killed many as the partyers celebrated the New Year. The French Ministry of Foreign Affairs announces that two 2 months ago",https://ground.news/interest/charentelibrefr
charter97.org,Lean Left,"In Switzerland, a Fire Broke Out at a New Year's Eve, and an Explosion Broke Out.",Many wounded and many dead. 2 months ago,https://ground.news/interest/charter97org
Le Huffington Post,Left,"What We Know About the Fire in Crans-Montana that Caused ""some 40 Deaths""","The Swiss authorities report that a fire has been reported in the Le Constellation bar, which is very popular with tourists and is located in the centre of the ski resort. 2 months ago · Paris, France",https://ground.news/interest/le-huffington-post
Fria Tider,Far Right,Large Number of Dead and Injured in Explosion at Bar in Switzerland,Around 40 people have already died. The majority of the injured are said to be seriously injured. 2 months ago,https://ground.news/interest/fria-tider
Infobae,Lean Left,Dozens of People Died From a Fire During a New Year Party in a Ski Resort in Switzerland,"The beginning of the year in Crans-Montana was marked by a tragedy at the Le Constellation bar. Police ruled out the hypothesis of an attack 2 months ago · Buenos Aires, Argentina",https://ground.news/interest/infobae_343f97
Australian Financial Review,Right,"Dozens dead, more than a hundred injured in fire at Swiss Alps bar","The Italian foreign ministry said in a statement that Swiss police believe more than 40 people may have died in the blaze. 2 months ago · Sydney, Australia",https://ground.news/interest/australian-financial-review
Corriere Della Sera,Center,"The Flames Wrap a Bar in the Ski Resort of Crans-Montana, Switzerland: the Escape of Passers-By","The explosion occurred around 1.30 at night, rescuers still at work 2 months ago · Italy",https://ground.news/interest/corriere-della-sera
The Scotsman,Center,Crans-Montana fire: 'Several dozens' believed to have died in fire at Swiss ski resort bar,"The investigation is ongoing. 2 months ago · Scotland, United Kingdom",https://ground.news/interest/the-scotsman
France24,Center,Deadly fire ad Swiss ski resort: Many killed during New Year's celebrations,"A fire at a bar in the upscale Alpine ski resort of Crans-Montana just north of the Matterhorn, in Switzerland, has killed dozens of people and injured nearly 100 after breaking out around 1:30 a.m. at the Constellation bar, with investigators now working to determine the cause as authorities say there is no indication the blaze was terror-related. France24 correspondent, John Zarocostas, reports the latest. 2 months ago · France",https://ground.news/interest/france24
The Quint,Lean Left,"Fatal Explosion at Swiss Ski Resort Bar Leaves Many Dead, Injured","Multiple fatalities and injuries reported after a fire and explosion at Le Constellation bar, Crans-Montana, Switzerland. Investigation ongoing. 2 months ago · India",https://ground.news/interest/the-quint
SWI swissinfo.ch,Lean Left,Victims From Different Countries in Crans-Montana,"The victims of Crans-Montana VS come from different countries. This is what the Wallis FDP State Councillor Stéphane Ganzer said in front of the media on New Year's Day. 2 months ago · Bern, Switzerland",https://ground.news/interest/swi-swissinfoch
Action News 5,Center,"Dozens presumed dead, about 100 injured in fire at Swiss Alps bar during New Year’s celebration","Investigators were working to determine the cause of the fire. 2 months ago · Memphis, United States",https://ground.news/interest/https-wwwactionnews5com
OKDIARIO,Right,Several Dozen Killed and Injured by an Explosion in a Bar in a Ski Resort in Switzerland,"The explosion in a restaurant in Crans-Montana, Switzerland, has resulted in deaths and multiple injuries in the middle of New Year's Eve celebration. 2 months ago",https://ground.news/interest/okdiario
abc News,Lean Left,"Around 40 killed, 115 hurt in Swiss resort bar blaze on New Year's Day, police say","A fire of ""undetermined origin"" broke out at the Le Constellation bar in Crans-Montana at about 1:40 a.m. local time, the Cantonal Police of Valais said in a statement. 2 months ago · United States",https://ground.news/interest/abc-news_409efb
Lietuvos Radijas ir Televizija,Center,Several Dozen People Are Believed to Have Died as a Result of a Fire at a Resort in Switzerland,"According to the police, a fire broke out at a bar at the Swiss ski resort Cran Montana on New Year's Eve, allegedly killing several dozen people and injuring about 100 others, reported to the police. 2 months ago · Vilnius, Lithuania",https://ground.news/interest/lietuvos-radijas-ir-televizija
europapress.es,Center,Several Dead and Injured in the Fire of a Restaurant in a...,"A fire in the restaurant 'Le Constellation', in the ski resort of Crans-Montana, in the canton... 2 months ago · Spain",https://ground.news/interest/europapresses
Daily Record,Lean Left,At least 10 feared dead in horror New Year fire at ski resort in Switzerland,"Emergency services raced to the Le Constellation Bar and Lounge in Crans-Montana, Valais, at 1.30am local time, where hundreds of people were inside. 2 months ago · Glasgow, United Kingdom",https://ground.news/interest/daily-record_ed6bce
focus.de,Right,"Explosion in Swiss Ski Resort! Police Speak of ""Several Dozen Dead""","Great tragedy in the Swiss ski resort Crans Montana: At about 1.30 o'clock there is an explosion in a bar. A fire breaks out. ""many dead"" are feared. 2 months ago · Berlin, Germany",https://ground.news/interest/focusde
Spiegel,Lean Left,That's What the Swiss Police Say About the Explosion in Crans-Montana,At least ten people have been killed in the Swiss ski resort Crans-Montana. Now the police are commenting on the previous investigations. 2 months ago · Germany,https://ground.news/interest/spiegel
UNILAD,Center,Multiple people dead after explosion at Swiss Alps resort bar during New Year's celebrations,"Customers had just celebrated the New Year when the blast took place in the ski resort town of Crans-Montana, Switzerland 2 months ago · London, United Kingdom",https://ground.news/interest/uniladcom
Интерфакс-Украина,Lean Left,"Fire Breaks Out in a Bar at a Ski Resort in Switzerland, There Are Dead","Several people died in a fire in a bar located on the territory of the Crans-Montana ski resort in the Swiss canton of Valais, Le Temps newspaper reported. 2 months ago",https://ground.news/interest/_1b50bb
Svenska Dagbladet,Right,Dozens Dead in Fire at Swiss Ski Resort,"At least ten people have died after an explosion in a bar in the ski resort of Crans-Montana on New Year's Eve. More than a hundred people were there when a fire broke out. 2 months ago · Stockholm, Sweden",https://ground.news/interest/svenska-dagbladet
ladepeche.fr,Lean Left,Direct. Explosion in a Ski Resort in Switzerland: Dozens of People Are Said to Have Been killed... Follow the Evolution of the Situation,"A terrible tragedy occurred during the festivities of the Saint-Sylvestre in the ski resort of Crans-Montana (Switzerland). An explosion occurred in a bar, causing the death of several people. 2 months ago",https://ground.news/interest/ladepechefr
Belfast Live,Center,Several dead after Crans-Montana New Year's Eve explosion in popular ski resort town,"Officials say they are at the early stages of their investigation but there are 'many injured and many dead' - the renowned ski resort is hugely popular with tourists 2 months ago · Belfast, United Kingdom",https://ground.news/interest/belfast-live
Der Tagesspiegel,Center,Explosion in Bar: Numerous Dead and Severely Injured in Swiss Ski Resort,"According to the police, there was a serious explosion in the Swiss ski resort Crans-Montana (Wallis). The background is still unclear. Local media report up to 40 deaths. 2 months ago · Berlin, Germany",https://ground.news/interest/der-tagesspiegel
Digi 24,Center,"Explosion at a Station in Switzerland, on the Night of the New Year. Ten People Are Supposed to Die, over 100 Are Injured.","Switzerland is on the ground in the early hours of 2026. An explosion in a bar caused more deaths and injuries in Crans Montana, a ski station from Valais Canton, announced Joi, the local police, quoted by BBC. 2 months ago · Romania",https://ground.news/interest/digi-24
Daily Sabah,Right,"At least 40 feared dead, about 100 injured in fire at Swiss Alps bar",Swiss authorities said Thursday dozens of people were presumed dead and over 100 others were injured in a fire during a New Year's Eve party in the... 2 months ago · Türkiye,https://ground.news/interest/daily-sabah
Euronews,Center,At least 40 killed in Swiss ski resort bar fire during New Year party,At least 40 people were killed and around 115 were injured when fire swept through a crowded Crans-Montana bar during New Year celebrations. 2 months ago · France,https://ground.news/interest/euronews
NRC Handelsblad,Lean Left,Around Forty Dead and over a Hundred Injured in Explosion at Swiss Bar: 'One of the Worst Tragedies Ever in the Country',At least dozens of people were killed and many more injured in an explosion at a bar in the Swiss ski resort of Crans-Montana. Police are treating it as a fatal accident. 2 months ago · Netherlands,https://ground.news/interest/nrc-handelsblad
ABC Australia,Lean Left,Dozens killed in New Year's Eve fire at Swiss ski resort bar,"The ""fire of undetermined origin"" tore through a crowded bar in the luxury Swiss ski resort town of Crans-Montana in Switzerland. 2 months ago · Australia",https://ground.news/interest/abc-australia
www.larazon.es,Right,Several Killed and Injured in a Fire in a Swiss Ski Resort During the New Year's Party,"An explosion and the subsequent fire in a bar in the Swiss ski resort of Crans Montana, in the canton of Valais, has caused several deaths and injuries, according to police reports quoted by the country's press, reports Efe.The fire, very violent according to the police, occurred after several explosions at around 1.30 a.m., during the new year's party held at ""Le Constellation"", a local bar, and although the origin of them is still unknown, the… 2 months ago · Spain",https://ground.news/interest/wwwlarazones
Bild,Right,New Year's Eve Inferno in Switzerland: Several Dead in an Explosion in Ski Resort,"Zermatt (Switzerland) – New Year's Eve tragedy in the Swiss ski resort of Crans-Montana. According to the police, there were several deaths and injuries in an explosion... 2 months ago · Berlin, Germany",https://ground.news/interest/bild
EADaily,Right,There was an explosion in a Swiss bar: there are dead and injured,The explosion occurred during the celebration of the New Year in the bar Le Constellation in the Swiss city of Crans-Montana. Police have confirmed the deaths of at least two people. Dozens more visitors were seriously injured… 2 months ago,https://ground.news/interest/eadaily
Origo,Right,"Explosion at a Nightclub, Several Dead","A fatal incident occurred on New Year's Eve at a popular Alpine resort, and authorities are investigating the circumstances. 2 months ago · Budapest, Hungary",https://ground.news/interest/origohu
El Huffington Post,Left,"Police Confirm at Least 40 Deaths After an Explosion at a Bar in Crans Montana Ski Resort, Switzerland, During the New Year's Party","The police are working on the hypothesis of an accident with pyrotechnics as a possible cause of the event. 2 months ago · Madrid, Spain",https://ground.news/interest/el-huffington-post
Frankfurter Allgemeine,Right,Explosion in Crans-Montana: Tragedy in New Year's Eve,"An explosion occurred in a bar in a Swiss luxury ski resort on New Year's Eve. According to the investigators, dozens of people were killed, about 100 injured. 2 months ago · Frankfurt, Germany",https://ground.news/interest/frankfurter-allgemeine
MPR News,Lean Left,Dozens presumed dead in fire at Swiss Alps bar during New Year’s celebration,"A fire ripped through a bar’s New Year celebration in a Swiss Alpine resort less than two hours after midnight Thursday, with dozens of people feared dead and about 100 more injured, most seriously, police said. 2 months ago · Saint Paul, United States",https://ground.news/interest/mpr-news
delo.si,Lean Left,"Tragedy in Swiss Bar: Dozens Dead, Around a Hundred Injured","According to some reports, the wooden ceiling caught fire, as shown in a video that has been circulating on social media. 2 months ago",https://ground.news/interest/delosi
New York Post,Right,Multiple people dead as fire rips through Swiss Alps ski resort bar during New Year’s celebrations,"Multiple people were killed in the blaze at the bar “Le Constellation” and others were injured, police said. 2 months ago · New York, United States",https://ground.news/interest/new-york-post
Eldiario.es,Lean Left,Several Dozen Dead and a Hundred Injured in a Fire in a Bar in the Swiss Ski Resort of Crans-Montana,The fire occurred at approximately 1:30 a.m. during the New Year’s party. There were more than 100 people in the establishment at the time of the incident. 2 months ago · Spain,https://ground.news/interest/eldiarioes
El Mundo,Right,Several Killed and Injured in a New Year Celebration in a Ski Resort in Switzerland,"An explosion and the subsequent fire in a bar in the Swiss ski resort of Crans Montana, in the canton of Valais, has reportedly resulted in several deaths and injuries, according to reports... 2 months ago · Madrid, Spain",https://ground.news/interest/el-mundo
Devdiscourse,Center,Tragedy Strikes Crans-Montana: Bar Fire Claims Lives,"A devastating fire at 'Le Constellation' bar in Crans-Montana, Switzerland, resulted in multiple fatalities and injuries. The incident, possibly sparked by an explosion, led to the closure of the area and implementation of a no-fly zone. Over 100 patrons were present during the tragedy. 2 months ago · India",https://ground.news/interest/devdiscourse
Irish Times,Lean Left,"Some 40 people killed, 100 injured after fire at Swiss ski resort bar, officials say","Fire tore through a crowded bar during a New Year’s Eve party in the resort of Crans-Montana 2 months ago · Dublin, Ireland",https://ground.news/interest/irish-times
BT,Right,Several Dead After Explosion in Switzerland,2 months ago · Denmark,https://ground.news/interest/bt
Nottingham Post,Center,"Multiple killed in fire at Swiss ski resort bar on New Year's Eve, police say - Nottinghamshire Live","A fire broke out at a bar in the Swiss Alps, leaving multiple people dead and injured during New Year celebrations, police said. 2 months ago · Nottingham, United Kingdom",https://ground.news/interest/nottingham-post
The Journal,Lean Left,'Several dead' after fire at Swiss ski resort bar as revellers rang in New Year,A “fire of undetermined origin” broke out in a bar popular with tourists. 2 months ago · Ireland,https://ground.news/interest/the-journal_0d766b
Cadena SER,Center,"Police Confirm ""Tens of Dead"" in a Restaurant Fire in a Ski Resort in Southern Switzerland","The fire may have been unleashed after ""one or more explosions"" at the end of the year celebration 2 months ago",https://ground.news/interest/cadena-ser
abc,Right,At Least 10 Dead and Several Injured by an Explosion in a Bar in a Ski Resort in Switzerland,"At least 10 people have died and several have been injured by the explosion at the Le Constellation bar, in the Crans-Montana ski resort, which is very frequented by tourists, in the Swiss canton of Valais (in the south of the country), as Sky News advances. The fire occurred around 1.30 a.m. in the middle of the New Year’s celebration. Although the origin of the fire is unknown at the moment, it is mentioned that the fire may have been unleashe… 2 months ago · Spain",https://ground.news/interest/abc_0c202e
politika.rs,Right,"Explosion at Crans-Montana Ski Resort, Several Dead","Several people killed and injured after explosion at bar in Swiss ski resort Crans-Montana 2 months ago · Belgrade, Serbia",https://ground.news/interest/politikars
444.hu,Lean Left,Several Dead in Explosion at Swiss Ski Resort,More than a hundred people were celebrating at the bar where the explosion occurred. 2 months ago · Hungary,https://ground.news/interest/444hu
Dnevni list Danas,Lean Left,An Explosion at a New Year's Celebration in a Bar in a Famous Swiss Ski Resort: Several People Were Killed,"Several people were killed and several others were injured in an explosion and fire that occurred during the night in a bar at the famous Swiss ski resort of Crans-Montana, the police confirmed. 2 months ago · Belgrade, Serbia",https://ground.news/interest/dnevni-list-danas
Tribune India,Right,"Swiss bar explosion leaves several dead, dozens injured in Crans-Montana - The Tribune","A late-night explosion sparked a deadly fire at a bar in Switzerland, killing and injuring several people. Over 100 patrons were inside at the time, hospitals were overwhelmed with burn victims, and authorities launched an investigation as emergency crews rushed to the scene. 2 months ago · Chandigarh, India",https://ground.news/interest/tribune-india
Telegrafi,Lean Left,"Several Dead, Others Injured in Explosion at Swiss Ski Resort","🚨🇨🇭#BREAKING | NEWS ⚠️Multiple people have been killed and others injured after a large explosion and fire ripped through a bar at the luxury alpine ski resort of Crans-Montana. Swiss Police Department says they are looking into the blast and how it happened. Possible… pic.twitter.com/u373VRdvyv— Todd Paron🇺🇸🇬🇷🎧👽 (@tparon) January 1, 2026 He said the explosion happened around 1:30 a.m. at a bar called Le Constellation, which is popular … 2 months ago",https://ground.news/interest/telegrafi
La Vanguardia,Center,Dozens Killed and a Hundred Injured by an Explosion in the Bar of a Swiss Ski Resort on New Year's Eve,"The very violent Crans-Montana fire occurred at dawn during the celebration of 2026 2 months ago · Granada, Spain",https://ground.news/interest/la-vanguardia
Il Sole 24 Ore,Right,"Explosion in a Bar in the Ski Resort of Crans-Montana, Dead and Injured","Several people died and others were injured following an explosion in a bar in the Swiss ski resort of Crans-Montana. The explosion took place at 01.30 local time in the... 2 months ago · Milan, Italy",https://ground.news/interest/il-sole-24-ore
ITV,Right,ITVX - The Streaming Home For All Of ITV And So Much More!,"2 months ago · London, United Kingdom",https://ground.news/interest/itv_bbe77f
20minutos,Center,At Least 40 Dead and 115 Injured in a Fire at Crans Montana Ski Resort in Switzerland,"A large fire in a disco bar in the Swiss ski resort of Crans Montana has left 40 dead and 115 injured this morning, most of them seriously, as confirmed by the Swiss police. ""There have been about a hundred wounded who have been evacuated to different hospitals and dozens of them could have died,"" said the commander of the Cantonal Police of Valais, Frederic Gisler, at a press conference. The very violent fire occurred at about 1.30 a.m. this Th… 2 months ago · Madrid, Spain",https://ground.news/interest/20minutos
Novinky.cz,Lean Left,Explosion at Swiss Ski Resort. at Least Ten Dead on the Spot,Several people died in an explosion and subsequent fire in the Swiss ski resort of Crans-Montana on New Year's Eve. Swiss police confirmed to Sky News that at least ten people were killed and another ten were injured. 2 months ago,https://ground.news/interest/novinkycz
Chronicle Live,Center,Swiss police confirm 'multiple' deaths after explosion at ski resort - reports,"A number of people are understand to have been killed or injured in an explosion at a Swiss ski resort. 2 months ago · Newcastle upon Tyne, United Kingdom",https://ground.news/interest/chronicle-live
i24NEWS,Right,Deadly explosion at Swiss ski resort during New Year’s celebrations,An overnight explosion and fire at a bar in the upscale Swiss resort of Crans-Montana killed several people and injured others 2 months ago,https://ground.news/interest/i24news
Eesti Rahvusringhääling,Center,Dozens Killed in Swiss Ski Resort Bar Fire,"A fire that broke out on New Year's Eve at a crowded bar in the luxury Swiss ski resort of Crans-Montana is believed to have killed dozens of people and injured about 100, police said Thursday morning. 2 months ago · Estonia",https://ground.news/interest/eesti-rahvusringhaaling
Radio-Canada,Lean Left,Switzerland: Murderous Fire in a Bar on New Year's Eve · Global Voices,"A fire in a bar in a ski resort in Switzerland on New Year's night caused several deaths and injuries, the police said. 2 months ago · Montreal, Canada",https://ground.news/interest/radio-canada
The Independent,Lean Left,Several dead after explosion in bar at Swiss ski resort town: Switzerland latest,"Explosion at Crans-Montana venue triggers deadly fire as revellers welcomed 2026 2 months ago · London, United Kingdom",https://ground.news/interest/the-independent_ff73a6
Anadolu Ajansı,Right,"Explosion, fire kill at least 10 at bar in Swiss ski resort of Crans-Montana: Police","Dozens reported injured as blast, fire hit packed venue during New Year’s Eve celebrations, police tell local media - Anadolu Ajansı 2 months ago · Ankara, Türkiye",https://ground.news/interest/anadolu-ajans
Kronen Zeitung,Right,Dead by Explosion in Luxury Ski Resort in Switzerland,"According to the police, several people were killed in an explosion in a bar in the Swiss luxury ski resort of Crans-Montana in the canton of Valais. Other people were injured in the incident at the Le Constellation Bar, a spokesman for the cantonal police of the news agency AFP announced on early Thursday morning. He said that an ""explosion of unknown causes"" occurred at around 1.30 a.m. in a popular bar in the center of the popular resort. The… 2 months ago · Vienna, Austria",https://ground.news/interest/kroneat
Sueddeutsche Zeitung,Lean Left,Several People Killed in Explosion in Swiss Bar,"Unconfirmed recordings on social media show a fire in the bar in the ski resort of Crans-Montana, where New Year's Eve celebrations took place. 2 months ago · Munich, Germany",https://ground.news/interest/sueddeutsche-zeitung
Die Presse,Right,At Least Ten Dead in an Explosion in Swiss Ski Resort,"In the Swiss luxury ski resort Crans-Montana there was an explosion in a bar. At least ten people died. The cause is unknown so far. 2 months ago · Vienna, Austria",https://ground.news/interest/die-presse
Al Jazeera,Lean Left,Several killed in explosion at Swiss ski resort town: Police,The New Year’s Eve blast occurred in a bar called Le Constellation in the Swiss town of Crans Montana. 2 months ago · Qatar,https://ground.news/interest/al-jazeera_1a2e2c
DR,Lean Left,Live Several Dead After Accident at Ski Resort in the Alps,"According to authorities, 'dozens' are believed to have lost their lives in the fire that took place on New Year's Eve. 2 months ago · Copenhagen, Denmark",https://ground.news/interest/dr
Just the News,Right,"Dozens killed, 100 injured in ski resort bar fire in Swiss Alps during New Year’s celebrations","Authorities don’t suspect terrorism but the cause of the fire at the Le Constellation bar at the Crans-Montana resort was still being investigated. 2 months ago · Washington, United States",https://ground.news/interest/justthenewscom
Al Bawaba,Right,Deadly explosion hits ski resort in Switzerland,"ALBAWABA- A powerful explosion tore through a crowded bar in the Swiss Alpine resort of Crans-Montana early on New Year’s Day, killing several people an 2 months ago · Amman, Jordan",https://ground.news/interest/albawaba
telex.hu,Lean Left,Dozens Dead in Swiss Bar Fire After Midnight,"More than a hundred people were injured in the tragedy, many seriously. The exact number of victims is not yet known. 2 months ago",https://ground.news/interest/telexhu
www.sme.sk,Lean Left,Deaths and Injuries in Explosion at Bar in Crans-Montana Ski Resort,"The tragedy occurred during New Year's celebrations. 2 months ago · Bratislava, Slovakia",https://ground.news/interest/wwwsmesk
franceinfo.fr,Lean Left,"Bereaved New Year in Switzerland: an Explosion Killed at Least Ten People in a Bar in the Ski Resort of Crans-Montana, According to Police","The deflagration took place around 1h30 in a bar called The Constellation. Its origin remains unknown for the moment, according to the police. The intervention is still in progress. 2 months ago",https://ground.news/interest/franceinfofr
Deutsche Welle,Center,Deadly explosion hits Swiss ski resort bar,"Emergency services have been responding overnight after a powerful blast tore through a crowded bar in the Alpine resort of Crans-Montana as New Year celebrations were under way. 2 months ago · Bonn, Germany",https://ground.news/interest/deutsche-welle
Il Post,Lean Left,"Dozens of People Died in a Bar Fire in Crans-Montana, Switzerland","It flared up after an explosion occurred around 1:30, during the New Year's celebrations: the wounded would be about a hundred 2 months ago · Italy",https://ground.news/interest/il-post
Associated Press News,Lean Left,"Fire at Swiss Alpine resort bar during New Year's celebration leaves dozens feared dead, 100 injured",Dozens of people are presumed dead and about 100 injured following a fire at a Swiss Alps bar during a New Year’s celebration. 2 months ago · United States,https://ground.news/interest/associated-press-news
Schweizer Radio und Fernsehen (SRF),Lean Left,During the New Year's Celebration - Explosion in Crans-Montana vs Kills Several,"During a New Year's Eve party in a bar, according to the police, several people have been fatally injured. 2 months ago · Zürich, Switzerland",https://ground.news/interest/schweizer-radio-und-fernsehen-srf
7NEWS Australia,Right,Several reportedly killed in explosion at Swiss ski resort,"Crans-Montana is a luxury ski town in the heart of the Swiss Alps, approximately two hours from Bern. 2 months ago · Australia",https://ground.news/interest/7news-australia
ABP News,Right,Several Killed After Explosion At Switzerland's Luxury Ski Resort Crans-Montana,"New Year celebrations turned tragic as a powerful explosion ripped through a bar in Switzerland’s Crans-Montana ski resort, killing several people. 2 months ago · India",https://ground.news/interest/abp-news
NOS,Right,"Dozens Dead in Cafe Fire at Swiss Ski Resort, More than 100 Injured","Dozens of people have died in a bar fire in the Swiss ski resort of Crans-Montana. More than a hundred people were injured, Swiss authorities announced at a press conference. Many of the injured are in serious condition. The cause of the fire is not yet known. According to authorities, it was an incident in which all flammable materials or gases in a room suddenly ignited. Some local media reported an explosion in the bar around 1:30 a.m. It was… 2 months ago · Netherlands",https://ground.news/interest/nos_4ae905
GB News,Right,'Several' people killed after explosion inside nightclub at popular winter tourist hotspot,"Several people are said to have died after an explosion ripped through a bar in a popular Swiss ski resort 2 months ago · London, United Kingdom",https://ground.news/interest/gbnewscom
Dagens Nyheter.,Right,Dozens Feared Dead After Explosion at Bar in Switzerland,"A bar fire broke out overnight at a ski resort in Switzerland. 2 months ago · Stockholm, Sweden",https://ground.news/interest/dagens-nyheter
Indian Express,Lean Left,Several people killed after explosion rocks bar in Swiss ski resort,"Police have set up a helpline for families of those affected. Crans-Montana is about two hours from Bern, the Swiss capital. 2 months ago · India",https://ground.news/interest/indian-express
Live Mint,Center,Several killed in explosion at Swiss ski resort town of Crans-Montana; disturbing videos emerge,"Several people were killed and others injured after an explosion tore through a bar in the Swiss ski resort town of Crans-Montana, authorities said. 2 months ago · New Delhi, India",https://ground.news/interest/live-mint
Revolver,Right,'Around FORTY' feared dead and 100 injured in Swiss ski resort blaze,"The blast occurred at around 1.30am local time (12.30am GMT) in the basement of 'Le Constellation' bar, located in the centre of the Alpine town of Crans-Montana. 2 months ago",https://ground.news/interest/revolver
Le Monde,Lean Left,"In Switzerland, Several People Died During an Explosion in a Bar in the Ski Resort of Crans-Montana","The accident, of unknown origin, caused several deaths and injuries in Crans-Montana, a ski resort in the canton of Valais, Switzerland, announced the police on Thursday. 2 months ago · Paris, France",https://ground.news/interest/le-monde
Welt,Right,Crans-Montana: Several Dead in an Explosion in Swiss Ski Resort,"More than a hundred people celebrate the turn of the year in a bar in a Swiss ski resort. Suddenly there is an explosion. Several people die. Several helicopters are in operation. 2 months ago · Dortmund, Germany",https://ground.news/interest/welt
Xinhua,Left,Several killed in explosion at Swiss ski resort town of Crans Montana: police,Several killed in explosion at Swiss ski resort town of Crans Montana: police 2 months ago · China,https://ground.news/interest/newscn
20 Minutes,Lean Left,Several Deaths in an Explosion in a Ski Resort in Switzerland,"An explosion this Thursday in a bar caused several deaths and injuries in Crans-Montana, a ski resort in Switzerland 2 months ago · France",https://ground.news/interest/20-minutes
BBC News,Center,'We just want to find him': Families of missing and injured describe agonising wait after Swiss bar fire,"Some 40 people were killed in the fire; 113 injured people have been formally identified, including 71 Swiss citizens, 14 French and 11 Italians. 2 months ago · United Kingdom",https://ground.news/interest/bbc-news_bf95f4
n-tv.de,Right,Bar in Flames: Several Dead by Explosion in Swiss Ski Resort Crans-Montana,In the Swiss ski resort Crans-Montana several people are killed in an explosion in a bar. Other people are injured. 2 months ago,https://ground.news/interest/n-tvde
NZ Herald,Center,Dozens presumed dead after explosion rips through Swiss ski resort bar,"“Several dozen” people are presumed dead, and others were injured when an explosion ripped through a bar at the luxury Alpine ski resort town of Crans... 2 months ago · Auckland, New Zealand",https://ground.news/interest/nz-herald
India Today,Right,"40 killed, 115 injured in explosion at Switzerland bar on New Year's Eve",At least 40 people were killed in an explosion at a luxury bar in the Swiss ski resort town of Crans-Montana as hundreds gathered for celebrations on New Year's Eve. 2 months ago · India,https://ground.news/interest/india-today
Le Parisien,Right,"Switzerland: ""Unknown"" Explosion Kills Several People at Crans-Montana Ski Resort","""There was an explosion of unknown origin,"" said Gaëtan Lathon, spokesman for the cantonal police, at AFP. ""There are several wounded and several dead,"" he added. According to the authorities, this explosion followed by a fire took place in the bar ""Le Constellation"", which is very popular with tourists, around 1:30 in the morning.An intervention ""always under way"" According to the cantonal police interviewed by Blick, at least two people died, … 2 months ago · Paris, France",https://ground.news/interest/le-parisien
Daily Mirror,Lean Left,Teenager golfer dies aged 17 in Swiss ski resort fire as 100 in critical state,"Swiss investigators are probing what caused a fire at Le Constellation Bar in Crans-Montana that left around 40 people dead and another 115 injured during a New Year’s celebration. 2 months ago · London, United Kingdom",https://ground.news/interest/daily-mirror
شفق نيوز,Left,switzerland... Was Killed by an Explosion at a Ski Resort.,"""There are several wounded and many dead,"" said the spokesman for the Cantonal Police of South West Switzerland, Gaitan Laton, ""an unknown explosion,"" adding that ""there are several wounded and several dead."" 2 months ago · Iraq",https://ground.news/interest/_465d27
Politiken,Lean Left,"""Dozens"" Dead and Around 100 Injured After Explosion Hits Ski Resort Bar Last Night","An explosion has hit a bar in an exclusive ski resort in the Swiss Alps. Several people are reported dead. 2 months ago · Copenhagen, Denmark",https://ground.news/interest/politiken
vrt,Center,Several Dead and Injured After Explosion and Fire in Bar at Swiss Ski Resort,"Several people have been killed and injured after an explosion at a bar in the Swiss ski resort of Crans-Montana, police reported. The explosion was followed by a fire. The cause of the explosion is not yet known. 2 months ago · Antwerp, Belgium",https://ground.news/interest/vrt
Aftonbladet,Left,At Least Ten Dead After Explosion at Ski Resort,"An explosion has occurred during New Year's celebrations at the ski resort of Crans-Montana in the Alps. At least ten people have been killed and at least ten more injured, according to reports. 2 months ago · Stockholm, Sweden",https://ground.news/interest/aftonbladet
La Repubblica,Lean Left,"Switzerland, Explosion in a Bar in a Luxury Ski Resort: There Are Deaths and Injuries","The origin of the explosion is still unknown. 2 months ago · Turin, Italy",https://ground.news/interest/la-repubblica
yle,Center,Around 40 People Have Died After an Explosion at the Crans-Montana Ski Resort in Switzerland,"In addition, around a hundred people were injured in the explosion that occurred in a bar and led to a severe fire. 2 months ago · Finland",https://ground.news/interest/yle
www.t-online.de,Lean Left,Tragedy in Swiss Ski Resort on New Year's Eve: Dozens of Dead and Severely Injured,"As visitors to a bar in a Swiss ski resort celebrate the new year, there is a disaster: dozens of people die, the hospitals in the region raise beds. 2 months ago",https://ground.news/interest/wwwt-onlinede
svt Nyheter,Lean Left,Explosion in Bar in Switzerland – Several Dead,"Several people have died after an explosion in a bar in the ski resort of Crans-Montana in Switzerland, several media outlets report. The explosion led to a violent fire in connection with New Year's celebrations. 2 months ago · Stockholm, Sweden",https://ground.news/interest/svt-nyheter
ANSA,Center,"++ Explosion in Swiss Ski Resort, Several Deaths ++","GINEVRA, 01 GEN - An explosion occurred at the ski resort in Crans-Montana, Switzerland. According to police sources, there were several deaths. (ANSA-AFP). (ANSA) 2 months ago · Italy",https://ground.news/interest/ansa
npr,Lean Left,Dozens presumed dead in fire at Swiss Alps bar during New Year's celebration,"Dozens of people are presumed dead and about 100 injured, most of them seriously, following a fire at a Swiss Alps bar during a New Year's celebration, police said Thursday. 2 months ago · Washington, United States",https://ground.news/interest/npr
TMZ,Right,"Deadly New Year's Fire at Swiss Alps Resort Bar, Dozens Killed","A New Year's celebration turned tragic in the Swiss Alps. Police say several dozen people are presumed dead and around 100 others were injured after a massive fire ripped through a popular bar in the resort town of Crans-Montana Wednesday morning.… 2 months ago · Los Angeles, United States",https://ground.news/interest/tmz
El Intransigente,Left,Switzerland: a Fire in a Bar During Old Night Left More than a Hundred Victims,A fire in the exclusive Le Constellation bar left 40 dead during New Year’s celebrations. The post Switzerland: A fire in a bar during New Year’s Eve left more than a hundred victims appeared first on El Intranssigente. 2 months ago,https://ground.news/interest/el-intransigente
aztecayucatan.com,Left,Videos of the Tragedy: Thus Began the Bar Incendio that Left 40 Dead and More than 100 Wounded at New Year's Eve Party,"In the early hours of this Thursday, January 1, 2026, there was a fire inside a bar in Switzerland, which left 40 dead and more than 100 injured. On TV Azteca Yucatán we tell you what is known about this unfortunate tragedy that obscures the celebrations of the New Year internationally. What happened in Switzerland? According to information shared by Swiss authorities, it was around 1:30 a.m. on January 1, 2026 when the fire reached the faciliti… 2 months ago",https://ground.news/interest/aztecayucatancom
Diario Correo,Left,Peru Expresses Official Condolences on the Crans-Montana Fire that Left 40 Dead,"The Peruvian Foreign Ministry deeply regretted the loss of human life in the Crans-Montana ski resort in the canton of Valais. In its message released this Thursday, the Peruvian Government expressed solidarity with the people and the Swiss authorities in the face of this tragedy that occurred during the New Year celebrations. Peru expresses its deep solidarity with the Government and the Swiss people, for the unfortunate loss of human life that… 2 months ago · Peru",https://ground.news/interest/diario-correo
Jovem Pan News,Left,Swiss President Laments a Fire that Left at Least 40 Dead – Young Pan,"The Swiss president, Guy Parmelin, lamented the fire in a bar at the Crans-Montana ski station, in the Swiss Alps, on Thursday afternoon, 1st, which left at least 40 dead and more than 100 wounded. “What was to be a moment of joy turned into tragedy in Crans-Montana last night,” said Parmelin in a publication on the social network X. “The Federal Council took knowledge of what happened with deep consternation. His thoughts are with the victims, … 2 months ago",https://ground.news/interest/jovem-pan-esportes-entretenimento-noticias-e-videos-com-credibilidade
MASSIVE.NEWS,Left,Witnesses Describe What They Saw At Swiss Resort Fire That Left At Least 40 Dead,"Witnesses to the aftermath of a fire that tore through a crowded bar in a Swiss ski resort on Thursday (January 1) described what they saw, including people screaming and some of the dozens of people feared killed lying on the ground. READ MORE: https://www.thetimes.com/world/europe/article/swiss-ski-resort-explosion-crans-montana-switzerland-latest-news-t0g9l6s7h The fire began at about 1.30am in the Constellation bar in Crans-Montana on Thursd… 2 months ago",https://ground.news/interest/massivenews
elDiarioAR,Left,Tragedy in Switzerland: a Fire Left Dozens Dead and More than a Hundred Wounded During a New Year's Party,"It happened in the early morning in a bar in Crans-Montana, in the canton of Valais. Authorities ruled out an attack and pointed to an accident, possibly linked to the use of pyrotechnics. There are serious victims and the identity of the deceased is investigated. What was supposed to be a New Year celebration ended in tragedy in Crans-Montana, one of the most exclusive ski resorts in Switzerland, where a fire in a bar caused several tens of dea… 2 months ago",https://ground.news/interest/eldiarioarcom
El Periódico - San Francisco,Left,Tragedy in Switzerland: Fire in a Ski Resort Left Dozens Dead in New Year's Celebrations,"A fire of great proportions broke out in the early hours of 1 January at a bar in the ski resort of Crans-Montana, Switzerland, in the canton of Valais, caused a tragedy during the New Year’s celebrations, with a preliminary balance of about forty people killed and about a hundred injured, many of them with severe burns. The accident occurred around 1.30 a.m. at the Le Constellation bar, where more than a hundred people were participating in a p… 2 months ago",https://ground.news/interest/el-periodico-san-francisco
Ámbito,Left,New Year's Tragedy in Switzerland: Videos of the Fire Left Dozens Dead in a Ski Resort,"A strong explosion left 40 dead and more than 100 injured, according to the first estimates of the local authorities. Several witnesses managed to capture with their cell phones the dramatic images of the moment the flames razed the place. 2 months ago · Argentina",https://ground.news/interest/ambito
elCanciller,Left,At Least 40 Dead and 100 Injured Left a Fire in a Crowded Bar in a Swiss Ski Resort,"A fire of great proportions unleashed in a crowded bar in the exclusive ski resort of Crans Montana, Switzerland, during the early morning of this Thursday left a preliminary balance of 40 dead and at least 100 injured. Cantonal Police Commander Frederic Gisler reported in a press conference that rescue and medical triage work in the Le Constellation bar remains active. ""Several dozen people are presumed dead,"" he said before stressing that all … 2 months ago",https://ground.news/interest/elcanciller
ADNSur,Left,Switzerland: a Fire During the Celebration of New Year Left Dozens of Victims in Crans-Montana,"A fire of great proportions during the early morning of this Thursday, in the middle of the New Year’s celebration, caused a tragedy in the ski resort of Crans-Montana, Switzerland. The incident occurred in a busy bar and left a preliminary balance of about 40 people dead and about 100 injured. The commander of the Cantonal Police of Valais, Frédéric Gisler, reported in a press conference that rescue tasks and medical triage are still active. “S… 2 months ago",https://ground.news/interest/adnsur
babel.ua,Left,An Explosion at a Ski Resort in Switzerland on New Year's Eve Left Dozens Dead and Hundreds Injured,"In the Alpine ski resort of Crans-Montana in Switzerland, there was an explosion and a fire broke out in a bar where people were celebrating the New Year. 2 months ago",https://ground.news/interest/babelua
Mashable,Left,A planet as hefty as Saturn wanders the galaxy in exile,"Astronomers have confirmed for the first time with direct evidence that a lone, starless world is actually drifting through the Milky Way. Though scientists have documented a dozen of these so-called ""rogue planets"" in the past decade, this one isn't merely an educated guess based on a handful of clues. By catching the same brief cosmic alignment from Earth and space, researchers were able to directly measure the celestial object’s mass. In doin… 2 months ago · United States",https://ground.news/interest/mashable
Signs of the Times,Right,"Rare 'free floating' exoplanet 10,000 light-years from Earth detected through gravitational lensing","""Our discovery offers further evidence that the galaxy may be teeming with rogue planets."" Rogue planets — worlds that drift through space alone without a star — largely remain a mystery to scientists. Now, astronomers have for the first time confirmed the existence of one of these starless worlds by pinpointing its distance and mass — a rogue planet roughly the size of Saturn nearly 10,000 light-years from Earth. Planets are typically found bou… 2 months ago",https://ground.news/interest/sottnet
NDTV,Right,Astronomers Discover A Rogue Planet With Saturn-Like Mass,"2 months ago · New Delhi, India",https://ground.news/interest/ndtv
Ars Technica,Center,Researchers spot Saturn-sized planet in the “Einstein desert”,"Rogue, free-floating planets appear to have two distinct origins. 2 months ago · United States",https://ground.news/interest/ars-technica
Phys.org,Center,Astronomers measure both mass and distance of a rogue planet for the first time,"While most planets that we are familiar with stick relatively close to their host star in a predictable orbit, some planets seem to have been knocked out of their orbits, floating through space free of any particular gravitational attachments. Astronomers refer to these lonely planets as ""free-floating"" or ""rogue"" planets. 2 months ago · United Kingdom",https://ground.news/interest/phys
der Standard AT,Lean Left,Lone Planet without Home Star Discovered by Saturn's Size,"Only by the curvature of space could the new planet be detected and measured. For the first time a size determination was achieved in such an object. 2 months ago · Vienna, Austria",https://ground.news/interest/der-standard_389fff
Eurek Alert,Center,Joint ground- and space-based observations reveal Saturn-mass rogue planet,"Simultaneous ground- and space-based observations of a newly discovered free-floating planet have enabled direct measurement of its mass and distance from Earth, according to a new study. The findings offer insights into the diverse and dynamic pathways by which planets can be cast adrift into interstellar space. Although studies to date have only revealed a handful of such free-floating planets, detections are expected to increase in the coming… 2 months ago · Washington, United States",https://ground.news/interest/eurek-alert
Moneycontrol,Right,A lonely world revealed: Astronomers measure the mass of a starless planet,"Astronomers have weighed a lonely planet drifting through the Milky Way, using a rare cosmic alignment. How this exiled world formed, and what it reveals about planetary chaos, remains intriguing. 2 months ago · India",https://ground.news/interest/money-controlcom
Eesti Rahvusringhääling,Center,Astronomers Determine the Mass of a Rogue Planet for the First Time,"Most planets discovered so far orbit their host stars, but there are also a few wandering planets that have been exiled from their home systems. An international team of scientists has now directly determined the mass and distance of one of these planets for the first time, finding a Saturn-sized object in front of it. 2 months ago · Estonia",https://ground.news/interest/eesti-rahvusringhaaling
Spiegel,Lean Left,(S+) Astronomy: only Planet of Saturn's Size Passes Through the Universe,"A planet, almost as heavy as Saturn, is moving alone through the universe – without a star, without a fixed course. How did it become a loner? And how do you even detect such objects in space? 2 months ago · Germany",https://ground.news/interest/spiegel
조선일보,Right,"South Korean-European Networks First to Measure Rogue Planet’s Distance, Mass","South Korean-European Networks First to Measure Rogue Planets Distance, Mass KMTNet and Gaia measure 0.22 Jupiter-mass planet 10,000 light-years away 2 months ago",https://ground.news/interest/chosuncom
Neue Zürcher Zeitung,Right,"Astronomers Discover Homeless Planets: as Heavy as Saturn, but without a Mother Star","He still has the bulky name KMT-2024-BLG-0792/OGLE-2024- BLG-0516 and was once thrown out of his orbit around a star. Because a space telescope accidentally spotted him, his mass is now even known. 2 months ago · Zürich, Switzerland",https://ground.news/interest/neue-zurcher-zeitung
Sci Tech Daily,Center,A Saturn-Sized Planet Is Drifting Through Space Alone,"Astronomers have finally weighed a wandering “rogue” planet, uncovering a Saturn-mass world flung into the galaxy after a dramatic planetary breakup. A new study reports that astronomers have directly measured both the mass and distance of a newly found free-floating planet by observing it at the same time from Earth and from space. This rare [...] 2 months ago",https://ground.news/interest/sci-tech-daily
Science,Center,A free-floating-planet microlensing event caused by a Saturn-mass object,2 months ago,https://ground.news/interest/aaas
Science Alert,Center,Astronomers Measure The Mass of a Planet With No Star For The First Time,Not all planets are lucky enough to live in a neighborhood like our Solar System – some are doomed to roam the cosmos alone. 2 months ago · Australia,https://ground.news/interest/science-alert
Science Daily,Center,A planet just vanished. NASA’s Hubble reveals a violent cosmic secret,"Astronomers tracking a nearby star system thought they had spotted an exoplanet reflecting light from its star. Then it vanished. Even stranger, another bright object appeared nearby. After studying years of Hubble Space Telescope data, scientists realized they were not seeing planets at all, but the glowing debris left behind by two massive collisions between asteroid-sized bodies. 2 months ago · United States",https://ground.news/interest/science-daily
20minutos,Center,"They Discover a ""Wandering Planet"" the Size of Saturn that Wanders Through the Solitary Space without Moon or Sun","According to a new study by international experts, simultaneous observations from the ground and from the space of a newly discovered floating planet have made it possible to directly measure their mass and distance to the Earth. This finding involves the University of Beijing, China, the Korea Institute of Astronomy and Space Sciences (South Korea) and the University of Warsaw, Poland.The findings, published in 'Science', provide information on… 2 months ago · Madrid, Spain",https://ground.news/interest/20minutos
abc,Right,"'They Hunt' and Weigh, for the First Time, a Wandering Planet Wandering Alone Through the Galaxy","They are dark and solitary planets, worlds that do not know the light of day, nor the heat of a nearby star. They wander in solitude through the immense interstellar void, and astronomers have long known that the Milky Way, our galaxy, is populated by an authentic legion of them. They call them 'wandering planets', or 'wandering', and their detection has so far been one of the greatest headaches of modern astrophysics. However, an international … 2 months ago · Spain",https://ground.news/interest/abc_0c202e
NewScientist,Center,Rare Saturn-sized rogue planet is first to have its mass measured,"Researchers have confirmed the mass of a free-floating planet thanks to a lucky convergence of ground- and space-based telescopes 2 months ago · Baltimore, United States",https://ground.news/interest/newscientist
Scientific American,Lean Left,Scientists Just Clocked a ‘Rogue’ Planet the Size of Saturn,Astronomers just measured the mass of a free-floating planet without a star for the first time 2 months ago,https://ground.news/interest/scientific-american
Newsweek,Center,Astronomers discover rare “free-floating” rogue planet,"Astronomers believe the free-floating planet is around 22 percent the mass of Jupiter and lies 3,000 parsecs from the Milky Way. 2 months ago · United States",https://ground.news/interest/newsweek
The Sun,Right,'Invisible' rogue planet with NO sun is detected hurtling through space,A NEWLY discovered rogue planet without a host star like the sun to orbit around has been detected dashing through space on its lonesome. These... 2 months ago · United Kingdom,https://ground.news/interest/the-sun_dd9bb3
se7en.ws,Center,A Saturn-Sized Orphan Planet Has Been Discovered at the Center of the Milky Way.,"A team of astrophysicists from various countries has detected for the first time the presence of a massive orphan planet at the heart of our galaxy, located 9,900 light-years from Earth. The celestial body is comparable in size to Saturn. This discovery, published in the journal Science, provides compelling evidence that even giant planets are capable of escaping their parent systems. The object's parameters correspond... The post ""Orphan Planet… 2 months ago",https://ground.news/interest/se7enws
lacronicabadajoz.com,Center,Discovered a 'Rebel' Planet Floating Alone in the Center of the Milky Way: 'It Is a World Driven by Its Star',"In the heart of the Milky Way, where the oldest stars of the galaxy intermix with the nascent stars and the frenzy of space dust, a ""rebel"" planet has been discovered that wanders completely only through the cosmos. It is a world that, unlike ours, does not revolve around any star, receives no heat from any sun and does not appear in any direct image. But it still survives. 2 months ago",https://ground.news/interest/lacronicabadajozcom
Xinhua,Left,"Bulgaria Joins Eurozone Amid Expectations, Adjustments","Bulgaria joins eurozone amid expectations, adjustments 1 month ago · China",https://ground.news/interest/newscn
romaniatv.net,Right,"When Romania Could Move to the Euro Currency. Mugur Isárescu, Bnr Governor: ""in 2018, the National Bank Was No Longer Able to Co-Operate""","Bulgaria has adopted the euro currency on 1 January 2026, so that Bulgaria will be able to enjoy more cheap mortgage loans, with profits in half of Romania and a stable economic situation. Romania, in turn, has more to wait until the end of economic correction. The article When Romania could pass into the euro currency. Mugur Isáresco, Governor of BNR: “In 2018, the National Bank was no longer able to co-operate” appeared for the first time in R… 1 month ago",https://ground.news/interest/romaniatvnet
REALITATEA.NET,Right,"Bulgarians, Problems with the Euro Currency, at the Beginning of the Year.","Bulgaria's official transition to the euro currency, which started on 1 January 2026, has generated a wave of logistical and social tensions, reimbursed by both traders and customers. Although the country has become official of the 21st member of the euro area, the reality of the land, especially in cities such as Russia, is a voluntary adaptation to the new payment system. Although the government of Sofia has promoted the adoption of the single… 1 month ago",https://ground.news/interest/realitateanet
Worthy Christian News,Center,Bulgaria Adopts Euro Amid Celebration And Public Concern,"by Stefan J. Bos, Worthy News Europe Bureau Chief SOFIA (Worthy News) – Bulgaria has formally consigned its longtime national currency, the lev, to history after entering the euro zone on New Year’s Day, becoming the 21st member of the single-currency bloc despite lingering concerns among citizens that the move could fuel higher prices. Celebrations marked the transition in the capital, with euro coins displayed on the façade of the Bulgarian Na… 2 months ago",https://ground.news/interest/worthy-christian-news
Capital.fr,Right,Bulgaria's Entry Into the Euro Area on 1 January Revives Fear of Rising Prices,"Bulgaria is the 21st country to adopt the single European currency, while almost half (49%) of the inhabitants of the small Balkan state are opposed to it, which is expected to boost the economy of the poorest country in the European Union. 2 months ago",https://ground.news/interest/capitalfr
Marianne,Lean Left,"Bulgaria's Entry Into the Euro Area: ""Come as You Are!"", Even if You Don't Have Much","Bulgaria, the poorest country in the European Union, adopts the single currency. A good news? Perhaps not for the employees of the ""rich"" countries of the West, such as France or Germany, nor for the status of the euro itself. 2 months ago",https://ground.news/interest/marianne
laverita.info,Right,Bulgarians Forced to Enter the Euro. the Chronicle of a Disaster Announced,"Sofia adopts the single currency against the will of half the population. With a referendum they would have won the ""No"" . Convinced Economists: the prices will increase while the pay envelopes will remain on the stake. Since yesterday Bulgaria is the twenty-first country of the European Union to have the euro as currency. It has chosen it without a government in office. Without an approved budget law. Without the consent of almost half the popu… 2 months ago",https://ground.news/interest/laveritainfo
il Giornale,Right,"Bulgaria Adopts the Euro, but Half of the Country Remains Opposed","Lagarde: ""Together against uncertainty."" Expected advantages on trade, increases fear for prices 2 months ago · Italy",https://ground.news/interest/ilgiornaleit
The Epoch Times,Right,Bulgaria Becomes 21st Nation to Join the Euro,"Bulgaria became the 21st member of the eurozone on Jan. 1, leaving only a handful of countries in the 27-member European Union yet to adopt the currency. In the run-up to the change, price tags and bank accounts have shown both lev and euro currencies, at the fixed rate of 51 euro cents to the outgoing currency. Bank accounts will automatically be converted. People will still be able to pay in levs for around a month following the switch, but wi… 2 months ago · New York, United States",https://ground.news/interest/the-epoch-times
la Nacion,Right,Bulgaria Abandons Its Currency and Adopts the Euro: What It Means for the Poorest Country in the Eu,"The country became the 21st member of the European Monetary Union after a long accession process and amid a climate of political instability 2 months ago · Buenos Aires, Argentina",https://ground.news/interest/la-nacion_7042bc
Newser,Lean Left,"New Year, New Currency for Bulgaria","Bulgarians began withdrawing euros for the first time on Thursday after the former communist nation joined the euro currency as its 21st member. Cash machines in the capital, Sofia, dispensed brand new euro banknotes, replacing the lev, which will still be in use for cash payments in January, the AP... 2 months ago · Miami, United States",https://ground.news/interest/newsercom
The Globe & Mail,Center,"Bulgaria officially enters eurozone, banishing lev currency to history",Nation’s entry takes number of Europeans using the euro to more ⁠than 350 million 2 months ago · Canada,https://ground.news/interest/the-globe-and-mail
Die Presse,Right,Bulgaria Is the 21st Country to Introduce the Euro as a Currency,"As the 21st state, Bulgaria receives the euro as its official means of payment, which is intended to facilitate trade and tourism. 2 months ago · Vienna, Austria",https://ground.news/interest/die-presse
444.hu,Lean Left,From Today We Pay in Euros in Bulgaria Too,"New year, new life: on January 1, Bulgaria joined the eurozone as the twenty-first member state. The euro took over the role of the Bulgarian leva, and the exchange rate was fixed at 1 euro = 1.96 leva. Bulgarians can still pay in leva for about a month, but they will receive their money back in euros. Until June 30, the old money can be exchanged free of charge in banks and post offices, and without a deadline at the Bulgarian National Bank. Bu… 2 months ago · Hungary",https://ground.news/interest/444hu
Irish Independent,Right,"As Bulgaria joins the eurozone, which countries remain outside the single currency and for how long?","Bulgaria became the 21st member of the eurozone today despite ­opposition from half its electorate, leaving only a handful of countries in the 27-­member European Union yet to adopt the ­currency. 2 months ago · Ireland",https://ground.news/interest/independentie
Breitbart,Right,Bulgaria Joins Euro Currency Union Despite Public Opposition,Bulgaria has achieved its decades-old goal of joining the euro currency union and deepening ties with the more prosperous Western Europe. 2 months ago · United States,https://ground.news/interest/breitbart
Modern Diplomacy,Right,Bulgaria Turns a Page: Euro Zone Entry Bids Farewell to the Lev,"Bulgaria officially adopted the euro as its currency on Thursday, replacing the lev. A celebration included euro coins displayed at the central bank and fireworks. 2 months ago",https://ground.news/interest/modern-diplomacy
Politico Europe,Lean Left,Bulgaria adopts the euro,"“The introduction of the euro is the final milestone in Bulgaria’s integration into the European Union,” president says, but public opinion isn’t so convinced. 2 months ago · Brussels, Belgium",https://ground.news/interest/politico-europe
Bild,Right,Bulgaria in Monetary Union: ‘European House of Arms' Launches the Euro,"Bulgaria is changing to the euro, despite political uncertainty and economic challenges. 2 months ago · Berlin, Germany",https://ground.news/interest/bild
The Straits Times,Right,"Bulgaria celebrates entry into euro zone, lev currency banished into history","SOFIA, Jan 1 - EU member Bulgaria marked its entry into the euro zone on Thursday with a display of euro coins on the facade of the central bank in Sofia and fireworks to celebrate a long-awaited milestone. Read more at straitstimes.com. 2 months ago · Singapore",https://ground.news/interest/the-straits-times_9bb9e6
Spiegel,Lean Left,Bulgaria Introduces Euro as Currency,"At the turn of the year, another country joins the euro area with Bulgaria. People in the capital Sofia celebrated the new currency. Critics fear that prices in the poorest EU country will rise. 2 months ago · Germany",https://ground.news/interest/spiegel
Times of India,Right,Bulgaria adopts euro as its national currency,"Until the end of January, the lev will remain a legal means of payment alongside the euro. From February 1, the euro will be the sole official currency. The prices will be displayed in both euros and leva until August 8. 2 months ago · India",https://ground.news/interest/times-of-india
Firstpost News,Center,From lev to euro: Bulgaria marks milestone as euro zone’s newest member,"The Balkan country becomes the euro zone’s 21st member, replacing the lev with the euro and gaining a seat on the ECB’s Governing Council 2 months ago · Mumbai, India",https://ground.news/interest/firstpost-news
RocketNews,Lean Left,Bulgaria adopts euro amid celebration and anxiety over inflation,"Move comes nearly two decades after the Balkan country entered the EU as hope for stability clashes with fear of rising prices.Published On 1 Jan 20261 Jan 2026Click here to share on social mediashare2ShareBulgaria has officially adopted the euro, becoming the 21st country to join the single currency nearly two decades after entering the European Union, a move that has led to both celebration and anxiety.At midnight on Wednesday (22:00 GMT), the… 2 months ago",https://ground.news/interest/rocketnews-top-news-stories-from-around-the-globe
TVA Nouvelles,Lean Left,"Bulgaria Adopts the Euro, Almost 20 Years After Its Entry Into the Eu","Bulgaria adopted the euro on Thursday, becoming the 21st country to choose the single European currency, almost 20 years after joining the European Union. 2 months ago · Montreal, Canada",https://ground.news/interest/tva-nouvelles
Novinite.com,Center,"Bulgaria Begins 2026 with Euro Currency, Minimum Wage Rise, and Major Public Service Updates - Novinite.com - Sofia News Agency","Starting today, January 1, 2026, Bulgaria officially adopts the euro, bringing several significant changes into effect for citizens and businesses across the country. Until the end of January, payments can be made in both leva and euros, with change typically returned in euros. 2 months ago",https://ground.news/interest/novinitecom
Reuters,Center,"After Bulgaria, Euro Expansion Faces Hurdles in Remaining ...",2 months ago · United Kingdom,https://ground.news/interest/reuters_fa2539
Digi 24,Center,"Siegfried Muresan, on the Transition of Bulgaria to the Euro: We May Be Disappointed that They Are Ahead of Us, but They Respect the Criteria","European Parliamentary PNL Siegfried Mureshan transmits, today, after Bulgaria's accession to the euro area, that we may be disappointed that they are present before us, but if they meet the criteria, we must acknowledge this and we should congratulate them. 2 months ago · Romania",https://ground.news/interest/digi-24
n-tv.de,Right,"Criticism of President Radev: Bulgaria Introduces the Euro - but People Fear the ""Teuro""","Holidaymakers can be happy: Payments in Bulgaria are now easier. Today, the euro replaces the lev as a state currency. The eurozone now comprises 21 countries. Many Bulgarians, however, consider the reform with concern. 2 months ago",https://ground.news/interest/n-tvde
Il Post,Lean Left,In Bulgaria They Are Not Very Happy to Have the Euro,"The country has just adopted the common currency, but there are scepticisms about corruption, politics and Russian propaganda. 2 months ago · Italy",https://ground.news/interest/il-post
Deutsche Welle,Center,Bulgaria joins eurozone despite opposition,"Bulgaria became the 21st member of the currency union, bringing the number of people using the single European currency to more than 350 million. 2 months ago · Bonn, Germany",https://ground.news/interest/deutsche-welle
Irish News,Lean Left,Bulgaria’s big euro moment is tarnished by political turmoil,"Bulgaria’s big euro moment is tarnished by political turmoil 2 months ago · Northern Ireland, United Kingdom",https://ground.news/interest/irish-news
wz.de,Center,Bulgaria Says Bye to Lew and Hello to the Euro,"For the approximately 6.4 million Bulgarians, Lew is a national currency with the dawn of the new year's history. As in 20 other countries, it is now paid with the euro. Holidaymakers will be delighted. 2 months ago",https://ground.news/interest/wzde
Observador,Right,Bulgaria Is Now Back in the 21st Country to Join the Euro in the Face of a Political Crisis,"While Bulgaria's entry into the euro area expands the internal market, it strengthens regional stability and sends a signal of Community cohesion in a turbulent geopolitical context. 2 months ago · Portugal",https://ground.news/interest/observador
Liberation,Lean Left,"In the Midst of Political Turbulence, Bulgaria in Turn Enters the Euro Area","A few weeks after the resignation of its government due to monster demonstrations, the Eastern European country, which entered the EU in 2007, adopts the single currency. A decision rejected by a small majority of the population but the Commission promises a positive economic impact. 2 months ago · Paris, France",https://ground.news/interest/liberation
Kronen Zeitung,Right,Hope and Worries: Bulgaria Is the 21st Euro Country,"In Bulgaria, the euro has been paid since the beginning of the year, replacing its current currency, Lev, and is now the 21st member of the Eurozone. Proponents expect economic benefits, skeptics fear that the euro could turn out to be ""teuro"". In the population, however, the changeover does not only meet with approval. There were protests against the introduction of the euro. A few weeks before the deadline, the pro-Western government in Sofia … 2 months ago · Vienna, Austria",https://ground.news/interest/kroneat
Deutschlandfunk,Center,European Union - Bulgaria Introduces the Euro as a Currency as the 21st Country,"As the 21st country, Bulgaria has introduced the euro as its currency. 2 months ago · Germany",https://ground.news/interest/deutschlandfunk
intellinews.com,Center,Bulgaria becomes 21st eurozone member,"Bulgaria enters the Eurozone amid political instability after the collapse of its government and mass street protests. 2 months ago · Berlin, Germany",https://ground.news/interest/intellinewscom
Devdiscourse,Center,Bulgaria Joins the Eurozone: A New Era in Currency,"Bulgaria Joins the Eurozone: A New Era in Currency Bulgaria is set to embrace a new financial era as it officially adopts the euro on January 1, 2026, marking its entry as the 21st member of the eurozone. This significant milestone occurs exactly 19 years after Bulgaria's accession to the European Union.In the transition phase through January, Bulgarians can use both the lev and the euro for payments. Retailers must provide change in one currenc… 2 months ago · India",https://ground.news/interest/devdiscourse
Tagesschau,Center,Bulgaria Joins the Euro Area in a Long-Term Political Crisis,"Bulgaria joins the Eurozone. The population is sceptical. Political instability and corruption overshadow the project. But the economy hopes for investment. By K.-R. Jackisch. 2 months ago · Hamburg, Germany",https://ground.news/interest/tagesschau
NOS,Right,Bulgaria Also Pays with the Euro From Today,"The eurozone is a new country. At midnight, Bulgaria officially exchanged its national currency, the lev, for the European single currency. This means that 21 of the 27 EU countries now have the euro as their currency. The introduction is certainly not without controversy in the poorest country in the European Union. According to a recent survey, a narrow majority of 51 percent of the 6.7 million Bulgarians are in favor, while 45 percent would h… 2 months ago · Netherlands",https://ground.news/interest/nos_4ae905
franceinfo.fr,Lean Left,"By Adopting the Euro, Bulgaria Anchors Itself to Europe Despite Its Doubts","The small Balkan state is the 21st country to adopt the single European currency, against the backdrop of an economic and political crisis. A Europhile choice assumed by a part of the political class, but contested by a large part of the Bulgarians. 2 months ago",https://ground.news/interest/franceinfofr
Le Figaro,Right,"On 1 January, There Are 6 Countries in the European Union Where You Do Not Pay in Euros.","Bulgaria leaves the euro up on 1 January 2026. Six EU countries retain their national currency, sometimes to the surprise of travellers. 2 months ago · Paris, France",https://ground.news/interest/le-figaro
delo.si,Lean Left,Bulgaria Joins the Group of Countries with the Euro,"According to polls, about half of Bulgarians doubt that the euro will benefit them. 2 months ago",https://ground.news/interest/delosi
Hot News,Lean Left,"Bulgaria Goes to the Euro, Starting Today: Official Optimism, Public Anxiety and Money Brought to Light - hotnews.ro","From 1 January 2026, Bulgaria leaves the left and adopts the euro. It is the 21st country that has chosen the single European currency for nearly twelve years since accession to the European Union. 2 months ago · Romania",https://ground.news/interest/hot-news
La Vanguardia,Center,Bulgaria Joins the Euro in the Midst of Political Crisis and with 49% of the Population Against,"Many citizens are opposed to the single currency for fear of rising prices 2 months ago · Granada, Spain",https://ground.news/interest/la-vanguardia
Eesti Rahvusringhääling,Center,Bulgaria Adopts the Euro and Becomes the 21st Member of the Euro Area,"On Thursday, Bulgaria became the 21st country to adopt the euro as it entered the new year, a milestone that was greeted with both jubilation and fear. 2 months ago · Estonia",https://ground.news/interest/eesti-rahvusringhaaling
Le Monde,Lean Left,"Divided, in Political Crisis and without Budget, Bulgarians Join the Euro","Bulgaria is moving to the single European currency on 1 January, but the population is unenthusiastic. The country has only one interim government, and corruption is endemic. 2 months ago · Paris, France",https://ground.news/interest/le-monde
europapress.es,Center,Bulgaria Will Adopt the Euro with Effect From 1 January and Will become...,The country receives the common currency in the midst of a political crisis and the scepticism of the population for the... 2 months ago · Spain,https://ground.news/interest/europapresses
La Presse,Lean Left,Bulgaria Becomes the 21st Country to Adopt the Euro,"Bulgaria has adopted the euro, becoming the 21st country to choose the single European currency, almost twenty years after joining the European Union. 2 months ago · Montreal, Canada",https://ground.news/interest/la-presse_39d7a8
ABC FOX Montana,Center,"Bulgaria adopts the euro, nearly 20 years after joining the EU","Bulgaria became the 21st country to switch to the euro as it entered the New Year on Thursday, a milestone met with both cheers and fears, nearly 20 years after the Balkan nation joined the European Union. 2 months ago · Missoula, United States",https://ground.news/interest/abc-fox-montana
Globo,Right,Political Turmoil Mars Bulgaria's Debut in the Eurozone.,Country adopts single European currency this Thursday (1st) 2 months ago · Brazil,https://ground.news/interest/globo
Frankfurter Allgemeine,Right,21. Euroland: Ecb Welcomes Bulgaria with Illumination,"On 1 January Bulgaria will introduce the euro as the 21st country. Therefore, the European Central Bank will shine its skyscraper in Frankfurt during the first eleven days of the new year. 2 months ago · Frankfurt, Germany",https://ground.news/interest/frankfurter-allgemeine
Protothema,Right,Pierrakakis: Bulgaria's Accession to the Eurozone Strengthens the Common Currency and the Common Economic Foundations of the Eu,The message of the Minister of Finance and new President of the Eurogroup on Bulgaria's accession to the Eurozone from January 1 2 months ago,https://ground.news/interest/protothema
Radio Free Europe/ RadioLiberty,Center,New Money: Bulgaria Prepares For Switch To Euro,"On January 1, Bulgaria will adopt the euro as its official currency. Here's how the country is gearing up for the change. 2 months ago · Czechia",https://ground.news/interest/radio-free-europe-radioliberty
The European Conservative,Right,Bulgaria Prepares To Adopt Euro Amid Price and Political Concerns,"Bulgaria was preparing to switch to the euro on Wednesday night to become the 21st euro zone member, amid concerns the move could usher in higher prices and add to political instability rattling the Balkan country. At midnight, Bulgaria will wave goodbye to both 2025 and its lev currency, which has been in use since the late 19th century. While successive governments in the country of 6.4 million people have advocated joining the euro currency o… 2 months ago",https://ground.news/interest/the-european-conservative
La Libre,Center,"Bulgaria Is About to Adopt the Euro: ""People Are Afraid that Prices Will Rise""","Bulgaria abandons the lev and adopts the euro in the night from Wednesday to Thursday, becoming the 21st country in the euro area. ... 2 months ago · Brussels, Belgium",https://ground.news/interest/la-libre
Lietuvos Radijas ir Televizija,Center,"Almost 20 Years After Joining the Eu, Bulgaria Is Preparing to Adopt the Euro","Bulgaria will adopt the euro on Wednesday night, becoming the 21st member of the eurozone. However, some Bulgarians fear that this could lead to both higher prices and political instability in the country. 2 months ago · Vilnius, Lithuania",https://ground.news/interest/lietuvos-radijas-ir-televizija
UPI,Center,Bulgaria to begin use of the euro Jan. 1,"Bulgaria will begin using the euro as its currency on Thursday, and the country hopes it will bring an economic boost, despite concerns. 2 months ago · Washington, United States",https://ground.news/interest/upi_0b956e
Dnevni list Danas,Lean Left,"Bulgaria Introduces the Euro Tomorrow, the Lev Goes Down in History","Tomorrow, January 1, 2026, Bulgaria will introduce the euro as an official means of payment, which will make its national currency the lev ""go down in history"", which is why the authorities of that member of the European Union (EU) are warning that on New Year's Eve there could be temporary technical stops in the banking system and card payments. 2 months ago · Belgrade, Serbia",https://ground.news/interest/dnevni-list-danas
Al Jazeera,Lean Left,Bulgaria set to adopt the euro – why is this causing controversy?,Some in the country are worried about loss of identity following the switch from the Bulgarian lev to the euro. 2 months ago · Qatar,https://ground.news/interest/al-jazeera_1a2e2c
ANSA,Center,"Von Der Leyen, Bulgaria Joins the Euro Area Tomorrow","""Tomorrow Bulgaria will become part of the euro area. This goal is the result of years of hard work and commitment. It means simpler payments, easier trips and many new opportunities for Bulgarian businesses. (ANSA) 2 months ago · Italy",https://ground.news/interest/ansa
Associated Press News,Lean Left,"Bulgaria to become the 21st country to join the euro, deepening EU ties despite fears",Bulgaria is joining the euro on New Year's Day. The East European nation of 6.4 million becomes the 21st member of the shared EU currency. 2 months ago · United States,https://ground.news/interest/associated-press-news
yle,Center,Heading to Bulgaria? Now You Can Pay with Euros,Bulgaria will become the 21st country to adopt the euro at midnight on New Year's Eve. 2 months ago · Finland,https://ground.news/interest/yle
www.sme.sk,Lean Left,Bulgaria Bids Farewell to the Lev. the Euro Enters the Country with Both Hopes and Fears,"Bulgaria is preparing for a historic moment. 2 months ago · Bratislava, Slovakia",https://ground.news/interest/wwwsmesk
TF1 INFO,Center,Bulgaria: Eu's Poorest Country Moves to the Euro on 1 January 2026 Despite Fear of Inflation,"Bulgaria joins the euro area on Thursday and will thus become the 21st country to adopt the single European currency. However, some fear that this integration will promote inflation and increase political instability. - Bulgaria: the poorest country in the EU will move to the euro on 1 January 2026 despite the fear of inflation (International). 2 months ago",https://ground.news/interest/tf1-info
Euronews,Center,"Bulgaria, From 1 January 2026 Comes the Euro: It Is the 21st Country","The introduction of the euro was obscured by internal political chaos: the Bulgarian government resigned at the beginning of the month in the wake of national protests against corruption, leaving the country without an agreed budget for next year 2 months ago · France",https://ground.news/interest/euronews
El Pais,Lean Left,Bulgaria Enters the Euro in the Midst of Political Crisis,"The fact: Bulgaria is about to become the twenty-first country to be part of the euro, that strange currency that looks at the European Central Bank as a shield but that 25 years after its creation is still orphaned by a Treasury and a common fiscal policy. And the secondary ornament of the perspective: in one of the poorest countries in Europe there are several shocks at once. 2 months ago · Spain",https://ground.news/interest/el-pais
20 Minutes,Lean Left,"At Midnight, Bulgaria Will Become the 21st Country to Adopt the Euro","Bulgaria will enter the euro area, a choice to which 49% of the population is opposed for fear of inflation and political instability 2 months ago · France",https://ground.news/interest/20-minutes
Le Parisien,Right,"""A Positive Long-Term Effect"": Bulgaria Will Adopt the Euro on 1 January, in a Context of Instability","Bulgaria is about to switch to the euro on the night from Wednesday to Thursday, and thus become the 21st country to adopt the single European currency, an integration which some fear will fuel inflation and increase political instability. At midnight, the small Balkan state of 6.4 million inhabitants will say goodbye to 2025 but also to its currency, the Lev, which has been in circulation since the end of the 19th century.Bulgaria will become t… 2 months ago · Paris, France",https://ground.news/interest/le-parisien
Berliner Zeitung,Lean Left,Euro Introduction Despite Corruption and State Crisis: Bulgaria Joins the Euro Area,"Bulgaria, one of the most corrupt countries in the European Union, is without government – and still gets the euro. On January 1st, Lew becomes history. 2 months ago",https://ground.news/interest/berliner-zeitung
El Universo,Right,European Country Will Change Its Currency to Adopt the Euro,"Bulgaria is preparing to adopt the euro as an official currency, while part of the population holds reserves for the possible impact on prices and cost of living. During this year a campaign to “keep the Bulgarian lev” emerged, which sought to capitalize on fears about inflation and negative perception towards the European currency. 2 months ago",https://ground.news/interest/el-universo
PerthNow,Center,Horror as child drowns in Gaza tent,"The boy was living in a camp of around 40 tents when disaster struck. 2 months ago · City of Perth, Australia",https://ground.news/interest/perthnow
Associated Press News,Lean Left,"Young Palestinian boy drowns in muddy water flooding his Gaza tent camp, UN says",The U.N. said Thursday that a Palestinian boy in Gaza has drowned in floods that engulfed his tent camp and health officials reported the death of a 9 year-old boy in Gaza in unclear circumstances. 2 months ago · United States,https://ground.news/interest/associated-press-news
ABC FOX Montana,Center,Toddlers who stare at screens may have anxiety issues as teens,"Screen exposure at an early age may have effects that extend ""well beyond"" early childhood. 1 month ago · Missoula, United States",https://ground.news/interest/abc-fox-montana
Psychology Today,Center,Growing Up Digital and the Implications of Screen Use,Unpacking the link between digital exposure and children's behavioral issues. 2 months ago,https://ground.news/interest/psychology-today
Earth,Center,Babies who watch screens early may develop anxiety in their teens,A long-term study shows how screen time in babies may alter brain development and increase vulnerability to anxiety years later. 2 months ago,https://ground.news/interest/earth
Eurek Alert,Center,Too much screen time too soon? A*STAR study links infant screen exposure to brain changes and teen anxiety,"Children exposed to high levels of screen time before age two showed changes in brain development that were linked to slower decision-making and increased anxiety by their teenage years. This was done&nbsp;using data from the Growing Up in Singapore Towards healthy Outcomes (GUSTO) cohort. This is the first paper on screen time to incorporate measures spanning over ten years, highlighting the long-lasting consequences of screen time in infancy. 2 months ago · Washington, United States",https://ground.news/interest/eurek-alert
Bloomberg,Lean Left,Singapore Study Links Heavy Infant Screen Time to Teen Anxiety,"A study by a Singapore government agency has found that children exposed to high levels of screen time before age two showed brain development changes linked to slower decision-making and higher anxiety in adolescence, adding to concerns about early digital exposure. 2 months ago · United States",https://ground.news/interest/bloomberg
GB News,Right,Parents warned against allowing screen time for babies as study reveals shocking effects,"Giving babies screen time in their first years of life alters how their brains are wired - and increases anxiety by their teens - a major new study shows. Researchers who followed children from infancy into early adolescence found that heavy screen exposure before the age of two is linked to lasting changes in brain development, slower thinking in childhood and higher anxiety by the age of 13.The findings come as UK figures show screens are now … 2 months ago · London, United Kingdom",https://ground.news/interest/gbnewscom
Origo,Right,Screen Time May Cause Brain Damage in Babies,"Screen time disrupts and negatively affects their brain development. 2 months ago · Budapest, Hungary",https://ground.news/interest/origohu
RTTNews,Center,Could Too Much Screen Time In Infancy Leave Long Terms Effects On Brain?,"Children who spent a lot of time on screens before the age of two showed changes in brain development that were later linked to slower decision-making and higher anxiety during their teenage years, according to new research from Singapore. 2 months ago",https://ground.news/interest/rttnews
The News,Right,Find out how you're harming your kid with screen time,Screen time is affecting your toddler more than you know.Children exposed to high levels of screen time before age two showed changes in brain development that were linked to slower decision-making... 2 months ago · Pakistan,https://ground.news/interest/the-news
News Medical,Center,Infant screen time linked to slower cognitive processing and teen anxiety,"Children exposed to high levels of screen time before age two showed changes in brain development that were linked to slower decision-making and increased anxiety by their teenage years, according to new research by Asst Prof Tan Ai Peng and her team from A*STAR Institute for Human Development and Potential (A*STAR IHDP) and National University of Singapore (NUS) Yong Loo Lin School of Medicine, using data from the Growing Up in Singapore Toward… 2 months ago · United States",https://ground.news/interest/news-medical
The Independent,Lean Left,Large amounts of toddler screen time linked to teen anxiety,"Researchers found that children who were exposed to more screen time had altered brain networks 2 months ago · London, United Kingdom",https://ground.news/interest/the-independent_ff73a6
The Register,Center,"Infant screen time linked to anxiety, slower cognition",: The solution? Lock up the screens and read to your kids 2 months ago,https://ground.news/interest/theregistercom
The New York Sun,Right,"Too Much Screen Time as Infants Linked to Teen Anxiety and Slower Decision Making, Study Finds","Researchers say brain development in babies is especially sensitive to screen exposure. 2 months ago · New York, United States",https://ground.news/interest/the-new-york-sun
The Star Kuala Lumpur,Right,"Babies with too much screen time become anxious teens, Singapore study finds","SINGAPORE: Using electronic devices to distract and calm noisy, restless babies used to be a great idea, or so parents thought. 2 months ago · Malaysia",https://ground.news/interest/the-star-kuala-lumpur
The Straits Times,Right,Babies with too much screen time may become anxious teens with slower decision-making: Singapore study,A Singapore study reveals high infant screen time can lead to slower decision-making and increased anxiety in teenagers. Read more at straitstimes.com. 2 months ago · Singapore,https://ground.news/interest/the-straits-times_9bb9e6
PsyPost,Center,Infants who display greater curiosity tend to develop higher cognitive abilities in childhood,"A longitudinal study in the Netherlands found that infants who displayed greater curiosity at 8 months of age tended to have higher IQ scores at 3.5 years of age. However, this association was present only in infants who displayed the highest levels of curiosity (one-third of the most curious children). The research was published in Developmental Science. During infancy, cognitive abilities develop rapidly. Infants very swiftly acquire basic kno… 2 months ago",https://ground.news/interest/psypost
