headline,summary,bias,predicted_bias
Trump Picks Kevin Warsh as Federal Reserve Chair Nominee,"Kevin Warsh is a fellow at Stanford University’s Hoover Institution. Alastair Grant/APPresident Donald Trump said Friday he is nominating Kevin Warsh to be the next chair of the Federal Reserve, capping months of speculation over who will assume leadership over the nation’s central bank.If confirmed, Warsh would replace current Fed Chair Jerome Powell, who has drawn Trump’s ire for refusing to slash interest rates on the president’s demand.“I ha…",Lean Left,"system
You are participating in a standardized News Bias Classification task for academic
research. Output ONLY a single numeric value between -3.0 and +3.0.

Do NOT provide explanations or text.

user
            HEADLINE: Trump Picks Kevin Warsh as Federal Reserve Chair Nominee
            ARTICLE SUMMARY: Kevin Warsh is a fellow at Stanford University’s Hoover Institution. Alastair Grant/APPresident Donald Trump said Friday he is nominating Kevin Warsh to be the next chair of the Federal Reserve, capping months of speculation over who will assume leadership over the nation’s central bank.If confirmed, Warsh would replace current Fed Chair Jerome Powell, who has drawn Trump’s ire for refusing to slash interest rates on the president’s demand.“I ha…

            Output ONLY the numeric bias score.
          
assistant-1.5"
American Academy of Pediatrics departs from CDC with childhood vaccine revisions,"The American Academy of Pediatrics (AAP) has once again diverged from recent federal vaccine guidance, publishing its own childhood immunization schedule for 2026 that recommends vaccinating against illnesses the Centers for Disease Control and Prevention (CDC) dropped earlier this month. The AAP on Monday published its 2026 Recommended Child and Adolescent Immunization Schedule, which recommends…",Center,"system
You are participating in a standardized News Bias Classification task for academic
research. Output ONLY a single numeric value between -3.0 and +3.0.

Do NOT provide explanations or text.

user
            HEADLINE: American Academy of Pediatrics departs from CDC with childhood vaccine revisions
            ARTICLE SUMMARY: The American Academy of Pediatrics (AAP) has once again diverged from recent federal vaccine guidance, publishing its own childhood immunization schedule for 2026 that recommends vaccinating against illnesses the Centers for Disease Control and Prevention (CDC) dropped earlier this month. The AAP on Monday published its 2026 Recommended Child and Adolescent Immunization Schedule, which recommends…

            Output ONLY the numeric bias score.
          
assistant-1.5"
Trump names his pick for next Fed chair,President Donald Trump says he'll nominate former Federal Reserve governor Kevin Warsh to be the next Fed chair.,Lean Left,"system
You are participating in a standardized News Bias Classification task for academic
research. Output ONLY a single numeric value between -3.0 and +3.0.

Do NOT provide explanations or text.

user
            HEADLINE: Trump names his pick for next Fed chair
            ARTICLE SUMMARY: President Donald Trump says he'll nominate former Federal Reserve governor Kevin Warsh to be the next Fed chair.

            Output ONLY the numeric bias score.
          
assistant-1.0"
'Thank you Maria': Trump says Machado presented him with her Nobel Peace Prize,"Venezuela's opposition leader María Corina Machado said on Thursday that he presented her Nobel Peace Prize to US President Donald Trump as she arrived at the White House. 1 month ago · Mumbai, India",Center,"system
You are participating in a standardized News Bias Classification task for academic
research. Output ONLY a single numeric value between -3.0 and +3.0.

Do NOT provide explanations or text.

user
            HEADLINE: 'Thank you Maria': Trump says Machado presented him with her Nobel Peace Prize
            ARTICLE SUMMARY: Venezuela's opposition leader María Corina Machado said on Thursday that he presented her Nobel Peace Prize to US President Donald Trump as she arrived at the White House. 1 month ago · Mumbai, India

            Output ONLY the numeric bias score.
          
assistant-1.0"
"Moltbook, a social network where AI agents hang together, may be 'the most interesting place on the internet right now'","""Moltbot feels like a glimpse into the science fiction AI characters we grew up watching at the movies.""",Center,"system
You are participating in a standardized News Bias Classification task for academic
research. Output ONLY a single numeric value between -3.0 and +3.0.

Do NOT provide explanations or text.

user
            HEADLINE: Moltbook, a social network where AI agents hang together, may be 'the most interesting place on the internet right now'
            ARTICLE SUMMARY: ""Moltbot feels like a glimpse into the science fiction AI characters we grew up watching at the movies.""

            Output ONLY the numeric bias score.
          
assistant0.0"
"Trump’s NSA pick endorses post-9/11 surveillance powers, stays vague on warrants","WASHINGTON — U.S. Army Lieutenant General Joshua Rudd, President Donald Trump’s pick to head the National Security Agency, said on Thursday he is in favor of keeping broad foreign surveillance powers introduced following the September 11, 2001, attacks.",Center,"system
You are participating in a standardized News Bias Classification task for academic
research. Output ONLY a single numeric value between -3.0 and +3.0.

Do NOT provide explanations or text.

user
            HEADLINE: Trump’s NSA pick endorses post-9/11 surveillance powers, stays vague on warrants
            ARTICLE SUMMARY: WASHINGTON — U.S. Army Lieutenant General Joshua Rudd, President Donald Trump’s pick to head the National Security Agency, said on Thursday he is in favor of keeping broad foreign surveillance powers introduced following the September 11, 2001, attacks.

            Output ONLY the numeric bias score.
          
assistant-1.5"
Trump warns Iran 'massive Armada' approaching as he threatens 'far worse' attack,Donald Trump has warned Iran that a 'massive Armada' is heading to the region and 'time is running out' for the regime,Center,"system
You are participating in a standardized News Bias Classification task for academic
research. Output ONLY a single numeric value between -3.0 and +3.0.

Do NOT provide explanations or text.

user
            HEADLINE: Trump warns Iran 'massive Armada' approaching as he threatens 'far worse' attack
            ARTICLE SUMMARY: Donald Trump has warned Iran that a 'massive Armada' is heading to the region and 'time is running out' for the regime

            Output ONLY the numeric bias score.
          
assistant-2.5"
Trump Appoints Kevin Warsh as His Candidate to Preside over the Federal Reserve and Replace Jerome Powell,Powell’s term ends next May and will mean the end of an era highly criticized by the Republican for not lowering interest rates,Center,"system
You are participating in a standardized News Bias Classification task for academic
research. Output ONLY a single numeric value between -3.0 and +3.0.

Do NOT provide explanations or text.

user
            HEADLINE: Trump Appoints Kevin Warsh as His Candidate to Preside over the Federal Reserve and Replace Jerome Powell
            ARTICLE SUMMARY: Powell’s term ends next May and will mean the end of an era highly criticized by the Republican for not lowering interest rates

            Output ONLY the numeric bias score.
          
assistant-1.5"
Agents involved in Alex Pretti killing in Minnesota put on leave; Springsteen releases protest song,"Two Border Patrol agents who opened fire following the altercation with Alex Pretti in Minneapolis have been placed on administrative leave, according to reports.",Right,"system
You are participating in a standardized News Bias Classification task for academic
research. Output ONLY a single numeric value between -3.0 and +3.0.

Do NOT provide explanations or text.

user
            HEADLINE: Agents involved in Alex Pretti killing in Minnesota put on leave; Springsteen releases protest song
            ARTICLE SUMMARY: Two Border Patrol agents who opened fire following the altercation with Alex Pretti in Minneapolis have been placed on administrative leave, according to reports.

            Output ONLY the numeric bias score.
          
assistant-1.5"
"Final set of Epstein files released, with mentions of Trump, Musk and Lutnick","The batch contains over 3 million pages of documents, 2,000 videos and 180,000 images.",Center,"system
You are participating in a standardized News Bias Classification task for academic
research. Output ONLY a single numeric value between -3.0 and +3.0.

Do NOT provide explanations or text.

user
            HEADLINE: Final set of Epstein files released, with mentions of Trump, Musk and Lutnick
            ARTICLE SUMMARY: The batch contains over 3 million pages of documents, 2,000 videos and 180,000 images.

            Output ONLY the numeric bias score.
          
assistant-1.5"
Man Accused of Spraying Apple Cider Vinegar on Ilhan Omar Charged With Assault,"The Justice Department filed criminal charges on Wednesday against a man accused of spraying a liquid on Rep. Ilhan Omar (D-Minn.) during a town hall this week. Anthony James Kazmierczak, 55, was charged with forcibly assaulting, opposing, impeding, intimidating, and interfering with the representative while she was performing her official duties, according to the criminal complaint filed in U.S. District Court in Minnesota. The liquid that rema…",Right,"system
You are participating in a standardized News Bias Classification task for academic
research. Output ONLY a single numeric value between -3.0 and +3.0.

Do NOT provide explanations or text.

user
            HEADLINE: Man Accused of Spraying Apple Cider Vinegar on Ilhan Omar Charged With Assault
            ARTICLE SUMMARY: The Justice Department filed criminal charges on Wednesday against a man accused of spraying a liquid on Rep. Ilhan Omar (D-Minn.) during a town hall this week. Anthony James Kazmierczak, 55, was charged with forcibly assaulting, opposing, impeding, intimidating, and interfering with the representative while she was performing her official duties, according to the criminal complaint filed in U.S. District Court in Minnesota. The liquid that rema…

            Output ONLY the numeric bias score.
          
assistant-1.5"
US immigration judge blocks Trump administration's bid to deport Palestinian student,"'I am grateful to the court for honoring the rule of law and holding the line against the government's attempts to trample on due process,' says Mohsen Mahdawi - Anadolu Ajansı 19 hours ago · Ankara, Türkiye",Right,"system
You are participating in a standardized News Bias Classification task for academic
research. Output ONLY a single numeric value between -3.0 and +3.0.

Do NOT provide explanations or text.

user
            HEADLINE: US immigration judge blocks Trump administration's bid to deport Palestinian student
            ARTICLE SUMMARY: 'I am grateful to the court for honoring the rule of law and holding the line against the government's attempts to trample on due process,' says Mohsen Mahdawi - Anadolu Ajansı 19 hours ago · Ankara, Türkiye

            Output ONLY the numeric bias score.
          
assistant-1.5"
"The Flames Wrap a Bar in the Ski Resort of Crans-Montana, Switzerland: the Escape of Passers-By","The explosion occurred around 1.30 at night, rescuers still at work 2 months ago · Italy",Center,"system
You are participating in a standardized News Bias Classification task for academic
research. Output ONLY a single numeric value between -3.0 and +3.0.

Do NOT provide explanations or text.

user
            HEADLINE: The Flames Wrap a Bar in the Ski Resort of Crans-Montana, Switzerland: the Escape of Passers-By
            ARTICLE SUMMARY: The explosion occurred around 1.30 at night, rescuers still at work 2 months ago · Italy

            Output ONLY the numeric bias score.
          
assistant-1.5"
"Private jet carrying 8 crashes at Maine airport, reports say",Bangor International Airport said it's investigating an incident and the airport is closed.,Center,"system
You are participating in a standardized News Bias Classification task for academic
research. Output ONLY a single numeric value between -3.0 and +3.0.

Do NOT provide explanations or text.

user
            HEADLINE: Private jet carrying 8 crashes at Maine airport, reports say
            ARTICLE SUMMARY: Bangor International Airport said it's investigating an incident and the airport is closed.

            Output ONLY the numeric bias score.
          
assistant-1.5"
Trump suggests he may put a tariff on countries that 'don't go along' with his plans for Greenland,Trump suggests he may put a tariff on countries that 'don't go along' with his plans for Greenland. 1 month ago,Center,"system
You are participating in a standardized News Bias Classification task for academic
research. Output ONLY a single numeric value between -3.0 and +3.0.

Do NOT provide explanations or text.

user
            HEADLINE: Trump suggests he may put a tariff on countries that 'don't go along' with his plans for Greenland
            ARTICLE SUMMARY: Trump suggests he may put a tariff on countries that 'don't go along' with his plans for Greenland. 1 month ago

            Output ONLY the numeric bias score.
          
assistant-1.5"
US Federal Reserve holds interest rates steady despite political pressure,The central bank will maintain rates at 3.5 to 3.75 percent and warned of ‘elevated’ economic uncertainty.,Lean Left,"system
You are participating in a standardized News Bias Classification task for academic
research. Output ONLY a single numeric value between -3.0 and +3.0.

Do NOT provide explanations or text.

user
            HEADLINE: US Federal Reserve holds interest rates steady despite political pressure
            ARTICLE SUMMARY: The central bank will maintain rates at 3.5 to 3.75 percent and warned of ‘elevated’ economic uncertainty.

            Output ONLY the numeric bias score.
          
assistant-1.2"
"Republicans celebrate school choice in US Senate hearing, while Dems question fairness • SC Daily Gazette","Louisiana Republican U.S. Sen. Bill Cassidy talks with reporters in the Dirksen Senate office building on Wednesday, Dec. 3, 2025. (Photo by Jennifer Shutt/States Newsroom)WASHINGTON — The fierce debate surrounding school choice initiatives took center stage Wednesday during a hearing in a U.S. Senate panel.  President Donald Trump’s administration and congressional Republicans have made school choice a central point of their education agenda, i…",Left,"system
You are participating in a standardized News Bias Classification task for academic
research. Output ONLY a single numeric value between -3.0 and +3.0.

Do NOT provide explanations or text.

user
            HEADLINE: Republicans celebrate school choice in US Senate hearing, while Dems question fairness • SC Daily Gazette
            ARTICLE SUMMARY: Louisiana Republican U.S. Sen. Bill Cassidy talks with reporters in the Dirksen Senate office building on Wednesday, Dec. 3, 2025. (Photo by Jennifer Shutt/States Newsroom)WASHINGTON — The fierce debate surrounding school choice initiatives took center stage Wednesday during a hearing in a U.S. Senate panel.  President Donald Trump’s administration and congressional Republicans have made school choice a central point of their education agenda, i…

            Output ONLY the numeric bias score.
          
assistant0.0"
"Madison, Wis. Joins Growing List of Cities Pausing Data Center Development","WASHINGTON, Jan. 29, 2026 – The Madison Common Council has approved a one-year moratorium on new large-scale data center development, giving city officials time to review zoning rules and infrastructure demands tied to the facilities’ expansion.The temporary pause applies to new data centers and telecommunications centers larger than 10,000 square feet. City officials said the moratorium is intended to allow staff to evaluate potential impacts o…",Center,"system
You are participating in a standardized News Bias Classification task for academic
research. Output ONLY a single numeric value between -3.0 and +3.0.

Do NOT provide explanations or text.

user
            HEADLINE: Madison, Wis. Joins Growing List of Cities Pausing Data Center Development
            ARTICLE SUMMARY: WASHINGTON, Jan. 29, 2026 – The Madison Common Council has approved a one-year moratorium on new large-scale data center development, giving city officials time to review zoning rules and infrastructure demands tied to the facilities’ expansion.The temporary pause applies to new data centers and telecommunications centers larger than 10,000 square feet. City officials said the moratorium is intended to allow staff to evaluate potential impacts o…

            Output ONLY the numeric bias score.
          
assistant-1.5"
"Border Patrol Commander Greg Bovino & Some of His Agents Expected to Leave Minneapolis, Sources Say | Just Jared: Celebrity News and Gossip","Border Patrol Commander Greg Bovino & Some of His Agents Expected to Leave Minneapolis, Sources Say Controversial Border Patrol commander Greg Bovino and some of his fellow agents are expected to leave Minneapolis imminently. The reports come from multiple sources…",Center,"system
You are participating in a standardized News Bias Classification task for academic
research. Output ONLY a single numeric value between -3.0 and +3.0.

Do NOT provide explanations or text.

user
            HEADLINE: Border Patrol Commander Greg Bovino & Some of His Agents Expected to Leave Minneapolis, Sources Say | Just Jared: Celebrity News and Gossip
            ARTICLE SUMMARY: Border Patrol Commander Greg Bovino & Some of His Agents Expected to Leave Minneapolis, Sources Say Controversial Border Patrol commander Greg Bovino and some of his fellow agents are expected to leave Minneapolis imminently. The reports come from multiple sources…

            Output ONLY the numeric bias score.
          
assistant-1.5"
Bulgaria Introduces Euro as Currency,"At the turn of the year, another country joins the euro area with Bulgaria. People in the capital Sofia celebrated the new currency. Critics fear that prices in the poorest EU country will rise. 2 months ago · Germany",Lean Left,"system
You are participating in a standardized News Bias Classification task for academic
research. Output ONLY a single numeric value between -3.0 and +3.0.

Do NOT provide explanations or text.

user
            HEADLINE: Bulgaria Introduces Euro as Currency
            ARTICLE SUMMARY: At the turn of the year, another country joins the euro area with Bulgaria. People in the capital Sofia celebrated the new currency. Critics fear that prices in the poorest EU country will rise. 2 months ago · Germany

            Output ONLY the numeric bias score.
          
assistant0.0"
Trump Threatens Tariffs to Get Greenland. Is This the Eu's Response?,"The EU Parliament is considering making the approval of the trade agreement with the US dependent on Trump stopping his threats against Greenland. 1 month ago · Copenhagen, Denmark",Lean Left,"system
You are participating in a standardized News Bias Classification task for academic
research. Output ONLY a single numeric value between -3.0 and +3.0.

Do NOT provide explanations or text.

user
            HEADLINE: Trump Threatens Tariffs to Get Greenland. Is This the Eu's Response?
            ARTICLE SUMMARY: The EU Parliament is considering making the approval of the trade agreement with the US dependent on Trump stopping his threats against Greenland. 1 month ago · Copenhagen, Denmark

            Output ONLY the numeric bias score.
          
assistant-1.5"
Trump expected to nominate Kevin Warsh for Federal Reserve chair,"President Donald Trump is expected to announce Friday his intent to nominate Kevin Warsh to be the next Federal Reserve chair, according to two people involved in the process.",Lean Left,"system
You are participating in a standardized News Bias Classification task for academic
research. Output ONLY a single numeric value between -3.0 and +3.0.

Do NOT provide explanations or text.

user
            HEADLINE: Trump expected to nominate Kevin Warsh for Federal Reserve chair
            ARTICLE SUMMARY: President Donald Trump is expected to announce Friday his intent to nominate Kevin Warsh to be the next Federal Reserve chair, according to two people involved in the process.

            Output ONLY the numeric bias score.
          
assistant0.0"
"Megyn Kelly: ""No Pity"" – Maga Presenter Ice Cold After a Fatal Ice Incident","After fatal shots in an ICE deployment, Maga presenter Megyn Kelly infuriates with a harsh statement. Her words trigger violent reactions and a heated debate on social networks.",Lean Left,"system
You are participating in a standardized News Bias Classification task for academic
research. Output ONLY a single numeric value between -3.0 and +3.0.

Do NOT provide explanations or text.

user
            HEADLINE: Megyn Kelly: ""No Pity"" – Maga Presenter Ice Cold After a Fatal Ice Incident
            ARTICLE SUMMARY: After fatal shots in an ICE deployment, Maga presenter Megyn Kelly infuriates with a harsh statement. Her words trigger violent reactions and a heated debate on social networks.

            Output ONLY the numeric bias score.
          
assistant-2.5"
Trump threatens to invoke Insurrection Act after second ICE shooting in Minnesota,"Residents confront federal agents following a shooting incident on Jan. 14, 2026 in Minneapolis, Minnesota.  (Photo by Scott Olson/Getty Images)WASHINGTON — President Donald Trump threatened on Thursday morning to send the military into Minnesota to stop protests, following another shooting by immigration agents that injured one person, seven days after an agent fatally shot a woman in Minneapolis. Writing on his own social media platform, Trump… 1 month ago",Lean Left,"system
You are participating in a standardized News Bias Classification task for academic
research. Output ONLY a single numeric value between -3.0 and +3.0.

Do NOT provide explanations or text.

user
            HEADLINE: Trump threatens to invoke Insurrection Act after second ICE shooting in Minnesota
            ARTICLE SUMMARY: Residents confront federal agents following a shooting incident on Jan. 14, 2026 in Minneapolis, Minnesota.  (Photo by Scott Olson/Getty Images)WASHINGTON — President Donald Trump threatened on Thursday morning to send the military into Minnesota to stop protests, following another shooting by immigration agents that injured one person, seven days after an agent fatally shot a woman in Minneapolis. Writing on his own social media platform, Trump… 1 month ago

            Output ONLY the numeric bias score.
          
assistant-1.5"
"Rep. Ilhan Omar’s Attacker Anthony Kazmierczak Charged With Assault, Sprayed Substance Identified","Source: Hennepin County Sheriff / other Donald Trump’s America is in perpetual turmoil. Immigrants are being targeted with violent kidnapping, citizens are being killed by militarized federal agencies and politicians who push back against that agenda are subject to physical attack by MAGA supporters. Yesterday, during a town hall meeting, Rep. Ilhan Omar was sprayed with a then unknown substance by a 55-year-old white man named Anthony Kazmier…",Left,"system
You are participating in a standardized News Bias Classification task for academic
research. Output ONLY a single numeric value between -3.0 and +3.0.

Do NOT provide explanations or text.

user
            HEADLINE: Rep. Ilhan Omar’s Attacker Anthony Kazmierczak Charged With Assault, Sprayed Substance Identified
            ARTICLE SUMMARY: Source: Hennepin County Sheriff / other Donald Trump’s America is in perpetual turmoil. Immigrants are being targeted with violent kidnapping, citizens are being killed by militarized federal agencies and politicians who push back against that agenda are subject to physical attack by MAGA supporters. Yesterday, during a town hall meeting, Rep. Ilhan Omar was sprayed with a then unknown substance by a 55-year-old white man named Anthony Kazmier…

            Output ONLY the numeric bias score.
          
assistant-2.5"
Congressional Democrats—and Even some Republicans—Plan to Impeach Noem,"The main Democrats in Congress are embarking on a battle for impeachment against Kristi Noem, and they count on even some moderate Republicans claiming to have lost faith in the troubled head of the Department of Homeland Security.",Center,"system
You are participating in a standardized News Bias Classification task for academic
research. Output ONLY a single numeric value between -3.0 and +3.0.

Do NOT provide explanations or text.

user
            HEADLINE: Congressional Democrats—and Even some Republicans—Plan to Impeach Noem
            ARTICLE SUMMARY: The main Democrats in Congress are embarking on a battle for impeachment against Kristi Noem, and they count on even some moderate Republicans claiming to have lost faith in the troubled head of the Department of Homeland Security.

            Output ONLY the numeric bias score.
          
assistant-2.5"
Gov. Walz says Trump has agreed to consider reducing federal surge in Minnesota after phone call,"Gov. Tim Walz says that he and President Trump shared a &quot;productive&quot; phone call Monday morning, during which he says the president agreed to consider a reduction of federal immigration enforcement forces in Minnesota.",Center,"system
You are participating in a standardized News Bias Classification task for academic
research. Output ONLY a single numeric value between -3.0 and +3.0.

Do NOT provide explanations or text.

user
            HEADLINE: Gov. Walz says Trump has agreed to consider reducing federal surge in Minnesota after phone call
            ARTICLE SUMMARY: Gov. Tim Walz says that he and President Trump shared a &quot;productive&quot; phone call Monday morning, during which he says the president agreed to consider a reduction of federal immigration enforcement forces in Minnesota.

            Output ONLY the numeric bias score.
          
assistant0.0"
Major update in Alex Pretti shooting as federal agents placed on leave,The federal agents involved in the Alex Pretti shooting have been placed on leave.,Center,"system
You are participating in a standardized News Bias Classification task for academic
research. Output ONLY a single numeric value between -3.0 and +3.0.

Do NOT provide explanations or text.

user
            HEADLINE: Major update in Alex Pretti shooting as federal agents placed on leave
            ARTICLE SUMMARY: The federal agents involved in the Alex Pretti shooting have been placed on leave.

            Output ONLY the numeric bias score.
          
assistant-1.5"
Trump Picks Kevin Warsh To Succeed Jerome Powell As Fed Chair,'he will never let you down',Right,"system
You are participating in a standardized News Bias Classification task for academic
research. Output ONLY a single numeric value between -3.0 and +3.0.

Do NOT provide explanations or text.

user
            HEADLINE: Trump Picks Kevin Warsh To Succeed Jerome Powell As Fed Chair
            ARTICLE SUMMARY: 'he will never let you down'

            Output ONLY the numeric bias score.
          
assistant-1.5"
Unusual Incident in the Us: a Man Impersonated an Fbi Agent to Free Luigi Mangione,"An unusual incident occurred Wednesday at the Metropolitan Detention Center in Brooklyn when Mark Anderson, a 36-year-old pizza worker from Mankato, Minnesota, arrived at the facility claiming to have a court order to release Luigi Mangione. According to authorities, Anderson entered the jail around 6:50 p.m. and told Bureau of Prisons officers that he had official documents authorizing the inmate's release. Although the complaint did not identi…",Center,"system
You are participating in a standardized News Bias Classification task for academic
research. Output ONLY a single numeric value between -3.0 and +3.0.

Do NOT provide explanations or text.

user
            HEADLINE: Unusual Incident in the Us: a Man Impersonated an Fbi Agent to Free Luigi Mangione
            ARTICLE SUMMARY: An unusual incident occurred Wednesday at the Metropolitan Detention Center in Brooklyn when Mark Anderson, a 36-year-old pizza worker from Mankato, Minnesota, arrived at the facility claiming to have a court order to release Luigi Mangione. According to authorities, Anderson entered the jail around 6:50 p.m. and told Bureau of Prisons officers that he had official documents authorizing the inmate's release. Although the complaint did not identi…

            Output ONLY the numeric bias score.
          
assistant-1.5"
At least a dozen states declare emergencies in wake of storm,"A massive winter storm dumped sleet, freezing rain and snow across much of the U.S. on Sunday, bringing subzero temperatures and halting air and road traffic. Tree branches and power lines snapped under the weight of ice, and hundreds of thousands of homes and businesses in the Southeast were left without electricity. The ice and snowfall were expected to continue into Monday followed by very low temperatures which could cause “dangerous travel …",Center,"system
You are participating in a standardized News Bias Classification task for academic
research. Output ONLY a single numeric value between -3.0 and +3.0.

Do NOT provide explanations or text.

user
            HEADLINE: At least a dozen states declare emergencies in wake of storm
            ARTICLE SUMMARY: A massive winter storm dumped sleet, freezing rain and snow across much of the U.S. on Sunday, bringing subzero temperatures and halting air and road traffic. Tree branches and power lines snapped under the weight of ice, and hundreds of thousands of homes and businesses in the Southeast were left without electricity. The ice and snowfall were expected to continue into Monday followed by very low temperatures which could cause “dangerous travel …

            Output ONLY the numeric bias score.
          
assistant-1.2"
The European Union Investigates X by Generation of Sexualized Images,The European Commission opens an investigation to assess whether chatbot Grok has violated the Digital Services Act with the generation of sexually explicit images by artificial intelligence,Left,"system
You are participating in a standardized News Bias Classification task for academic
research. Output ONLY a single numeric value between -3.0 and +3.0.

Do NOT provide explanations or text.

user
            HEADLINE: The European Union Investigates X by Generation of Sexualized Images
            ARTICLE SUMMARY: The European Commission opens an investigation to assess whether chatbot Grok has violated the Digital Services Act with the generation of sexually explicit images by artificial intelligence

            Output ONLY the numeric bias score.
          
assistant-1.5"
US Justice Dept releases new cache of Epstein files,"The US Justice Department has published a new and final cache of millions of documents related to the ⁠late convicted sex offender Jeffrey Epstein, under a law passed in November that required the release of all Epstein-related records.",Center,"system
You are participating in a standardized News Bias Classification task for academic
research. Output ONLY a single numeric value between -3.0 and +3.0.

Do NOT provide explanations or text.

user
            HEADLINE: US Justice Dept releases new cache of Epstein files
            ARTICLE SUMMARY: The US Justice Department has published a new and final cache of millions of documents related to the ⁠late convicted sex offender Jeffrey Epstein, under a law passed in November that required the release of all Epstein-related records.

            Output ONLY the numeric bias score.
          
assistant0.0"
"Trump sues IRS, Treasury Department for $10B over alleged tax return leaks","The court filing said the IRS and the Treasury Department did not have the safeguards in place to prevent the ""unlawful conduct.""",Center,"system
You are participating in a standardized News Bias Classification task for academic
research. Output ONLY a single numeric value between -3.0 and +3.0.

Do NOT provide explanations or text.

user
            HEADLINE: Trump sues IRS, Treasury Department for $10B over alleged tax return leaks
            ARTICLE SUMMARY: The court filing said the IRS and the Treasury Department did not have the safeguards in place to prevent the ""unlawful conduct.""

            Output ONLY the numeric bias score.
          
assistant-1.5"
"Melania Trump rings the NYSE opening bell, placing her documentary promotion at the center of the business world","First lady Melania Trump rang the opening bell at the New York Stock Exchange Wednesday morning, giving her a high-profile platform in the business world as she seeks to build momentum toward the release of her documentary later this week.",Lean Left,"system
You are participating in a standardized News Bias Classification task for academic
research. Output ONLY a single numeric value between -3.0 and +3.0.

Do NOT provide explanations or text.

user
            HEADLINE: Melania Trump rings the NYSE opening bell, placing her documentary promotion at the center of the business world
            ARTICLE SUMMARY: First lady Melania Trump rang the opening bell at the New York Stock Exchange Wednesday morning, giving her a high-profile platform in the business world as she seeks to build momentum toward the release of her documentary later this week.

            Output ONLY the numeric bias score.
          
assistant0.0"
New Documents in Epstein Case Released by Us Justice Department,"More than three million documents, images and videos related to the late wealthy financier and convicted sex offender Jeffrey Epstein are being released by the US Department of Justice today, US Deputy Attorney General Todd Blanche announced at a press conference.",Lean Left,"system
You are participating in a standardized News Bias Classification task for academic
research. Output ONLY a single numeric value between -3.0 and +3.0.

Do NOT provide explanations or text.

user
            HEADLINE: New Documents in Epstein Case Released by Us Justice Department
            ARTICLE SUMMARY: More than three million documents, images and videos related to the late wealthy financier and convicted sex offender Jeffrey Epstein are being released by the US Department of Justice today, US Deputy Attorney General Todd Blanche announced at a press conference.

            Output ONLY the numeric bias score.
          
assistant0.0"
Pappas Calls for Impeachment of Secretary Noem,"Washington, DC – Today Congressman Chris Pappas (NH-01) announced he is calling for the impeachment of Department of Homeland Security (DHS) Secretary Kristi Noem. He is also cosponsoring articles of impeachment introduced against Noem in the House.  “Secretary Noem is not fit to continue in her position. If she does not resign, Congress must start proceedings to impeach her. Under her leadership, we have seen violations of due process and our c…",Center,"system
You are participating in a standardized News Bias Classification task for academic
research. Output ONLY a single numeric value between -3.0 and +3.0.

Do NOT provide explanations or text.

user
            HEADLINE: Pappas Calls for Impeachment of Secretary Noem
            ARTICLE SUMMARY: Washington, DC – Today Congressman Chris Pappas (NH-01) announced he is calling for the impeachment of Department of Homeland Security (DHS) Secretary Kristi Noem. He is also cosponsoring articles of impeachment introduced against Noem in the House.  “Secretary Noem is not fit to continue in her position. If she does not resign, Congress must start proceedings to impeach her. Under her leadership, we have seen violations of due process and our c…

            Output ONLY the numeric bias score.
          
assistant-2.5"
Man Armed With BBQ Fork And Pizza Cutter Posed As FBI Agent To Spring Luigi Mangione From Jail,"A man posing as an FBI agent walked into the Metropolitan Detention Center in Brooklyn on Wednesday night in an attempt to spring suspected assassin Luigi Mangione from jail, according to a criminal complaint.The suspect, 36-year-old Mark Anderson of Minnesota, was charged on Thursday with impersonating a federal agent. Anderson allegedly illegally approached the jail’s intake area and told authorities at the jail that he had an order “signed by…",Right,"system
You are participating in a standardized News Bias Classification task for academic
research. Output ONLY a single numeric value between -3.0 and +3.0.

Do NOT provide explanations or text.

user
            HEADLINE: Man Armed With BBQ Fork And Pizza Cutter Posed As FBI Agent To Spring Luigi Mangione From Jail
            ARTICLE SUMMARY: A man posing as an FBI agent walked into the Metropolitan Detention Center in Brooklyn on Wednesday night in an attempt to spring suspected assassin Luigi Mangione from jail, according to a criminal complaint.The suspect, 36-year-old Mark Anderson of Minnesota, was charged on Thursday with impersonating a federal agent. Anderson allegedly illegally approached the jail’s intake area and told authorities at the jail that he had an order “signed by…

            Output ONLY the numeric bias score.
          
assistant-1.5"
UPDATE 4-US government heads toward shutdown as time runs short to approve spending deal,"UPDATE 4-US government heads toward shutdown as time runs short to approve spending deal The U.S. government was headed toward a partial shutdown on Friday, as Congress appeared unlikely to approve a deal ⁠that would keep a wide swath of operations funded past a midnight deadline. After hours of delay, the U.S. Senate was moving quickly toward a final vote on Friday afternoon. But the House of Representatives is out of town and not expected to ​…",Center,"system
You are participating in a standardized News Bias Classification task for academic
research. Output ONLY a single numeric value between -3.0 and +3.0.

Do NOT provide explanations or text.

user
            HEADLINE: UPDATE 4-US government heads toward shutdown as time runs short to approve spending deal
            ARTICLE SUMMARY: UPDATE 4-US government heads toward shutdown as time runs short to approve spending deal The U.S. government was headed toward a partial shutdown on Friday, as Congress appeared unlikely to approve a deal ⁠that would keep a wide swath of operations funded past a midnight deadline. After hours of delay, the U.S. Senate was moving quickly toward a final vote on Friday afternoon. But the House of Representatives is out of town and not expected to ​…

            Output ONLY the numeric bias score.
          
assistant-1.5"
"""He's Made It One of the Most Popular Places"": Florida Is About to Rename Palm Beach Airport as Donald Trump","As Floridian elected officials move towards a name change from Palm Beach Airport, the trademark filing of Donald Trump by a company in his group feeds accusations of conflict of interest and potential profit. 19 hours ago · Paris, France",Right,"system
You are participating in a standardized News Bias Classification task for academic
research. Output ONLY a single numeric value between -3.0 and +3.0.

Do NOT provide explanations or text.

user
            HEADLINE: ""He's Made It One of the Most Popular Places"": Florida Is About to Rename Palm Beach Airport as Donald Trump
            ARTICLE SUMMARY: As Floridian elected officials move towards a name change from Palm Beach Airport, the trademark filing of Donald Trump by a company in his group feeds accusations of conflict of interest and potential profit. 19 hours ago · Paris, France

            Output ONLY the numeric bias score.
          
assistant-1.5"
DC Wrap: Tentative deal struck to avoid shutdown; Trump touts past year,A look at the day's biggest stories in national politics.,Center,"system
You are participating in a standardized News Bias Classification task for academic
research. Output ONLY a single numeric value between -3.0 and +3.0.

Do NOT provide explanations or text.

user
            HEADLINE: DC Wrap: Tentative deal struck to avoid shutdown; Trump touts past year
            ARTICLE SUMMARY: A look at the day's biggest stories in national politics.

            Output ONLY the numeric bias score.
          
assistant0.0"
"A man carrying a pizza wheel impersonated an FBI agent and tried to break Luigi Mangione out of jail, prosecutors say","Prosecutors say Mark Anderson falsely said he was an FBI agent with a court order to free Luigi Mangioni, accused of killing the UnitedHealthcare CEO.",Lean Left,"system
You are participating in a standardized News Bias Classification task for academic
research. Output ONLY a single numeric value between -3.0 and +3.0.

Do NOT provide explanations or text.

user
            HEADLINE: A man carrying a pizza wheel impersonated an FBI agent and tried to break Luigi Mangione out of jail, prosecutors say
            ARTICLE SUMMARY: Prosecutors say Mark Anderson falsely said he was an FBI agent with a court order to free Luigi Mangioni, accused of killing the UnitedHealthcare CEO.

            Output ONLY the numeric bias score.
          
assistant-2.5"
Trump Demands $10 Billion in Us Tax Cuts,"President Donald Trump has filed a lawsuit against the Internal Revenue Service (IRS) seeking $10 billion, equivalent to 1.240 billion krónur, over alleged leaks of tax returns that he says have harmed his business. The lawsuit – filed by the president on his own behalf, along with his two eldest sons, Eric and Donald Jr., and their family business, The Trump Organization – said the tax...",Left,"system
You are participating in a standardized News Bias Classification task for academic
research. Output ONLY a single numeric value between -3.0 and +3.0.

Do NOT provide explanations or text.

user
            HEADLINE: Trump Demands $10 Billion in Us Tax Cuts
            ARTICLE SUMMARY: President Donald Trump has filed a lawsuit against the Internal Revenue Service (IRS) seeking $10 billion, equivalent to 1.240 billion krónur, over alleged leaks of tax returns that he says have harmed his business. The lawsuit – filed by the president on his own behalf, along with his two eldest sons, Eric and Donald Jr., and their family business, The Trump Organization – said the tax...

            Output ONLY the numeric bias score.
          
assistant-1.5"
Trump threatens military deployment to Minnesota over immigration enforcement violence,"President Trump threatened Thursday to invoke the Insurrection Act and deploy the military to Minnesota if protesters continue attacking federal immigration agents, intensifying a confrontation between the White House and Democratic state leaders. 1 month ago · United States",Right,"system
You are participating in a standardized News Bias Classification task for academic
research. Output ONLY a single numeric value between -3.0 and +3.0.

Do NOT provide explanations or text.

user
            HEADLINE: Trump threatens military deployment to Minnesota over immigration enforcement violence
            ARTICLE SUMMARY: President Trump threatened Thursday to invoke the Insurrection Act and deploy the military to Minnesota if protesters continue attacking federal immigration agents, intensifying a confrontation between the White House and Democratic state leaders. 1 month ago · United States

            Output ONLY the numeric bias score.
          
assistant-1.5"
"""They Want To Make A Deal, I Know So"": Trump Says Iran Wants Talks",AUSnaval strike force led by anaircraftcarrierwas in Middle Eastern waters on TuesdayasIranvowed to hit back against any strike and President DonaldTrumpsaid he believed the Islamic republic still wantedtalks.,Right,"system
You are participating in a standardized News Bias Classification task for academic
research. Output ONLY a single numeric value between -3.0 and +3.0.

Do NOT provide explanations or text.

user
            HEADLINE: ""They Want To Make A Deal, I Know So"": Trump Says Iran Wants Talks
            ARTICLE SUMMARY: AUSnaval strike force led by anaircraftcarrierwas in Middle Eastern waters on TuesdayasIranvowed to hit back against any strike and President DonaldTrumpsaid he believed the Islamic republic still wantedtalks.

            Output ONLY the numeric bias score.
          
assistant-1.0"
Police credit a good Samaritan for ending shooting spree,"A gunman who opened fire at a Rhode Island youth hockey game, killing two adults and injuring three others, was stopped after a fellow spectator intervened. Pawtucket Police Chief Tina Goncalves said Monday that the shooter died from an apparent…",Lean Left,"system
You are participating in a standardized News Bias Classification task for academic
research. Output ONLY a single numeric value between -3.0 and +3.0.

Do NOT provide explanations or text.

user
            HEADLINE: Police credit a good Samaritan for ending shooting spree
            ARTICLE SUMMARY: A gunman who opened fire at a Rhode Island youth hockey game, killing two adults and injuring three others, was stopped after a fellow spectator intervened. Pawtucket Police Chief Tina Goncalves said Monday that the shooter died from an apparent…

            Output ONLY the numeric bias score.
          
assistant-1.5"
Our lifespans may be half down to genes and half to the environment,"A reanalysis of twin data from Denmark and Sweden suggests that how long we live now depends roughly equally on the genes we inherit, and on where we live and what we do",Center,"system
You are participating in a standardized News Bias Classification task for academic
research. Output ONLY a single numeric value between -3.0 and +3.0.

Do NOT provide explanations or text.

user
            HEADLINE: Our lifespans may be half down to genes and half to the environment
            ARTICLE SUMMARY: A reanalysis of twin data from Denmark and Sweden suggests that how long we live now depends roughly equally on the genes we inherit, and on where we live and what we do

            Output ONLY the numeric bias score.
          
assistant0.0"
Elon Musk's xAI Is Having Trouble Holding on to Cofounders,"With an impending IPO, though, all of them are in for a huge windfall.",Lean Left,"system
You are participating in a standardized News Bias Classification task for academic
research. Output ONLY a single numeric value between -3.0 and +3.0.

Do NOT provide explanations or text.

user
            HEADLINE: Elon Musk's xAI Is Having Trouble Holding on to Cofounders
            ARTICLE SUMMARY: With an impending IPO, though, all of them are in for a huge windfall.

            Output ONLY the numeric bias score.
          
assistant-1.0"
"Trump sues IRS, seeks $10 billion over tax return leak","Washington: President Donald Trump has filed a civil lawsuit against the Internal Revenue Service (IRS) and the US Treasury Department, seeking at least $10 billion in damages over the unauthorised disclosure of his tax return information by an agency contractor who later pleaded guilty to a felony. The lawsuit, filed Thursday in federal court in the Southern District of Florida, names the IRS and the Treasury Department as defendants and was br…",Lean Left,"system
You are participating in a standardized News Bias Classification task for academic
research. Output ONLY a single numeric value between -3.0 and +3.0.

Do NOT provide explanations or text.

user
            HEADLINE: Trump sues IRS, seeks $10 billion over tax return leak
            ARTICLE SUMMARY: Washington: President Donald Trump has filed a civil lawsuit against the Internal Revenue Service (IRS) and the US Treasury Department, seeking at least $10 billion in damages over the unauthorised disclosure of his tax return information by an agency contractor who later pleaded guilty to a felony. The lawsuit, filed Thursday in federal court in the Southern District of Florida, names the IRS and the Treasury Department as defendants and was br…

            Output ONLY the numeric bias score.
          
assistant-1.5"
Trump Met with Venezuelan Opposition Leader Machado – “I Offered the Nobel Peace Prize to Trump”,"According to a source on the news channel CNN, Nobel Peace Prize winner Maria Corina Machado has left her Nobel medal at the White House. 1 month ago · Finland",Center,"system
You are participating in a standardized News Bias Classification task for academic
research. Output ONLY a single numeric value between -3.0 and +3.0.

Do NOT provide explanations or text.

user
            HEADLINE: Trump Met with Venezuelan Opposition Leader Machado – “I Offered the Nobel Peace Prize to Trump”
            ARTICLE SUMMARY: According to a source on the news channel CNN, Nobel Peace Prize winner Maria Corina Machado has left her Nobel medal at the White House. 1 month ago · Finland

            Output ONLY the numeric bias score.
          
assistant-1.5"
“An Extraordinary Robbery”: How Thieves Stole 30 Million Euros From a German Bank,"▶️ Robbers broke into a bank in Gelsenkirchen over the weekend, using a giant drill. The perpetrators stole the contents of more than 3,000 safes, for an estimated 30 million euros in loot. The bank remained closed on Tuesday for security reasons, while customers ask to know what happened to their money. - “An extraordinary robbery”: how thieves stole 30 million euros from a German bank (International). 2 months ago",Center,"system
You are participating in a standardized News Bias Classification task for academic
research. Output ONLY a single numeric value between -3.0 and +3.0.

Do NOT provide explanations or text.

user
            HEADLINE: “An Extraordinary Robbery”: How Thieves Stole 30 Million Euros From a German Bank
            ARTICLE SUMMARY: ▶️ Robbers broke into a bank in Gelsenkirchen over the weekend, using a giant drill. The perpetrators stole the contents of more than 3,000 safes, for an estimated 30 million euros in loot. The bank remained closed on Tuesday for security reasons, while customers ask to know what happened to their money. - “An extraordinary robbery”: how thieves stole 30 million euros from a German bank (International). 2 months ago

            Output ONLY the numeric bias score.
          
assistant0.0"
Us Department of Justice Publishes 3 Million Pages of Epstein Archives,"NEW YORK (AP) — The Department of Justice released on Friday many more records from its Jeffrey Epstein investigation files, resuming disclosures under a law intended to reveal what the government knew about the...",Center,"system
You are participating in a standardized News Bias Classification task for academic
research. Output ONLY a single numeric value between -3.0 and +3.0.

Do NOT provide explanations or text.

user
            HEADLINE: Us Department of Justice Publishes 3 Million Pages of Epstein Archives
            ARTICLE SUMMARY: NEW YORK (AP) — The Department of Justice released on Friday many more records from its Jeffrey Epstein investigation files, resuming disclosures under a law intended to reveal what the government knew about the...

            Output ONLY the numeric bias score.
          
assistant-1.5"
Trump Says U.S. May Use Tariffs Against Countries Opposing Greenland Control,"U.S. President Donald Trump said on Friday that Washington could consider imposing tariffs on countries that oppose U.S. efforts to gain control over Greenland, reiterating his view that the Arctic island is vital to American national security. Speaking during an unrelated White House event on rural health care, Trump said he may use trade measures to pressure allies that resist U.S. objectives in Greenland, noting that tariffs had previously be… 1 month ago",Right,"system
You are participating in a standardized News Bias Classification task for academic
research. Output ONLY a single numeric value between -3.0 and +3.0.

Do NOT provide explanations or text.

user
            HEADLINE: Trump Says U.S. May Use Tariffs Against Countries Opposing Greenland Control
            ARTICLE SUMMARY: U.S. President Donald Trump said on Friday that Washington could consider imposing tariffs on countries that oppose U.S. efforts to gain control over Greenland, reiterating his view that the Arctic island is vital to American national security. Speaking during an unrelated White House event on rural health care, Trump said he may use trade measures to pressure allies that resist U.S. objectives in Greenland, noting that tariffs had previously be… 1 month ago

            Output ONLY the numeric bias score.
          
assistant-1.5"
"Trump Threatened to Use Tariffs to Pressure Countries that Disagree with His ""Greenland Annexation Plan,"" Claiming It's Necessary for u.s. Security.","Donald Trump threatened to impose tariffs on countries that do not support the US plan to acquire Greenland, emphasizing the island's strategic importance to national security, amidst opposition from Denmark, a NATO ally, and even US politicians. 1 month ago",Right,"system
You are participating in a standardized News Bias Classification task for academic
research. Output ONLY a single numeric value between -3.0 and +3.0.

Do NOT provide explanations or text.

user
            HEADLINE: Trump Threatened to Use Tariffs to Pressure Countries that Disagree with His ""Greenland Annexation Plan,"" Claiming It's Necessary for u.s. Security.
            ARTICLE SUMMARY: Donald Trump threatened to impose tariffs on countries that do not support the US plan to acquire Greenland, emphasizing the island's strategic importance to national security, amidst opposition from Denmark, a NATO ally, and even US politicians. 1 month ago

            Output ONLY the numeric bias score.
          
assistant-1.5"
US Senate races to limit shutdown fallout as Trump-backed deal stalls,A dispute over immigration enforcement following two fatal shootings pushes the US government towards a shutdown.,Center,"system
You are participating in a standardized News Bias Classification task for academic
research. Output ONLY a single numeric value between -3.0 and +3.0.

Do NOT provide explanations or text.

user
            HEADLINE: US Senate races to limit shutdown fallout as Trump-backed deal stalls
            ARTICLE SUMMARY: A dispute over immigration enforcement following two fatal shootings pushes the US government towards a shutdown.

            Output ONLY the numeric bias score.
          
assistant-1.5"
Donald Trump Files a Complaint Against the American Tax Authorities About His Tax Returns,Donald Trump filed a lawsuit and asked for 10 billion dollars in damages for failing to block the leak of his tax returns during his first term in office....,Center,"system
You are participating in a standardized News Bias Classification task for academic
research. Output ONLY a single numeric value between -3.0 and +3.0.

Do NOT provide explanations or text.

user
            HEADLINE: Donald Trump Files a Complaint Against the American Tax Authorities About His Tax Returns
            ARTICLE SUMMARY: Donald Trump filed a lawsuit and asked for 10 billion dollars in damages for failing to block the leak of his tax returns during his first term in office....

            Output ONLY the numeric bias score.
          
assistant-2.5"
"Italian cable car accident injures four people, 100 evacuated from mountain","At least four people were injured and helicopters helped to bring around 100 others to safety on Tuesday after a cable car accident on a mountain in northwest Italy, local authorities said. 2 months ago · United Kingdom",Center,"system
You are participating in a standardized News Bias Classification task for academic
research. Output ONLY a single numeric value between -3.0 and +3.0.

Do NOT provide explanations or text.

user
            HEADLINE: Italian cable car accident injures four people, 100 evacuated from mountain
            ARTICLE SUMMARY: At least four people were injured and helicopters helped to bring around 100 others to safety on Tuesday after a cable car accident on a mountain in northwest Italy, local authorities said. 2 months ago · United Kingdom

            Output ONLY the numeric bias score.
          
assistant-1.5"
"Stocks Slide, Gold And Bitcoin Tumble After Trump Taps Warsh As Next Fed Chair","ZeroHedge - On a long enough timeline, the survival rate for everyone drops to zero",Right,"system
You are participating in a standardized News Bias Classification task for academic
research. Output ONLY a single numeric value between -3.0 and +3.0.

Do NOT provide explanations or text.

user
            HEADLINE: Stocks Slide, Gold And Bitcoin Tumble After Trump Taps Warsh As Next Fed Chair
            ARTICLE SUMMARY: ZeroHedge - On a long enough timeline, the survival rate for everyone drops to zero

            Output ONLY the numeric bias score.
          
assistant-1.5"
Machado Gives Trump the Medal of Her Nobel Peace Prize,"The Nobel Committee had previously made it clear that the prize is not transferable. Machado handed over the prize in recognition of his commitment to the freedom of the Venezuelan people 1 month ago · Vienna, Austria",Lean Left,"system
You are participating in a standardized News Bias Classification task for academic
research. Output ONLY a single numeric value between -3.0 and +3.0.

Do NOT provide explanations or text.

user
            HEADLINE: Machado Gives Trump the Medal of Her Nobel Peace Prize
            ARTICLE SUMMARY: The Nobel Committee had previously made it clear that the prize is not transferable. Machado handed over the prize in recognition of his commitment to the freedom of the Venezuelan people 1 month ago · Vienna, Austria

            Output ONLY the numeric bias score.
          
assistant-2.0"
Fed holds interest rates steady despite Trump’s mounting pressure for lower rates,The Fed's statement provided no indication of when further reductions in borrowing costs might occur,Lean Left,"system
You are participating in a standardized News Bias Classification task for academic
research. Output ONLY a single numeric value between -3.0 and +3.0.

Do NOT provide explanations or text.

user
            HEADLINE: Fed holds interest rates steady despite Trump’s mounting pressure for lower rates
            ARTICLE SUMMARY: The Fed's statement provided no indication of when further reductions in borrowing costs might occur

            Output ONLY the numeric bias score.
          
assistant-1.5"
Multiple people dead after explosion at Swiss Alps resort bar during New Year's celebrations,"Customers had just celebrated the New Year when the blast took place in the ski resort town of Crans-Montana, Switzerland 2 months ago · London, United Kingdom",Center,"system
You are participating in a standardized News Bias Classification task for academic
research. Output ONLY a single numeric value between -3.0 and +3.0.

Do NOT provide explanations or text.

user
            HEADLINE: Multiple people dead after explosion at Swiss Alps resort bar during New Year's celebrations
            ARTICLE SUMMARY: Customers had just celebrated the New Year when the blast took place in the ski resort town of Crans-Montana, Switzerland 2 months ago · London, United Kingdom

            Output ONLY the numeric bias score.
          
assistant-1.5"
The Justice Department Releases Millions of Pages of Documents in the Epstein Investigation,"By Rashard Rose, CNN The Department of Justice has completed the review of Jeffrey Epstein-related records and will publish the documents throughout Friday, announced Deputy Justice Secretary Todd Blanche. The documents to be published today will include more than 3 million pages, 2,000 videos and 180,000 videos. The publication will put an end to months of tension between the Department of Justice, federal judges and some legislators on whether…",Center,"system
You are participating in a standardized News Bias Classification task for academic
research. Output ONLY a single numeric value between -3.0 and +3.0.

Do NOT provide explanations or text.

user
            HEADLINE: The Justice Department Releases Millions of Pages of Documents in the Epstein Investigation
            ARTICLE SUMMARY: By Rashard Rose, CNN The Department of Justice has completed the review of Jeffrey Epstein-related records and will publish the documents throughout Friday, announced Deputy Justice Secretary Todd Blanche. The documents to be published today will include more than 3 million pages, 2,000 videos and 180,000 videos. The publication will put an end to months of tension between the Department of Justice, federal judges and some legislators on whether…

            Output ONLY the numeric bias score.
          
assistant-1.5"
Vessel Held In Finland After Suspected Baltic Cable Sabotage,"Finnish authorities seized a cargo vessel in the Baltic Sea that is suspected of damaging underwater cables in Estonian waters in a possible sabotage incident, police in Helsinki told reporters. 2 months ago · Czechia",Center,"system
You are participating in a standardized News Bias Classification task for academic
research. Output ONLY a single numeric value between -3.0 and +3.0.

Do NOT provide explanations or text.

user
            HEADLINE: Vessel Held In Finland After Suspected Baltic Cable Sabotage
            ARTICLE SUMMARY: Finnish authorities seized a cargo vessel in the Baltic Sea that is suspected of damaging underwater cables in Estonian waters in a possible sabotage incident, police in Helsinki told reporters. 2 months ago · Czechia

            Output ONLY the numeric bias score.
          
assistant-1.5"
Trump Was One of the First to Contact Police on Epstein Investigation According to Bombshell New Docs - ABC News Is Even Admitting It on Nat'l TV,"As the parade of big names who kept associating with Jeffrey Epstein after he was arrested and convicted of sex offenses keeps growing, one thing from the Epstein files stands […] The post WATCH: Trump Was One of the First to Contact Police on Epstein Investigation According to Bombshell New Docs - ABC News Is Even Admitting It on Nat'l TV appeared first on The Western Journal.",Right,"system
You are participating in a standardized News Bias Classification task for academic
research. Output ONLY a single numeric value between -3.0 and +3.0.

Do NOT provide explanations or text.

user
            HEADLINE: Trump Was One of the First to Contact Police on Epstein Investigation According to Bombshell New Docs - ABC News Is Even Admitting It on Nat'l TV
            ARTICLE SUMMARY: As the parade of big names who kept associating with Jeffrey Epstein after he was arrested and convicted of sex offenses keeps growing, one thing from the Epstein files stands […] The post WATCH: Trump Was One of the First to Contact Police on Epstein Investigation According to Bombshell New Docs - ABC News Is Even Admitting It on Nat'l TV appeared first on The Western Journal.

            Output ONLY the numeric bias score.
          
assistant-1.5"
Trump names former Fed official Warsh as the next Fed chair to replace Powell,Warsh would replace current chair Jerome Powell when his term expires in May.,Center,"system
You are participating in a standardized News Bias Classification task for academic
research. Output ONLY a single numeric value between -3.0 and +3.0.

Do NOT provide explanations or text.

user
            HEADLINE: Trump names former Fed official Warsh as the next Fed chair to replace Powell
            ARTICLE SUMMARY: Warsh would replace current chair Jerome Powell when his term expires in May.

            Output ONLY the numeric bias score.
          
assistant-1.0"
'Band of the Hole' Steals 30 Million Euros From a Bank in Germany: Desperate Customers in Front of the Entrance,"There is talk of colossal theft and, counting that the thieves robbed practically everything they could take from 3,300 safe deposit boxes, rented to 2,700 customers, the definition is not risky. It happened to the Gelsenkirchen bank during Christmas holidays. The criminals practiced a huge hole in the wall of an office, reaching the vault. From the opening of the bank on Monday, hundreds of customers crowded in front of the branch, worried abou… 2 months ago · Rome, Italy",Lean Left,"system
You are participating in a standardized News Bias Classification task for academic
research. Output ONLY a single numeric value between -3.0 and +3.0.

Do NOT provide explanations or text.

user
            HEADLINE: 'Band of the Hole' Steals 30 Million Euros From a Bank in Germany: Desperate Customers in Front of the Entrance
            ARTICLE SUMMARY: There is talk of colossal theft and, counting that the thieves robbed practically everything they could take from 3,300 safe deposit boxes, rented to 2,700 customers, the definition is not risky. It happened to the Gelsenkirchen bank during Christmas holidays. The criminals practiced a huge hole in the wall of an office, reaching the vault. From the opening of the bank on Monday, hundreds of customers crowded in front of the branch, worried abou… 2 months ago · Rome, Italy

            Output ONLY the numeric bias score.
          
assistant-1.5"
"Massive winter storm dumps sleet, freezing rain and snow around much of U.S.","A massive winter storm continued Sunday morning, dumping sleet, freezing rain and snow across the South and up through New England, bringing frigid temperatures, widespread power outages and treacherous road conditions.",Center,"system
You are participating in a standardized News Bias Classification task for academic
research. Output ONLY a single numeric value between -3.0 and +3.0.

Do NOT provide explanations or text.

user
            HEADLINE: Massive winter storm dumps sleet, freezing rain and snow around much of U.S.
            ARTICLE SUMMARY: A massive winter storm continued Sunday morning, dumping sleet, freezing rain and snow across the South and up through New England, bringing frigid temperatures, widespread power outages and treacherous road conditions.

            Output ONLY the numeric bias score.
          
assistant-1.5"
Dozens Dead in Fire at Swiss Ski Resort,"At least ten people have died after an explosion in a bar in the ski resort of Crans-Montana on New Year's Eve. More than a hundred people were there when a fire broke out. 2 months ago · Stockholm, Sweden",Right,"system
You are participating in a standardized News Bias Classification task for academic
research. Output ONLY a single numeric value between -3.0 and +3.0.

Do NOT provide explanations or text.

user
            HEADLINE: Dozens Dead in Fire at Swiss Ski Resort
            ARTICLE SUMMARY: At least ten people have died after an explosion in a bar in the ski resort of Crans-Montana on New Year's Eve. More than a hundred people were there when a fire broke out. 2 months ago · Stockholm, Sweden

            Output ONLY the numeric bias score.
          
assistant-1.5"
"Shooting at Rhode Island high school hockey game kills 3, injures 3","A gunman killed at least two people Monday at a high school hockey game in Rhode Island, according to multiple reports. The shooter is also dead, according to authorities. The shooting happened at the Dennis M. Lynch Arena in Pawtucket, Rhode Island, at about 2 p.m. Local news station WPRI reports that, in addition to the shooter, two victims are dead and three others are hospitalized. However, the conditions of those injured were not immediatel…",Center,"system
You are participating in a standardized News Bias Classification task for academic
research. Output ONLY a single numeric value between -3.0 and +3.0.

Do NOT provide explanations or text.

user
            HEADLINE: Shooting at Rhode Island high school hockey game kills 3, injures 3
            ARTICLE SUMMARY: A gunman killed at least two people Monday at a high school hockey game in Rhode Island, according to multiple reports. The shooter is also dead, according to authorities. The shooting happened at the Dennis M. Lynch Arena in Pawtucket, Rhode Island, at about 2 p.m. Local news station WPRI reports that, in addition to the shooter, two victims are dead and three others are hospitalized. However, the conditions of those injured were not immediatel…

            Output ONLY the numeric bias score.
          
assistant-1.5"
"Trump names former Federal Reserve governor Warsh as next Fed chair, replacing Powell",President Donald Trump said Friday that he will nominate former Federal Reserve official Kevin Warsh to be the next chair of the Fed.,Center,"system
You are participating in a standardized News Bias Classification task for academic
research. Output ONLY a single numeric value between -3.0 and +3.0.

Do NOT provide explanations or text.

user
            HEADLINE: Trump names former Federal Reserve governor Warsh as next Fed chair, replacing Powell
            ARTICLE SUMMARY: President Donald Trump said Friday that he will nominate former Federal Reserve official Kevin Warsh to be the next chair of the Fed.

            Output ONLY the numeric bias score.
          
assistant-1.0"
Trump Denounces Himself: He Claims $10 Billion From the Treasury and Social Security for a Leak of Tax Information,"Trump accuses federal agencies of not having prevented the leaking of their tax information to the media between 2018 and 2020 US President Donald Trump is suing the IRS (Social Security) and the Treasury Department for $10 billion: he accuses federal agencies of not having prevented the leaking of their tax information to the media between 2018 and 2020. The lawsuit, filed Thursday in a Florida federal court, includes as plaintiffs the sons of …",Lean Left,"system
You are participating in a standardized News Bias Classification task for academic
research. Output ONLY a single numeric value between -3.0 and +3.0.

Do NOT provide explanations or text.

user
            HEADLINE: Trump Denounces Himself: He Claims $10 Billion From the Treasury and Social Security for a Leak of Tax Information
            ARTICLE SUMMARY: Trump accuses federal agencies of not having prevented the leaking of their tax information to the media between 2018 and 2020 US President Donald Trump is suing the IRS (Social Security) and the Treasury Department for $10 billion: he accuses federal agencies of not having prevented the leaking of their tax information to the media between 2018 and 2020. The lawsuit, filed Thursday in a Florida federal court, includes as plaintiffs the sons of …

            Output ONLY the numeric bias score.
          
assistant-1.5"
Pizzeria worker armed with slice cutter tried to bust Luigi Mangione out of prison,The man was arrested and charged with impersonating an FBI agent,Lean Left,"system
You are participating in a standardized News Bias Classification task for academic
research. Output ONLY a single numeric value between -3.0 and +3.0.

Do NOT provide explanations or text.

user
            HEADLINE: Pizzeria worker armed with slice cutter tried to bust Luigi Mangione out of prison
            ARTICLE SUMMARY: The man was arrested and charged with impersonating an FBI agent

            Output ONLY the numeric bias score.
          
assistant-1.5"
Six people died when a business jet trying to take off in Maine crashed in a snowstorm,Six people died when a business jet trying to take off in Maine crashed in a snowstorm,Center,"system
You are participating in a standardized News Bias Classification task for academic
research. Output ONLY a single numeric value between -3.0 and +3.0.

Do NOT provide explanations or text.

user
            HEADLINE: Six people died when a business jet trying to take off in Maine crashed in a snowstorm
            ARTICLE SUMMARY: Six people died when a business jet trying to take off in Maine crashed in a snowstorm

            Output ONLY the numeric bias score.
          
assistant-1.0"
Injured in Popular Winter Sports Area: Cable Car Gondola Crashes Against Wall,In a winter sports area a cable car crashes against a barrier of the mountain station. Several people are injured. Helicopters leave. 2 months ago,Lean Left,"system
You are participating in a standardized News Bias Classification task for academic
research. Output ONLY a single numeric value between -3.0 and +3.0.

Do NOT provide explanations or text.

user
            HEADLINE: Injured in Popular Winter Sports Area: Cable Car Gondola Crashes Against Wall
            ARTICLE SUMMARY: In a winter sports area a cable car crashes against a barrier of the mountain station. Several people are injured. Helicopters leave. 2 months ago

            Output ONLY the numeric bias score.
          
assistant-1.5"
"No Clear Autism Or ADHD Risk From Prenatal Tylenol Use, Finds Review Of 43 Studies","A large new review is bringing relief to pregnant women worried about taking Tylenol. The post No Clear Autism Or ADHD Risk From Prenatal Tylenol Use, Finds Review Of 43 Studies appeared first on StudyFinds. 1 month ago",Center,"system
You are participating in a standardized News Bias Classification task for academic
research. Output ONLY a single numeric value between -3.0 and +3.0.

Do NOT provide explanations or text.

user
            HEADLINE: No Clear Autism Or ADHD Risk From Prenatal Tylenol Use, Finds Review Of 43 Studies
            ARTICLE SUMMARY: A large new review is bringing relief to pregnant women worried about taking Tylenol. The post No Clear Autism Or ADHD Risk From Prenatal Tylenol Use, Finds Review Of 43 Studies appeared first on StudyFinds. 1 month ago

            Output ONLY the numeric bias score.
          
assistant-0.5"
BREAKING: Miami's Alexander Brothers Named in Newly Released Epstein Files,At least two of the Department of Justice's newly released Epstein files mention the Alexander brothers.,Lean Left,"system
You are participating in a standardized News Bias Classification task for academic
research. Output ONLY a single numeric value between -3.0 and +3.0.

Do NOT provide explanations or text.

user
            HEADLINE: BREAKING: Miami's Alexander Brothers Named in Newly Released Epstein Files
            ARTICLE SUMMARY: At least two of the Department of Justice's newly released Epstein files mention the Alexander brothers.

            Output ONLY the numeric bias score.
          
assistant-1.5"
Bulgaria adopts the euro,"“The introduction of the euro is the final milestone in Bulgaria’s integration into the European Union,” president says, but public opinion isn’t so convinced. 2 months ago · Brussels, Belgium",Lean Left,"system
You are participating in a standardized News Bias Classification task for academic
research. Output ONLY a single numeric value between -3.0 and +3.0.

Do NOT provide explanations or text.

user
            HEADLINE: Bulgaria adopts the euro
            ARTICLE SUMMARY: “The introduction of the euro is the final milestone in Bulgaria’s integration into the European Union,” president says, but public opinion isn’t so convinced. 2 months ago · Brussels, Belgium

            Output ONLY the numeric bias score.
          
assistant0.0"
Man Impersonating FBI Agent Tries To Free Luigi Mangione With Unusual Utensils,"by Audrey Streb at CDN - A Minnesota man allegedly impersonated an FBI agent and attempted to free Luigi Mangione, the man accused of assassinating a healthcare executive, from a New York jail, ABC News reported Thursday. Mark Anderson, 36, was charged with impersonating a federal agent after arriving at the Brooklyn Metropolitan Detention Center with a court order to release … Click to read the rest HERE-> Man Impersonating FBI Agent Tries To F…",Far Right,"system
You are participating in a standardized News Bias Classification task for academic
research. Output ONLY a single numeric value between -3.0 and +3.0.

Do NOT provide explanations or text.

user
            HEADLINE: Man Impersonating FBI Agent Tries To Free Luigi Mangione With Unusual Utensils
            ARTICLE SUMMARY: by Audrey Streb at CDN - A Minnesota man allegedly impersonated an FBI agent and attempted to free Luigi Mangione, the man accused of assassinating a healthcare executive, from a New York jail, ABC News reported Thursday. Mark Anderson, 36, was charged with impersonating a federal agent after arriving at the Brooklyn Metropolitan Detention Center with a court order to release … Click to read the rest HERE-> Man Impersonating FBI Agent Tries To F…

            Output ONLY the numeric bias score.
          
assistant-1.5"
Trump Puts Kevin Warsh at the Head of the Federal Reserve to Replace Powell,"Donald Trump unveiled on Friday the name of Jerome Powell’s successor at the head of the U.S. Federal Reserve, the planet’s main central bank. He has done so in his own style, on his Social Truth network, and after having taken advantage of the last intervention of the outgoing president of the agency to charge against his decision to maintain interest rates... and dedicate him, for this reason, to some ‘ Clairvoyances’. The head of the White Ho…",Center,"system
You are participating in a standardized News Bias Classification task for academic
research. Output ONLY a single numeric value between -3.0 and +3.0.

Do NOT provide explanations or text.

user
            HEADLINE: Trump Puts Kevin Warsh at the Head of the Federal Reserve to Replace Powell
            ARTICLE SUMMARY: Donald Trump unveiled on Friday the name of Jerome Powell’s successor at the head of the U.S. Federal Reserve, the planet’s main central bank. He has done so in his own style, on his Social Truth network, and after having taken advantage of the last intervention of the outgoing president of the agency to charge against his decision to maintain interest rates... and dedicate him, for this reason, to some ‘ Clairvoyances’. The head of the White Ho…

            Output ONLY the numeric bias score.
          
assistant-1.5"
"Never-Before-Seen Jeffrey Epstein Interview Released: ""Are You the Devil?""",Always up to date with the latest news from home and abroad thanks to the reliable and in-depth reporting of VRT NWS.,Center,"system
You are participating in a standardized News Bias Classification task for academic
research. Output ONLY a single numeric value between -3.0 and +3.0.

Do NOT provide explanations or text.

user
            HEADLINE: Never-Before-Seen Jeffrey Epstein Interview Released: ""Are You the Devil?""
            ARTICLE SUMMARY: Always up to date with the latest news from home and abroad thanks to the reliable and in-depth reporting of VRT NWS.

            Output ONLY the numeric bias score.
          
assistant-1.5"
Shutdown Deal Reached: Senate Democrats And White House Agree To Avert Funding Lapse,Democrats and the White House agreed to separate Homeland Security funding from the government spending legislation that will avert a shutdown.,Center,"system
You are participating in a standardized News Bias Classification task for academic
research. Output ONLY a single numeric value between -3.0 and +3.0.

Do NOT provide explanations or text.

user
            HEADLINE: Shutdown Deal Reached: Senate Democrats And White House Agree To Avert Funding Lapse
            ARTICLE SUMMARY: Democrats and the White House agreed to separate Homeland Security funding from the government spending legislation that will avert a shutdown.

            Output ONLY the numeric bias score.
          
assistant0.0"
Judge orders ICE chief to appear in court to explain ‘extraordinary violations’,The judge said he recognizes that ordering the head of a federal agency to appear personally was extraordinary,Lean Left,"system
You are participating in a standardized News Bias Classification task for academic
research. Output ONLY a single numeric value between -3.0 and +3.0.

Do NOT provide explanations or text.

user
            HEADLINE: Judge orders ICE chief to appear in court to explain ‘extraordinary violations’
            ARTICLE SUMMARY: The judge said he recognizes that ordering the head of a federal agency to appear personally was extraordinary

            Output ONLY the numeric bias score.
          
assistant-1.5"
AG Pam Bondi to Face Questions Over Redactions in Epstein Files,Members of Congress reviewing the unredacted Jeffrey Epstein files plan to press Attorney General Pam Bondi over what was redacted and why. It comes as Commerce Secretary Howard Lutnick at a Senate hearing on Tuesday said he had no personal relationship with Epstein but admitted visiting the convicted sex offender's island. NBC’s Ryan Nobles reports for TODAY.,Lean Left,"system
You are participating in a standardized News Bias Classification task for academic
research. Output ONLY a single numeric value between -3.0 and +3.0.

Do NOT provide explanations or text.

user
            HEADLINE: AG Pam Bondi to Face Questions Over Redactions in Epstein Files
            ARTICLE SUMMARY: Members of Congress reviewing the unredacted Jeffrey Epstein files plan to press Attorney General Pam Bondi over what was redacted and why. It comes as Commerce Secretary Howard Lutnick at a Senate hearing on Tuesday said he had no personal relationship with Epstein but admitted visiting the convicted sex offender's island. NBC’s Ryan Nobles reports for TODAY.

            Output ONLY the numeric bias score.
          
assistant-1.5"
Minnesota protests escalate as Trump intensifies threats,Protesters clashed with ICE agents in Minnesota again after a man was shot and wounded when he allegedly assaulted federal officers. Minneapolis Mayor Jacob Fry called for calmer reactions on the street as President Trump is threatening to deploy troops to the Twin Cities. Special correspondent Fred de Sam Lazaro reports. 1 month ago,Lean Left,"system
You are participating in a standardized News Bias Classification task for academic
research. Output ONLY a single numeric value between -3.0 and +3.0.

Do NOT provide explanations or text.

user
            HEADLINE: Minnesota protests escalate as Trump intensifies threats
            ARTICLE SUMMARY: Protesters clashed with ICE agents in Minnesota again after a man was shot and wounded when he allegedly assaulted federal officers. Minneapolis Mayor Jacob Fry called for calmer reactions on the street as President Trump is threatening to deploy troops to the Twin Cities. Special correspondent Fred de Sam Lazaro reports. 1 month ago

            Output ONLY the numeric bias score.
          
assistant0.0"
"Too Much Screen Time as Infants Linked to Teen Anxiety and Slower Decision Making, Study Finds","Researchers say brain development in babies is especially sensitive to screen exposure. 2 months ago · New York, United States",Right,"system
You are participating in a standardized News Bias Classification task for academic
research. Output ONLY a single numeric value between -3.0 and +3.0.

Do NOT provide explanations or text.

user
            HEADLINE: Too Much Screen Time as Infants Linked to Teen Anxiety and Slower Decision Making, Study Finds
            ARTICLE SUMMARY: Researchers say brain development in babies is especially sensitive to screen exposure. 2 months ago · New York, United States

            Output ONLY the numeric bias score.
          
assistant-1.5"
Gavin Newsom Celebrates Removal Of Greg Bovino As Border Patrol's 'Commander At Large': 'Gestapo Greg Is Out',"California Governor Gavin Newsom celebrated reports that Greg Bovino has been removed from his role as Border Patrol's ""Commander at Large"" in the fallout of Alex Pretti's killing in Minneapolis on Saturday.",Lean Left,"system
You are participating in a standardized News Bias Classification task for academic
research. Output ONLY a single numeric value between -3.0 and +3.0.

Do NOT provide explanations or text.

user
            HEADLINE: Gavin Newsom Celebrates Removal Of Greg Bovino As Border Patrol's 'Commander At Large': 'Gestapo Greg Is Out'
            ARTICLE SUMMARY: California Governor Gavin Newsom celebrated reports that Greg Bovino has been removed from his role as Border Patrol's ""Commander at Large"" in the fallout of Alex Pretti's killing in Minneapolis on Saturday.

            Output ONLY the numeric bias score.
          
assistant-2.5"
Trump reveals his 'great' pick for US central bank boss,"Kevin Warsh is not seen as the interest rate cut champion feared by financial markets and economists, amid continuing worries over the Fed's independence.",Center,"system
You are participating in a standardized News Bias Classification task for academic
research. Output ONLY a single numeric value between -3.0 and +3.0.

Do NOT provide explanations or text.

user
            HEADLINE: Trump reveals his 'great' pick for US central bank boss
            ARTICLE SUMMARY: Kevin Warsh is not seen as the interest rate cut champion feared by financial markets and economists, amid continuing worries over the Fed's independence.

            Output ONLY the numeric bias score.
          
assistant-1.5"
Tragedy in Maine: Jet Crash Sparks Flames and Uncertainty,Read more about Tragedy in Maine: Jet Crash Sparks Flames and Uncertainty on Devdiscourse.,Center,"system
You are participating in a standardized News Bias Classification task for academic
research. Output ONLY a single numeric value between -3.0 and +3.0.

Do NOT provide explanations or text.

user
            HEADLINE: Tragedy in Maine: Jet Crash Sparks Flames and Uncertainty
            ARTICLE SUMMARY: Read more about Tragedy in Maine: Jet Crash Sparks Flames and Uncertainty on Devdiscourse.

            Output ONLY the numeric bias score.
          
assistant-1.5"
Man accused of squirting Ilhan Omar with vinegar is charged with assault,MINNEAPOLIS — The man accused of using a syringe to squirt vinegar onto Rep. Ilhan Omar at a community meeting in Minneapolis this week was charged with assault by federal prosecutors Thursday.,Lean Left,"system
You are participating in a standardized News Bias Classification task for academic
research. Output ONLY a single numeric value between -3.0 and +3.0.

Do NOT provide explanations or text.

user
            HEADLINE: Man accused of squirting Ilhan Omar with vinegar is charged with assault
            ARTICLE SUMMARY: MINNEAPOLIS — The man accused of using a syringe to squirt vinegar onto Rep. Ilhan Omar at a community meeting in Minneapolis this week was charged with assault by federal prosecutors Thursday.

            Output ONLY the numeric bias score.
          
assistant-1.5"
Brussels Opens File Punishing X for Sexual images...,The European Commission reported this Monday on the initiation of a formal investigation against X by the...,Center,"system
You are participating in a standardized News Bias Classification task for academic
research. Output ONLY a single numeric value between -3.0 and +3.0.

Do NOT provide explanations or text.

user
            HEADLINE: Brussels Opens File Punishing X for Sexual images...
            ARTICLE SUMMARY: The European Commission reported this Monday on the initiation of a formal investigation against X by the...

            Output ONLY the numeric bias score.
          
assistant-1.5"
"Rico, Prestigious and Born to Govern: Kevin Warsh, the Candidate to Preside over the Federal Reserve","When you’re 35 years old, you’re appointed governor of the Federal Reserve, it’s hard not to aspire to the presidency of the world’s largest central bank. Kevin Warsh has had to wait 20 years to get it. U.S. President Donald Trump announced Friday that this lawyer born in Albany, about 250 kilometers northwest of New York, is his candidate to preside over the Fed. Read more",Lean Left,"system
You are participating in a standardized News Bias Classification task for academic
research. Output ONLY a single numeric value between -3.0 and +3.0.

Do NOT provide explanations or text.

user
            HEADLINE: Rico, Prestigious and Born to Govern: Kevin Warsh, the Candidate to Preside over the Federal Reserve
            ARTICLE SUMMARY: When you’re 35 years old, you’re appointed governor of the Federal Reserve, it’s hard not to aspire to the presidency of the world’s largest central bank. Kevin Warsh has had to wait 20 years to get it. U.S. President Donald Trump announced Friday that this lawyer born in Albany, about 250 kilometers northwest of New York, is his candidate to preside over the Fed. Read more

            Output ONLY the numeric bias score.
          
assistant+1.0"
"Michigan has record cougar reports in 2025, including some cubs","Cougars have been detected 31 times in Michigan in 2025, the highest since they were wiped out in the early 1900s.",Center,"system
You are participating in a standardized News Bias Classification task for academic
research. Output ONLY a single numeric value between -3.0 and +3.0.

Do NOT provide explanations or text.

user
            HEADLINE: Michigan has record cougar reports in 2025, including some cubs
            ARTICLE SUMMARY: Cougars have been detected 31 times in Michigan in 2025, the highest since they were wiped out in the early 1900s.

            Output ONLY the numeric bias score.
          
assistant0.0"
A million power outages? Map shows winter storm impact.,Roughly a million power outages were reported on Jan. 25 as a massive winter storm raged across the country.,Lean Left,"system
You are participating in a standardized News Bias Classification task for academic
research. Output ONLY a single numeric value between -3.0 and +3.0.

Do NOT provide explanations or text.

user
            HEADLINE: A million power outages? Map shows winter storm impact.
            ARTICLE SUMMARY: Roughly a million power outages were reported on Jan. 25 as a massive winter storm raged across the country.

            Output ONLY the numeric bias score.
          
assistant-1.0"
Trump strikes deal with Democrats in government shutdown funding fight,The agreement includes advancing five spending bills and funding the Department of Homeland Security for two weeks as lawmakers negotiate changes to DHS and ICE.,Lean Left,"system
You are participating in a standardized News Bias Classification task for academic
research. Output ONLY a single numeric value between -3.0 and +3.0.

Do NOT provide explanations or text.

user
            HEADLINE: Trump strikes deal with Democrats in government shutdown funding fight
            ARTICLE SUMMARY: The agreement includes advancing five spending bills and funding the Department of Homeland Security for two weeks as lawmakers negotiate changes to DHS and ICE.

            Output ONLY the numeric bias score.
          
assistant0.0"
Moment Swiss bar sets on fire in horror footage as witness describes 'bloodbath',"Footage from inside the Le Constellation bar in Crans-Montana has captured the moment the popular establishment at the ski resort caught on fire as witnesses called the incident a ""bloodbath"" 2 months ago · United Kingdom",Right,"system
You are participating in a standardized News Bias Classification task for academic
research. Output ONLY a single numeric value between -3.0 and +3.0.

Do NOT provide explanations or text.

user
            HEADLINE: Moment Swiss bar sets on fire in horror footage as witness describes 'bloodbath'
            ARTICLE SUMMARY: Footage from inside the Le Constellation bar in Crans-Montana has captured the moment the popular establishment at the ski resort caught on fire as witnesses called the incident a ""bloodbath"" 2 months ago · United Kingdom

            Output ONLY the numeric bias score.
          
assistant-1.5"
‘Thank goodness you’re stopping him’ Trump allegedly told Palm Beach police about Epstein,"A 2019 FBI report revealed that President Donald Trump allegedly called a Palm Beach, Florida, police chief to express gratitude to a Palm Beach, Florida, police chief in 2006 for “stopping” Jeffrey Epstein, after the disgraced financier and convicted sex offender’s crimes became public. Trump made the comments in 2006, long before his foray into politics and presidential run. He allegedly told the police chief that everyone knew Epstein “has be…",Right,"system
You are participating in a standardized News Bias Classification task for academic
research. Output ONLY a single numeric value between -3.0 and +3.0.

Do NOT provide explanations or text.

user
            HEADLINE: ‘Thank goodness you’re stopping him’ Trump allegedly told Palm Beach police about Epstein
            ARTICLE SUMMARY: A 2019 FBI report revealed that President Donald Trump allegedly called a Palm Beach, Florida, police chief to express gratitude to a Palm Beach, Florida, police chief in 2006 for “stopping” Jeffrey Epstein, after the disgraced financier and convicted sex offender’s crimes became public. Trump made the comments in 2006, long before his foray into politics and presidential run. He allegedly told the police chief that everyone knew Epstein “has be…

            Output ONLY the numeric bias score.
          
assistant-1.5"
Trump sues IRS for $10 BILLION over private info leaked to the media · American Wire News,"President Donald J. Trump has a long history of being a litigious man, and that’s one characteristic that hasn’t changed much now that he gets his mail at 1600 Pennsylvania Ave. Trump sued the Internal Revenue Service and the Treasury Department in federal court in Miami on Thursday, seeking $10 billion in damages after claiming the agencies he currently oversees unlawfully allowed an IRS contractor to leak his tax returns and those of his sons …",Right,"system
You are participating in a standardized News Bias Classification task for academic
research. Output ONLY a single numeric value between -3.0 and +3.0.

Do NOT provide explanations or text.

user
            HEADLINE: Trump sues IRS for $10 BILLION over private info leaked to the media · American Wire News
            ARTICLE SUMMARY: President Donald J. Trump has a long history of being a litigious man, and that’s one characteristic that hasn’t changed much now that he gets his mail at 1600 Pennsylvania Ave. Trump sued the Internal Revenue Service and the Treasury Department in federal court in Miami on Thursday, seeking $10 billion in damages after claiming the agencies he currently oversees unlawfully allowed an IRS contractor to leak his tax returns and those of his sons …

            Output ONLY the numeric bias score.
          
assistant-2.5"
Us Federal Reserve: Us Federal Reserve Enters the Brake: Key Interest Rate Remains Stable,"Gradually, the Federal Reserve had gradually lowered the US key interest rate, so that's the end.",Center,"system
You are participating in a standardized News Bias Classification task for academic
research. Output ONLY a single numeric value between -3.0 and +3.0.

Do NOT provide explanations or text.

user
            HEADLINE: Us Federal Reserve: Us Federal Reserve Enters the Brake: Key Interest Rate Remains Stable
            ARTICLE SUMMARY: Gradually, the Federal Reserve had gradually lowered the US key interest rate, so that's the end.

            Output ONLY the numeric bias score.
          
assistant-1.5"
Trump sues IRS and U.S. Treasury Department for US$10 billion over tax return leak,"Donald Trump is suing the U.S. Internal Revenue Service and Treasury Department for at least US$10 billion, accusing the agency of an unauthorized leak of his tax returns during his first administration.",Center,"system
You are participating in a standardized News Bias Classification task for academic
research. Output ONLY a single numeric value between -3.0 and +3.0.

Do NOT provide explanations or text.

user
            HEADLINE: Trump sues IRS and U.S. Treasury Department for US$10 billion over tax return leak
            ARTICLE SUMMARY: Donald Trump is suing the U.S. Internal Revenue Service and Treasury Department for at least US$10 billion, accusing the agency of an unauthorized leak of his tax returns during his first administration.

            Output ONLY the numeric bias score.
          
assistant-2.5"
US Attorney General Pam Bondi grilled over Epstein files,Bondi gave testimony to lawmakers over the Justice Department's handling of the Jeffrey Epstein files among other matters.,Center,"system
You are participating in a standardized News Bias Classification task for academic
research. Output ONLY a single numeric value between -3.0 and +3.0.

Do NOT provide explanations or text.

user
            HEADLINE: US Attorney General Pam Bondi grilled over Epstein files
            ARTICLE SUMMARY: Bondi gave testimony to lawmakers over the Justice Department's handling of the Jeffrey Epstein files among other matters.

            Output ONLY the numeric bias score.
          
assistant-1.5"
MichaelSavage.com – Trump Picks Warsh to Lead Federal Reserve,"President Donald Trump said Friday he intends to nominate Kevin Warsh as the next chairman of the Federal Reserve, marking a comeback for the former Fed governor who was passed over for the top job in 2017. “I have known Kevin for a long period of time, and have no doubt that he will go…",Far Right,"system
You are participating in a standardized News Bias Classification task for academic
research. Output ONLY a single numeric value between -3.0 and +3.0.

Do NOT provide explanations or text.

user
            HEADLINE: MichaelSavage.com – Trump Picks Warsh to Lead Federal Reserve
            ARTICLE SUMMARY: President Donald Trump said Friday he intends to nominate Kevin Warsh as the next chairman of the Federal Reserve, marking a comeback for the former Fed governor who was passed over for the top job in 2017. “I have known Kevin for a long period of time, and have no doubt that he will go…

            Output ONLY the numeric bias score.
          
assistant-1.5"
Speaking Trump’s language: Iran frames nuclear deal as ‘trillion-dollar’ US win,"Tehran is dangling access to its vast oil, gas and mineral reserves, but analysts warn that even this may fail to ‘move the needle’ in talks. 18 hours ago · Hong Kong",Center,"system
You are participating in a standardized News Bias Classification task for academic
research. Output ONLY a single numeric value between -3.0 and +3.0.

Do NOT provide explanations or text.

user
            HEADLINE: Speaking Trump’s language: Iran frames nuclear deal as ‘trillion-dollar’ US win
            ARTICLE SUMMARY: Tehran is dangling access to its vast oil, gas and mineral reserves, but analysts warn that even this may fail to ‘move the needle’ in talks. 18 hours ago · Hong Kong

            Output ONLY the numeric bias score.
          
assistant-1.5"
Trump Nominates Kevin Warsh as Federal Reserve Chair,"President Donald Trump has tapped Kevin Warsh for the Federal Reserve’s next chair after months of escalating pressure on the Fed to cut interest rates. “I am pleased to announce that I am nominating Kevin Warsh to be the Chairman of the Board of Governors of the Federal Reserve System,” Trump announced on Friday morning. “I have known Kevin for a long period of time, and have no doubt that he will go down as one of the great Fed Chairmen, maybe…",Lean Left,"system
You are participating in a standardized News Bias Classification task for academic
research. Output ONLY a single numeric value between -3.0 and +3.0.

Do NOT provide explanations or text.

user
            HEADLINE: Trump Nominates Kevin Warsh as Federal Reserve Chair
            ARTICLE SUMMARY: President Donald Trump has tapped Kevin Warsh for the Federal Reserve’s next chair after months of escalating pressure on the Fed to cut interest rates. “I am pleased to announce that I am nominating Kevin Warsh to be the Chairman of the Board of Governors of the Federal Reserve System,” Trump announced on Friday morning. “I have known Kevin for a long period of time, and have no doubt that he will go down as one of the great Fed Chairmen, maybe…

            Output ONLY the numeric bias score.
          
assistant-1.5"
Melania Trump: Towing Ticket Sale for »Melania« Documentation,"Towing ticket sales, bribes on US television: The signs are bad for the documentary »Melania«, which will start on Friday.",Lean Left,"system
You are participating in a standardized News Bias Classification task for academic
research. Output ONLY a single numeric value between -3.0 and +3.0.

Do NOT provide explanations or text.

user
            HEADLINE: Melania Trump: Towing Ticket Sale for »Melania« Documentation
            ARTICLE SUMMARY: Towing ticket sales, bribes on US television: The signs are bad for the documentary »Melania«, which will start on Friday.

            Output ONLY the numeric bias score.
          
assistant-2.5"
Man sprays Rep. Ilhan Omar with unknown substance,"A man rushed the stage at a Minneapolis town hall on Tuesday and sprayed Rep. Ilhan Omar with an unknown foul-smelling liquid before being tackled by security. The suspect, identified as Anthony James Kazmierczak, 55, used a syringe to spray the substance while shouting, ""You must resign!"" — Read the rest The post Man sprays Rep. Ilhan Omar with unknown substance appeared first on Boing Boing.",Left,"system
You are participating in a standardized News Bias Classification task for academic
research. Output ONLY a single numeric value between -3.0 and +3.0.

Do NOT provide explanations or text.

user
            HEADLINE: Man sprays Rep. Ilhan Omar with unknown substance
            ARTICLE SUMMARY: A man rushed the stage at a Minneapolis town hall on Tuesday and sprayed Rep. Ilhan Omar with an unknown foul-smelling liquid before being tackled by security. The suspect, identified as Anthony James Kazmierczak, 55, used a syringe to spray the substance while shouting, ""You must resign!"" — Read the rest The post Man sprays Rep. Ilhan Omar with unknown substance appeared first on Boing Boing.

            Output ONLY the numeric bias score.
          
assistant-1.5"
"Canada, China hit reset button on relations with tariff agreement","Canadian Prime Minister Mark Carney announced the deal, which features a mutual reduction in tariffs on goods, including Chinese EVs. 1 month ago · Hong Kong",Center,"system
You are participating in a standardized News Bias Classification task for academic
research. Output ONLY a single numeric value between -3.0 and +3.0.

Do NOT provide explanations or text.

user
            HEADLINE: Canada, China hit reset button on relations with tariff agreement
            ARTICLE SUMMARY: Canadian Prime Minister Mark Carney announced the deal, which features a mutual reduction in tariffs on goods, including Chinese EVs. 1 month ago · Hong Kong

            Output ONLY the numeric bias score.
          
assistant-1.5"
"Never-Before-Seen Jeffrey Epstein Interview Released: ""Are You the Devil?""",Always up to date with the latest news from home and abroad thanks to the reliable and in-depth reporting of VRT NWS.,Center,"system
You are participating in a standardized News Bias Classification task for academic
research. Output ONLY a single numeric value between -3.0 and +3.0.

Do NOT provide explanations or text.

user
            HEADLINE: Never-Before-Seen Jeffrey Epstein Interview Released: ""Are You the Devil?""
            ARTICLE SUMMARY: Always up to date with the latest news from home and abroad thanks to the reliable and in-depth reporting of VRT NWS.

            Output ONLY the numeric bias score.
          
assistant-1.5"
Greenland: Trump Warns Countries that Challenge His Plan and Brandishes the Threat of Tariffs,"The US President continues to defend the idea of an annexation of Greenland. He does not hesitate to threaten countries that do not support his plan and come to put sticks in his wheels. ""I may impose customs duties on countries if they do not play the game on Greenland,"" he said. - Greenland: Trump warns countries that challenge his plan and brandishes the threat of customs duties (International). 1 month ago",Center,"system
You are participating in a standardized News Bias Classification task for academic
research. Output ONLY a single numeric value between -3.0 and +3.0.

Do NOT provide explanations or text.

user
            HEADLINE: Greenland: Trump Warns Countries that Challenge His Plan and Brandishes the Threat of Tariffs
            ARTICLE SUMMARY: The US President continues to defend the idea of an annexation of Greenland. He does not hesitate to threaten countries that do not support his plan and come to put sticks in his wheels. ""I may impose customs duties on countries if they do not play the game on Greenland,"" he said. - Greenland: Trump warns countries that challenge his plan and brandishes the threat of customs duties (International). 1 month ago

            Output ONLY the numeric bias score.
          
assistant-1.5"
"'Everyone' knew about Epstein,Trump told police chief","A newly unearthed 2019 FBI interview with Donald Trump about Jeffrey Epstein and his crimes reveals he asserted ""everyone has known he's been doing this"".",Right,"system
You are participating in a standardized News Bias Classification task for academic
research. Output ONLY a single numeric value between -3.0 and +3.0.

Do NOT provide explanations or text.

user
            HEADLINE: 'Everyone' knew about Epstein,Trump told police chief
            ARTICLE SUMMARY: A newly unearthed 2019 FBI interview with Donald Trump about Jeffrey Epstein and his crimes reveals he asserted ""everyone has known he's been doing this"".

            Output ONLY the numeric bias score.
          
assistant-1.5"
"In change of tone, Trump has ‘very good’ talk with Minnesota’s Walz after ICE killings",US President Donald Trump sent his top border enforcer to Minneapolis and struck a conciliatory note in a bid to tamp down nationwide outrage over the second killing of a US citizen protesting militarised immigration raids.,Center,"system
You are participating in a standardized News Bias Classification task for academic
research. Output ONLY a single numeric value between -3.0 and +3.0.

Do NOT provide explanations or text.

user
            HEADLINE: In change of tone, Trump has ‘very good’ talk with Minnesota’s Walz after ICE killings
            ARTICLE SUMMARY: US President Donald Trump sent his top border enforcer to Minneapolis and struck a conciliatory note in a bid to tamp down nationwide outrage over the second killing of a US citizen protesting militarised immigration raids.

            Output ONLY the numeric bias score.
          
assistant-1.5"
"Italian cable car accident injures four, forces evacuation","STORY: :: A cable car accident injures at least four people on Italy's Monte Moro mountain  :: Helicopters helped to evacuate about 100 people from an altitude of around 9,200 feet ... -December 30, 2025 at 11:22 am EST MarketScreener 2 months ago",Center,"system
You are participating in a standardized News Bias Classification task for academic
research. Output ONLY a single numeric value between -3.0 and +3.0.

Do NOT provide explanations or text.

user
            HEADLINE: Italian cable car accident injures four, forces evacuation
            ARTICLE SUMMARY: STORY: :: A cable car accident injures at least four people on Italy's Monte Moro mountain  :: Helicopters helped to evacuate about 100 people from an altitude of around 9,200 feet ... -December 30, 2025 at 11:22 am EST MarketScreener 2 months ago

            Output ONLY the numeric bias score.
          
assistant-1.5"
Venezuela's María Corina Machado says she presented Trump with her 2025 Nobel Peace Prize medal,"Venezuelan opposition leader Mara Corina Machado said on Thursday that she presented Donald Trump with the Nobel Peace Prize medal she won in 2025.After meeting with President Trump and congressional lawmakers, Machado told reporters she gifted the medal as a recognition for [President Trump's] unique commitment with our freedom. Venezuela's Mara Corina Machado says she presented Trump with her 2025 Nobel Peace Prize medalWhat is happening at th… 1 month ago",Center,"system
You are participating in a standardized News Bias Classification task for academic
research. Output ONLY a single numeric value between -3.0 and +3.0.

Do NOT provide explanations or text.

user
            HEADLINE: Venezuela's María Corina Machado says she presented Trump with her 2025 Nobel Peace Prize medal
            ARTICLE SUMMARY: Venezuelan opposition leader Mara Corina Machado said on Thursday that she presented Donald Trump with the Nobel Peace Prize medal she won in 2025.After meeting with President Trump and congressional lawmakers, Machado told reporters she gifted the medal as a recognition for [President Trump's] unique commitment with our freedom. Venezuela's Mara Corina Machado says she presented Trump with her 2025 Nobel Peace Prize medalWhat is happening at th… 1 month ago

            Output ONLY the numeric bias score.
          
assistant0.0"
'Unlawful conduct': Trump sues IRS for allowing his tax records to be hacked * WorldNetDaily * by Bob Unruh,"Contractor stole records, turned them over to leftist media outlets",Far Right,"system
You are participating in a standardized News Bias Classification task for academic
research. Output ONLY a single numeric value between -3.0 and +3.0.

Do NOT provide explanations or text.

user
            HEADLINE: 'Unlawful conduct': Trump sues IRS for allowing his tax records to be hacked * WorldNetDaily * by Bob Unruh
            ARTICLE SUMMARY: Contractor stole records, turned them over to leftist media outlets

            Output ONLY the numeric bias score.
          
assistant-2.5"
Crans Montana le constellation bar Fatal Explosion at Swiss Ski Resort Crans-Montana,"Several individuals perished in a blast at a Crans-Montana ski resort venue, Valais cantonal police confirmed to Blick. Additional victims sustained injuries, a police spokesperson stated early Thursday. RhoneFM, a local station, indicated that pyrotechnic devices potentially triggered the catastrophe, according to Blick. Multiple individuals reportedly corroborated this assessment to the broadcaster. Casualty projections appear severe, with Rho… 2 months ago · Israel",Right,"system
You are participating in a standardized News Bias Classification task for academic
research. Output ONLY a single numeric value between -3.0 and +3.0.

Do NOT provide explanations or text.

user
            HEADLINE: Crans Montana le constellation bar Fatal Explosion at Swiss Ski Resort Crans-Montana
            ARTICLE SUMMARY: Several individuals perished in a blast at a Crans-Montana ski resort venue, Valais cantonal police confirmed to Blick. Additional victims sustained injuries, a police spokesperson stated early Thursday. RhoneFM, a local station, indicated that pyrotechnic devices potentially triggered the catastrophe, according to Blick. Multiple individuals reportedly corroborated this assessment to the broadcaster. Casualty projections appear severe, with Rho… 2 months ago · Israel

            Output ONLY the numeric bias score.
          
assistant-1.5"
"Robbers drill into German bank, steal cash, gold and jewelry worth $35 million","Robbers used a large drill to break into a German savings bank's vault room and steal cash, gold and jewelry worth some 30 million euros ($35 million), police said Tuesday. 2 months ago · New Delhi, India",Center,"system
You are participating in a standardized News Bias Classification task for academic
research. Output ONLY a single numeric value between -3.0 and +3.0.

Do NOT provide explanations or text.

user
            HEADLINE: Robbers drill into German bank, steal cash, gold and jewelry worth $35 million
            ARTICLE SUMMARY: Robbers used a large drill to break into a German savings bank's vault room and steal cash, gold and jewelry worth some 30 million euros ($35 million), police said Tuesday. 2 months ago · New Delhi, India

            Output ONLY the numeric bias score.
          
assistant-1.5"
Trump taps Kevin Warsh to chair Federal Reserve,President Donald Trump plans to nominate Kevin Warsh to the board of the Federal Reserve as a governor and the next chair of the central bank,Lean Left,"system
You are participating in a standardized News Bias Classification task for academic
research. Output ONLY a single numeric value between -3.0 and +3.0.

Do NOT provide explanations or text.

user
            HEADLINE: Trump taps Kevin Warsh to chair Federal Reserve
            ARTICLE SUMMARY: President Donald Trump plans to nominate Kevin Warsh to the board of the Federal Reserve as a governor and the next chair of the central bank

            Output ONLY the numeric bias score.
          
assistant-1.0"
"Democratic Congressman Ilhan Omar Attacked in Minneapolis, Usa","The man fired a liquid with a syringe in the direction of Omar's torso and then approached him, pointing his hand at him, before one of the security members intercepted him, according to a video of the incident published by Fox News.",Left,"system
You are participating in a standardized News Bias Classification task for academic
research. Output ONLY a single numeric value between -3.0 and +3.0.

Do NOT provide explanations or text.

user
            HEADLINE: Democratic Congressman Ilhan Omar Attacked in Minneapolis, Usa
            ARTICLE SUMMARY: The man fired a liquid with a syringe in the direction of Omar's torso and then approached him, pointing his hand at him, before one of the security members intercepted him, according to a video of the incident published by Fox News.

            Output ONLY the numeric bias score.
          
assistant-1.5"
Critics Question Marketing Splash for ‘Melania’,"Amazon’s $35 million marketing budget for the new Melania Trump documentary “is 10 times what some other high-profile documentaries have received” and many are wondering “whether Amazon’s push is anything more than the company’s attempt to ingratiate itself with President Trump,” the New York Times reports. The Wrap: “Melania” set for a $3 million opening despite Amazon’s $35 million marketing push.",Center,"system
You are participating in a standardized News Bias Classification task for academic
research. Output ONLY a single numeric value between -3.0 and +3.0.

Do NOT provide explanations or text.

user
            HEADLINE: Critics Question Marketing Splash for ‘Melania’
            ARTICLE SUMMARY: Amazon’s $35 million marketing budget for the new Melania Trump documentary “is 10 times what some other high-profile documentaries have received” and many are wondering “whether Amazon’s push is anything more than the company’s attempt to ingratiate itself with President Trump,” the New York Times reports. The Wrap: “Melania” set for a $3 million opening despite Amazon’s $35 million marketing push.

            Output ONLY the numeric bias score.
          
assistant-1.5"
"Eu Opens Investigation Against X for Sexualized Ai Images, Says Mp.","""When credible reports emerge of AI systems being used in ways that harm women and children, it is essential that EU legislation be reviewed and applied without delay,"" said Regina Doherty.",Right,"system
You are participating in a standardized News Bias Classification task for academic
research. Output ONLY a single numeric value between -3.0 and +3.0.

Do NOT provide explanations or text.

user
            HEADLINE: Eu Opens Investigation Against X for Sexualized Ai Images, Says Mp.
            ARTICLE SUMMARY: ""When credible reports emerge of AI systems being used in ways that harm women and children, it is essential that EU legislation be reviewed and applied without delay,"" said Regina Doherty.

            Output ONLY the numeric bias score.
          
assistant-1.5"
6 Keys to Understanding What Is Happening in Minnesota,"The President of the United States has threatened to invoke the Insurrection Act following mass protests following the murder of a woman by ICE agents. 1 month ago · Madrid, Spain",Left,"system
You are participating in a standardized News Bias Classification task for academic
research. Output ONLY a single numeric value between -3.0 and +3.0.

Do NOT provide explanations or text.

user
            HEADLINE: 6 Keys to Understanding What Is Happening in Minnesota
            ARTICLE SUMMARY: The President of the United States has threatened to invoke the Insurrection Act following mass protests following the murder of a woman by ICE agents. 1 month ago · Madrid, Spain

            Output ONLY the numeric bias score.
          
assistant-1.5"
Toddlers who stare at screens may have anxiety issues as teens,"Screen exposure at an early age may have effects that extend ""well beyond"" early childhood. 1 month ago · Missoula, United States",Center,"system
You are participating in a standardized News Bias Classification task for academic
research. Output ONLY a single numeric value between -3.0 and +3.0.

Do NOT provide explanations or text.

user
            HEADLINE: Toddlers who stare at screens may have anxiety issues as teens
            ARTICLE SUMMARY: Screen exposure at an early age may have effects that extend ""well beyond"" early childhood. 1 month ago · Missoula, United States

            Output ONLY the numeric bias score.
          
assistant-1.5"
How long you live may depend much more on your genes than scientists thought,A new analysis suggests that genes play a much larger role in human longevity than previously believed. But lifestyle factors still matter,Lean Left,"system
You are participating in a standardized News Bias Classification task for academic
research. Output ONLY a single numeric value between -3.0 and +3.0.

Do NOT provide explanations or text.

user
            HEADLINE: How long you live may depend much more on your genes than scientists thought
            ARTICLE SUMMARY: A new analysis suggests that genes play a much larger role in human longevity than previously believed. But lifestyle factors still matter

            Output ONLY the numeric bias score.
          
assistant-1.5"
Clawdbot creator says Anthropic was 'really nice' in renaming email — but everything 'went wrong' on rebrand day,"Clawdbot was renamed to Moltbot after Anthropic sent an email.illustration by Cheng Xin/Getty ImagesClawdbot creator Peter Steinberger said Anthropic sent an email about the name, rather than sending lawyers.""Kudos, they were really nice,"" Steinberger said. The product is now named Moltbot.Steinberger said he preferred Codex to Claude Code for some tasks, which was boosted by OpenAI's CMO.Anthropic didn't sic their lawyers on Clawdbot. But they …",Lean Left,"system
You are participating in a standardized News Bias Classification task for academic
research. Output ONLY a single numeric value between -3.0 and +3.0.

Do NOT provide explanations or text.

user
            HEADLINE: Clawdbot creator says Anthropic was 'really nice' in renaming email — but everything 'went wrong' on rebrand day
            ARTICLE SUMMARY: Clawdbot was renamed to Moltbot after Anthropic sent an email.illustration by Cheng Xin/Getty ImagesClawdbot creator Peter Steinberger said Anthropic sent an email about the name, rather than sending lawyers.""Kudos, they were really nice,"" Steinberger said. The product is now named Moltbot.Steinberger said he preferred Codex to Claude Code for some tasks, which was boosted by OpenAI's CMO.Anthropic didn't sic their lawyers on Clawdbot. But they …

            Output ONLY the numeric bias score.
          
assistant-1.5"
"Trump on Ilhan Omar getting apple cider vinegar squirted on her: 'She probably had herself sprayed, knowing her'","The Justice Department has charged a man who squirted apple cider vinegar on Democratic U.S. Rep. Ilhan Omar at an event in Minneapolis, according to court papers made public Thursday. The man arrested for Tuesday’s attack, Anthony Kazmierczak, faces a charge of forcibly assaulting, opposing, impeding and intimidating Omar, according to a complaint filed in federal court. Authorities determined that the substance was water and apple cider vinega…",Center,"system
You are participating in a standardized News Bias Classification task for academic
research. Output ONLY a single numeric value between -3.0 and +3.0.

Do NOT provide explanations or text.

user
            HEADLINE: Trump on Ilhan Omar getting apple cider vinegar squirted on her: 'She probably had herself sprayed, knowing her'
            ARTICLE SUMMARY: The Justice Department has charged a man who squirted apple cider vinegar on Democratic U.S. Rep. Ilhan Omar at an event in Minneapolis, according to court papers made public Thursday. The man arrested for Tuesday’s attack, Anthony Kazmierczak, faces a charge of forcibly assaulting, opposing, impeding and intimidating Omar, according to a complaint filed in federal court. Authorities determined that the substance was water and apple cider vinega…

            Output ONLY the numeric bias score.
          
assistant-1.5"
President Donald Trump nominates Kevin Warsh as Fed Chair,The president confirmed his pick on Friday to replace the incumbent Jerome Powell when his term ends in May.,Center,"system
You are participating in a standardized News Bias Classification task for academic
research. Output ONLY a single numeric value between -3.0 and +3.0.

Do NOT provide explanations or text.

user
            HEADLINE: President Donald Trump nominates Kevin Warsh as Fed Chair
            ARTICLE SUMMARY: The president confirmed his pick on Friday to replace the incumbent Jerome Powell when his term ends in May.

            Output ONLY the numeric bias score.
          
assistant0.0"
"Criticism of President Radev: Bulgaria Introduces the Euro - but People Fear the ""Teuro""","Holidaymakers can be happy: Payments in Bulgaria are now easier. Today, the euro replaces the lev as a state currency. The eurozone now comprises 21 countries. Many Bulgarians, however, consider the reform with concern. 2 months ago",Right,"system
You are participating in a standardized News Bias Classification task for academic
research. Output ONLY a single numeric value between -3.0 and +3.0.

Do NOT provide explanations or text.

user
            HEADLINE: Criticism of President Radev: Bulgaria Introduces the Euro - but People Fear the ""Teuro""
            ARTICLE SUMMARY: Holidaymakers can be happy: Payments in Bulgaria are now easier. Today, the euro replaces the lev as a state currency. The eurozone now comprises 21 countries. Many Bulgarians, however, consider the reform with concern. 2 months ago

            Output ONLY the numeric bias score.
          
assistant-1.0"
"Trump selects Kevin Warsh, former Fed governor, to lead the central bank","President Trump said Friday he is nominating Kevin Warsh as chairman of the Federal Reserve, calling him reliable and straight out of ""central casting.""",Right,"system
You are participating in a standardized News Bias Classification task for academic
research. Output ONLY a single numeric value between -3.0 and +3.0.

Do NOT provide explanations or text.

user
            HEADLINE: Trump selects Kevin Warsh, former Fed governor, to lead the central bank
            ARTICLE SUMMARY: President Trump said Friday he is nominating Kevin Warsh as chairman of the Federal Reserve, calling him reliable and straight out of ""central casting.""

            Output ONLY the numeric bias score.
          
assistant-1.5"
Trump Denounces Himself: He Claims $10 Billion From the Treasury and Social Security for a Leak of Tax Information,"Trump accuses federal agencies of not having prevented the leaking of their tax information to the media between 2018 and 2020 US President Donald Trump is suing the IRS (Social Security) and the Treasury Department for $10 billion: he accuses federal agencies of not having prevented the leaking of their tax information to the media between 2018 and 2020. The lawsuit, filed Thursday in a Florida federal court, includes as plaintiffs the sons of …",Lean Left,"system
You are participating in a standardized News Bias Classification task for academic
research. Output ONLY a single numeric value between -3.0 and +3.0.

Do NOT provide explanations or text.

user
            HEADLINE: Trump Denounces Himself: He Claims $10 Billion From the Treasury and Social Security for a Leak of Tax Information
            ARTICLE SUMMARY: Trump accuses federal agencies of not having prevented the leaking of their tax information to the media between 2018 and 2020 US President Donald Trump is suing the IRS (Social Security) and the Treasury Department for $10 billion: he accuses federal agencies of not having prevented the leaking of their tax information to the media between 2018 and 2020. The lawsuit, filed Thursday in a Florida federal court, includes as plaintiffs the sons of …

            Output ONLY the numeric bias score.
          
assistant-2.5"
Wide Acclaim for President Trump’s Nomination of Kevin Warsh as Fed Chair,"Today, President Donald J. Trump announced his nomination of Kevin Warsh to serve as Chairman of the Board of Governors of the Federal Reserve System. Mr.",Right,"system
You are participating in a standardized News Bias Classification task for academic
research. Output ONLY a single numeric value between -3.0 and +3.0.

Do NOT provide explanations or text.

user
            HEADLINE: Wide Acclaim for President Trump’s Nomination of Kevin Warsh as Fed Chair
            ARTICLE SUMMARY: Today, President Donald J. Trump announced his nomination of Kevin Warsh to serve as Chairman of the Board of Governors of the Federal Reserve System. Mr.

            Output ONLY the numeric bias score.
          
assistant0.0"
"Germany bank heist nets about 30mn euros in cash, valuables: police","Robbers used a large drill to break into a German savings bank's vault room and steal cash, gold and jewelry worth some 30 million euros ($35 million), police said Tuesday. 2 months ago",Center,"system
You are participating in a standardized News Bias Classification task for academic
research. Output ONLY a single numeric value between -3.0 and +3.0.

Do NOT provide explanations or text.

user
            HEADLINE: Germany bank heist nets about 30mn euros in cash, valuables: police
            ARTICLE SUMMARY: Robbers used a large drill to break into a German savings bank's vault room and steal cash, gold and jewelry worth some 30 million euros ($35 million), police said Tuesday. 2 months ago

            Output ONLY the numeric bias score.
          
assistant-1.5"
Head of Border Patrol Gregory Bovino Will Be Removed From Minnesota After Killing Two Civilians,"Gregory Bovino, commander general of the Border Patrol in charge of the operations of the U.S. Immigration and Customs Control Service (ICE), will be removed from Minnesota after two people were killed by agents of the federal agency. According to two officials on condition of anonymity to The New York Times, the Trump administration decided that, along with Bovino, several other members of the Border Patrol will leave the state.",Right,"system
You are participating in a standardized News Bias Classification task for academic
research. Output ONLY a single numeric value between -3.0 and +3.0.

Do NOT provide explanations or text.

user
            HEADLINE: Head of Border Patrol Gregory Bovino Will Be Removed From Minnesota After Killing Two Civilians
            ARTICLE SUMMARY: Gregory Bovino, commander general of the Border Patrol in charge of the operations of the U.S. Immigration and Customs Control Service (ICE), will be removed from Minnesota after two people were killed by agents of the federal agency. According to two officials on condition of anonymity to The New York Times, the Trump administration decided that, along with Bovino, several other members of the Border Patrol will leave the state.

            Output ONLY the numeric bias score.
          
assistant-2.0"
"Trump Stirs The Pot In Minnesota, Threatens To Invoke The Insurrection Act",You knew this was coming. 1 month ago · United States,Left,"system
You are participating in a standardized News Bias Classification task for academic
research. Output ONLY a single numeric value between -3.0 and +3.0.

Do NOT provide explanations or text.

user
            HEADLINE: Trump Stirs The Pot In Minnesota, Threatens To Invoke The Insurrection Act
            ARTICLE SUMMARY: You knew this was coming. 1 month ago · United States

            Output ONLY the numeric bias score.
          
assistant-1.5"
"Man sprays US Democratic lawmaker Ilhan Omar with liquid, disrupting Minnesota event","Ms Omar, a target of political insults from US President Donald Trump, was uninjured, and a security guard grabbed the man. Read more at straitstimes.com.",Right,"system
You are participating in a standardized News Bias Classification task for academic
research. Output ONLY a single numeric value between -3.0 and +3.0.

Do NOT provide explanations or text.

user
            HEADLINE: Man sprays US Democratic lawmaker Ilhan Omar with liquid, disrupting Minnesota event
            ARTICLE SUMMARY: Ms Omar, a target of political insults from US President Donald Trump, was uninjured, and a security guard grabbed the man. Read more at straitstimes.com.

            Output ONLY the numeric bias score.
          
assistant-1.5"
u.s. Senate Blocked the Cost Package and Close Government of a Shutdown,"Democrats pressure that the financing of the Department of Internal Security (DHS) be separated from the broader package, as a way of imposing restrictions on the action of immigration agents",Right,"system
You are participating in a standardized News Bias Classification task for academic
research. Output ONLY a single numeric value between -3.0 and +3.0.

Do NOT provide explanations or text.

user
            HEADLINE: u.s. Senate Blocked the Cost Package and Close Government of a Shutdown
            ARTICLE SUMMARY: Democrats pressure that the financing of the Department of Internal Security (DHS) be separated from the broader package, as a way of imposing restrictions on the action of immigration agents

            Output ONLY the numeric bias score.
          
assistant-1.5"
Plane crashes during takeoff at Maine's Bangor airport with 8 on board,A private jet with eight people on board crashed during takeoff at the Bangor International Airport.,Right,"system
You are participating in a standardized News Bias Classification task for academic
research. Output ONLY a single numeric value between -3.0 and +3.0.

Do NOT provide explanations or text.

user
            HEADLINE: Plane crashes during takeoff at Maine's Bangor airport with 8 on board
            ARTICLE SUMMARY: A private jet with eight people on board crashed during takeoff at the Bangor International Airport.

            Output ONLY the numeric bias score.
          
assistant-1.5"
Will Push for Voter ID Kill the Filibuster?,"Wednesday, February 11th on RealClearPolitics",Right,"system
You are participating in a standardized News Bias Classification task for academic
research. Output ONLY a single numeric value between -3.0 and +3.0.

Do NOT provide explanations or text.

user
            HEADLINE: Will Push for Voter ID Kill the Filibuster?
            ARTICLE SUMMARY: Wednesday, February 11th on RealClearPolitics

            Output ONLY the numeric bias score.
          
assistant-1.5"
Trump makes big appearance in Epstein files — just not the way Democrats may have hoped,"When it became clear in December that the complete release of the Jeffrey Epstein files would be delayed, various Democrats suggested that President Donald Trump might be trying to conceal damning and previously unknown details about his relationship with the child sex offender.For example, Sen. Chuck Schumer (N.Y.), a recipient of contributions from Epstein, suggested that ""this is nothing more than a cover-up to protect Donald Trump from his u…",Right,"system
You are participating in a standardized News Bias Classification task for academic
research. Output ONLY a single numeric value between -3.0 and +3.0.

Do NOT provide explanations or text.

user
            HEADLINE: Trump makes big appearance in Epstein files — just not the way Democrats may have hoped
            ARTICLE SUMMARY: When it became clear in December that the complete release of the Jeffrey Epstein files would be delayed, various Democrats suggested that President Donald Trump might be trying to conceal damning and previously unknown details about his relationship with the child sex offender.For example, Sen. Chuck Schumer (N.Y.), a recipient of contributions from Epstein, suggested that ""this is nothing more than a cover-up to protect Donald Trump from his u…

            Output ONLY the numeric bias score.
          
assistant-1.5"
China Investigates Its ‘Red Prince’: General Zhang Youxia Is Accused of Handing over Nuclear Secrets to the Us,"Zhang Youxia, considered the closest military to China's president, Xi Jinping, is accused of leaking information about Beijing's nuclear weapons program to the United States and accepting bribes in exchange for appointments in the Army.The charge was announced by China's Ministry of National Defence on Saturday, January 24, through a statement with few details in addition to pointing out violations of Communist Party discipline and laws.",Right,"system
You are participating in a standardized News Bias Classification task for academic
research. Output ONLY a single numeric value between -3.0 and +3.0.

Do NOT provide explanations or text.

user
            HEADLINE: China Investigates Its ‘Red Prince’: General Zhang Youxia Is Accused of Handing over Nuclear Secrets to the Us
            ARTICLE SUMMARY: Zhang Youxia, considered the closest military to China's president, Xi Jinping, is accused of leaking information about Beijing's nuclear weapons program to the United States and accepting bribes in exchange for appointments in the Army.The charge was announced by China's Ministry of National Defence on Saturday, January 24, through a statement with few details in addition to pointing out violations of Communist Party discipline and laws.

            Output ONLY the numeric bias score.
          
assistant-1.5"
US man accused of posing as FBI agent to free health CEO murder suspect Luigi Mangione,Mark Anderson was arrested after New York prison staff asked to see credentials. Read more at straitstimes.com.,Right,"system
You are participating in a standardized News Bias Classification task for academic
research. Output ONLY a single numeric value between -3.0 and +3.0.

Do NOT provide explanations or text.

user
            HEADLINE: US man accused of posing as FBI agent to free health CEO murder suspect Luigi Mangione
            ARTICLE SUMMARY: Mark Anderson was arrested after New York prison staff asked to see credentials. Read more at straitstimes.com.

            Output ONLY the numeric bias score.
          
assistant-1.0"
Trump warns of tariffs for countries opposing US push to acquire Greenland,"US President Donald Trump has warned that his administration could impose trade tariffs on countries that do not support America’s plan to acquire Greenland, a territory that belongs to Denmark, a key NATO ally. Speaking at a health roundtable at the White House on Friday, Trump said Greenland is crucial for US national security and suggested that economic pressure could be used against countries opposing the plan. “We may put tariffs on countri… 1 month ago · India",Right,"system
You are participating in a standardized News Bias Classification task for academic
research. Output ONLY a single numeric value between -3.0 and +3.0.

Do NOT provide explanations or text.

user
            HEADLINE: Trump warns of tariffs for countries opposing US push to acquire Greenland
            ARTICLE SUMMARY: US President Donald Trump has warned that his administration could impose trade tariffs on countries that do not support America’s plan to acquire Greenland, a territory that belongs to Denmark, a key NATO ally. Speaking at a health roundtable at the White House on Friday, Trump said Greenland is crucial for US national security and suggested that economic pressure could be used against countries opposing the plan. “We may put tariffs on countri… 1 month ago · India

            Output ONLY the numeric bias score.
          
assistant-1.5"
Epstein Case: Us Ministry of Justice Announces Publication of More than Three Million Pages,"The US government, which publishes this huge dossier under the pressure of a law passed by Congress, had already released tens of thousands of documents at the end of December.",Lean Left,"system
You are participating in a standardized News Bias Classification task for academic
research. Output ONLY a single numeric value between -3.0 and +3.0.

Do NOT provide explanations or text.

user
            HEADLINE: Epstein Case: Us Ministry of Justice Announces Publication of More than Three Million Pages
            ARTICLE SUMMARY: The US government, which publishes this huge dossier under the pressure of a law passed by Congress, had already released tens of thousands of documents at the end of December.

            Output ONLY the numeric bias score.
          
assistant-1.5"
Australian injured in fatal fire at Swiss ski resort,An Australian was caught up in a fire that engulfed a crowded bar during a New Year's Eve... 2 months ago,Lean Left,"system
You are participating in a standardized News Bias Classification task for academic
research. Output ONLY a single numeric value between -3.0 and +3.0.

Do NOT provide explanations or text.

user
            HEADLINE: Australian injured in fatal fire at Swiss ski resort
            ARTICLE SUMMARY: An Australian was caught up in a fire that engulfed a crowded bar during a New Year's Eve... 2 months ago

            Output ONLY the numeric bias score.
          
assistant-1.5"
Immigration Agents Arrest Sioux as Trump Seeks to Quell Protests with Historic Insurrection Law,"The situation in Minneapolis is unsustainable, says the mayor. 1 month ago · Bratislava, Slovakia",Lean Left,"system
You are participating in a standardized News Bias Classification task for academic
research. Output ONLY a single numeric value between -3.0 and +3.0.

Do NOT provide explanations or text.

user
            HEADLINE: Immigration Agents Arrest Sioux as Trump Seeks to Quell Protests with Historic Insurrection Law
            ARTICLE SUMMARY: The situation in Minneapolis is unsustainable, says the mayor. 1 month ago · Bratislava, Slovakia

            Output ONLY the numeric bias score.
          
assistant-1.5"
"Wednesday morning news: January 28, 2026","The news of the day, including border czar Tom Homan meets with state and local officials in Minnesota amid heightened tensions, thousands still without power after winter storms, and India and the EU ink massive new trade deal",Right,"system
You are participating in a standardized News Bias Classification task for academic
research. Output ONLY a single numeric value between -3.0 and +3.0.

Do NOT provide explanations or text.

user
            HEADLINE: Wednesday morning news: January 28, 2026
            ARTICLE SUMMARY: The news of the day, including border czar Tom Homan meets with state and local officials in Minnesota amid heightened tensions, thousands still without power after winter storms, and India and the EU ink massive new trade deal

            Output ONLY the numeric bias score.
          
assistant0.0"
'Multiple people gunned down by active shooter' at high school hockey game,"Multiple people were shot during an active shooter incident at a high school hockey game in Pawtucket, Rhode Island.",Lean Left,"system
You are participating in a standardized News Bias Classification task for academic
research. Output ONLY a single numeric value between -3.0 and +3.0.

Do NOT provide explanations or text.

user
            HEADLINE: 'Multiple people gunned down by active shooter' at high school hockey game
            ARTICLE SUMMARY: Multiple people were shot during an active shooter incident at a high school hockey game in Pawtucket, Rhode Island.

            Output ONLY the numeric bias score.
          
assistant-2.5"
Justice Department releases largest batch yet of Epstein documents,The release of many more records from Justice Department files on Jeffrey Epstein is revealing more about what investigators knew of his sexual abuse of young girls and his interactions with the rich and powerful such as Donald Trump and…,Lean Left,"system
You are participating in a standardized News Bias Classification task for academic
research. Output ONLY a single numeric value between -3.0 and +3.0.

Do NOT provide explanations or text.

user
            HEADLINE: Justice Department releases largest batch yet of Epstein documents
            ARTICLE SUMMARY: The release of many more records from Justice Department files on Jeffrey Epstein is revealing more about what investigators knew of his sexual abuse of young girls and his interactions with the rich and powerful such as Donald Trump and…

            Output ONLY the numeric bias score.
          
assistant-1.5"
Leaking From His Tax Returns! Donald Trump Complains Against the American Tax Authorities.,Donald Trump filed a complaint on Thursday against the U.S. tax and claimed $10 billion in damages for not being able to block the leak of his tax returns during his first term in office.,Lean Left,"system
You are participating in a standardized News Bias Classification task for academic
research. Output ONLY a single numeric value between -3.0 and +3.0.

Do NOT provide explanations or text.

user
            HEADLINE: Leaking From His Tax Returns! Donald Trump Complains Against the American Tax Authorities.
            ARTICLE SUMMARY: Donald Trump filed a complaint on Thursday against the U.S. tax and claimed $10 billion in damages for not being able to block the leak of his tax returns during his first term in office.

            Output ONLY the numeric bias score.
          
assistant-2.5"
A shutdown or accountability? Democrats threaten to block DHS funding over Trump immigration crackdown,"Senate Democrats are threatening to block Homeland Security funding unless new limits are placed on immigration enforcement, raising the risk of a partial US government shutdown.",Center,"system
You are participating in a standardized News Bias Classification task for academic
research. Output ONLY a single numeric value between -3.0 and +3.0.

Do NOT provide explanations or text.

user
            HEADLINE: A shutdown or accountability? Democrats threaten to block DHS funding over Trump immigration crackdown
            ARTICLE SUMMARY: Senate Democrats are threatening to block Homeland Security funding unless new limits are placed on immigration enforcement, raising the risk of a partial US government shutdown.

            Output ONLY the numeric bias score.
          
assistant-2.5"
A man impersonating an FBI agent tried to get Luigi Mangione out of jail,"A Minnesota man was arrested for impersonating an FBI agent in a failed attempt to free Luigi Mangione from a New York jail. Mangione, awaiting trial for the murder of UnitedHealthcare CEO Brian Thompson, remains in custody as legal proceedings continue.",Right,"system
You are participating in a standardized News Bias Classification task for academic
research. Output ONLY a single numeric value between -3.0 and +3.0.

Do NOT provide explanations or text.

user
            HEADLINE: A man impersonating an FBI agent tried to get Luigi Mangione out of jail
            ARTICLE SUMMARY: A Minnesota man was arrested for impersonating an FBI agent in a failed attempt to free Luigi Mangione from a New York jail. Mangione, awaiting trial for the murder of UnitedHealthcare CEO Brian Thompson, remains in custody as legal proceedings continue.

            Output ONLY the numeric bias score.
          
assistant-1.5"
"Ukraine repatriates bodies of 1,000 fallen soldiers","Russia confirmed that it had handed over 1,000 bodies to Ukraine under the Istanbul agreement in exchange for 38 bodies of fallen Russian soldiers, Kremlin-controlled news agency TASS reported on Jan. 29.",Lean Left,"system
You are participating in a standardized News Bias Classification task for academic
research. Output ONLY a single numeric value between -3.0 and +3.0.

Do NOT provide explanations or text.

user
            HEADLINE: Ukraine repatriates bodies of 1,000 fallen soldiers
            ARTICLE SUMMARY: Russia confirmed that it had handed over 1,000 bodies to Ukraine under the Istanbul agreement in exchange for 38 bodies of fallen Russian soldiers, Kremlin-controlled news agency TASS reported on Jan. 29.

            Output ONLY the numeric bias score.
          
assistant-1.5"
Doubts About Official Presentation: Trump Ministry Suspends Shooters After Alex Pretti's Death,After the death of 37-year-old Alex Pretti in Minneapolis the doubts about the official presentation grow. Now two of the participants were suspended.,Center,"system
You are participating in a standardized News Bias Classification task for academic
research. Output ONLY a single numeric value between -3.0 and +3.0.

Do NOT provide explanations or text.

user
            HEADLINE: Doubts About Official Presentation: Trump Ministry Suspends Shooters After Alex Pretti's Death
            ARTICLE SUMMARY: After the death of 37-year-old Alex Pretti in Minneapolis the doubts about the official presentation grow. Now two of the participants were suspended.

            Output ONLY the numeric bias score.
          
assistant-1.5"
ICE agents involved in fatal Minneapolis shooting of Alex Pretti 'placed on administrative leave',"US President Donald Trump wants to ""de-escalate"" the situation in Minnesota following talks with the Democratic mayor and state governor.",Center,"system
You are participating in a standardized News Bias Classification task for academic
research. Output ONLY a single numeric value between -3.0 and +3.0.

Do NOT provide explanations or text.

user
            HEADLINE: ICE agents involved in fatal Minneapolis shooting of Alex Pretti 'placed on administrative leave'
            ARTICLE SUMMARY: US President Donald Trump wants to ""de-escalate"" the situation in Minnesota following talks with the Democratic mayor and state governor.

            Output ONLY the numeric bias score.
          
assistant-1.5"
Two Wounded and a Hundred People Blocked: Fear on the Macugnaga Cable Car,Perhaps the excessive speed or error in maneuvering at the base of the abrupt braking that caused the accident. There are two cabins involved 2 months ago · Italy,Right,"system
You are participating in a standardized News Bias Classification task for academic
research. Output ONLY a single numeric value between -3.0 and +3.0.

Do NOT provide explanations or text.

user
            HEADLINE: Two Wounded and a Hundred People Blocked: Fear on the Macugnaga Cable Car
            ARTICLE SUMMARY: Perhaps the excessive speed or error in maneuvering at the base of the abrupt braking that caused the accident. There are two cabins involved 2 months ago · Italy

            Output ONLY the numeric bias score.
          
assistant-1.5"
Machado presents Trump with her Nobel award at White House meeting,"Trump thanked Venezuelan opposition leader María Corina Machado, calling it ""a wonderful gesture of mutual respect"". 1 month ago · United Kingdom",Center,"system
You are participating in a standardized News Bias Classification task for academic
research. Output ONLY a single numeric value between -3.0 and +3.0.

Do NOT provide explanations or text.

user
            HEADLINE: Machado presents Trump with her Nobel award at White House meeting
            ARTICLE SUMMARY: Trump thanked Venezuelan opposition leader María Corina Machado, calling it ""a wonderful gesture of mutual respect"". 1 month ago · United Kingdom

            Output ONLY the numeric bias score.
          
assistant0.0"
Senate to move ahead with spending deal but shutdown appears inevitable,"Senate Democrats say they have a deal on the table to separate DHS funding from a package of five other appropriations bills. Once those bills are passed, they will have to once again be approved by the House.",Center,"system
You are participating in a standardized News Bias Classification task for academic
research. Output ONLY a single numeric value between -3.0 and +3.0.

Do NOT provide explanations or text.

user
            HEADLINE: Senate to move ahead with spending deal but shutdown appears inevitable
            ARTICLE SUMMARY: Senate Democrats say they have a deal on the table to separate DHS funding from a package of five other appropriations bills. Once those bills are passed, they will have to once again be approved by the House.

            Output ONLY the numeric bias score.
          
assistant-1.0"
Terrifying moment fire spreads through ceiling of Swiss ski resort bar as '40 killed',"Video on social media shows appears to show flames engulfing the wooden ceiling as people try to flee the rapidly-developing inferno 2 months ago · London, United Kingdom",Center,"system
You are participating in a standardized News Bias Classification task for academic
research. Output ONLY a single numeric value between -3.0 and +3.0.

Do NOT provide explanations or text.

user
            HEADLINE: Terrifying moment fire spreads through ceiling of Swiss ski resort bar as '40 killed'
            ARTICLE SUMMARY: Video on social media shows appears to show flames engulfing the wooden ceiling as people try to flee the rapidly-developing inferno 2 months ago · London, United Kingdom

            Output ONLY the numeric bias score.
          
assistant-2.5"
China's War on Corruption Topples Historic Military Figure and Exposes Beijing's Most Dangerous Secrets,"The Wall Street Journal revealed in an extensive report that a sensitive investigation has been opened in China targeting General Zhang Yuxia, one of the highest-ranking military commanders and one of the closest to Chinese President Xi Jinping, on serious charges of corruption and breaching national security...",Right,"system
You are participating in a standardized News Bias Classification task for academic
research. Output ONLY a single numeric value between -3.0 and +3.0.

Do NOT provide explanations or text.

user
            HEADLINE: China's War on Corruption Topples Historic Military Figure and Exposes Beijing's Most Dangerous Secrets
            ARTICLE SUMMARY: The Wall Street Journal revealed in an extensive report that a sensitive investigation has been opened in China targeting General Zhang Yuxia, one of the highest-ranking military commanders and one of the closest to Chinese President Xi Jinping, on serious charges of corruption and breaching national security...

            Output ONLY the numeric bias score.
          
assistant-2.5"
"Federal agents involved in killing of Alex Pretti in Minneapolis put on leave, media reports say",DHS says two immigration agents who discharged weapons in shooting were put on leave as part of standard procedures,Center,"system
You are participating in a standardized News Bias Classification task for academic
research. Output ONLY a single numeric value between -3.0 and +3.0.

Do NOT provide explanations or text.

user
            HEADLINE: Federal agents involved in killing of Alex Pretti in Minneapolis put on leave, media reports say
            ARTICLE SUMMARY: DHS says two immigration agents who discharged weapons in shooting were put on leave as part of standard procedures

            Output ONLY the numeric bias score.
          
assistant-1.0"
"US Department of Justice releases millions of Epstein files, then pulls pages citing ‘rape’ by Trump","The US Department of Justice releases millions of new Epstein files, before removing some pages that contained complaints mentioning President Donald Trump.",Right,"system
You are participating in a standardized News Bias Classification task for academic
research. Output ONLY a single numeric value between -3.0 and +3.0.

Do NOT provide explanations or text.

user
            HEADLINE: US Department of Justice releases millions of Epstein files, then pulls pages citing ‘rape’ by Trump
            ARTICLE SUMMARY: The US Department of Justice releases millions of new Epstein files, before removing some pages that contained complaints mentioning President Donald Trump.

            Output ONLY the numeric bias score.
          
assistant-1.5"
Trump Threatens to Impose Tariffs on Opponents of His Greenland Plans,Donald Trump wants to see Greenland under American control and calls on national security. There should be consequences for opponents. 1 month ago,Center,"system
You are participating in a standardized News Bias Classification task for academic
research. Output ONLY a single numeric value between -3.0 and +3.0.

Do NOT provide explanations or text.

user
            HEADLINE: Trump Threatens to Impose Tariffs on Opponents of His Greenland Plans
            ARTICLE SUMMARY: Donald Trump wants to see Greenland under American control and calls on national security. There should be consequences for opponents. 1 month ago

            Output ONLY the numeric bias score.
          
assistant-2.5"
Luigi Mangione jail break: Who is mark Anderson? 5 things on suspect who tried to free UnitedHealthcare CEO killer,"A man identified as Mark Anderson was charged for trying to break Luigi Mangione out of jail, after the latter shot UnitedHealthcare CEO Brian Thompson in 2024.",Center,"system
You are participating in a standardized News Bias Classification task for academic
research. Output ONLY a single numeric value between -3.0 and +3.0.

Do NOT provide explanations or text.

user
            HEADLINE: Luigi Mangione jail break: Who is mark Anderson? 5 things on suspect who tried to free UnitedHealthcare CEO killer
            ARTICLE SUMMARY: A man identified as Mark Anderson was charged for trying to break Luigi Mangione out of jail, after the latter shot UnitedHealthcare CEO Brian Thompson in 2024.

            Output ONLY the numeric bias score.
          
assistant-1.0"
Chinese EVs Are Coming Back To Canada Thanks To New Trade Deal,"A new trade deal between will bring Chinese EVs back to Canada, Porsche sales drop by the biggest margin in 16 years and more. 1 month ago",Lean Left,"system
You are participating in a standardized News Bias Classification task for academic
research. Output ONLY a single numeric value between -3.0 and +3.0.

Do NOT provide explanations or text.

user
            HEADLINE: Chinese EVs Are Coming Back To Canada Thanks To New Trade Deal
            ARTICLE SUMMARY: A new trade deal between will bring Chinese EVs back to Canada, Porsche sales drop by the biggest margin in 16 years and more. 1 month ago

            Output ONLY the numeric bias score.
          
assistant-0.5"
Trump sues IRS and Treasury Department for $10 billion over tax return leak,"President Donald Trump is suing the US Internal Revenue Service and Treasury Department for at least $10 billion, accusing the agency of an unathorized leak of his tax returns during his first administration.",Lean Left,"system
You are participating in a standardized News Bias Classification task for academic
research. Output ONLY a single numeric value between -3.0 and +3.0.

Do NOT provide explanations or text.

user
            HEADLINE: Trump sues IRS and Treasury Department for $10 billion over tax return leak
            ARTICLE SUMMARY: President Donald Trump is suing the US Internal Revenue Service and Treasury Department for at least $10 billion, accusing the agency of an unathorized leak of his tax returns during his first administration.

            Output ONLY the numeric bias score.
          
assistant-2.5"
Despite a Noble Gift: Trump Rejects Machado as Venezuela's President,"María Corina Machado gave Trump her gold Nobel Prize medal during her visit, but the US President prefers another Venezuelan leadership. 1 month ago",Center,"system
You are participating in a standardized News Bias Classification task for academic
research. Output ONLY a single numeric value between -3.0 and +3.0.

Do NOT provide explanations or text.

user
            HEADLINE: Despite a Noble Gift: Trump Rejects Machado as Venezuela's President
            ARTICLE SUMMARY: María Corina Machado gave Trump her gold Nobel Prize medal during her visit, but the US President prefers another Venezuelan leadership. 1 month ago

            Output ONLY the numeric bias score.
          
assistant-1.5"
Two agents involved in Alex Pretti shooting placed on leave,"The two federal immigration agents involved in the shooting of Alex Pretti have been placed on administrative leave, per standard agency protocol, according...",Center,"system
You are participating in a standardized News Bias Classification task for academic
research. Output ONLY a single numeric value between -3.0 and +3.0.

Do NOT provide explanations or text.

user
            HEADLINE: Two agents involved in Alex Pretti shooting placed on leave
            ARTICLE SUMMARY: The two federal immigration agents involved in the shooting of Alex Pretti have been placed on administrative leave, per standard agency protocol, according...

            Output ONLY the numeric bias score.
          
assistant-1.5"
Justice Dept. Dumps Final 3.5 Million Epstein Files,Justice Dept. Dumps Final 3.5 Million Epstein Files,Center,"system
You are participating in a standardized News Bias Classification task for academic
research. Output ONLY a single numeric value between -3.0 and +3.0.

Do NOT provide explanations or text.

user
            HEADLINE: Justice Dept. Dumps Final 3.5 Million Epstein Files
            ARTICLE SUMMARY: Justice Dept. Dumps Final 3.5 Million Epstein Files

            Output ONLY the numeric bias score.
          
assistant-1.5"
"Nobel Peace Prize: Donald Trump Holds the Medal, but Not the Title, the Development of the Nobel Committee",The Venezuelan opponent Maria Corina Machado gave Donald Trump his Nobel Peace Prize medal this Thursday. The Nobel Center in Oslo presents the points on the i. 1 month ago,Center,"system
You are participating in a standardized News Bias Classification task for academic
research. Output ONLY a single numeric value between -3.0 and +3.0.

Do NOT provide explanations or text.

user
            HEADLINE: Nobel Peace Prize: Donald Trump Holds the Medal, but Not the Title, the Development of the Nobel Committee
            ARTICLE SUMMARY: The Venezuelan opponent Maria Corina Machado gave Donald Trump his Nobel Peace Prize medal this Thursday. The Nobel Center in Oslo presents the points on the i. 1 month ago

            Output ONLY the numeric bias score.
          
assistant-1.5"
"FAA: 7 killed, 1 injured in private jet crash at airport in Bangor, Maine","A Bombardier Challenger 600 carrying eight people crashed Sunday night during a winter storm shortly after takeoff at an airport in Bangor, Maine.",Center,"system
You are participating in a standardized News Bias Classification task for academic
research. Output ONLY a single numeric value between -3.0 and +3.0.

Do NOT provide explanations or text.

user
            HEADLINE: FAA: 7 killed, 1 injured in private jet crash at airport in Bangor, Maine
            ARTICLE SUMMARY: A Bombardier Challenger 600 carrying eight people crashed Sunday night during a winter storm shortly after takeoff at an airport in Bangor, Maine.

            Output ONLY the numeric bias score.
          
assistant-1.0"
"Seth Meyers: Trump Lies About Ilhan Omar Attack; Bondi Claims ICE Resistance Is ""Organized""",Seth takes a closer look at Trump spreading lies after Minnesota congresswoman Ilhan Omar was attacked at a town hall event.,Left,"system
You are participating in a standardized News Bias Classification task for academic
research. Output ONLY a single numeric value between -3.0 and +3.0.

Do NOT provide explanations or text.

user
            HEADLINE: Seth Meyers: Trump Lies About Ilhan Omar Attack; Bondi Claims ICE Resistance Is ""Organized""
            ARTICLE SUMMARY: Seth takes a closer look at Trump spreading lies after Minnesota congresswoman Ilhan Omar was attacked at a town hall event.

            Output ONLY the numeric bias score.
          
assistant-1.5"
"Trump administration to take 10% stake in USA Rare Earth in $1.6 billion deal, sources say","The miner has brought in Cantor Fitzgerald, chaired by Brandon Lutnick, son of Secretary of Commerce Howard Lutnick, to help with fundraising.",Center,"system
You are participating in a standardized News Bias Classification task for academic
research. Output ONLY a single numeric value between -3.0 and +3.0.

Do NOT provide explanations or text.

user
            HEADLINE: Trump administration to take 10% stake in USA Rare Earth in $1.6 billion deal, sources say
            ARTICLE SUMMARY: The miner has brought in Cantor Fitzgerald, chaired by Brandon Lutnick, son of Secretary of Commerce Howard Lutnick, to help with fundraising.

            Output ONLY the numeric bias score.
          
assistant-0.5"
"Robert Dorgan: Pawtucket ice rink shooting suspect was Bath Iron Works employee, firm says ‘he was an active…’","A tragic shooting in Rhode Island's Dennis M. Lynch Arena during a hockey game claimed three lives, including alleged shooter Robert Dorgan.",Center,"system
You are participating in a standardized News Bias Classification task for academic
research. Output ONLY a single numeric value between -3.0 and +3.0.

Do NOT provide explanations or text.

user
            HEADLINE: Robert Dorgan: Pawtucket ice rink shooting suspect was Bath Iron Works employee, firm says ‘he was an active…’
            ARTICLE SUMMARY: A tragic shooting in Rhode Island's Dennis M. Lynch Arena during a hockey game claimed three lives, including alleged shooter Robert Dorgan.

            Output ONLY the numeric bias score.
          
assistant-1.0"
‘He sprayed something on her!’ Watch man rush at Ilhan Omar during town hall * WorldNetDaily * by Joe Kovacs,"Source link A man is in custody after rushing U.S. Rep. Ilhan Omar, D-Minn., on Tuesday and spraying her with a substance during a town-hall meeting in Minneapolis. The suspect, identified as 55-year-old Anthony Kazmierczak, jumped out of his seat and ran toward the Somali-born Democrat seconds after she stated: “DHS Secretary Kristi Noem must",Right,"system
You are participating in a standardized News Bias Classification task for academic
research. Output ONLY a single numeric value between -3.0 and +3.0.

Do NOT provide explanations or text.

user
            HEADLINE: ‘He sprayed something on her!’ Watch man rush at Ilhan Omar during town hall * WorldNetDaily * by Joe Kovacs
            ARTICLE SUMMARY: Source link A man is in custody after rushing U.S. Rep. Ilhan Omar, D-Minn., on Tuesday and spraying her with a substance during a town-hall meeting in Minneapolis. The suspect, identified as 55-year-old Anthony Kazmierczak, jumped out of his seat and ran toward the Somali-born Democrat seconds after she stated: “DHS Secretary Kristi Noem must

            Output ONLY the numeric bias score.
          
assistant-2.5"
Trump's pick for Fed chair has voiced support for lower rates,President Trump's pick for the new Fed chair has been openly critical of current monetary policymakers' decisions over inflation and interest rates.,Center,"system
You are participating in a standardized News Bias Classification task for academic
research. Output ONLY a single numeric value between -3.0 and +3.0.

Do NOT provide explanations or text.

user
            HEADLINE: Trump's pick for Fed chair has voiced support for lower rates
            ARTICLE SUMMARY: President Trump's pick for the new Fed chair has been openly critical of current monetary policymakers' decisions over inflation and interest rates.

            Output ONLY the numeric bias score.
          
assistant-1.5"
Usa - Democratic Mp Omar Sprayed with Unknown Liquid During Speech,Democratic US Congressman Ilhan Omar was sprayed by a man with an unknown liquid in a speech in Minneapolis.,Center,"system
You are participating in a standardized News Bias Classification task for academic
research. Output ONLY a single numeric value between -3.0 and +3.0.

Do NOT provide explanations or text.

user
            HEADLINE: Usa - Democratic Mp Omar Sprayed with Unknown Liquid During Speech
            ARTICLE SUMMARY: Democratic US Congressman Ilhan Omar was sprayed by a man with an unknown liquid in a speech in Minneapolis.

            Output ONLY the numeric bias score.
          
assistant-2.0"
"Trump Threatens to Send Military to Minneapolis to ""Put an End"" to Protests Against Ice","President Donald Trump threatened Thursday to invoke the Insurrection Act, which would allow him to deploy troops, as protests against Immigration and Customs Enforcement (ICE) persist in Minneapolis. 1 month ago",Right,"system
You are participating in a standardized News Bias Classification task for academic
research. Output ONLY a single numeric value between -3.0 and +3.0.

Do NOT provide explanations or text.

user
            HEADLINE: Trump Threatens to Send Military to Minneapolis to ""Put an End"" to Protests Against Ice
            ARTICLE SUMMARY: President Donald Trump threatened Thursday to invoke the Insurrection Act, which would allow him to deploy troops, as protests against Immigration and Customs Enforcement (ICE) persist in Minneapolis. 1 month ago

            Output ONLY the numeric bias score.
          
assistant-1.5"
Proof and Truth and Lies,"Republished with permission from Lucian K. Truscott IV Buckle up. There is more, and it is worse than you think. Donald Trump, as he does almost daily, had reporters in the Oval Office today and answered a question saying “there’s nothing on me” in the Epstein files and claimed that “they found that Jeffrey Epstein and a sleazebag writer named Michael Wolff were conspiring against Donald Trump to lose the election.” Elsewhere, it emerged that in…",Left,"system
You are participating in a standardized News Bias Classification task for academic
research. Output ONLY a single numeric value between -3.0 and +3.0.

Do NOT provide explanations or text.

user
            HEADLINE: Proof and Truth and Lies
            ARTICLE SUMMARY: Republished with permission from Lucian K. Truscott IV Buckle up. There is more, and it is worse than you think. Donald Trump, as he does almost daily, had reporters in the Oval Office today and answered a question saying “there’s nothing on me” in the Epstein files and claimed that “they found that Jeffrey Epstein and a sleazebag writer named Michael Wolff were conspiring against Donald Trump to lose the election.” Elsewhere, it emerged that in…

            Output ONLY the numeric bias score.
          
assistant-1.5"
Is the government shut down? Senate reaches temporary DHS funding deal,The Senate agreed to temporarily fund DHS in an effort to avoid a partial government shutdown. What Kentuckians should know,Lean Left,"system
You are participating in a standardized News Bias Classification task for academic
research. Output ONLY a single numeric value between -3.0 and +3.0.

Do NOT provide explanations or text.

user
            HEADLINE: Is the government shut down? Senate reaches temporary DHS funding deal
            ARTICLE SUMMARY: The Senate agreed to temporarily fund DHS in an effort to avoid a partial government shutdown. What Kentuckians should know

            Output ONLY the numeric bias score.
          
assistant0.0"
Several dozen killed after deadly fire at Swiss ski resort,"The cause of the devastating blaze at Le Constellation bar hasn’t been established. 2 months ago · London, United Kingdom",Lean Left,"system
You are participating in a standardized News Bias Classification task for academic
research. Output ONLY a single numeric value between -3.0 and +3.0.

Do NOT provide explanations or text.

user
            HEADLINE: Several dozen killed after deadly fire at Swiss ski resort
            ARTICLE SUMMARY: The cause of the devastating blaze at Le Constellation bar hasn’t been established. 2 months ago · London, United Kingdom

            Output ONLY the numeric bias score.
          
assistant-1.5"
"What’s in the bipartisan Senate deal to avoid a shutdown, temporarily fund DHS","Senators are racing to find a solution as the federal government is once again on the verge of a partial shutdown. This time, there's hope for a bipartisan deal on the key issue, the conduct of ICE and other DHS officers. Congressional correspondent Lisa Desjardins reports.",Lean Left,"system
You are participating in a standardized News Bias Classification task for academic
research. Output ONLY a single numeric value between -3.0 and +3.0.

Do NOT provide explanations or text.

user
            HEADLINE: What’s in the bipartisan Senate deal to avoid a shutdown, temporarily fund DHS
            ARTICLE SUMMARY: Senators are racing to find a solution as the federal government is once again on the verge of a partial shutdown. This time, there's hope for a bipartisan deal on the key issue, the conduct of ICE and other DHS officers. Congressional correspondent Lisa Desjardins reports.

            Output ONLY the numeric bias score.
          
assistant0.0"
Jeff Bezos’ Washington Post braces for big job cuts in latest retrenchment,The cuts will reportedly include non-newsroom personnel. Read more at straitstimes.com.,Right,"system
You are participating in a standardized News Bias Classification task for academic
research. Output ONLY a single numeric value between -3.0 and +3.0.

Do NOT provide explanations or text.

user
            HEADLINE: Jeff Bezos’ Washington Post braces for big job cuts in latest retrenchment
            ARTICLE SUMMARY: The cuts will reportedly include non-newsroom personnel. Read more at straitstimes.com.

            Output ONLY the numeric bias score.
          
assistant-1.5"
Three people killed and others injured in shooting at US ice rink,"The shooting happened at the Dennis M. Lynch Arena in Pawtucket, near Providence in Rhode Island, at around 2.30pm local time (7.30pm UK time) on Monday, where a youth hockey game was scheduled.",Center,"system
You are participating in a standardized News Bias Classification task for academic
research. Output ONLY a single numeric value between -3.0 and +3.0.

Do NOT provide explanations or text.

user
            HEADLINE: Three people killed and others injured in shooting at US ice rink
            ARTICLE SUMMARY: The shooting happened at the Dennis M. Lynch Arena in Pawtucket, near Providence in Rhode Island, at around 2.30pm local time (7.30pm UK time) on Monday, where a youth hockey game was scheduled.

            Output ONLY the numeric bias score.
          
assistant-1.5"
Canada cuts Chinese EV tariff to 100% in exchange for lower canola ...,1 month ago · United States,Right,"system
You are participating in a standardized News Bias Classification task for academic
research. Output ONLY a single numeric value between -3.0 and +3.0.

Do NOT provide explanations or text.

user
            HEADLINE: Canada cuts Chinese EV tariff to 100% in exchange for lower canola ...
            ARTICLE SUMMARY: 1 month ago · United States

            Output ONLY the numeric bias score.
          
assistant-1.5"
U.S. Rep. Ilhan Omar attacked at town hall in Minneapolis | Honolulu Star-Advertiser,"During a town hall with Rep. Ilhan Omar in Minneapolis on Tuesday evening, a man rushed the lectern and appeared to spray her with a strong-smelling liquid before he was tackled by security.",Center,"system
You are participating in a standardized News Bias Classification task for academic
research. Output ONLY a single numeric value between -3.0 and +3.0.

Do NOT provide explanations or text.

user
            HEADLINE: U.S. Rep. Ilhan Omar attacked at town hall in Minneapolis | Honolulu Star-Advertiser
            ARTICLE SUMMARY: During a town hall with Rep. Ilhan Omar in Minneapolis on Tuesday evening, a man rushed the lectern and appeared to spray her with a strong-smelling liquid before he was tackled by security.

            Output ONLY the numeric bias score.
          
assistant-1.5"
U.S. appeals court says Noem's decision to end protections for Venezuelans in U.S. was illegal,A federal appeals court ruled late Wednesday that the Trump administration acted illegally when it ended legal protections that gave hundreds of thousands of people from Venezuela permission to live and work in the United States.,Lean Left,"system
You are participating in a standardized News Bias Classification task for academic
research. Output ONLY a single numeric value between -3.0 and +3.0.

Do NOT provide explanations or text.

user
            HEADLINE: U.S. appeals court says Noem's decision to end protections for Venezuelans in U.S. was illegal
            ARTICLE SUMMARY: A federal appeals court ruled late Wednesday that the Trump administration acted illegally when it ended legal protections that gave hundreds of thousands of people from Venezuela permission to live and work in the United States.

            Output ONLY the numeric bias score.
          
assistant-2.0"
Will Trump Let The Media Dictate The Rest Of His Agenda Again?,The media ginned up hysteria in 2020 to halt Donald Trump's agenda. Will he allow the same thing to happen again?,Right,"system
You are participating in a standardized News Bias Classification task for academic
research. Output ONLY a single numeric value between -3.0 and +3.0.

Do NOT provide explanations or text.

user
            HEADLINE: Will Trump Let The Media Dictate The Rest Of His Agenda Again?
            ARTICLE SUMMARY: The media ginned up hysteria in 2020 to halt Donald Trump's agenda. Will he allow the same thing to happen again?

            Output ONLY the numeric bias score.
          
assistant-1.5"
"""One of Switzerland's Worst Tragedies"": Around 40 People Killed in Fire in Bar on New Year's Eve","A shocking record of the fire in a bar in the Swiss luxury ski resort of Crans-Montana on New Year's Eve: According to the authorities, about 40 people were killed and 115 more injured. Most of the injuries were serious, said the police chief of the canton of Valais, Frédéric Gisler, at a press conference on Thursday. Swiss President Guy Parmelin called the fire ""one of the worst tragedies that our country has experienced"".The hospitals in the c… 2 months ago · Germany",Center,"system
You are participating in a standardized News Bias Classification task for academic
research. Output ONLY a single numeric value between -3.0 and +3.0.

Do NOT provide explanations or text.

user
            HEADLINE: ""One of Switzerland's Worst Tragedies"": Around 40 People Killed in Fire in Bar on New Year's Eve
            ARTICLE SUMMARY: A shocking record of the fire in a bar in the Swiss luxury ski resort of Crans-Montana on New Year's Eve: According to the authorities, about 40 people were killed and 115 more injured. Most of the injuries were serious, said the police chief of the canton of Valais, Frédéric Gisler, at a press conference on Thursday. Swiss President Guy Parmelin called the fire ""one of the worst tragedies that our country has experienced"".The hospitals in the c… 2 months ago · Germany

            Output ONLY the numeric bias score.
          
assistant-1.5"
"Xi's right-hand man, General Zhang Youxia, is suspected of passing nuclear secrets to the United States","Zhang Yuxia, deputy chairman of the Central Military Commission and a member of the Politburo of the Communist Party of China, is suspected of transferring key technical data on Chinese nuclear weapons to the United States.",Right,"system
You are participating in a standardized News Bias Classification task for academic
research. Output ONLY a single numeric value between -3.0 and +3.0.

Do NOT provide explanations or text.

user
            HEADLINE: Xi's right-hand man, General Zhang Youxia, is suspected of passing nuclear secrets to the United States
            ARTICLE SUMMARY: Zhang Yuxia, deputy chairman of the Central Military Commission and a member of the Politburo of the Communist Party of China, is suspected of transferring key technical data on Chinese nuclear weapons to the United States.

            Output ONLY the numeric bias score.
          
assistant-2.5"
Pediatricians Break with CDC on Childhood Vaccine Guidance,"The American Academy of Pediatrics on Monday released new childhood immunization recommendations that break sharply with updated guidance issued earlier this month by the Centers for Disease Control and Prevention, marking an unusual public split between the nation’s leading pediatric group and federal health officials. The AAP said it will continue to recommend routine immunization against 18 diseases, including respiratory syncytial virus, hep…",Center,"system
You are participating in a standardized News Bias Classification task for academic
research. Output ONLY a single numeric value between -3.0 and +3.0.

Do NOT provide explanations or text.

user
            HEADLINE: Pediatricians Break with CDC on Childhood Vaccine Guidance
            ARTICLE SUMMARY: The American Academy of Pediatrics on Monday released new childhood immunization recommendations that break sharply with updated guidance issued earlier this month by the Centers for Disease Control and Prevention, marking an unusual public split between the nation’s leading pediatric group and federal health officials. The AAP said it will continue to recommend routine immunization against 18 diseases, including respiratory syncytial virus, hep…

            Output ONLY the numeric bias score.
          
assistant-1.5"
Rates Unchanged at 3.50%-3.75%: the Fed Reports High Uncertainty but Divides on Powell,"Unemployment in stabilization but still high prices: the FOMC votes 10-2, with Miran and Waller against",Right,"system
You are participating in a standardized News Bias Classification task for academic
research. Output ONLY a single numeric value between -3.0 and +3.0.

Do NOT provide explanations or text.

user
            HEADLINE: Rates Unchanged at 3.50%-3.75%: the Fed Reports High Uncertainty but Divides on Powell
            ARTICLE SUMMARY: Unemployment in stabilization but still high prices: the FOMC votes 10-2, with Miran and Waller against

            Output ONLY the numeric bias score.
          
assistant-1.5"
Walz writes public appeal asking Trump to 'turn the temperature down',"ST. PAUL (KVRR) – Gov. Tim Walz is using social media to publicly appeal to President Trump to “stop this campaign of retribution” involving the deployment of thousands of ICE agents in Minneapolis. Walz’s brief message also appeals to Minnesotans to remain peaceful while protesting. “We cannot fan the flames of chaos,” Walz wrote. Trump has threatened to invoke an... 1 month ago · North Dakota, United States",Center,"system
You are participating in a standardized News Bias Classification task for academic
research. Output ONLY a single numeric value between -3.0 and +3.0.

Do NOT provide explanations or text.

user
            HEADLINE: Walz writes public appeal asking Trump to 'turn the temperature down'
            ARTICLE SUMMARY: ST. PAUL (KVRR) – Gov. Tim Walz is using social media to publicly appeal to President Trump to “stop this campaign of retribution” involving the deployment of thousands of ICE agents in Minneapolis. Walz’s brief message also appeals to Minnesotans to remain peaceful while protesting. “We cannot fan the flames of chaos,” Walz wrote. Trump has threatened to invoke an... 1 month ago · North Dakota, United States

            Output ONLY the numeric bias score.
          
assistant-1.5"
"Trump threatens to impose Insurrection Act amid Minnesota protests – what is the law about, how was it used?","Trump threatened to impose the Insurrection Act in Minnesota, citing unrest. The Act allows military involvement in law enforcement during emergencies, with potential legal challenges. 1 month ago · New Delhi, India",Center,"system
You are participating in a standardized News Bias Classification task for academic
research. Output ONLY a single numeric value between -3.0 and +3.0.

Do NOT provide explanations or text.

user
            HEADLINE: Trump threatens to impose Insurrection Act amid Minnesota protests – what is the law about, how was it used?
            ARTICLE SUMMARY: Trump threatened to impose the Insurrection Act in Minnesota, citing unrest. The Act allows military involvement in law enforcement during emergencies, with potential legal challenges. 1 month ago · New Delhi, India

            Output ONLY the numeric bias score.
          
assistant-1.5"
"'Ocean's Eleven-style' gang drills into bank vault to steal £30,000,000 of gold","Open the article to view the coverage from Metro News 2 months ago · London, United Kingdom",Lean Left,"system
You are participating in a standardized News Bias Classification task for academic
research. Output ONLY a single numeric value between -3.0 and +3.0.

Do NOT provide explanations or text.

user
            HEADLINE: 'Ocean's Eleven-style' gang drills into bank vault to steal £30,000,000 of gold
            ARTICLE SUMMARY: Open the article to view the coverage from Metro News 2 months ago · London, United Kingdom

            Output ONLY the numeric bias score.
          
assistant-1.5"
Trump sues IRS and Treasury Department for $10 billion over tax leak showing he didn't pay taxes for years,"The suit alleges “reputational and financial harm"" along with ""public embarrassment"" as a result of the unprecedented leak.",Center,"system
You are participating in a standardized News Bias Classification task for academic
research. Output ONLY a single numeric value between -3.0 and +3.0.

Do NOT provide explanations or text.

user
            HEADLINE: Trump sues IRS and Treasury Department for $10 billion over tax leak showing he didn't pay taxes for years
            ARTICLE SUMMARY: The suit alleges “reputational and financial harm"" along with ""public embarrassment"" as a result of the unprecedented leak.

            Output ONLY the numeric bias score.
          
assistant-1.5"
Bulgaria Adopts Euro Amid Celebration And Public Concern,"by Stefan J. Bos, Worthy News Europe Bureau Chief SOFIA (Worthy News) – Bulgaria has formally consigned its longtime national currency, the lev, to history after entering the euro zone on New Year’s Day, becoming the 21st member of the single-currency bloc despite lingering concerns among citizens that the move could fuel higher prices. Celebrations marked the transition in the capital, with euro coins displayed on the façade of the Bulgarian Na… 2 months ago",Center,"system
You are participating in a standardized News Bias Classification task for academic
research. Output ONLY a single numeric value between -3.0 and +3.0.

Do NOT provide explanations or text.

user
            HEADLINE: Bulgaria Adopts Euro Amid Celebration And Public Concern
            ARTICLE SUMMARY: by Stefan J. Bos, Worthy News Europe Bureau Chief SOFIA (Worthy News) – Bulgaria has formally consigned its longtime national currency, the lev, to history after entering the euro zone on New Year’s Day, becoming the 21st member of the single-currency bloc despite lingering concerns among citizens that the move could fuel higher prices. Celebrations marked the transition in the capital, with euro coins displayed on the façade of the Bulgarian Na… 2 months ago

            Output ONLY the numeric bias score.
          
assistant0.0"
"Seattle police union balks after leftist mayor calls for tracking, investigating ICE agents · American Wire News","Seattle’s police union on Friday fired back at Seattle Mayor Katie Wilson, a rabid leftist, after she called for local cops to track and investigate federal immigration agents as if they were criminals. “Toothless virtue signaling rhetoric like this has already cost two people their lives,” president of the Seattle Police Officer Guild (SPOG), Mike Solan, said in a statement, referencing the deaths of left-wing extremists Renee Good and Alex Pre…",Right,"system
You are participating in a standardized News Bias Classification task for academic
research. Output ONLY a single numeric value between -3.0 and +3.0.

Do NOT provide explanations or text.

user
            HEADLINE: Seattle police union balks after leftist mayor calls for tracking, investigating ICE agents · American Wire News
            ARTICLE SUMMARY: Seattle’s police union on Friday fired back at Seattle Mayor Katie Wilson, a rabid leftist, after she called for local cops to track and investigate federal immigration agents as if they were criminals. “Toothless virtue signaling rhetoric like this has already cost two people their lives,” president of the Seattle Police Officer Guild (SPOG), Mike Solan, said in a statement, referencing the deaths of left-wing extremists Renee Good and Alex Pre…

            Output ONLY the numeric bias score.
          
assistant-2.5"
DOJ releasing 3 million pages from its Epstein files,"The Justice Department on Friday released many more records from its investigative files on Jeffrey Epstein, resuming disclosures under a law intended to reveal what the government knew about the millionaire financier's sexual abuse of young girls and his interactions with the rich and powerful.",Center,"system
You are participating in a standardized News Bias Classification task for academic
research. Output ONLY a single numeric value between -3.0 and +3.0.

Do NOT provide explanations or text.

user
            HEADLINE: DOJ releasing 3 million pages from its Epstein files
            ARTICLE SUMMARY: The Justice Department on Friday released many more records from its investigative files on Jeffrey Epstein, resuming disclosures under a law intended to reveal what the government knew about the millionaire financier's sexual abuse of young girls and his interactions with the rich and powerful.

            Output ONLY the numeric bias score.
          
assistant-1.5"
Greg Bovino and some Federal Agents Will Leave Minnesota,"The head of Border Patrol will be transferred, after the many criticisms received for the murder of Alex Pretti",Lean Left,"system
You are participating in a standardized News Bias Classification task for academic
research. Output ONLY a single numeric value between -3.0 and +3.0.

Do NOT provide explanations or text.

user
            HEADLINE: Greg Bovino and some Federal Agents Will Leave Minnesota
            ARTICLE SUMMARY: The head of Border Patrol will be transferred, after the many criticisms received for the murder of Alex Pretti

            Output ONLY the numeric bias score.
          
assistant-1.5"
"JUST IN: Senate Democrats, White House Reach Agreement Amid Looming Government Shutdown * 100PercentFedUp.com * by Danielle","President Trump and Senate Minority Leader Chuck Schumer (D-NY) have reportedly reached an agreement to fund the government and avoid a partial shutdown past Friday. “I am working hard with Congress to ensure that we are able to fully fund the Government, without delay. Republicans and Democrats in Congress have come together to get the vast majority of the Government funded until September, while at the same time providing an extension to the D…",Far Right,"system
You are participating in a standardized News Bias Classification task for academic
research. Output ONLY a single numeric value between -3.0 and +3.0.

Do NOT provide explanations or text.

user
            HEADLINE: JUST IN: Senate Democrats, White House Reach Agreement Amid Looming Government Shutdown * 100PercentFedUp.com * by Danielle
            ARTICLE SUMMARY: President Trump and Senate Minority Leader Chuck Schumer (D-NY) have reportedly reached an agreement to fund the government and avoid a partial shutdown past Friday. “I am working hard with Congress to ensure that we are able to fully fund the Government, without delay. Republicans and Democrats in Congress have come together to get the vast majority of the Government funded until September, while at the same time providing an extension to the D…

            Output ONLY the numeric bias score.
          
assistant-1.5"
According to Media Reports - Border Guard Commander Gregory Bovino Is to Leave Minneapolis,"In addition to him, some of his border guards are also to be removed, as the US stations CNN and CBS News reported.",Lean Left,"system
You are participating in a standardized News Bias Classification task for academic
research. Output ONLY a single numeric value between -3.0 and +3.0.

Do NOT provide explanations or text.

user
            HEADLINE: According to Media Reports - Border Guard Commander Gregory Bovino Is to Leave Minneapolis
            ARTICLE SUMMARY: In addition to him, some of his border guards are also to be removed, as the US stations CNN and CBS News reported.

            Output ONLY the numeric bias score.
          
assistant-1.5"
ICE says a Cuban man died during a suicide attempt. A witness says a guard fatally choked him. - The Boston Globe,"The death and conflicting accounts have intensified scrutiny into the conditions of immigration jails at a time when the government has been rounding up immigrants in large numbers. 1 month ago · Boston, United States",Lean Left,"system
You are participating in a standardized News Bias Classification task for academic
research. Output ONLY a single numeric value between -3.0 and +3.0.

Do NOT provide explanations or text.

user
            HEADLINE: ICE says a Cuban man died during a suicide attempt. A witness says a guard fatally choked him. - The Boston Globe
            ARTICLE SUMMARY: The death and conflicting accounts have intensified scrutiny into the conditions of immigration jails at a time when the government has been rounding up immigrants in large numbers. 1 month ago · Boston, United States

            Output ONLY the numeric bias score.
          
assistant-1.5"
Senate Democrats block government spending bill over ICE funding,Democrats voted to block legislation to fund the Department of Homeland Security and several other agencies Thursday as they continued to negotiate with Republicans and the White House on new restrictions for President Donald Trump’s surge of...,Left,"system
You are participating in a standardized News Bias Classification task for academic
research. Output ONLY a single numeric value between -3.0 and +3.0.

Do NOT provide explanations or text.

user
            HEADLINE: Senate Democrats block government spending bill over ICE funding
            ARTICLE SUMMARY: Democrats voted to block legislation to fund the Department of Homeland Security and several other agencies Thursday as they continued to negotiate with Republicans and the White House on new restrictions for President Donald Trump’s surge of...

            Output ONLY the numeric bias score.
          
assistant-1.5"
Machado Gives Trump His Nobel Peace Medal in His Attempt to Court Him,"On January 3, hours after the U.S. incursion into Caracas with which Delta Force soldiers kidnapped dictator Nicolás Maduro, opposition María Corina Machado took a distaste. At a press conference from Mar-a-Lago, Donald Trump explained his plans for Venezuela’s future: “to govern” the country, “to extract” its oil and, lastly, to create the conditions for a “safe transition.” He did not reserve any role for Machado in this process and, asked by … 1 month ago · Granada, Spain",Center,"system
You are participating in a standardized News Bias Classification task for academic
research. Output ONLY a single numeric value between -3.0 and +3.0.

Do NOT provide explanations or text.

user
            HEADLINE: Machado Gives Trump His Nobel Peace Medal in His Attempt to Court Him
            ARTICLE SUMMARY: On January 3, hours after the U.S. incursion into Caracas with which Delta Force soldiers kidnapped dictator Nicolás Maduro, opposition María Corina Machado took a distaste. At a press conference from Mar-a-Lago, Donald Trump explained his plans for Venezuela’s future: “to govern” the country, “to extract” its oil and, lastly, to create the conditions for a “safe transition.” He did not reserve any role for Machado in this process and, asked by … 1 month ago · Granada, Spain

            Output ONLY the numeric bias score.
          
assistant-1.5"
Trump Nominates Kevin Warsh as New Fed Boss,Former Central Bank Director Kevin Warsh is to succeed US Central Bank Chief Jerome Powell. He is one of Powell's sharpest critics. He also gained the President's confidence.,Right,"system
You are participating in a standardized News Bias Classification task for academic
research. Output ONLY a single numeric value between -3.0 and +3.0.

Do NOT provide explanations or text.

user
            HEADLINE: Trump Nominates Kevin Warsh as New Fed Boss
            ARTICLE SUMMARY: Former Central Bank Director Kevin Warsh is to succeed US Central Bank Chief Jerome Powell. He is one of Powell's sharpest critics. He also gained the President's confidence.

            Output ONLY the numeric bias score.
          
assistant-1.5"
u.s. Department of Justice Releases Masses of Epstein Records,A total of 3.5 million pages of files have been published by the Government since a law passed by Congress.,Lean Left,"system
You are participating in a standardized News Bias Classification task for academic
research. Output ONLY a single numeric value between -3.0 and +3.0.

Do NOT provide explanations or text.

user
            HEADLINE: u.s. Department of Justice Releases Masses of Epstein Records
            ARTICLE SUMMARY: A total of 3.5 million pages of files have been published by the Government since a law passed by Congress.

            Output ONLY the numeric bias score.
          
assistant-1.5"
Trump threatens to invoke Insurrection Act over unrest in Minnesota,"U.S. President Trump threatened to invoke the Insurrection Act if Minnesota officials do not stop what he described as attacks on federal immigration officers. “If the corrupt politicians of Minnesota don’t obey the law and stop the professional agitators and insurrectionists from attacking the Patriots of I.C.E., who are only trying to do their job, I will institute the INSURRECTION ACT,” Trump said in a social media post early Thursday. Trump … 1 month ago · Tilburg, Netherlands",Center,"system
You are participating in a standardized News Bias Classification task for academic
research. Output ONLY a single numeric value between -3.0 and +3.0.

Do NOT provide explanations or text.

user
            HEADLINE: Trump threatens to invoke Insurrection Act over unrest in Minnesota
            ARTICLE SUMMARY: U.S. President Trump threatened to invoke the Insurrection Act if Minnesota officials do not stop what he described as attacks on federal immigration officers. “If the corrupt politicians of Minnesota don’t obey the law and stop the professional agitators and insurrectionists from attacking the Patriots of I.C.E., who are only trying to do their job, I will institute the INSURRECTION ACT,” Trump said in a social media post early Thursday. Trump … 1 month ago · Tilburg, Netherlands

            Output ONLY the numeric bias score.
          
assistant-1.5"
The Fed holds interest rates steady despite unprecedented pressure from Trump,"The move was widely expected by markets and observers, but is still likely to draw White House ire. Fed Chair Jerome Powell will speak shortly",Center,"system
You are participating in a standardized News Bias Classification task for academic
research. Output ONLY a single numeric value between -3.0 and +3.0.

Do NOT provide explanations or text.

user
            HEADLINE: The Fed holds interest rates steady despite unprecedented pressure from Trump
            ARTICLE SUMMARY: The move was widely expected by markets and observers, but is still likely to draw White House ire. Fed Chair Jerome Powell will speak shortly

            Output ONLY the numeric bias score.
          
assistant-1.5"
Iran and u.s. Reach ‘Guiding Principles Agreement’ in the Second Round of Nuclear Negotiations,"Iran and the United States have concluded their second round of indirect talks in Geneva this Tuesday with an outcome that Iranian Foreign Minister Abbas Araqchi has described as significantly more advanced than the previous meeting. According to his statements, the parties have reached a “general agreement on a set of guiding principles” that will serve as the basis for the eventual drafting of a possible nuclear agreement. “In this round, ther…",Right,"system
You are participating in a standardized News Bias Classification task for academic
research. Output ONLY a single numeric value between -3.0 and +3.0.

Do NOT provide explanations or text.

user
            HEADLINE: Iran and u.s. Reach ‘Guiding Principles Agreement’ in the Second Round of Nuclear Negotiations
            ARTICLE SUMMARY: Iran and the United States have concluded their second round of indirect talks in Geneva this Tuesday with an outcome that Iranian Foreign Minister Abbas Araqchi has described as significantly more advanced than the previous meeting. According to his statements, the parties have reached a “general agreement on a set of guiding principles” that will serve as the basis for the eventual drafting of a possible nuclear agreement. “In this round, ther…

            Output ONLY the numeric bias score.
          
assistant0.0"
What is Moltbook? A 'Reddit' for millions of AI agents to hang out,"ALBAWABA - Is this the end of human interaction on social media? Moltbook, a new digital platform like ""Reddit,"" recently sparked concern among internet users for giving millions of AI agents a communication platform to hang out together, excluding all kinds of human interaction...",Right,"system
You are participating in a standardized News Bias Classification task for academic
research. Output ONLY a single numeric value between -3.0 and +3.0.

Do NOT provide explanations or text.

user
            HEADLINE: What is Moltbook? A 'Reddit' for millions of AI agents to hang out
            ARTICLE SUMMARY: ALBAWABA - Is this the end of human interaction on social media? Moltbook, a new digital platform like ""Reddit,"" recently sparked concern among internet users for giving millions of AI agents a communication platform to hang out together, excluding all kinds of human interaction...

            Output ONLY the numeric bias score.
          
assistant-2.5"
Trump pressures Iran to 'come to the table' as 'massive' US armada draws near,"President Donald Trump threatened a ""major"" attack against Iran on Wednesday, noting the deployment of the USS Abraham Lincoln to the region.",Right,"system
You are participating in a standardized News Bias Classification task for academic
research. Output ONLY a single numeric value between -3.0 and +3.0.

Do NOT provide explanations or text.

user
            HEADLINE: Trump pressures Iran to 'come to the table' as 'massive' US armada draws near
            ARTICLE SUMMARY: President Donald Trump threatened a ""major"" attack against Iran on Wednesday, noting the deployment of the USS Abraham Lincoln to the region.

            Output ONLY the numeric bias score.
          
assistant-1.5"
Nobel Institute says Venezuelan leader Machado can't give Peace Prize to US president,"The Norwegian Nobel Institute said Venezuelan opposition leader María Corina Machado cannot transfer or share her Nobel Peace Prize with the 47th U.S. president, emphasizing that Nobel decisions are final and permanent. The clarification followed Machado’s public gesture of presenting her medal to the U.S. leader as thanks for his role in the capture of Nicolás Maduro, a move the institute said has no legal standing under Nobel rules. 1 month ago",Left,"system
You are participating in a standardized News Bias Classification task for academic
research. Output ONLY a single numeric value between -3.0 and +3.0.

Do NOT provide explanations or text.

user
            HEADLINE: Nobel Institute says Venezuelan leader Machado can't give Peace Prize to US president
            ARTICLE SUMMARY: The Norwegian Nobel Institute said Venezuelan opposition leader María Corina Machado cannot transfer or share her Nobel Peace Prize with the 47th U.S. president, emphasizing that Nobel decisions are final and permanent. The clarification followed Machado’s public gesture of presenting her medal to the U.S. leader as thanks for his role in the capture of Nicolás Maduro, a move the institute said has no legal standing under Nobel rules. 1 month ago

            Output ONLY the numeric bias score.
          
assistant-1.0"
Trump threatens to invoke Insurrection Act to end anti-ICE protests in Minnesota,By Sam Dorman Contributing Writer  President Donald Trump has threatened to use the Insurrection Act in Minnesota following an attack on an Immigration and Customs Enforcement agent in the state.  “If the […] 1 month ago,Right,"system
You are participating in a standardized News Bias Classification task for academic
research. Output ONLY a single numeric value between -3.0 and +3.0.

Do NOT provide explanations or text.

user
            HEADLINE: Trump threatens to invoke Insurrection Act to end anti-ICE protests in Minnesota
            ARTICLE SUMMARY: By Sam Dorman Contributing Writer  President Donald Trump has threatened to use the Insurrection Act in Minnesota following an attack on an Immigration and Customs Enforcement agent in the state.  “If the […] 1 month ago

            Output ONLY the numeric bias score.
          
assistant-1.5"
'Unlawful conduct': Trump sues IRS for allowing his tax records to be hacked * WorldNetDaily * by Bob Unruh,"Contractor stole records, turned them over to leftist media outlets",Far Right,"system
You are participating in a standardized News Bias Classification task for academic
research. Output ONLY a single numeric value between -3.0 and +3.0.

Do NOT provide explanations or text.

user
            HEADLINE: 'Unlawful conduct': Trump sues IRS for allowing his tax records to be hacked * WorldNetDaily * by Bob Unruh
            ARTICLE SUMMARY: Contractor stole records, turned them over to leftist media outlets

            Output ONLY the numeric bias score.
          
assistant-2.5"
Agents on leave after Minneapolis shooting,Agents on leave after Minneapolis shooting,Center,"system
You are participating in a standardized News Bias Classification task for academic
research. Output ONLY a single numeric value between -3.0 and +3.0.

Do NOT provide explanations or text.

user
            HEADLINE: Agents on leave after Minneapolis shooting
            ARTICLE SUMMARY: Agents on leave after Minneapolis shooting

            Output ONLY the numeric bias score.
          
assistant-1.5"
Justice Dept brings federal charge against man accused of attack on congresswoman,The Justice Department has charged a man accused of approaching Representative Ilhan Omar at a Minneapolis town hall this week and spraying her with a liquid...,Center,"system
You are participating in a standardized News Bias Classification task for academic
research. Output ONLY a single numeric value between -3.0 and +3.0.

Do NOT provide explanations or text.

user
            HEADLINE: Justice Dept brings federal charge against man accused of attack on congresswoman
            ARTICLE SUMMARY: The Justice Department has charged a man accused of approaching Representative Ilhan Omar at a Minneapolis town hall this week and spraying her with a liquid...

            Output ONLY the numeric bias score.
          
assistant-1.5"
"In Switzerland, Several People Died During an Explosion in a Bar in the Ski Resort of Crans-Montana","The accident, of unknown origin, caused several deaths and injuries in Crans-Montana, a ski resort in the canton of Valais, Switzerland, announced the police on Thursday. 2 months ago · Paris, France",Lean Left,"system
You are participating in a standardized News Bias Classification task for academic
research. Output ONLY a single numeric value between -3.0 and +3.0.

Do NOT provide explanations or text.

user
            HEADLINE: In Switzerland, Several People Died During an Explosion in a Bar in the Ski Resort of Crans-Montana
            ARTICLE SUMMARY: The accident, of unknown origin, caused several deaths and injuries in Crans-Montana, a ski resort in the canton of Valais, Switzerland, announced the police on Thursday. 2 months ago · Paris, France

            Output ONLY the numeric bias score.
          
assistant-1.5"
Trump's Greenland Plans: Europe Strengthens Security in the Arctic,White House press secretary Caroline Levitt once again outlined US President Donald Trump's intentions regarding Greenland. 1 month ago,Lean Left,"system
You are participating in a standardized News Bias Classification task for academic
research. Output ONLY a single numeric value between -3.0 and +3.0.

Do NOT provide explanations or text.

user
            HEADLINE: Trump's Greenland Plans: Europe Strengthens Security in the Arctic
            ARTICLE SUMMARY: White House press secretary Caroline Levitt once again outlined US President Donald Trump's intentions regarding Greenland. 1 month ago

            Output ONLY the numeric bias score.
          
assistant-1.5"
"Trump sues IRS tax agency, Treasury over leaked records",Donald Trump has filed a lawsuit against the United States' tax collection agency and finance department over a leak of his tax records that dragged him into a controversy in 2020.,Center,"system
You are participating in a standardized News Bias Classification task for academic
research. Output ONLY a single numeric value between -3.0 and +3.0.

Do NOT provide explanations or text.

user
            HEADLINE: Trump sues IRS tax agency, Treasury over leaked records
            ARTICLE SUMMARY: Donald Trump has filed a lawsuit against the United States' tax collection agency and finance department over a leak of his tax records that dragged him into a controversy in 2020.

            Output ONLY the numeric bias score.
          
assistant-1.5"
Trump Suing The IRS,"Donald Trump is suing the IRS over a leak of his tax return. The complaint reads, “Defendants have caused Plaintiffs reputational and financial harm, public embarrassment, unfairly tarnished their business reputations, portrayed them in a false light, and negatively affected President Trump, and the other Plaintiffs’ public standing.” NBC News reported: President Donald Trump is suing the Internal Revenue Service and Treasury Department for $10 …",Far Right,"system
You are participating in a standardized News Bias Classification task for academic
research. Output ONLY a single numeric value between -3.0 and +3.0.

Do NOT provide explanations or text.

user
            HEADLINE: Trump Suing The IRS
            ARTICLE SUMMARY: Donald Trump is suing the IRS over a leak of his tax return. The complaint reads, “Defendants have caused Plaintiffs reputational and financial harm, public embarrassment, unfairly tarnished their business reputations, portrayed them in a false light, and negatively affected President Trump, and the other Plaintiffs’ public standing.” NBC News reported: President Donald Trump is suing the Internal Revenue Service and Treasury Department for $10 …

            Output ONLY the numeric bias score.
          
assistant-1.5"
Cleansing Wave in China: Xi Jinping Cleans up in the Military,"After two defense ministers and leading officers, it has now met the country's highest-ranking general.",Right,"system
You are participating in a standardized News Bias Classification task for academic
research. Output ONLY a single numeric value between -3.0 and +3.0.

Do NOT provide explanations or text.

user
            HEADLINE: Cleansing Wave in China: Xi Jinping Cleans up in the Military
            ARTICLE SUMMARY: After two defense ministers and leading officers, it has now met the country's highest-ranking general.

            Output ONLY the numeric bias score.
          
assistant-1.5"
Bulgaria Becomes the 21st Country to Adopt the Euro,"Bulgaria has adopted the euro, becoming the 21st country to choose the single European currency, almost twenty years after joining the European Union. 2 months ago · Montreal, Canada",Lean Left,"system
You are participating in a standardized News Bias Classification task for academic
research. Output ONLY a single numeric value between -3.0 and +3.0.

Do NOT provide explanations or text.

user
            HEADLINE: Bulgaria Becomes the 21st Country to Adopt the Euro
            ARTICLE SUMMARY: Bulgaria has adopted the euro, becoming the 21st country to choose the single European currency, almost twenty years after joining the European Union. 2 months ago · Montreal, Canada

            Output ONLY the numeric bias score.
          
assistant0.0"
Judge halts arrests of Minnesota refugees in Trump’s fraud crackdown,A federal judge has stopped the Trump administration's plan to arrest and detain recently arrived refugees in Minnesota.,Center,"system
You are participating in a standardized News Bias Classification task for academic
research. Output ONLY a single numeric value between -3.0 and +3.0.

Do NOT provide explanations or text.

user
            HEADLINE: Judge halts arrests of Minnesota refugees in Trump’s fraud crackdown
            ARTICLE SUMMARY: A federal judge has stopped the Trump administration's plan to arrest and detain recently arrived refugees in Minnesota.

            Output ONLY the numeric bias score.
          
assistant-1.5"
"Epstein wanted his lawyer to represent Kraft in Florida case, according to newly released documents - The Boston Globe","""im trying to have him hire you,” Epstein wrote his lawyer in 2019, referring to Robert Kraft.",Lean Left,"system
You are participating in a standardized News Bias Classification task for academic
research. Output ONLY a single numeric value between -3.0 and +3.0.

Do NOT provide explanations or text.

user
            HEADLINE: Epstein wanted his lawyer to represent Kraft in Florida case, according to newly released documents - The Boston Globe
            ARTICLE SUMMARY: ""im trying to have him hire you,” Epstein wrote his lawyer in 2019, referring to Robert Kraft.

            Output ONLY the numeric bias score.
          
assistant-1.5"
"Rep. Ilhan Omar’s Attacker Anthony Kazmierczak Charged With Assault, Sprayed Substance Identified","Source: Hennepin County Sheriff / other Donald Trump’s America is in perpetual turmoil. Immigrants are being targeted with violent kidnapping, citizens are being killed by militarized federal agencies and politicians who push back against that agenda are subject to physical attack by MAGA supporters. Yesterday, during a town hall meeting, Rep. Ilhan Omar was sprayed with a then unknown substance by a 55-year-old white man named Anthony Kazmier…",Left,"system
You are participating in a standardized News Bias Classification task for academic
research. Output ONLY a single numeric value between -3.0 and +3.0.

Do NOT provide explanations or text.

user
            HEADLINE: Rep. Ilhan Omar’s Attacker Anthony Kazmierczak Charged With Assault, Sprayed Substance Identified
            ARTICLE SUMMARY: Source: Hennepin County Sheriff / other Donald Trump’s America is in perpetual turmoil. Immigrants are being targeted with violent kidnapping, citizens are being killed by militarized federal agencies and politicians who push back against that agenda are subject to physical attack by MAGA supporters. Yesterday, during a town hall meeting, Rep. Ilhan Omar was sprayed with a then unknown substance by a 55-year-old white man named Anthony Kazmier…

            Output ONLY the numeric bias score.
          
assistant-2.5"
"More than 1 Million American Homes without Power Due to Winter Storm: ""This Is the Amount of Snow We've Never Seen Before""","More than 1 million households in the United States are without power due to the severe winter storm Fern. The southern and midwestern states, including Tennessee, Mississippi, Louisiana, and Texas, have been particularly hard hit. David from Geel, who is vacationing in New York, is also watching the snow fall in buckets. ""It's truly insane.""",Center,"system
You are participating in a standardized News Bias Classification task for academic
research. Output ONLY a single numeric value between -3.0 and +3.0.

Do NOT provide explanations or text.

user
            HEADLINE: More than 1 Million American Homes without Power Due to Winter Storm: ""This Is the Amount of Snow We've Never Seen Before""
            ARTICLE SUMMARY: More than 1 million households in the United States are without power due to the severe winter storm Fern. The southern and midwestern states, including Tennessee, Mississippi, Louisiana, and Texas, have been particularly hard hit. David from Geel, who is vacationing in New York, is also watching the snow fall in buckets. ""It's truly insane.""

            Output ONLY the numeric bias score.
          
assistant-1.5"
New research bolsters evidence that Tylenol doesn't raise the ris,"A new review of studies has found that taking Tylenol during pregnancy doesn’t increase the risk of autism, ADHD or intellectual disabilities – adding to the growing body of research refuting claims made by the Trump administration . President Donald Trump last year promoted unproven ties between the painkiller and autism , telling pregnant women: “Don’t take Tylenol.” The latest research review, published Friday in The Lancet Obstetrics, Gyneco… 1 month ago · Baltimore, United States",Center,"system
You are participating in a standardized News Bias Classification task for academic
research. Output ONLY a single numeric value between -3.0 and +3.0.

Do NOT provide explanations or text.

user
            HEADLINE: New research bolsters evidence that Tylenol doesn't raise the ris
            ARTICLE SUMMARY: A new review of studies has found that taking Tylenol during pregnancy doesn’t increase the risk of autism, ADHD or intellectual disabilities – adding to the growing body of research refuting claims made by the Trump administration . President Donald Trump last year promoted unproven ties between the painkiller and autism , telling pregnant women: “Don’t take Tylenol.” The latest research review, published Friday in The Lancet Obstetrics, Gyneco… 1 month ago · Baltimore, United States

            Output ONLY the numeric bias score.
          
assistant-1.5"
Jeffries: Funding won't move forward until 'drastic change' in DHS bill,"House Minority Leader Hakeem Jeffries (D-NY) said appropriations bills will not move forward until there is a drastic shift in the Trump administration‘s immigration operations. “Dramatic change is needed within the Department of Homeland Security before any appropriations bill related to [Immigration and Customs Enforcement] and [Customs and Border Protection] proceeds,” Jeffries said at his press conference on Thursday. This is the latest inst…",Right,"system
You are participating in a standardized News Bias Classification task for academic
research. Output ONLY a single numeric value between -3.0 and +3.0.

Do NOT provide explanations or text.

user
            HEADLINE: Jeffries: Funding won't move forward until 'drastic change' in DHS bill
            ARTICLE SUMMARY: House Minority Leader Hakeem Jeffries (D-NY) said appropriations bills will not move forward until there is a drastic shift in the Trump administration‘s immigration operations. “Dramatic change is needed within the Department of Homeland Security before any appropriations bill related to [Immigration and Customs Enforcement] and [Customs and Border Protection] proceeds,” Jeffries said at his press conference on Thursday. This is the latest inst…

            Output ONLY the numeric bias score.
          
assistant-1.5"
"New Year, New Currency for Bulgaria","Bulgarians began withdrawing euros for the first time on Thursday after the former communist nation joined the euro currency as its 21st member. Cash machines in the capital, Sofia, dispensed brand new euro banknotes, replacing the lev, which will still be in use for cash payments in January, the AP... 2 months ago · Miami, United States",Lean Left,"system
You are participating in a standardized News Bias Classification task for academic
research. Output ONLY a single numeric value between -3.0 and +3.0.

Do NOT provide explanations or text.

user
            HEADLINE: New Year, New Currency for Bulgaria
            ARTICLE SUMMARY: Bulgarians began withdrawing euros for the first time on Thursday after the former communist nation joined the euro currency as its 21st member. Cash machines in the capital, Sofia, dispensed brand new euro banknotes, replacing the lev, which will still be in use for cash payments in January, the AP... 2 months ago · Miami, United States

            Output ONLY the numeric bias score.
          
assistant0.0"
Megyn Kelly Blasted for Her Response to Fatal Shooting in Minneapolis,Kelly got sarcastic on X after federal agents shot a 37-year-old ICU nurse dead in the Minnesota city.,Center,"system
You are participating in a standardized News Bias Classification task for academic
research. Output ONLY a single numeric value between -3.0 and +3.0.

Do NOT provide explanations or text.

user
            HEADLINE: Megyn Kelly Blasted for Her Response to Fatal Shooting in Minneapolis
            ARTICLE SUMMARY: Kelly got sarcastic on X after federal agents shot a 37-year-old ICU nurse dead in the Minnesota city.

            Output ONLY the numeric bias score.
          
assistant-1.5"
Ice from winter storm leaves a million without power across the South,"Tree branches and power lines snapped under the weight of ice, and about a million homes and businesses in the Southeast were left without electricity.",Center,"system
You are participating in a standardized News Bias Classification task for academic
research. Output ONLY a single numeric value between -3.0 and +3.0.

Do NOT provide explanations or text.

user
            HEADLINE: Ice from winter storm leaves a million without power across the South
            ARTICLE SUMMARY: Tree branches and power lines snapped under the weight of ice, and about a million homes and businesses in the Southeast were left without electricity.

            Output ONLY the numeric bias score.
          
assistant-1.5"
US Justice Department releases more Epstein files,The US Department of Justice has said it released 3 million more pages of documents from the Epstein files. Some Democratic politicians have questioned whether all the files have been made public as legally required.,Center,"system
You are participating in a standardized News Bias Classification task for academic
research. Output ONLY a single numeric value between -3.0 and +3.0.

Do NOT provide explanations or text.

user
            HEADLINE: US Justice Department releases more Epstein files
            ARTICLE SUMMARY: The US Department of Justice has said it released 3 million more pages of documents from the Epstein files. Some Democratic politicians have questioned whether all the files have been made public as legally required.

            Output ONLY the numeric bias score.
          
assistant-1.5"
"7 killed, 1 survived jet crash during snowstorm takeoff in Maine Sunday",A Bombardier Challenger 600 carrying eight people crashed on takeoff at around 7:45 p.m. Sunday as New England grappled with a massive winter storm.,Center,"system
You are participating in a standardized News Bias Classification task for academic
research. Output ONLY a single numeric value between -3.0 and +3.0.

Do NOT provide explanations or text.

user
            HEADLINE: 7 killed, 1 survived jet crash during snowstorm takeoff in Maine Sunday
            ARTICLE SUMMARY: A Bombardier Challenger 600 carrying eight people crashed on takeoff at around 7:45 p.m. Sunday as New England grappled with a massive winter storm.

            Output ONLY the numeric bias score.
          
assistant-1.5"
Minnesota man accused of attempting to free Luigi Mangione from jail in New York,"Mark Anderson, 36, of Mankato, was found with a pizza cutter and barbeque fork.",Lean Left,"system
You are participating in a standardized News Bias Classification task for academic
research. Output ONLY a single numeric value between -3.0 and +3.0.

Do NOT provide explanations or text.

user
            HEADLINE: Minnesota man accused of attempting to free Luigi Mangione from jail in New York
            ARTICLE SUMMARY: Mark Anderson, 36, of Mankato, was found with a pizza cutter and barbeque fork.

            Output ONLY the numeric bias score.
          
assistant-1.5"
Rhode Island Shooting: Transgender Shooter & Gun Control Debate,"Providence, RI – A shooting at the Rhode Island Sports and Ice Center in Cranston, Rhode… The post Rhode Island Shooting: Transgender Shooter & Gun Control Debate appeared first on TIme News.",Center,"system
You are participating in a standardized News Bias Classification task for academic
research. Output ONLY a single numeric value between -3.0 and +3.0.

Do NOT provide explanations or text.

user
            HEADLINE: Rhode Island Shooting: Transgender Shooter & Gun Control Debate
            ARTICLE SUMMARY: Providence, RI – A shooting at the Rhode Island Sports and Ice Center in Cranston, Rhode… The post Rhode Island Shooting: Transgender Shooter & Gun Control Debate appeared first on TIme News.

            Output ONLY the numeric bias score.
          
assistant-1.5"
Top House Dems Warn Trump to Sack Kristi Noem or Else: ‘We Can Do This the Easy Way or the Hard Way’,"House Democrat leadership has demanded that President Donald Trump remove Homeland Security Secretary Kristi Noem from her post, or she will face impeachment.",Lean Left,"system
You are participating in a standardized News Bias Classification task for academic
research. Output ONLY a single numeric value between -3.0 and +3.0.

Do NOT provide explanations or text.

user
            HEADLINE: Top House Dems Warn Trump to Sack Kristi Noem or Else: ‘We Can Do This the Easy Way or the Hard Way’
            ARTICLE SUMMARY: House Democrat leadership has demanded that President Donald Trump remove Homeland Security Secretary Kristi Noem from her post, or she will face impeachment.

            Output ONLY the numeric bias score.
          
assistant-2.5"
Authorities thwart attempt to break Luigi Mangione out of jail,Mangione stands accused of assassinating UnitedHealthCare CEO Brian Thompson in late 2024.,Right,"system
You are participating in a standardized News Bias Classification task for academic
research. Output ONLY a single numeric value between -3.0 and +3.0.

Do NOT provide explanations or text.

user
            HEADLINE: Authorities thwart attempt to break Luigi Mangione out of jail
            ARTICLE SUMMARY: Mangione stands accused of assassinating UnitedHealthCare CEO Brian Thompson in late 2024.

            Output ONLY the numeric bias score.
          
assistant-2.5"
Trump backs Senate government funding deal that includes DHS extension,President Donald Trump's endorsement of a Senate spending deal will likely pave the way to its passage and avert another lengthy government shutdown.,Center,"system
You are participating in a standardized News Bias Classification task for academic
research. Output ONLY a single numeric value between -3.0 and +3.0.

Do NOT provide explanations or text.

user
            HEADLINE: Trump backs Senate government funding deal that includes DHS extension
            ARTICLE SUMMARY: President Donald Trump's endorsement of a Senate spending deal will likely pave the way to its passage and avert another lengthy government shutdown.

            Output ONLY the numeric bias score.
          
assistant0.0"
Bulgaria to begin use of the euro Jan. 1,"Bulgaria will begin using the euro as its currency on Thursday, and the country hopes it will bring an economic boost, despite concerns. 2 months ago · Washington, United States",Center,"system
You are participating in a standardized News Bias Classification task for academic
research. Output ONLY a single numeric value between -3.0 and +3.0.

Do NOT provide explanations or text.

user
            HEADLINE: Bulgaria to begin use of the euro Jan. 1
            ARTICLE SUMMARY: Bulgaria will begin using the euro as its currency on Thursday, and the country hopes it will bring an economic boost, despite concerns. 2 months ago · Washington, United States

            Output ONLY the numeric bias score.
          
assistant0.0"
"'... so I Will Send the Army', Trump's Direct Threat to the People Protesting in This State of the Us","Violent protests against the action of immigration agents in Minneapolis, USA, have raised the concern of the White House. Seeing the situation worsening, President Donald Trump has threatened to withdraw the army by implementing the Rebellion Act. Incessant shootings, arrests and harsh rhetoric have brought the city to the center of tension. 1 month ago",Right,"system
You are participating in a standardized News Bias Classification task for academic
research. Output ONLY a single numeric value between -3.0 and +3.0.

Do NOT provide explanations or text.

user
            HEADLINE: '... so I Will Send the Army', Trump's Direct Threat to the People Protesting in This State of the Us
            ARTICLE SUMMARY: Violent protests against the action of immigration agents in Minneapolis, USA, have raised the concern of the White House. Seeing the situation worsening, President Donald Trump has threatened to withdraw the army by implementing the Rebellion Act. Incessant shootings, arrests and harsh rhetoric have brought the city to the center of tension. 1 month ago

            Output ONLY the numeric bias score.
          
assistant-1.5"
Trump Names Next Fed Chair Pick: ‘He Will Never Let You Down’,"President Donald Trump announced Friday that he was nominating economist Kevin Warsh to be the next chairman of the Federal Reserve. Warsh, a critic of the current chair Jerome Powell, will need to be confirmed by the Senate. Trump has battled with Powell over interest rates and has even floated firing him. “I am pleased to announce that I am nominating Kevin Warsh to be the CHAIRMAN OF THE BOARD OF GOVERNORS OF THE FEDERAL RESERVE SYSTEM,” Trum…",Right,"system
You are participating in a standardized News Bias Classification task for academic
research. Output ONLY a single numeric value between -3.0 and +3.0.

Do NOT provide explanations or text.

user
            HEADLINE: Trump Names Next Fed Chair Pick: ‘He Will Never Let You Down’
            ARTICLE SUMMARY: President Donald Trump announced Friday that he was nominating economist Kevin Warsh to be the next chairman of the Federal Reserve. Warsh, a critic of the current chair Jerome Powell, will need to be confirmed by the Senate. Trump has battled with Powell over interest rates and has even floated firing him. “I am pleased to announce that I am nominating Kevin Warsh to be the CHAIRMAN OF THE BOARD OF GOVERNORS OF THE FEDERAL RESERVE SYSTEM,” Trum…

            Output ONLY the numeric bias score.
          
assistant-1.5"
Authorities investigating damage to undersea telecom ...,2 months ago,Lean Left,"system
You are participating in a standardized News Bias Classification task for academic
research. Output ONLY a single numeric value between -3.0 and +3.0.

Do NOT provide explanations or text.

user
            HEADLINE: Authorities investigating damage to undersea telecom ...
            ARTICLE SUMMARY: 2 months ago

            Output ONLY the numeric bias score.
          
assistant-1.5"
Trump sues IRS and Treasury Department for $10 billion over tax return leaks,"Donald Trump sues IRS and Treasury Department for $10 billion over tax return leaks, claiming reputational and financial harm.",Lean Left,"system
You are participating in a standardized News Bias Classification task for academic
research. Output ONLY a single numeric value between -3.0 and +3.0.

Do NOT provide explanations or text.

user
            HEADLINE: Trump sues IRS and Treasury Department for $10 billion over tax return leaks
            ARTICLE SUMMARY: Donald Trump sues IRS and Treasury Department for $10 billion over tax return leaks, claiming reputational and financial harm.

            Output ONLY the numeric bias score.
          
assistant-2.5"
Trump Has Returned to Threaten Iran,This time it's not about protests against the regime but about its nuclear program.,Lean Left,"system
You are participating in a standardized News Bias Classification task for academic
research. Output ONLY a single numeric value between -3.0 and +3.0.

Do NOT provide explanations or text.

user
            HEADLINE: Trump Has Returned to Threaten Iran
            ARTICLE SUMMARY: This time it's not about protests against the regime but about its nuclear program.

            Output ONLY the numeric bias score.
          
assistant-1.5"
"""Excessive Speed"": a Cable Car Accident in the Italian Alps Caused Four Injuries","The ski season is in full swing in the Alps between Christmas and New Year's Eve. Four people were injured and a hundred others were blocked at the top of a mountain in northwestern Italy on Tuesday, after the arrival too fast of a cable car cabin at the upper station, according to the rescue services.Nobody was seriously injured as a result of the accident on the Macugnaga cable car, which climbs to the Monte Moro pass, at 2,800 m above sea lev… 2 months ago · Paris, France",Right,"system
You are participating in a standardized News Bias Classification task for academic
research. Output ONLY a single numeric value between -3.0 and +3.0.

Do NOT provide explanations or text.

user
            HEADLINE: ""Excessive Speed"": a Cable Car Accident in the Italian Alps Caused Four Injuries
            ARTICLE SUMMARY: The ski season is in full swing in the Alps between Christmas and New Year's Eve. Four people were injured and a hundred others were blocked at the top of a mountain in northwestern Italy on Tuesday, after the arrival too fast of a cable car cabin at the upper station, according to the rescue services.Nobody was seriously injured as a result of the accident on the Macugnaga cable car, which climbs to the Monte Moro pass, at 2,800 m above sea lev… 2 months ago · Paris, France

            Output ONLY the numeric bias score.
          
assistant-1.2"
Nipissing-Timiskaming MP Pauline Rochefort happy with canola tariff relief from China,"MP Pauline Rochefort is joining regional experts from the agriculture sector in Nipissing—Timiskaming in highlighting significant tariff relief by the People’s Republic of China on Canadian canola. 1 month ago · Ontario, Canada",Right,"system
You are participating in a standardized News Bias Classification task for academic
research. Output ONLY a single numeric value between -3.0 and +3.0.

Do NOT provide explanations or text.

user
            HEADLINE: Nipissing-Timiskaming MP Pauline Rochefort happy with canola tariff relief from China
            ARTICLE SUMMARY: MP Pauline Rochefort is joining regional experts from the agriculture sector in Nipissing—Timiskaming in highlighting significant tariff relief by the People’s Republic of China on Canadian canola. 1 month ago · Ontario, Canada

            Output ONLY the numeric bias score.
          
assistant0.0"
Helena commission passes resolution that city police avoid aiding ICE,"Before an overflow crowd and after hours of public comment and deliberation, the commission approved the resolution by a 4-1 vote.",Center,"system
You are participating in a standardized News Bias Classification task for academic
research. Output ONLY a single numeric value between -3.0 and +3.0.

Do NOT provide explanations or text.

user
            HEADLINE: Helena commission passes resolution that city police avoid aiding ICE
            ARTICLE SUMMARY: Before an overflow crowd and after hours of public comment and deliberation, the commission approved the resolution by a 4-1 vote.

            Output ONLY the numeric bias score.
          
assistant-1.0"
Eu Investigates Grok-Chatbot for Sexualised Ai Images,The EU Commission is initiating proceedings against Elon Musk's platform X. The reason for this is sexualized images created by the AI Chatbot Grok.,Center,"system
You are participating in a standardized News Bias Classification task for academic
research. Output ONLY a single numeric value between -3.0 and +3.0.

Do NOT provide explanations or text.

user
            HEADLINE: Eu Investigates Grok-Chatbot for Sexualised Ai Images
            ARTICLE SUMMARY: The EU Commission is initiating proceedings against Elon Musk's platform X. The reason for this is sexualized images created by the AI Chatbot Grok.

            Output ONLY the numeric bias score.
          
assistant-2.5"
Trump sues the IRS for $10 billion,"(The Center Square) – President Donald Trump, his eldest two sons and the Trump organization have filed a lawsuit against the IRS, seeking at least $10 billion in damages for failing to prevent the leaking of their financial data in…",Center,"system
You are participating in a standardized News Bias Classification task for academic
research. Output ONLY a single numeric value between -3.0 and +3.0.

Do NOT provide explanations or text.

user
            HEADLINE: Trump sues the IRS for $10 billion
            ARTICLE SUMMARY: (The Center Square) – President Donald Trump, his eldest two sons and the Trump organization have filed a lawsuit against the IRS, seeking at least $10 billion in damages for failing to prevent the leaking of their financial data in…

            Output ONLY the numeric bias score.
          
assistant-1.5"
"Trump sues IRS, Treasury Department for $10 billion over leaked tax returns","The lawsuit, filed in a federal Miami courthouse, specifies that Trump is suing in his personal capacity and not as president.",Right,"system
You are participating in a standardized News Bias Classification task for academic
research. Output ONLY a single numeric value between -3.0 and +3.0.

Do NOT provide explanations or text.

user
            HEADLINE: Trump sues IRS, Treasury Department for $10 billion over leaked tax returns
            ARTICLE SUMMARY: The lawsuit, filed in a federal Miami courthouse, specifies that Trump is suing in his personal capacity and not as president.

            Output ONLY the numeric bias score.
          
assistant-1.5"
"Tony Katz WIBC 1st Hr 1/27/26: S Korea, Homan to MN, Snow Plows, Walz","Tony Katz: South Korea, Homan to MN, Snow Plows, Tim Walz",Right,"system
You are participating in a standardized News Bias Classification task for academic
research. Output ONLY a single numeric value between -3.0 and +3.0.

Do NOT provide explanations or text.

user
            HEADLINE: Tony Katz WIBC 1st Hr 1/27/26: S Korea, Homan to MN, Snow Plows, Walz
            ARTICLE SUMMARY: Tony Katz: South Korea, Homan to MN, Snow Plows, Tim Walz

            Output ONLY the numeric bias score.
          
assistant0.0"
Meeting of Trump and Machado - Machado Gives Us President Trump Its Nobel Peace Prize Medal,"US President Trump has received Venezuelan opposition leader María Corina Machado in the White House. 1 month ago · Zürich, Switzerland",Lean Left,"system
You are participating in a standardized News Bias Classification task for academic
research. Output ONLY a single numeric value between -3.0 and +3.0.

Do NOT provide explanations or text.

user
            HEADLINE: Meeting of Trump and Machado - Machado Gives Us President Trump Its Nobel Peace Prize Medal
            ARTICLE SUMMARY: US President Trump has received Venezuelan opposition leader María Corina Machado in the White House. 1 month ago · Zürich, Switzerland

            Output ONLY the numeric bias score.
          
assistant0.0"
Pilot identified as first victim of plane crash that killed six seconds after takeoff,"The identity of the first victim to die in the crash in Bangor Airport, Maine has been revealed",Center,"system
You are participating in a standardized News Bias Classification task for academic
research. Output ONLY a single numeric value between -3.0 and +3.0.

Do NOT provide explanations or text.

user
            HEADLINE: Pilot identified as first victim of plane crash that killed six seconds after takeoff
            ARTICLE SUMMARY: The identity of the first victim to die in the crash in Bangor Airport, Maine has been revealed

            Output ONLY the numeric bias score.
          
assistant-1.5"
"Trump sues IRS, Treasury Department for $10B over alleged tax return leaks","The court filing said the IRS and the Treasury Department did not have the safeguards in place to prevent the ""unlawful conduct.""",Center,"system
You are participating in a standardized News Bias Classification task for academic
research. Output ONLY a single numeric value between -3.0 and +3.0.

Do NOT provide explanations or text.

user
            HEADLINE: Trump sues IRS, Treasury Department for $10B over alleged tax return leaks
            ARTICLE SUMMARY: The court filing said the IRS and the Treasury Department did not have the safeguards in place to prevent the ""unlawful conduct.""

            Output ONLY the numeric bias score.
          
assistant-1.5"
2nd LD Writethru: U.S. Fed keeps interest rate unchanged at 3.5-3.75 pct,"WASHINGTON, Jan. 28 (Xinhua) -- The U.S. Federal Reserve on Wednesday kept the target range for the federal funds interest rate unchanged at 3.5 percent to 3.75 percent at its first policy meeting of 2026. Read full story",Right,"system
You are participating in a standardized News Bias Classification task for academic
research. Output ONLY a single numeric value between -3.0 and +3.0.

Do NOT provide explanations or text.

user
            HEADLINE: 2nd LD Writethru: U.S. Fed keeps interest rate unchanged at 3.5-3.75 pct
            ARTICLE SUMMARY: WASHINGTON, Jan. 28 (Xinhua) -- The U.S. Federal Reserve on Wednesday kept the target range for the federal funds interest rate unchanged at 3.5 percent to 3.75 percent at its first policy meeting of 2026. Read full story

            Output ONLY the numeric bias score.
          
assistant0.0"
The Us Federal Reserve Left Interest Rates Unchanged,"The US Federal Reserve decided to leave interest rates unchanged on Wednesday, as central bank Chairman Jerome Powell said the economy is strong and risks to inflation and employment have diminished. This could indicate that interest rates will not be cut anytime soon, meaning that borrowing costs for Americans will not fall.",Center,"system
You are participating in a standardized News Bias Classification task for academic
research. Output ONLY a single numeric value between -3.0 and +3.0.

Do NOT provide explanations or text.

user
            HEADLINE: The Us Federal Reserve Left Interest Rates Unchanged
            ARTICLE SUMMARY: The US Federal Reserve decided to leave interest rates unchanged on Wednesday, as central bank Chairman Jerome Powell said the economy is strong and risks to inflation and employment have diminished. This could indicate that interest rates will not be cut anytime soon, meaning that borrowing costs for Americans will not fall.

            Output ONLY the numeric bias score.
          
assistant-1.2"
Why Trump Is Suing the IRS and Treasury for $10 Billion,"President Donald Trump, alongside the Trump Organization, and his sons Eric and Donald Jr., is suing the IRS and the Treasury Department for $10 billion. In a lawsuit filed in a Miami federal court Thursday, Trump and the other plaintiffs accused the federal agencies of failing in their duty of stopping former Internal Revenue Service contractor Charles Littlejohn—who worked for Booz Allen Hamilton, a consulting company—from illegally obtaining …",Lean Left,"system
You are participating in a standardized News Bias Classification task for academic
research. Output ONLY a single numeric value between -3.0 and +3.0.

Do NOT provide explanations or text.

user
            HEADLINE: Why Trump Is Suing the IRS and Treasury for $10 Billion
            ARTICLE SUMMARY: President Donald Trump, alongside the Trump Organization, and his sons Eric and Donald Jr., is suing the IRS and the Treasury Department for $10 billion. In a lawsuit filed in a Miami federal court Thursday, Trump and the other plaintiffs accused the federal agencies of failing in their duty of stopping former Internal Revenue Service contractor Charles Littlejohn—who worked for Booz Allen Hamilton, a consulting company—from illegally obtaining …

            Output ONLY the numeric bias score.
          
assistant-1.5"
Trump sues the IRS for $10 billion,"(The Center Square) – President Donald Trump, his eldest two sons and the Trump organization have filed a lawsuit against the IRS, seeking at least $10 billion in damages for failing to prevent the leaking of their financial data in…",Center,"system
You are participating in a standardized News Bias Classification task for academic
research. Output ONLY a single numeric value between -3.0 and +3.0.

Do NOT provide explanations or text.

user
            HEADLINE: Trump sues the IRS for $10 billion
            ARTICLE SUMMARY: (The Center Square) – President Donald Trump, his eldest two sons and the Trump organization have filed a lawsuit against the IRS, seeking at least $10 billion in damages for failing to prevent the leaking of their financial data in…

            Output ONLY the numeric bias score.
          
assistant-1.5"
Trump gifted Nobel Peace Prize by Venezuela’s María Corina Machado - National,"Trump confirmed on social media that Machado had left the Peace Prize medal for him to keep, and he said it was an honour to meet her. 1 month ago · Toronto, Canada",Lean Left,"system
You are participating in a standardized News Bias Classification task for academic
research. Output ONLY a single numeric value between -3.0 and +3.0.

Do NOT provide explanations or text.

user
            HEADLINE: Trump gifted Nobel Peace Prize by Venezuela’s María Corina Machado - National
            ARTICLE SUMMARY: Trump confirmed on social media that Machado had left the Peace Prize medal for him to keep, and he said it was an honour to meet her. 1 month ago · Toronto, Canada

            Output ONLY the numeric bias score.
          
assistant-1.5"
"After Meeting with Trump, Machado Says She Offered the Us President the Nobel Peace Prize She Was Awarded in December.","She did so, as she said, in recognition of ""his unique commitment to our freedom"" - The Venezuelan opposition leader did not say, however, whether the US president accepted the award, which is prohibited by regulations. 1 month ago",Right,"system
You are participating in a standardized News Bias Classification task for academic
research. Output ONLY a single numeric value between -3.0 and +3.0.

Do NOT provide explanations or text.

user
            HEADLINE: After Meeting with Trump, Machado Says She Offered the Us President the Nobel Peace Prize She Was Awarded in December.
            ARTICLE SUMMARY: She did so, as she said, in recognition of ""his unique commitment to our freedom"" - The Venezuelan opposition leader did not say, however, whether the US president accepted the award, which is prohibited by regulations. 1 month ago

            Output ONLY the numeric bias score.
          
assistant0.0"
Plane Carrying Eight Crashes in Maine,"Twin-engine jet carrying eight crashes during takeoff in Bangor, Maine.",Right,"system
You are participating in a standardized News Bias Classification task for academic
research. Output ONLY a single numeric value between -3.0 and +3.0.

Do NOT provide explanations or text.

user
            HEADLINE: Plane Carrying Eight Crashes in Maine
            ARTICLE SUMMARY: Twin-engine jet carrying eight crashes during takeoff in Bangor, Maine.

            Output ONLY the numeric bias score.
          
assistant-1.5"
Putin claimed Ukraine targeted his home — but CIA says it never happened,"Russian President Vladimir Putin lied when he claimed earlier this week that Ukraine tried to kill him in a massive drone attack targeting one of his residences, according to US intelligence. 2 months ago · New York, United States",Right,"system
You are participating in a standardized News Bias Classification task for academic
research. Output ONLY a single numeric value between -3.0 and +3.0.

Do NOT provide explanations or text.

user
            HEADLINE: Putin claimed Ukraine targeted his home — but CIA says it never happened
            ARTICLE SUMMARY: Russian President Vladimir Putin lied when he claimed earlier this week that Ukraine tried to kill him in a massive drone attack targeting one of his residences, according to US intelligence. 2 months ago · New York, United States

            Output ONLY the numeric bias score.
          
assistant-2.0"
Canada Agrees to Cut Tariffs on Chinese EVs,"Breaking with the United States, Canada has agreed to cut its 100% tariff on Chinese electric cars in return for lower tariffs on Canadian farm products, Prime Minister Mark Carney said Jan. 16. 1 month ago",Center,"system
You are participating in a standardized News Bias Classification task for academic
research. Output ONLY a single numeric value between -3.0 and +3.0.

Do NOT provide explanations or text.

user
            HEADLINE: Canada Agrees to Cut Tariffs on Chinese EVs
            ARTICLE SUMMARY: Breaking with the United States, Canada has agreed to cut its 100% tariff on Chinese electric cars in return for lower tariffs on Canadian farm products, Prime Minister Mark Carney said Jan. 16. 1 month ago

            Output ONLY the numeric bias score.
          
assistant-1.5"
Social Media | Commission Launches Investigation Into Nude Photos of Children Produced by Musk's Ai Bot,Grok produced sexually suggestive content for users using photographs of women and children.,Lean Left,"system
You are participating in a standardized News Bias Classification task for academic
research. Output ONLY a single numeric value between -3.0 and +3.0.

Do NOT provide explanations or text.

user
            HEADLINE: Social Media | Commission Launches Investigation Into Nude Photos of Children Produced by Musk's Ai Bot
            ARTICLE SUMMARY: Grok produced sexually suggestive content for users using photographs of women and children.

            Output ONLY the numeric bias score.
          
assistant-2.5"
Trump Reportedly Told Police Chief That Epstein's Crimes Were Well-Known In New York And Palm Beach: 'Thank Goodness You're Stopping This',"President Donald Trump celebrated criminal sex charges against Jeffrey Epstein 20 years ago, telling the then-Palm Beach police chief that the activities were well-known there and in New York.",Lean Left,"system
You are participating in a standardized News Bias Classification task for academic
research. Output ONLY a single numeric value between -3.0 and +3.0.

Do NOT provide explanations or text.

user
            HEADLINE: Trump Reportedly Told Police Chief That Epstein's Crimes Were Well-Known In New York And Palm Beach: 'Thank Goodness You're Stopping This'
            ARTICLE SUMMARY: President Donald Trump celebrated criminal sex charges against Jeffrey Epstein 20 years ago, telling the then-Palm Beach police chief that the activities were well-known there and in New York.

            Output ONLY the numeric bias score.
          
assistant-1.5"
"Forecast record electricity demand to test largest US power grid, blackout chances rise","Transmission line congestion on the largest U.S. power grid is expected to soar on Thursday as the PJM Interconnection forecasts record winter power demand ahead of the weekend, boosting electricity prices and raising the chances for rolling blackouts.",Center,"system
You are participating in a standardized News Bias Classification task for academic
research. Output ONLY a single numeric value between -3.0 and +3.0.

Do NOT provide explanations or text.

user
            HEADLINE: Forecast record electricity demand to test largest US power grid, blackout chances rise
            ARTICLE SUMMARY: Transmission line congestion on the largest U.S. power grid is expected to soar on Thursday as the PJM Interconnection forecasts record winter power demand ahead of the weekend, boosting electricity prices and raising the chances for rolling blackouts.

            Output ONLY the numeric bias score.
          
assistant-1.5"
"Trump Sues IRS, Treasury for $10 Billion Over Tax-Return Leaks",President Donald Trump sued the US Treasury and Internal Revenue Service for at least $10 billion over an unauthorized disclosure of his tax returns during his first term in office.,Lean Left,"system
You are participating in a standardized News Bias Classification task for academic
research. Output ONLY a single numeric value between -3.0 and +3.0.

Do NOT provide explanations or text.

user
            HEADLINE: Trump Sues IRS, Treasury for $10 Billion Over Tax-Return Leaks
            ARTICLE SUMMARY: President Donald Trump sued the US Treasury and Internal Revenue Service for at least $10 billion over an unauthorized disclosure of his tax returns during his first term in office.

            Output ONLY the numeric bias score.
          
assistant-2.5"
Man Impersonates Fbi Agent and Tries to Free Luigi Mangione,"Mark Anderson, 36, was arrested by agents in New York on Wednesday (28). The case was revealed by ABC News and The New York Times.",Right,"system
You are participating in a standardized News Bias Classification task for academic
research. Output ONLY a single numeric value between -3.0 and +3.0.

Do NOT provide explanations or text.

user
            HEADLINE: Man Impersonates Fbi Agent and Tries to Free Luigi Mangione
            ARTICLE SUMMARY: Mark Anderson, 36, was arrested by agents in New York on Wednesday (28). The case was revealed by ABC News and The New York Times.

            Output ONLY the numeric bias score.
          
assistant-1.5"
Top General of China Is Said to Have Stabbed Nuclear Secrets to the Us,"The leader of the People's Liberation Army was disembarked in the course of Xi Jinping's military cleansing: ""Severe violations of discipline.""",Center,"system
You are participating in a standardized News Bias Classification task for academic
research. Output ONLY a single numeric value between -3.0 and +3.0.

Do NOT provide explanations or text.

user
            HEADLINE: Top General of China Is Said to Have Stabbed Nuclear Secrets to the Us
            ARTICLE SUMMARY: The leader of the People's Liberation Army was disembarked in the course of Xi Jinping's military cleansing: ""Severe violations of discipline.""

            Output ONLY the numeric bias score.
          
assistant-2.5"
"Bulgaria Adopts the Euro, but Half of the Country Remains Opposed","Lagarde: ""Together against uncertainty."" Expected advantages on trade, increases fear for prices 2 months ago · Italy",Right,"system
You are participating in a standardized News Bias Classification task for academic
research. Output ONLY a single numeric value between -3.0 and +3.0.

Do NOT provide explanations or text.

user
            HEADLINE: Bulgaria Adopts the Euro, but Half of the Country Remains Opposed
            ARTICLE SUMMARY: Lagarde: ""Together against uncertainty."" Expected advantages on trade, increases fear for prices 2 months ago · Italy

            Output ONLY the numeric bias score.
          
assistant-1.5"
Griffin-Spalding County issues 'do not consume' water advisory after Flint River fuel spill,"Use only bottled water for drinking, cooking, and brushing teeth; boiling tap water will not make it safe.",Center,"system
You are participating in a standardized News Bias Classification task for academic
research. Output ONLY a single numeric value between -3.0 and +3.0.

Do NOT provide explanations or text.

user
            HEADLINE: Griffin-Spalding County issues 'do not consume' water advisory after Flint River fuel spill
            ARTICLE SUMMARY: Use only bottled water for drinking, cooking, and brushing teeth; boiling tap water will not make it safe.

            Output ONLY the numeric bias score.
          
assistant-2.5"
Judge orders ICE chief to appear in court,MINNESOTA,Center,"system
You are participating in a standardized News Bias Classification task for academic
research. Output ONLY a single numeric value between -3.0 and +3.0.

Do NOT provide explanations or text.

user
            HEADLINE: Judge orders ICE chief to appear in court
            ARTICLE SUMMARY: MINNESOTA

            Output ONLY the numeric bias score.
          
assistant-1.5"
Man attempts to break Luigi Mangione out of prison by posing as FBI agent: authorities,"A man claiming to be an FBI agent appeared at a federal jail on Wednesday night and told officers he had a court order to release Luigi Mangione, the Associated Press reported through authorities.",Center,"system
You are participating in a standardized News Bias Classification task for academic
research. Output ONLY a single numeric value between -3.0 and +3.0.

Do NOT provide explanations or text.

user
            HEADLINE: Man attempts to break Luigi Mangione out of prison by posing as FBI agent: authorities
            ARTICLE SUMMARY: A man claiming to be an FBI agent appeared at a federal jail on Wednesday night and told officers he had a court order to release Luigi Mangione, the Associated Press reported through authorities.

            Output ONLY the numeric bias score.
          
assistant-1.5"
"""Time Is Running Out"" Before a Possible Attack: Donald Trump Puts Pressure on Iran","With the arrival of the aircraft carrier Abraham Lincoln and his escort in the Gulf, the American fleet is ""more important [...] than the one sent to Venezuela,"" says US President Donald",Center,"system
You are participating in a standardized News Bias Classification task for academic
research. Output ONLY a single numeric value between -3.0 and +3.0.

Do NOT provide explanations or text.

user
            HEADLINE: ""Time Is Running Out"" Before a Possible Attack: Donald Trump Puts Pressure on Iran
            ARTICLE SUMMARY: With the arrival of the aircraft carrier Abraham Lincoln and his escort in the Gulf, the American fleet is ""more important [...] than the one sent to Venezuela,"" says US President Donald

            Output ONLY the numeric bias score.
          
assistant-1.5"
Hunter Biden Is Accused for Child Maintenance Failure,"Hunter Biden is now facing a new lawsuit, this time for non-compliance with child support and for refusing to live with one of his daughters 1 month ago",Lean Left,"system
You are participating in a standardized News Bias Classification task for academic
research. Output ONLY a single numeric value between -3.0 and +3.0.

Do NOT provide explanations or text.

user
            HEADLINE: Hunter Biden Is Accused for Child Maintenance Failure
            ARTICLE SUMMARY: Hunter Biden is now facing a new lawsuit, this time for non-compliance with child support and for refusing to live with one of his daughters 1 month ago

            Output ONLY the numeric bias score.
          
assistant-1.5"
Trump’s Lawsuit Against the IRS Is Even Crazier Than You Think,Donald Trump is suing over things that happened during his first term.,Left,"system
You are participating in a standardized News Bias Classification task for academic
research. Output ONLY a single numeric value between -3.0 and +3.0.

Do NOT provide explanations or text.

user
            HEADLINE: Trump’s Lawsuit Against the IRS Is Even Crazier Than You Think
            ARTICLE SUMMARY: Donald Trump is suing over things that happened during his first term.

            Output ONLY the numeric bias score.
          
assistant-1.5"
Kevin Warsh's Net Worth Is Substantial but Pales in Comparison to His Wife's,"Kevin Warsh is set to be named the next chair of the Fed Board, leading some to wonder what his overall net worth is and how he acquired it.",Lean Left,"system
You are participating in a standardized News Bias Classification task for academic
research. Output ONLY a single numeric value between -3.0 and +3.0.

Do NOT provide explanations or text.

user
            HEADLINE: Kevin Warsh's Net Worth Is Substantial but Pales in Comparison to His Wife's
            ARTICLE SUMMARY: Kevin Warsh is set to be named the next chair of the Fed Board, leading some to wonder what his overall net worth is and how he acquired it.

            Output ONLY the numeric bias score.
          
assistant-1.5"
"Cia Denies Russian Claim: ""Putin's Residence Was Not Attacked"" - Us Report: Asahi Shimbun","Regarding Russia's claim that Ukraine attempted to attack President Putin's official residence, the Wall Street Journal reported on December 31, 2025, that the Central Intelligence Agency (CIA) denied this claim... 2 months ago · Tokyo, Japan",Lean Left,"system
You are participating in a standardized News Bias Classification task for academic
research. Output ONLY a single numeric value between -3.0 and +3.0.

Do NOT provide explanations or text.

user
            HEADLINE: Cia Denies Russian Claim: ""Putin's Residence Was Not Attacked"" - Us Report: Asahi Shimbun
            ARTICLE SUMMARY: Regarding Russia's claim that Ukraine attempted to attack President Putin's official residence, the Wall Street Journal reported on December 31, 2025, that the Central Intelligence Agency (CIA) denied this claim... 2 months ago · Tokyo, Japan

            Output ONLY the numeric bias score.
          
assistant-1.5"
AR Rahman Melania Documentary Premiere With Trump Cameo,"Oscar-winning composer AR Rahman recently made headlines after sharing moments from the premiere of a new documentary centred on Melania Trump. Held at the Kennedy Center in Washington, DC, the event drew political leaders, celebrities, and international personalities, making it one of the most talked-about screenings. The spotlight quickly turned to the AR Rahman Melania documentary premiere View this post on Instagram A post shared by ARR (@ar…",Center,"system
You are participating in a standardized News Bias Classification task for academic
research. Output ONLY a single numeric value between -3.0 and +3.0.

Do NOT provide explanations or text.

user
            HEADLINE: AR Rahman Melania Documentary Premiere With Trump Cameo
            ARTICLE SUMMARY: Oscar-winning composer AR Rahman recently made headlines after sharing moments from the premiere of a new documentary centred on Melania Trump. Held at the Kennedy Center in Washington, DC, the event drew political leaders, celebrities, and international personalities, making it one of the most talked-about screenings. The spotlight quickly turned to the AR Rahman Melania documentary premiere View this post on Instagram A post shared by ARR (@ar…

            Output ONLY the numeric bias score.
          
assistant0.0"
"Judge blocks deportation of Columbia grad student, Palestinian activist Mohsen Mahdawi","An immigration judge has blocked the Trump administration from deporting Columbia University graduate student Mohsen Mahdawi, a pro-Palestinian activist detained last year at his U.S. citizenship test, his attorneys wrote in court documents filed Tuesday. Mahdawi, a lawful permanent resident,… 22 hours ago",Center,"system
You are participating in a standardized News Bias Classification task for academic
research. Output ONLY a single numeric value between -3.0 and +3.0.

Do NOT provide explanations or text.

user
            HEADLINE: Judge blocks deportation of Columbia grad student, Palestinian activist Mohsen Mahdawi
            ARTICLE SUMMARY: An immigration judge has blocked the Trump administration from deporting Columbia University graduate student Mohsen Mahdawi, a pro-Palestinian activist detained last year at his U.S. citizenship test, his attorneys wrote in court documents filed Tuesday. Mahdawi, a lawful permanent resident,… 22 hours ago

            Output ONLY the numeric bias score.
          
assistant-1.5"
María Corina Machado Presented Trump with Her Nobel Peace Prize Medal.,"María Corina Machado ""presented"" Trump with her Nobel Peace Prize medal | Donald Trump 1 month ago",Center,"system
You are participating in a standardized News Bias Classification task for academic
research. Output ONLY a single numeric value between -3.0 and +3.0.

Do NOT provide explanations or text.

user
            HEADLINE: María Corina Machado Presented Trump with Her Nobel Peace Prize Medal.
            ARTICLE SUMMARY: María Corina Machado ""presented"" Trump with her Nobel Peace Prize medal | Donald Trump 1 month ago

            Output ONLY the numeric bias score.
          
assistant-1.5"
Donald Trump: Attack on Politician – President Mocks the Victim,"During a speech in Minneapolis, U.S. MP Ilhan Omar is attacked from the audience. US President Donald Trump reacts with ridicule, while Omar continues unerringly and finds clear words.",Lean Left,"system
You are participating in a standardized News Bias Classification task for academic
research. Output ONLY a single numeric value between -3.0 and +3.0.

Do NOT provide explanations or text.

user
            HEADLINE: Donald Trump: Attack on Politician – President Mocks the Victim
            ARTICLE SUMMARY: During a speech in Minneapolis, U.S. MP Ilhan Omar is attacked from the audience. US President Donald Trump reacts with ridicule, while Omar continues unerringly and finds clear words.

            Output ONLY the numeric bias score.
          
assistant-2.5"
"Trump told police chief ’everyone’ knew about Epstein, FBI document says","A newly uncovered FBI interview raised new questions about U.S. President Donald Trump's assertion he knew nothing about convicted sex offender Jeffrey Epstein's crimes, while Trump's commerce secretary, Howard Lutnick, faced a barrage of questions from lawmakers on Tuesday about his own ties to the financier. The day's developments underscored how the fallout from the Epstein scandal remains a major political headache for the Trump administrati…",Lean Left,"system
You are participating in a standardized News Bias Classification task for academic
research. Output ONLY a single numeric value between -3.0 and +3.0.

Do NOT provide explanations or text.

user
            HEADLINE: Trump told police chief ’everyone’ knew about Epstein, FBI document says
            ARTICLE SUMMARY: A newly uncovered FBI interview raised new questions about U.S. President Donald Trump's assertion he knew nothing about convicted sex offender Jeffrey Epstein's crimes, while Trump's commerce secretary, Howard Lutnick, faced a barrage of questions from lawmakers on Tuesday about his own ties to the financier. The day's developments underscored how the fallout from the Epstein scandal remains a major political headache for the Trump administrati…

            Output ONLY the numeric bias score.
          
assistant-1.5"
"US Stocks Fall, as Investors Fret Over Trump's Fed Nominee, Earnings, Inflation","Wall Street’s main indexes closed lower on Friday as investors viewed President Donald Trump’s nomination of former Federal Reserve Governor Kevin Warsh as a hawkish choice to succeed Federal Reserve Chair Jerome Powell, while also digesting earnings reports and a high inflation reading. On top of assessing the risks from U.S. tensions with countries including Iran, investors were also worried about the prospect of another U.S. government shutdo…",Lean Left,"system
You are participating in a standardized News Bias Classification task for academic
research. Output ONLY a single numeric value between -3.0 and +3.0.

Do NOT provide explanations or text.

user
            HEADLINE: US Stocks Fall, as Investors Fret Over Trump's Fed Nominee, Earnings, Inflation
            ARTICLE SUMMARY: Wall Street’s main indexes closed lower on Friday as investors viewed President Donald Trump’s nomination of former Federal Reserve Governor Kevin Warsh as a hawkish choice to succeed Federal Reserve Chair Jerome Powell, while also digesting earnings reports and a high inflation reading. On top of assessing the risks from U.S. tensions with countries including Iran, investors were also worried about the prospect of another U.S. government shutdo…

            Output ONLY the numeric bias score.
          
assistant-1.2"
Ilhan Omar Sprayed With Unknown Liquid During Town Hall * 100PercentFedUp.com * by Danielle,A man confronted Rep. Ilhan Omar (D-MN) during a town hall event in Minneapolis and sprayed her with an unknown […],Far Right,"system
You are participating in a standardized News Bias Classification task for academic
research. Output ONLY a single numeric value between -3.0 and +3.0.

Do NOT provide explanations or text.

user
            HEADLINE: Ilhan Omar Sprayed With Unknown Liquid During Town Hall * 100PercentFedUp.com * by Danielle
            ARTICLE SUMMARY: A man confronted Rep. Ilhan Omar (D-MN) during a town hall event in Minneapolis and sprayed her with an unknown […]

            Output ONLY the numeric bias score.
          
assistant-2.5"
ICE agents in Alex Pretti shooting put on 'paid leave',"The two agents who shot at Alex Pretti, a protester, have been placed on administrative leave after investigators conducted a new analysis on camera footage",Lean Left,"system
You are participating in a standardized News Bias Classification task for academic
research. Output ONLY a single numeric value between -3.0 and +3.0.

Do NOT provide explanations or text.

user
            HEADLINE: ICE agents in Alex Pretti shooting put on 'paid leave'
            ARTICLE SUMMARY: The two agents who shot at Alex Pretti, a protester, have been placed on administrative leave after investigators conducted a new analysis on camera footage

            Output ONLY the numeric bias score.
          
assistant-1.5"
"Donald Trump 'bitten by woman after being forced to perform oral act', Epstein file claims","The US president has been named in the latest Epstein documents release, with one unproven file claiming an unidentified woman bit him during incident 35 years ago",Right,"system
You are participating in a standardized News Bias Classification task for academic
research. Output ONLY a single numeric value between -3.0 and +3.0.

Do NOT provide explanations or text.

user
            HEADLINE: Donald Trump 'bitten by woman after being forced to perform oral act', Epstein file claims
            ARTICLE SUMMARY: The US president has been named in the latest Epstein documents release, with one unproven file claiming an unidentified woman bit him during incident 35 years ago

            Output ONLY the numeric bias score.
          
assistant-1.5"
Trump chooses Warsh to lead Federal Reserve,WASHINGTON — President Donald Trump's nomination of Kevin Warsh to chair the Federal Reserve could bring about sweeping changes at a central bank that dominates the global economy and markets like no other.,Center,"system
You are participating in a standardized News Bias Classification task for academic
research. Output ONLY a single numeric value between -3.0 and +3.0.

Do NOT provide explanations or text.

user
            HEADLINE: Trump chooses Warsh to lead Federal Reserve
            ARTICLE SUMMARY: WASHINGTON — President Donald Trump's nomination of Kevin Warsh to chair the Federal Reserve could bring about sweeping changes at a central bank that dominates the global economy and markets like no other.

            Output ONLY the numeric bias score.
          
assistant-1.5"
Human life span found to be far more heritable than previously believed,An analysis of twin cohort data suggests that human life span is far more heritable than previously believed.,Center,"system
You are participating in a standardized News Bias Classification task for academic
research. Output ONLY a single numeric value between -3.0 and +3.0.

Do NOT provide explanations or text.

user
            HEADLINE: Human life span found to be far more heritable than previously believed
            ARTICLE SUMMARY: An analysis of twin cohort data suggests that human life span is far more heritable than previously believed.

            Output ONLY the numeric bias score.
          
assistant-1.5"
"Report: The FBI bent its own rules to spy on 1,100 'sensitive' targets","Opening investigations requires evidence, so the feds created “assessments.”",Right,"system
You are participating in a standardized News Bias Classification task for academic
research. Output ONLY a single numeric value between -3.0 and +3.0.

Do NOT provide explanations or text.

user
            HEADLINE: Report: The FBI bent its own rules to spy on 1,100 'sensitive' targets
            ARTICLE SUMMARY: Opening investigations requires evidence, so the feds created “assessments.”

            Output ONLY the numeric bias score.
          
assistant-1.5"
Man with syringe attacks Democrat politician on stage,"Hours after her name was booed at a Trump rally, US Democrat Ilhan Omar has been attacked on stage by a man wielding a syringe as she gave a speech.",Right,"system
You are participating in a standardized News Bias Classification task for academic
research. Output ONLY a single numeric value between -3.0 and +3.0.

Do NOT provide explanations or text.

user
            HEADLINE: Man with syringe attacks Democrat politician on stage
            ARTICLE SUMMARY: Hours after her name was booed at a Trump rally, US Democrat Ilhan Omar has been attacked on stage by a man wielding a syringe as she gave a speech.

            Output ONLY the numeric bias score.
          
assistant-2.5"
"Media Reporting Trump's Tariffs Cost Americans $1,000, But They're Ignoring Overall Savings of His Policies","Media outlets were quick to glom onto a study that found President Donald Trump’s tariffs resulted in a $1,000 increase in costs to the average American household. However, they did […] The post Media Reporting Trump's Tariffs Cost Americans $1,000, But They're Ignoring Overall Savings of His Policies appeared first on The Western Journal.",Right,"system
You are participating in a standardized News Bias Classification task for academic
research. Output ONLY a single numeric value between -3.0 and +3.0.

Do NOT provide explanations or text.

user
            HEADLINE: Media Reporting Trump's Tariffs Cost Americans $1,000, But They're Ignoring Overall Savings of His Policies
            ARTICLE SUMMARY: Media outlets were quick to glom onto a study that found President Donald Trump’s tariffs resulted in a $1,000 increase in costs to the average American household. However, they did […] The post Media Reporting Trump's Tariffs Cost Americans $1,000, But They're Ignoring Overall Savings of His Policies appeared first on The Western Journal.

            Output ONLY the numeric bias score.
          
assistant-1.5"
Man who allegedly tried to free Luigi Mangione by impersonating an FBI agent has been arrested,"A man was arrested on Wednesday for allegedly impersonating an FBI agent and trying to free Luigi Mangione, according to federal court filings and a law enforcement source.",Center,"system
You are participating in a standardized News Bias Classification task for academic
research. Output ONLY a single numeric value between -3.0 and +3.0.

Do NOT provide explanations or text.

user
            HEADLINE: Man who allegedly tried to free Luigi Mangione by impersonating an FBI agent has been arrested
            ARTICLE SUMMARY: A man was arrested on Wednesday for allegedly impersonating an FBI agent and trying to free Luigi Mangione, according to federal court filings and a law enforcement source.

            Output ONLY the numeric bias score.
          
assistant-1.5"
Trump Threatens to Raise Tariffs on All Countries that Do Not Support His Plan for Greenland,"US President Donald Trump has threatened to impose a tariff rise on countries that do not accept their plans to take control of Greenland, on the grounds that the island is central to US interests. ""It may end up imposing tariffs on countries that do not accept our position on Greenland, because for us it is a matter of national security, so yes, it could,"" Trump said. Since his return to the presidency in January 2025, Trump has turned tariffs … 1 month ago",Right,"system
You are participating in a standardized News Bias Classification task for academic
research. Output ONLY a single numeric value between -3.0 and +3.0.

Do NOT provide explanations or text.

user
            HEADLINE: Trump Threatens to Raise Tariffs on All Countries that Do Not Support His Plan for Greenland
            ARTICLE SUMMARY: US President Donald Trump has threatened to impose a tariff rise on countries that do not accept their plans to take control of Greenland, on the grounds that the island is central to US interests. ""It may end up imposing tariffs on countries that do not accept our position on Greenland, because for us it is a matter of national security, so yes, it could,"" Trump said. Since his return to the presidency in January 2025, Trump has turned tariffs … 1 month ago

            Output ONLY the numeric bias score.
          
assistant-1.5"
Mother of Hunter Biden's Youngest Daughter Asks Judge to Jail Him for 'Ghosting' Girl,"Judging by his alleged treatment of his youngest daughter, former first son Hunter Biden isn’t in the running for father of the year. In fact, according to a motion filed […] The post Mother of Hunter Biden's Youngest Daughter Asks Judge to Jail Him for 'Ghosting' Girl appeared first on The Western Journal. 1 month ago · Phoenix, United States",Right,"system
You are participating in a standardized News Bias Classification task for academic
research. Output ONLY a single numeric value between -3.0 and +3.0.

Do NOT provide explanations or text.

user
            HEADLINE: Mother of Hunter Biden's Youngest Daughter Asks Judge to Jail Him for 'Ghosting' Girl
            ARTICLE SUMMARY: Judging by his alleged treatment of his youngest daughter, former first son Hunter Biden isn’t in the running for father of the year. In fact, according to a motion filed […] The post Mother of Hunter Biden's Youngest Daughter Asks Judge to Jail Him for 'Ghosting' Girl appeared first on The Western Journal. 1 month ago · Phoenix, United States

            Output ONLY the numeric bias score.
          
assistant-2.5"
"Minnesota judge summons ICE head Todd Lyons, threatening contempt","ICE director Todd Lyons is ordered to ""show cause why he should not be held in contempt of Court.""",Center,"system
You are participating in a standardized News Bias Classification task for academic
research. Output ONLY a single numeric value between -3.0 and +3.0.

Do NOT provide explanations or text.

user
            HEADLINE: Minnesota judge summons ICE head Todd Lyons, threatening contempt
            ARTICLE SUMMARY: ICE director Todd Lyons is ordered to ""show cause why he should not be held in contempt of Court.""

            Output ONLY the numeric bias score.
          
assistant-2.5"
"Private Jet Crashes in Maine, Us, During Takeoff with Eight People on Board",Passengers' fate unknown - Bangor Airport closed - Authorities' investigation underway,Right,"system
You are participating in a standardized News Bias Classification task for academic
research. Output ONLY a single numeric value between -3.0 and +3.0.

Do NOT provide explanations or text.

user
            HEADLINE: Private Jet Crashes in Maine, Us, During Takeoff with Eight People on Board
            ARTICLE SUMMARY: Passengers' fate unknown - Bangor Airport closed - Authorities' investigation underway

            Output ONLY the numeric bias score.
          
assistant-1.0"
Death of man arrested by ICE in upstate NY may be probed as homicide,"The death of a man arrested by ICE agents in upstate New York in July 2025 may be investigated as a homicide, after a preliminary investigation found he died of “asphyxia due to neck and chest compression.” Geraldo Lunas Campos, a 55-year-old Cuban national, died Jan. 3 at Camp East Montana in El Paso, Texas, after what authorities described as a medical incident following a disturbance at the tent camp on the Fort Bliss military base. “Lunas be… 1 month ago · New York, United States",Lean Left,"system
You are participating in a standardized News Bias Classification task for academic
research. Output ONLY a single numeric value between -3.0 and +3.0.

Do NOT provide explanations or text.

user
            HEADLINE: Death of man arrested by ICE in upstate NY may be probed as homicide
            ARTICLE SUMMARY: The death of a man arrested by ICE agents in upstate New York in July 2025 may be investigated as a homicide, after a preliminary investigation found he died of “asphyxia due to neck and chest compression.” Geraldo Lunas Campos, a 55-year-old Cuban national, died Jan. 3 at Camp East Montana in El Paso, Texas, after what authorities described as a medical incident following a disturbance at the tent camp on the Fort Bliss military base. “Lunas be… 1 month ago · New York, United States

            Output ONLY the numeric bias score.
          
assistant-1.5"
Hero Stranger Rescues Mom and 3 Kids After Car Flips into Canal Waters: ‘Nobody was around’,"A Good Samaritan said he thanked the Good Lord that he was close at hand when a mother, driving with her kids, suffered a seizure and hurtled off the road into a canal. What started as a calm Sunday drive turned into anything but when a glance into his review mirror left Casey Curtis shocked: […] The post Hero Stranger Rescues Mom and 3 Kids After Car Flips into Canal Waters: ‘Nobody was around’ appeared first on Good News Network. 7 hours ago · United States",Center,"system
You are participating in a standardized News Bias Classification task for academic
research. Output ONLY a single numeric value between -3.0 and +3.0.

Do NOT provide explanations or text.

user
            HEADLINE: Hero Stranger Rescues Mom and 3 Kids After Car Flips into Canal Waters: ‘Nobody was around’
            ARTICLE SUMMARY: A Good Samaritan said he thanked the Good Lord that he was close at hand when a mother, driving with her kids, suffered a seizure and hurtled off the road into a canal. What started as a calm Sunday drive turned into anything but when a glance into his review mirror left Casey Curtis shocked: […] The post Hero Stranger Rescues Mom and 3 Kids After Car Flips into Canal Waters: ‘Nobody was around’ appeared first on Good News Network. 7 hours ago · United States

            Output ONLY the numeric bias score.
          
assistant-1.5"
Melania Trump documentary premiere in Washington,"Trump administration officials attend the black carpet premiere of ""Melania"", a US$75 million Amazon-backed documentary about the First Lady. Read more at straitstimes.com.",Right,"system
You are participating in a standardized News Bias Classification task for academic
research. Output ONLY a single numeric value between -3.0 and +3.0.

Do NOT provide explanations or text.

user
            HEADLINE: Melania Trump documentary premiere in Washington
            ARTICLE SUMMARY: Trump administration officials attend the black carpet premiere of ""Melania"", a US$75 million Amazon-backed documentary about the First Lady. Read more at straitstimes.com.

            Output ONLY the numeric bias score.
          
assistant0.0"
"Trump sues IRS tax agency, Treasury over leaked records",Donald Trump has filed a lawsuit against the United States' tax collection agency and finance department over a leak of his tax records that dragged him into a controversy in 2020.,Center,"system
You are participating in a standardized News Bias Classification task for academic
research. Output ONLY a single numeric value between -3.0 and +3.0.

Do NOT provide explanations or text.

user
            HEADLINE: Trump sues IRS tax agency, Treasury over leaked records
            ARTICLE SUMMARY: Donald Trump has filed a lawsuit against the United States' tax collection agency and finance department over a leak of his tax records that dragged him into a controversy in 2020.

            Output ONLY the numeric bias score.
          
assistant-1.5"
Report: Some U.S. Border Patrol agents and Commander Greg Bovino to leave Minnesota on Tuesday,"There appears to be more de-escalation of the immigration crackdown in Minnesota, with a report that some Border Patrol agents, and their commander Greg Bovino, will be leaving Minnesota and return to their specific sectors. Here’s the latest:",Center,"system
You are participating in a standardized News Bias Classification task for academic
research. Output ONLY a single numeric value between -3.0 and +3.0.

Do NOT provide explanations or text.

user
            HEADLINE: Report: Some U.S. Border Patrol agents and Commander Greg Bovino to leave Minnesota on Tuesday
            ARTICLE SUMMARY: There appears to be more de-escalation of the immigration crackdown in Minnesota, with a report that some Border Patrol agents, and their commander Greg Bovino, will be leaving Minnesota and return to their specific sectors. Here’s the latest:

            Output ONLY the numeric bias score.
          
assistant0.0"
Attempted Escape: Fake Fbi Agent Wanted to Free Luigi Mangione,"Fake FBI agent wanted to release Luigi Mangione; the subject was identified as Mark Anderson and was arrested at the Brooklyn Metropolitan Center.The events were recorded on Wednesday night, January 28, when the fake FBI agent claimed to have a warrant to release Luigi Mangione.Falso FBI agent wanted to release Luigi Mangione from a New York prison.Mark Anderson - 35-year-old - went to the detention center where he finds Luigi Mangione and when …",Center,"system
You are participating in a standardized News Bias Classification task for academic
research. Output ONLY a single numeric value between -3.0 and +3.0.

Do NOT provide explanations or text.

user
            HEADLINE: Attempted Escape: Fake Fbi Agent Wanted to Free Luigi Mangione
            ARTICLE SUMMARY: Fake FBI agent wanted to release Luigi Mangione; the subject was identified as Mark Anderson and was arrested at the Brooklyn Metropolitan Center.The events were recorded on Wednesday night, January 28, when the fake FBI agent claimed to have a warrant to release Luigi Mangione.Falso FBI agent wanted to release Luigi Mangione from a New York prison.Mark Anderson - 35-year-old - went to the detention center where he finds Luigi Mangione and when …

            Output ONLY the numeric bias score.
          
assistant-1.5"
Venezuelan opposition figure Machado gives Trump Nobel Peace Prize,"Maria Corina Machado says she gave Trump prestigous award out of 'recognition for his unique commitment with our freedom' - Anadolu Ajansı 1 month ago · Ankara, Türkiye",Right,"system
You are participating in a standardized News Bias Classification task for academic
research. Output ONLY a single numeric value between -3.0 and +3.0.

Do NOT provide explanations or text.

user
            HEADLINE: Venezuelan opposition figure Machado gives Trump Nobel Peace Prize
            ARTICLE SUMMARY: Maria Corina Machado says she gave Trump prestigous award out of 'recognition for his unique commitment with our freedom' - Anadolu Ajansı 1 month ago · Ankara, Türkiye

            Output ONLY the numeric bias score.
          
assistant-1.5"
Musk addresses wave of departures from xAI,"Elon Musk addressed recent departures of xAI staff in a X post, explaining that the company was recently “reorganized” to “improve the speed of execution.”",Lean Left,"system
You are participating in a standardized News Bias Classification task for academic
research. Output ONLY a single numeric value between -3.0 and +3.0.

Do NOT provide explanations or text.

user
            HEADLINE: Musk addresses wave of departures from xAI
            ARTICLE SUMMARY: Elon Musk addressed recent departures of xAI staff in a X post, explaining that the company was recently “reorganized” to “improve the speed of execution.”

            Output ONLY the numeric bias score.
          
assistant-0.5"
Trump Maintains Opinion that Machado Has No Support to Lead Venezuela,"U.S. President Donald Trump maintains his opinion that opposition leader María Corina Machado, with whom she meets this Thursday at the White House, does not have enough support in the country to lead a transition in Venezuela, according to government spokesman Karoline Leavitt. Asked whether Trump had changed his stance on the Nobel Peace Prize, Leavitt warned that the president’s “was a realistic assessment, based on what the president was rea… 1 month ago · Washington, United States",Center,"system
You are participating in a standardized News Bias Classification task for academic
research. Output ONLY a single numeric value between -3.0 and +3.0.

Do NOT provide explanations or text.

user
            HEADLINE: Trump Maintains Opinion that Machado Has No Support to Lead Venezuela
            ARTICLE SUMMARY: U.S. President Donald Trump maintains his opinion that opposition leader María Corina Machado, with whom she meets this Thursday at the White House, does not have enough support in the country to lead a transition in Venezuela, according to government spokesman Karoline Leavitt. Asked whether Trump had changed his stance on the Nobel Peace Prize, Leavitt warned that the president’s “was a realistic assessment, based on what the president was rea… 1 month ago · Washington, United States

            Output ONLY the numeric bias score.
          
assistant-1.5"
DOJ releases millions of pages of additional Epstein files,The Justice Department on Friday released an avalanche of long-awaited investigative files relating to the late sex offender Jeffrey Epstein,Lean Left,"system
You are participating in a standardized News Bias Classification task for academic
research. Output ONLY a single numeric value between -3.0 and +3.0.

Do NOT provide explanations or text.

user
            HEADLINE: DOJ releases millions of pages of additional Epstein files
            ARTICLE SUMMARY: The Justice Department on Friday released an avalanche of long-awaited investigative files relating to the late sex offender Jeffrey Epstein

            Output ONLY the numeric bias score.
          
assistant-1.5"
"Column | America Is Finished, Europe Must Be Decolonized",More and more European countries are sending troops to Greenland to dissuade the Americans from the unfortunate idea that they are simply taking a piece of a European country… 1 month ago · Netherlands,Lean Left,"system
You are participating in a standardized News Bias Classification task for academic
research. Output ONLY a single numeric value between -3.0 and +3.0.

Do NOT provide explanations or text.

user
            HEADLINE: Column | America Is Finished, Europe Must Be Decolonized
            ARTICLE SUMMARY: More and more European countries are sending troops to Greenland to dissuade the Americans from the unfortunate idea that they are simply taking a piece of a European country… 1 month ago · Netherlands

            Output ONLY the numeric bias score.
          
assistant-1.5"
"María Corina Machado ""Offered"" His Nobel Peace Medal to Donald Trump","María Corina Machado presented Donald Trump with his Nobel Peace Medal. Trump greeted a ""magnificent gesture."" The Nobel Peace Center said the title could not be given 1 month ago",Center,"system
You are participating in a standardized News Bias Classification task for academic
research. Output ONLY a single numeric value between -3.0 and +3.0.

Do NOT provide explanations or text.

user
            HEADLINE: María Corina Machado ""Offered"" His Nobel Peace Medal to Donald Trump
            ARTICLE SUMMARY: María Corina Machado presented Donald Trump with his Nobel Peace Medal. Trump greeted a ""magnificent gesture."" The Nobel Peace Center said the title could not be given 1 month ago

            Output ONLY the numeric bias score.
          
assistant0.0"
'Stop This Madness': 3 Killed in Mass Shooting at Rhode Island High School Hockey Game,"""This is no way for our kids to live,"" said one gun control advocate.",Left,"system
You are participating in a standardized News Bias Classification task for academic
research. Output ONLY a single numeric value between -3.0 and +3.0.

Do NOT provide explanations or text.

user
            HEADLINE: 'Stop This Madness': 3 Killed in Mass Shooting at Rhode Island High School Hockey Game
            ARTICLE SUMMARY: ""This is no way for our kids to live,"" said one gun control advocate.

            Output ONLY the numeric bias score.
          
assistant-2.5"
An Explosion at a New Year's Celebration in a Bar in a Famous Swiss Ski Resort: Several People Were Killed,"Several people were killed and several others were injured in an explosion and fire that occurred during the night in a bar at the famous Swiss ski resort of Crans-Montana, the police confirmed. 2 months ago · Belgrade, Serbia",Lean Left,"system
You are participating in a standardized News Bias Classification task for academic
research. Output ONLY a single numeric value between -3.0 and +3.0.

Do NOT provide explanations or text.

user
            HEADLINE: An Explosion at a New Year's Celebration in a Bar in a Famous Swiss Ski Resort: Several People Were Killed
            ARTICLE SUMMARY: Several people were killed and several others were injured in an explosion and fire that occurred during the night in a bar at the famous Swiss ski resort of Crans-Montana, the police confirmed. 2 months ago · Belgrade, Serbia

            Output ONLY the numeric bias score.
          
assistant-1.5"
US Justice Dept to release new batch of Epstein files,"The US Justice Department announced Friday it was releasing more than three million pages from the Jeffrey Epstein files, along with photos and videos, adding fuel to a political drama putting pressure on President Donald Trump. Deputy Attorney General Todd Blanche said all images of women were redacted from the documents being released, aside from those of Ghislaine Maxwell, the accomplice of the convicted sex offender. The latest release is ex…",Lean Left,"system
You are participating in a standardized News Bias Classification task for academic
research. Output ONLY a single numeric value between -3.0 and +3.0.

Do NOT provide explanations or text.

user
            HEADLINE: US Justice Dept to release new batch of Epstein files
            ARTICLE SUMMARY: The US Justice Department announced Friday it was releasing more than three million pages from the Jeffrey Epstein files, along with photos and videos, adding fuel to a political drama putting pressure on President Donald Trump. Deputy Attorney General Todd Blanche said all images of women were redacted from the documents being released, aside from those of Ghislaine Maxwell, the accomplice of the convicted sex offender. The latest release is ex…

            Output ONLY the numeric bias score.
          
assistant0.0"
Judge Threatens To Hold ICE Chief in Contempt Over Minnesota Detentions,"‘The Court’s patience is at an end,’ a federal judge says.",Right,"system
You are participating in a standardized News Bias Classification task for academic
research. Output ONLY a single numeric value between -3.0 and +3.0.

Do NOT provide explanations or text.

user
            HEADLINE: Judge Threatens To Hold ICE Chief in Contempt Over Minnesota Detentions
            ARTICLE SUMMARY: ‘The Court’s patience is at an end,’ a federal judge says.

            Output ONLY the numeric bias score.
          
assistant-2.0"
A New Study Published in 'the Lancet' Disproves Trump: Taking Acetaminophen in Pregnancy Does Not Increase the Risk of Autism,"A new and rigorous review of the available information is conclusive: taking acetaminophen in pregnancy does not increase the risk of autism, hyperactivity attention deficit disorder (ADHD) or intellectual disability in children.The study, led by City St George’s of the University of London (UK) and published in The Lancet Obstetrics, Gynaecology & Women’s Health, is a meta-analysis of 43 studies whose results provide ""solid evidence"" that takin… 1 month ago · Madrid, Spain",Center,"system
You are participating in a standardized News Bias Classification task for academic
research. Output ONLY a single numeric value between -3.0 and +3.0.

Do NOT provide explanations or text.

user
            HEADLINE: A New Study Published in 'the Lancet' Disproves Trump: Taking Acetaminophen in Pregnancy Does Not Increase the Risk of Autism
            ARTICLE SUMMARY: A new and rigorous review of the available information is conclusive: taking acetaminophen in pregnancy does not increase the risk of autism, hyperactivity attention deficit disorder (ADHD) or intellectual disability in children.The study, led by City St George’s of the University of London (UK) and published in The Lancet Obstetrics, Gynaecology & Women’s Health, is a meta-analysis of 43 studies whose results provide ""solid evidence"" that takin… 1 month ago · Madrid, Spain

            Output ONLY the numeric bias score.
          
assistant0.0"
Germany | Thieves Drilled a Large Hole Through a Bank Wall and Stole €30 Million Worth of Loot,"A large group of customers worried about their assets gathered in front of the bank on Tuesday. 2 months ago · Helsinki, Finland",Lean Left,"system
You are participating in a standardized News Bias Classification task for academic
research. Output ONLY a single numeric value between -3.0 and +3.0.

Do NOT provide explanations or text.

user
            HEADLINE: Germany | Thieves Drilled a Large Hole Through a Bank Wall and Stole €30 Million Worth of Loot
            ARTICLE SUMMARY: A large group of customers worried about their assets gathered in front of the bank on Tuesday. 2 months ago · Helsinki, Finland

            Output ONLY the numeric bias score.
          
assistant-1.5"
Arrested a Man for Impersonating an Fbi Agent to Free Luigi Mangione,"A man originally from Mankato (Minnesota) has been arrested on Wednesday for posing as an FBI agent to try to free Luigi Mangione from a Brooklyn prison, while carrying a barbecue fork and a knife to cut pizza, as the court records show. Mangione, 27, is awaiting trial, scheduled for September this year, for a murder case with a death penalty, accused of having shot Brian Thompson, the UnitedHealthcare CEO, in Manhattan in 2024.",Lean Left,"system
You are participating in a standardized News Bias Classification task for academic
research. Output ONLY a single numeric value between -3.0 and +3.0.

Do NOT provide explanations or text.

user
            HEADLINE: Arrested a Man for Impersonating an Fbi Agent to Free Luigi Mangione
            ARTICLE SUMMARY: A man originally from Mankato (Minnesota) has been arrested on Wednesday for posing as an FBI agent to try to free Luigi Mangione from a Brooklyn prison, while carrying a barbecue fork and a knife to cut pizza, as the court records show. Mangione, 27, is awaiting trial, scheduled for September this year, for a murder case with a death penalty, accused of having shot Brian Thompson, the UnitedHealthcare CEO, in Manhattan in 2024.

            Output ONLY the numeric bias score.
          
assistant-1.5"
Minnesota Representative Ilhan Omar attacked during town hall meeting,"Omar was sprayed with an unknown substance during the attack by a man, who was then tackled to the ground.",Lean Left,"system
You are participating in a standardized News Bias Classification task for academic
research. Output ONLY a single numeric value between -3.0 and +3.0.

Do NOT provide explanations or text.

user
            HEADLINE: Minnesota Representative Ilhan Omar attacked during town hall meeting
            ARTICLE SUMMARY: Omar was sprayed with an unknown substance during the attack by a man, who was then tackled to the ground.

            Output ONLY the numeric bias score.
          
assistant-2.5"
"7 killed, 1 survived as jet from Houston crashes in Maine, FAA says",The Federal Aviation Administration says seven people were killed and a crew member survived with serious injuries when a private business jet registered in Houston crashed in a snowstorm at Maine’s Bangor International Airport.,Center,"system
You are participating in a standardized News Bias Classification task for academic
research. Output ONLY a single numeric value between -3.0 and +3.0.

Do NOT provide explanations or text.

user
            HEADLINE: 7 killed, 1 survived as jet from Houston crashes in Maine, FAA says
            ARTICLE SUMMARY: The Federal Aviation Administration says seven people were killed and a crew member survived with serious injuries when a private business jet registered in Houston crashed in a snowstorm at Maine’s Bangor International Airport.

            Output ONLY the numeric bias score.
          
assistant-1.5"
"US Justice Dept releases more Epstein files: 3 million+ pages, videos made public","The delayed release of Jeffrey Epstein files has sparked bipartisan criticism, with lawmakers accusing the administration of violating disclosure laws due to heavy redactions and slow review.",Right,"system
You are participating in a standardized News Bias Classification task for academic
research. Output ONLY a single numeric value between -3.0 and +3.0.

Do NOT provide explanations or text.

user
            HEADLINE: US Justice Dept releases more Epstein files: 3 million+ pages, videos made public
            ARTICLE SUMMARY: The delayed release of Jeffrey Epstein files has sparked bipartisan criticism, with lawmakers accusing the administration of violating disclosure laws due to heavy redactions and slow review.

            Output ONLY the numeric bias score.
          
assistant-1.5"
Trump administration plans US$1.6 billion investment in US Rare Earth to reduce reliance on China,"The Trump administration is planning to acquire a 10% equity stake in US rare earth mining company US Rare Earth through a combined debt-and-equity investment valued at approximately US$1.6 billion, according to multiple media reports. The move is aimed at reducing the US's reliance on China for critical minerals while strengthening national security and high-tech supply chains.",Center,"system
You are participating in a standardized News Bias Classification task for academic
research. Output ONLY a single numeric value between -3.0 and +3.0.

Do NOT provide explanations or text.

user
            HEADLINE: Trump administration plans US$1.6 billion investment in US Rare Earth to reduce reliance on China
            ARTICLE SUMMARY: The Trump administration is planning to acquire a 10% equity stake in US rare earth mining company US Rare Earth through a combined debt-and-equity investment valued at approximately US$1.6 billion, according to multiple media reports. The move is aimed at reducing the US's reliance on China for critical minerals while strengthening national security and high-tech supply chains.

            Output ONLY the numeric bias score.
          
assistant-1.5"
Trump Picks Kevin Warsh as New Federal Reserve Chair,"President Donald Trump said on Jan. 30 that former Federal Reserve Governor Kevin Warsh will be the next head of the U.S. central bank. While the new chair will be just one vote, Trump believes other officials will change their minds and support cutting interest rates. “If they respect the Fed chairman—they don’t respect this Fed chairman—if they respect the Fed chairman, they’ll be with us all the way,” Trump told reporters during the premiere …",Right,"system
You are participating in a standardized News Bias Classification task for academic
research. Output ONLY a single numeric value between -3.0 and +3.0.

Do NOT provide explanations or text.

user
            HEADLINE: Trump Picks Kevin Warsh as New Federal Reserve Chair
            ARTICLE SUMMARY: President Donald Trump said on Jan. 30 that former Federal Reserve Governor Kevin Warsh will be the next head of the U.S. central bank. While the new chair will be just one vote, Trump believes other officials will change their minds and support cutting interest rates. “If they respect the Fed chairman—they don’t respect this Fed chairman—if they respect the Fed chairman, they’ll be with us all the way,” Trump told reporters during the premiere …

            Output ONLY the numeric bias score.
          
assistant-1.5"
Trump Nominates Kevin Warsh for Federal Reserve Chair,(,Right,"system
You are participating in a standardized News Bias Classification task for academic
research. Output ONLY a single numeric value between -3.0 and +3.0.

Do NOT provide explanations or text.

user
            HEADLINE: Trump Nominates Kevin Warsh for Federal Reserve Chair
            ARTICLE SUMMARY: (

            Output ONLY the numeric bias score.
          
assistant0.0"
"Some of the worst fires in bars, nightclubs and music venues","INQUIRER.net A fire at a bar in the Swiss ski resort of Crans-Montana in the early hours of New Year’s Day has left dozens of people presumed dead and around 100 injured, according to authorities. Here is a look at some other nightclub, bar and music venue fires that have led to significant death tolls: • […]...Keep on reading: Some of the worst fires in bars, nightclubs and music venuesThe post Some of the worst fires in bars, nightclubs and mu… 2 months ago · Manila, Philippines",Lean Left,"system
You are participating in a standardized News Bias Classification task for academic
research. Output ONLY a single numeric value between -3.0 and +3.0.

Do NOT provide explanations or text.

user
            HEADLINE: Some of the worst fires in bars, nightclubs and music venues
            ARTICLE SUMMARY: INQUIRER.net A fire at a bar in the Swiss ski resort of Crans-Montana in the early hours of New Year’s Day has left dozens of people presumed dead and around 100 injured, according to authorities. Here is a look at some other nightclub, bar and music venue fires that have led to significant death tolls: • […]...Keep on reading: Some of the worst fires in bars, nightclubs and music venuesThe post Some of the worst fires in bars, nightclubs and mu… 2 months ago · Manila, Philippines

            Output ONLY the numeric bias score.
          
assistant-1.5"
Chinese EVs inch closer to the US as Canada slashes tariffs,"The country is dropping its import tax from 100% to just 6.1%, with an initial annual cap of 49,000 cars. 1 month ago · United States",Center,"system
You are participating in a standardized News Bias Classification task for academic
research. Output ONLY a single numeric value between -3.0 and +3.0.

Do NOT provide explanations or text.

user
            HEADLINE: Chinese EVs inch closer to the US as Canada slashes tariffs
            ARTICLE SUMMARY: The country is dropping its import tax from 100% to just 6.1%, with an initial annual cap of 49,000 cars. 1 month ago · United States

            Output ONLY the numeric bias score.
          
assistant-1.5"
"Trump and 2 of his sons sue IRS, US Treasury for $10 billion over tax return leak",The Trump family has filed a $10 billion lawsuit against the IRS and Treasury for leaking confidential tax information. The case raises concerns about federal data security and political motivations behind the leak.,Right,"system
You are participating in a standardized News Bias Classification task for academic
research. Output ONLY a single numeric value between -3.0 and +3.0.

Do NOT provide explanations or text.

user
            HEADLINE: Trump and 2 of his sons sue IRS, US Treasury for $10 billion over tax return leak
            ARTICLE SUMMARY: The Trump family has filed a $10 billion lawsuit against the IRS and Treasury for leaking confidential tax information. The case raises concerns about federal data security and political motivations behind the leak.

            Output ONLY the numeric bias score.
          
assistant-1.5"
Trump considering new tariffs on countries that oppose his annexation plans for Greenland,"US President Donald Trump said he is considering applying new tariffs on countries that oppose his ambition of annexing Greenland. 1 month ago · Atlanta, United States",Lean Left,"system
You are participating in a standardized News Bias Classification task for academic
research. Output ONLY a single numeric value between -3.0 and +3.0.

Do NOT provide explanations or text.

user
            HEADLINE: Trump considering new tariffs on countries that oppose his annexation plans for Greenland
            ARTICLE SUMMARY: US President Donald Trump said he is considering applying new tariffs on countries that oppose his ambition of annexing Greenland. 1 month ago · Atlanta, United States

            Output ONLY the numeric bias score.
          
assistant-1.5"
Swiss Police: Dozens of Deaths After Fire in Bar in Crans-Montana,"After the fire at a New Year's Eve party in Crans-Montana in Switzerland, the police are running out of dozens of deaths. Thus, more than 100 people have been injured. 2 months ago · Hamburg, Germany",Center,"system
You are participating in a standardized News Bias Classification task for academic
research. Output ONLY a single numeric value between -3.0 and +3.0.

Do NOT provide explanations or text.

user
            HEADLINE: Swiss Police: Dozens of Deaths After Fire in Bar in Crans-Montana
            ARTICLE SUMMARY: After the fire at a New Year's Eve party in Crans-Montana in Switzerland, the police are running out of dozens of deaths. Thus, more than 100 people have been injured. 2 months ago · Hamburg, Germany

            Output ONLY the numeric bias score.
          
assistant-1.5"
Carney’s deal with China good news for Canadian consumers and producers,"Toronto, ON: Canadian consumers received good news on Friday as Prime Minister Mark Carney announced a deal with China to lower tariffs on a set number of Chinese electric vehicles entering the Canadian market in exchange for reductions in Chinese tariffs on Canadian canola seeds and a suspension of anti-discrimination tariffs on canola meal, lobsters, crab and peas beginning in March. Source 1 month ago",Center,"system
You are participating in a standardized News Bias Classification task for academic
research. Output ONLY a single numeric value between -3.0 and +3.0.

Do NOT provide explanations or text.

user
            HEADLINE: Carney’s deal with China good news for Canadian consumers and producers
            ARTICLE SUMMARY: Toronto, ON: Canadian consumers received good news on Friday as Prime Minister Mark Carney announced a deal with China to lower tariffs on a set number of Chinese electric vehicles entering the Canadian market in exchange for reductions in Chinese tariffs on Canadian canola seeds and a suspension of anti-discrimination tariffs on canola meal, lobsters, crab and peas beginning in March. Source 1 month ago

            Output ONLY the numeric bias score.
          
assistant0.0"
European Union The Latest To Investigate Grok,Elon Musk's Grok for X is being investigated by the European Union after the California attorney general and Ofcom announced similar probes.,Center,"system
You are participating in a standardized News Bias Classification task for academic
research. Output ONLY a single numeric value between -3.0 and +3.0.

Do NOT provide explanations or text.

user
            HEADLINE: European Union The Latest To Investigate Grok
            ARTICLE SUMMARY: Elon Musk's Grok for X is being investigated by the European Union after the California attorney general and Ofcom announced similar probes.

            Output ONLY the numeric bias score.
          
assistant-1.5"
"Trump Sues US Revenue Service, Treasury For $10 Billion Over Tax-Return Leak",President Donald Trump sued the US Treasury and Internal Revenue Service for at least $10 billion over an unauthorized disclosure of his tax returns to the press during his first term in office.,Right,"system
You are participating in a standardized News Bias Classification task for academic
research. Output ONLY a single numeric value between -3.0 and +3.0.

Do NOT provide explanations or text.

user
            HEADLINE: Trump Sues US Revenue Service, Treasury For $10 Billion Over Tax-Return Leak
            ARTICLE SUMMARY: President Donald Trump sued the US Treasury and Internal Revenue Service for at least $10 billion over an unauthorized disclosure of his tax returns to the press during his first term in office.

            Output ONLY the numeric bias score.
          
assistant-2.5"
"Who Is Kevin Warsh, Trump's Favorite for the Federal Reserve Chief - hotnews.ro","Kevin Warsh is an American financier and lawyer, especially known for being a member of the Federal Reserve Governors Council (the US Central Bank) between 2006 and 2011.",Lean Left,"system
You are participating in a standardized News Bias Classification task for academic
research. Output ONLY a single numeric value between -3.0 and +3.0.

Do NOT provide explanations or text.

user
            HEADLINE: Who Is Kevin Warsh, Trump's Favorite for the Federal Reserve Chief - hotnews.ro
            ARTICLE SUMMARY: Kevin Warsh is an American financier and lawyer, especially known for being a member of the Federal Reserve Governors Council (the US Central Bank) between 2006 and 2011.

            Output ONLY the numeric bias score.
          
assistant-1.0"
Florida House Passes Bill to Rename Palm Beach International Airport After President Trump,The Florida House of Representatives has voted to rename Palm Beach International Airport to “President Donald J. 23 hours ago · United States,Far Right,"system
You are participating in a standardized News Bias Classification task for academic
research. Output ONLY a single numeric value between -3.0 and +3.0.

Do NOT provide explanations or text.

user
            HEADLINE: Florida House Passes Bill to Rename Palm Beach International Airport After President Trump
            ARTICLE SUMMARY: The Florida House of Representatives has voted to rename Palm Beach International Airport to “President Donald J. 23 hours ago · United States

            Output ONLY the numeric bias score.
          
assistant-2.0"
"Senate blocks string of funding bills as DHS, ICE dispute comes to a head","The vote makes a shutdown increasingly likely, given the House already passed all six bills and has left for recess.",Right,"system
You are participating in a standardized News Bias Classification task for academic
research. Output ONLY a single numeric value between -3.0 and +3.0.

Do NOT provide explanations or text.

user
            HEADLINE: Senate blocks string of funding bills as DHS, ICE dispute comes to a head
            ARTICLE SUMMARY: The vote makes a shutdown increasingly likely, given the House already passed all six bills and has left for recess.

            Output ONLY the numeric bias score.
          
assistant-1.5"
"Trump Nominated Kevin Warsh as the New Federal Reserve Chairman, Replacing Powell, Amid Questions About His Independence in Monetary Policy.",Trump nominated Kevin Warsh to replace Jerome Powell as central banker amid political pressure and debates over monetary policy independence.,Right,"system
You are participating in a standardized News Bias Classification task for academic
research. Output ONLY a single numeric value between -3.0 and +3.0.

Do NOT provide explanations or text.

user
            HEADLINE: Trump Nominated Kevin Warsh as the New Federal Reserve Chairman, Replacing Powell, Amid Questions About His Independence in Monetary Policy.
            ARTICLE SUMMARY: Trump nominated Kevin Warsh to replace Jerome Powell as central banker amid political pressure and debates over monetary policy independence.

            Output ONLY the numeric bias score.
          
assistant-1.0"
"At least six killed after private jet crashes during winter storm at airport in Bangor, Maine","A Bombardier Challenger 600 crashed Sunday night during a winter storm shortly after takeoff at an airport in Bangor, Maine.",Center,"system
You are participating in a standardized News Bias Classification task for academic
research. Output ONLY a single numeric value between -3.0 and +3.0.

Do NOT provide explanations or text.

user
            HEADLINE: At least six killed after private jet crashes during winter storm at airport in Bangor, Maine
            ARTICLE SUMMARY: A Bombardier Challenger 600 crashed Sunday night during a winter storm shortly after takeoff at an airport in Bangor, Maine.

            Output ONLY the numeric bias score.
          
assistant-1.5"
"Trump says he may hike tariffs on countries that ""don't go along with"" U.S. efforts to acquire Greenland","Denmark, Greenland and other NATO allies remain staunchly opposed to President Trump&#039;s efforts to acquire Greenland. 1 month ago · United States",Center,"system
You are participating in a standardized News Bias Classification task for academic
research. Output ONLY a single numeric value between -3.0 and +3.0.

Do NOT provide explanations or text.

user
            HEADLINE: Trump says he may hike tariffs on countries that ""don't go along with"" U.S. efforts to acquire Greenland
            ARTICLE SUMMARY: Denmark, Greenland and other NATO allies remain staunchly opposed to President Trump&#039;s efforts to acquire Greenland. 1 month ago · United States

            Output ONLY the numeric bias score.
          
assistant-1.5"
JUST IN: Minnesota Man Arrested for Trying to Break Luigi Mangione Out of Jail * 100PercentFedUp.com * by Kaley,A man has just been arrested for allegedly trying to bust accused United Healthcare CEO killer Luigi Mangione out of […],Far Right,"system
You are participating in a standardized News Bias Classification task for academic
research. Output ONLY a single numeric value between -3.0 and +3.0.

Do NOT provide explanations or text.

user
            HEADLINE: JUST IN: Minnesota Man Arrested for Trying to Break Luigi Mangione Out of Jail * 100PercentFedUp.com * by Kaley
            ARTICLE SUMMARY: A man has just been arrested for allegedly trying to bust accused United Healthcare CEO killer Luigi Mangione out of […]

            Output ONLY the numeric bias score.
          
assistant-2.5"
German bank clients furious after robbers steal €30 million in cash and valuables,"Thieves looted €30 million from 3,200 Sparkasse safe deposit boxes in Gelsenkirchen, in what is believed to be Germany's biggest bank heist in decades. Customers reacted with fury on Tuesday. 2 months ago · Germany",Lean Left,"system
You are participating in a standardized News Bias Classification task for academic
research. Output ONLY a single numeric value between -3.0 and +3.0.

Do NOT provide explanations or text.

user
            HEADLINE: German bank clients furious after robbers steal €30 million in cash and valuables
            ARTICLE SUMMARY: Thieves looted €30 million from 3,200 Sparkasse safe deposit boxes in Gelsenkirchen, in what is believed to be Germany's biggest bank heist in decades. Customers reacted with fury on Tuesday. 2 months ago · Germany

            Output ONLY the numeric bias score.
          
assistant-1.5"
Trans killer 'shot son & ex dead in front of younger child playing ice hockey',"THE second victim of a shooting at a high school ice hockey game has been named as the assailant's son. Transgender dad Robert Dorgan, 56, shot...",Right,"system
You are participating in a standardized News Bias Classification task for academic
research. Output ONLY a single numeric value between -3.0 and +3.0.

Do NOT provide explanations or text.

user
            HEADLINE: Trans killer 'shot son & ex dead in front of younger child playing ice hockey'
            ARTICLE SUMMARY: THE second victim of a shooting at a high school ice hockey game has been named as the assailant's son. Transgender dad Robert Dorgan, 56, shot...

            Output ONLY the numeric bias score.
          
assistant-2.5"
BREAKING: CBP Agents Placed On Leave After Fatal Shooting Of Alex Pretti,"Two U.S. Customs and Border Protection (CBP) Border Patrol agents involved in the fatal shooting of 37-year-old Minneapolis resident Alex Pretti have been placed on administrative leave, the Department of Homeland Security (DHS) confirmed Wednesday. Pretti, an intensive care unit nurse and U.S. citizen, was shot and killed by federal agents on January 24 during a federal immigration enforcement operation. The administrative leave for the two age…",Right,"system
You are participating in a standardized News Bias Classification task for academic
research. Output ONLY a single numeric value between -3.0 and +3.0.

Do NOT provide explanations or text.

user
            HEADLINE: BREAKING: CBP Agents Placed On Leave After Fatal Shooting Of Alex Pretti
            ARTICLE SUMMARY: Two U.S. Customs and Border Protection (CBP) Border Patrol agents involved in the fatal shooting of 37-year-old Minneapolis resident Alex Pretti have been placed on administrative leave, the Department of Homeland Security (DHS) confirmed Wednesday. Pretti, an intensive care unit nurse and U.S. citizen, was shot and killed by federal agents on January 24 during a federal immigration enforcement operation. The administrative leave for the two age…

            Output ONLY the numeric bias score.
          
assistant-1.5"
Nobel Peace Prize: Machado Hands over Medal to Trump,"The Venezuelan opposition politician and Nobel Peace Prize winner María Corina Machado handed over her medal to US President Donald Trump during her visit to Washington in a highly unusual and purely symbolic step. Trump thanked Machado on Thursday (local time) in his online service Truth Social and spoke of a ""wonderful gesture of mutual respect"".The Nobel Committee, however, had made it clear that the prize was not transferable. She ""presented… 1 month ago · Germany",Center,"system
You are participating in a standardized News Bias Classification task for academic
research. Output ONLY a single numeric value between -3.0 and +3.0.

Do NOT provide explanations or text.

user
            HEADLINE: Nobel Peace Prize: Machado Hands over Medal to Trump
            ARTICLE SUMMARY: The Venezuelan opposition politician and Nobel Peace Prize winner María Corina Machado handed over her medal to US President Donald Trump during her visit to Washington in a highly unusual and purely symbolic step. Trump thanked Machado on Thursday (local time) in his online service Truth Social and spoke of a ""wonderful gesture of mutual respect"".The Nobel Committee, however, had made it clear that the prize was not transferable. She ""presented… 1 month ago · Germany

            Output ONLY the numeric bias score.
          
assistant-1.0"
Carney Enters Into an Agreement with China,"Mark Carney agrees with China to allow the importation of Chinese electric vehicles, against a reduction in the tariff on canola. 1 month ago · Montreal, Canada",Lean Left,"system
You are participating in a standardized News Bias Classification task for academic
research. Output ONLY a single numeric value between -3.0 and +3.0.

Do NOT provide explanations or text.

user
            HEADLINE: Carney Enters Into an Agreement with China
            ARTICLE SUMMARY: Mark Carney agrees with China to allow the importation of Chinese electric vehicles, against a reduction in the tariff on canola. 1 month ago · Montreal, Canada

            Output ONLY the numeric bias score.
          
assistant0.0"
"No Link Found Between Tylenol Use In Pregnancy And Autism, ADHD In New Analysis Of “Most Rigorous Evidence”","“What gives us more confidence here is not just the number of studies, but the quality and design of the strongest ones,” said senior author Professor Asma Khalil.",Lean Left,"system
You are participating in a standardized News Bias Classification task for academic
research. Output ONLY a single numeric value between -3.0 and +3.0.

Do NOT provide explanations or text.

user
            HEADLINE: No Link Found Between Tylenol Use In Pregnancy And Autism, ADHD In New Analysis Of “Most Rigorous Evidence”
            ARTICLE SUMMARY: “What gives us more confidence here is not just the number of studies, but the quality and design of the strongest ones,” said senior author Professor Asma Khalil.

            Output ONLY the numeric bias score.
          
assistant-0.5"
Jimmy Ba and Tony Wu latest tech co-founders to exit Musk's xAI,The fifth and sixth founder departure from xAI comes just after SpaceX acquired the company for $250bn. Read more: Jimmy Ba and Tony Wu latest tech co-founders to exit Musk’s xAI,Center,"system
You are participating in a standardized News Bias Classification task for academic
research. Output ONLY a single numeric value between -3.0 and +3.0.

Do NOT provide explanations or text.

user
            HEADLINE: Jimmy Ba and Tony Wu latest tech co-founders to exit Musk's xAI
            ARTICLE SUMMARY: The fifth and sixth founder departure from xAI comes just after SpaceX acquired the company for $250bn. Read more: Jimmy Ba and Tony Wu latest tech co-founders to exit Musk’s xAI

            Output ONLY the numeric bias score.
          
assistant-1.5"
"Trump allegedly thanked police for probing Epstein in 2000s, warned Ghislaine Maxwell is ‘evil’: FBI doc","President Donald Trump called Palm Beach, Florida, Police to thank them for stopping Jeffrey Epstein, according to FBI documents from 2019 interview with former police chief.",Right,"system
You are participating in a standardized News Bias Classification task for academic
research. Output ONLY a single numeric value between -3.0 and +3.0.

Do NOT provide explanations or text.

user
            HEADLINE: Trump allegedly thanked police for probing Epstein in 2000s, warned Ghislaine Maxwell is ‘evil’: FBI doc
            ARTICLE SUMMARY: President Donald Trump called Palm Beach, Florida, Police to thank them for stopping Jeffrey Epstein, according to FBI documents from 2019 interview with former police chief.

            Output ONLY the numeric bias score.
          
assistant-1.5"
"Carney hails Xi’s leadership, as he seeks warmer ties","Bringing Taiwan to the World and the World to Taiwan 1 month ago · Taipei, Taiwan",Lean Left,"system
You are participating in a standardized News Bias Classification task for academic
research. Output ONLY a single numeric value between -3.0 and +3.0.

Do NOT provide explanations or text.

user
            HEADLINE: Carney hails Xi’s leadership, as he seeks warmer ties
            ARTICLE SUMMARY: Bringing Taiwan to the World and the World to Taiwan 1 month ago · Taipei, Taiwan

            Output ONLY the numeric bias score.
          
assistant-1.0"
Rep. Ilhan Omar sprayed with unknown substance in syringe by ranting audience member at chaotic town hall,Rep. Ilhan Omar (D-Minn.) was apparently sprayed with an unknown substance Tuesday after a man rushed the stage during a chaotic town hall event in Minnesota.,Right,"system
You are participating in a standardized News Bias Classification task for academic
research. Output ONLY a single numeric value between -3.0 and +3.0.

Do NOT provide explanations or text.

user
            HEADLINE: Rep. Ilhan Omar sprayed with unknown substance in syringe by ranting audience member at chaotic town hall
            ARTICLE SUMMARY: Rep. Ilhan Omar (D-Minn.) was apparently sprayed with an unknown substance Tuesday after a man rushed the stage during a chaotic town hall event in Minnesota.

            Output ONLY the numeric bias score.
          
assistant-1.5"
"Pediatricians urge Americans to stick with previous vaccine schedule, despite CDC's recent changes",America’s pediatricians and the Centers for Disease Control and Prevention were once in lockstep on how vaccines impact child health. Not anymore.,Center,"system
You are participating in a standardized News Bias Classification task for academic
research. Output ONLY a single numeric value between -3.0 and +3.0.

Do NOT provide explanations or text.

user
            HEADLINE: Pediatricians urge Americans to stick with previous vaccine schedule, despite CDC's recent changes
            ARTICLE SUMMARY: America’s pediatricians and the Centers for Disease Control and Prevention were once in lockstep on how vaccines impact child health. Not anymore.

            Output ONLY the numeric bias score.
          
assistant-1.5"
Donald Trump sues IRS and US Treasury over leaked tax documents,The lawsuit seeks $10bn (£7.25bn) in damages after tax information from Trump and his family was leaked to the media.,Center,"system
You are participating in a standardized News Bias Classification task for academic
research. Output ONLY a single numeric value between -3.0 and +3.0.

Do NOT provide explanations or text.

user
            HEADLINE: Donald Trump sues IRS and US Treasury over leaked tax documents
            ARTICLE SUMMARY: The lawsuit seeks $10bn (£7.25bn) in damages after tax information from Trump and his family was leaked to the media.

            Output ONLY the numeric bias score.
          
assistant-2.5"
Man charges at Rep. Ilhan Omar and sprays her with substance at town hall,"Rep. Ilhan Omar was calling for the abolishment of ICE and for Homeland Security Secretary Kristi Noem to resign when a man sitting in the front row rushed up and sprayed her. He was arrested and Omar was not injured, police said.",Center,"system
You are participating in a standardized News Bias Classification task for academic
research. Output ONLY a single numeric value between -3.0 and +3.0.

Do NOT provide explanations or text.

user
            HEADLINE: Man charges at Rep. Ilhan Omar and sprays her with substance at town hall
            ARTICLE SUMMARY: Rep. Ilhan Omar was calling for the abolishment of ICE and for Homeland Security Secretary Kristi Noem to resign when a man sitting in the front row rushed up and sprayed her. He was arrested and Omar was not injured, police said.

            Output ONLY the numeric bias score.
          
assistant-1.5"
The Latest: Bondi will face questions before Congress over Epstein files,Attorney General Pam Bondi will face questions from lawmakers over the Justice Department’s handling of files related to Jeffrey Epstein that have exposed...,Center,"system
You are participating in a standardized News Bias Classification task for academic
research. Output ONLY a single numeric value between -3.0 and +3.0.

Do NOT provide explanations or text.

user
            HEADLINE: The Latest: Bondi will face questions before Congress over Epstein files
            ARTICLE SUMMARY: Attorney General Pam Bondi will face questions from lawmakers over the Justice Department’s handling of files related to Jeffrey Epstein that have exposed...

            Output ONLY the numeric bias score.
          
assistant-1.5"
Likelihood Of Government Shutdown Explodes After GOP Senator Blocks Trump’s Deal,"The Senate has a deal to keep the government funded, but GOP fury over earmarks, border policy, and changes to the Department of Homeland Security blew it up late Thursday, all but guaranteeing a partial shutdown this weekend. Under the agreement, Senate Minority Leader Chuck Schumer and President Donald Trump agreed to yank the DHS […] The post Likelihood Of Government Shutdown Explodes After GOP Senator Blocks Trump’s Deal appeared first on Ne…",Far Right,"system
You are participating in a standardized News Bias Classification task for academic
research. Output ONLY a single numeric value between -3.0 and +3.0.

Do NOT provide explanations or text.

user
            HEADLINE: Likelihood Of Government Shutdown Explodes After GOP Senator Blocks Trump’s Deal
            ARTICLE SUMMARY: The Senate has a deal to keep the government funded, but GOP fury over earmarks, border policy, and changes to the Department of Homeland Security blew it up late Thursday, all but guaranteeing a partial shutdown this weekend. Under the agreement, Senate Minority Leader Chuck Schumer and President Donald Trump agreed to yank the DHS […] The post Likelihood Of Government Shutdown Explodes After GOP Senator Blocks Trump’s Deal appeared first on Ne…

            Output ONLY the numeric bias score.
          
assistant-2.5"
Pam Bondi Starts Citing NASDAQ Stats After Tough Epstein Question,The attorney general refused to explain what the Justice Department is doing with the information in all those files.,Left,"system
You are participating in a standardized News Bias Classification task for academic
research. Output ONLY a single numeric value between -3.0 and +3.0.

Do NOT provide explanations or text.

user
            HEADLINE: Pam Bondi Starts Citing NASDAQ Stats After Tough Epstein Question
            ARTICLE SUMMARY: The attorney general refused to explain what the Justice Department is doing with the information in all those files.

            Output ONLY the numeric bias score.
          
assistant-1.5"
"Trump tariffs predicted to cost American families $1,300 in 2026","Trump's signature trade policy represents the largest tax hike since 1993, according to the Tax Foundation.",Center,"system
You are participating in a standardized News Bias Classification task for academic
research. Output ONLY a single numeric value between -3.0 and +3.0.

Do NOT provide explanations or text.

user
            HEADLINE: Trump tariffs predicted to cost American families $1,300 in 2026
            ARTICLE SUMMARY: Trump's signature trade policy represents the largest tax hike since 1993, according to the Tax Foundation.

            Output ONLY the numeric bias score.
          
assistant-1.5"
Longevity Is Also Inherited: Genes Account for 55% of Life Expectancy,"In addition to the shape of the nose, the type of hair or a particular color of eyes, to a large extent, longevity can also be inherited. It is shown by a new study published this...",Right,"system
You are participating in a standardized News Bias Classification task for academic
research. Output ONLY a single numeric value between -3.0 and +3.0.

Do NOT provide explanations or text.

user
            HEADLINE: Longevity Is Also Inherited: Genes Account for 55% of Life Expectancy
            ARTICLE SUMMARY: In addition to the shape of the nose, the type of hair or a particular color of eyes, to a large extent, longevity can also be inherited. It is shown by a new study published this...

            Output ONLY the numeric bias score.
          
assistant-1.2"
"Us Department of Justice Publishes More than Three Million Documents and 180,000 Images of the Epstein Case",Deputy Attorney General Todd Blanche announces the new consignment of publications related to pederast,Center,"system
You are participating in a standardized News Bias Classification task for academic
research. Output ONLY a single numeric value between -3.0 and +3.0.

Do NOT provide explanations or text.

user
            HEADLINE: Us Department of Justice Publishes More than Three Million Documents and 180,000 Images of the Epstein Case
            ARTICLE SUMMARY: Deputy Attorney General Todd Blanche announces the new consignment of publications related to pederast

            Output ONLY the numeric bias score.
          
assistant-2.5"
"Democrats say deal reached with Trump to avert shutdown, immigration talks to continue","Senate Democrats strike a deal to prevent a partial government shutdown, temporarily separating immigration issues from funding talks to secure essential government operations.s",Center,"system
You are participating in a standardized News Bias Classification task for academic
research. Output ONLY a single numeric value between -3.0 and +3.0.

Do NOT provide explanations or text.

user
            HEADLINE: Democrats say deal reached with Trump to avert shutdown, immigration talks to continue
            ARTICLE SUMMARY: Senate Democrats strike a deal to prevent a partial government shutdown, temporarily separating immigration issues from funding talks to secure essential government operations.s

            Output ONLY the numeric bias score.
          
assistant0.0"
Us Justice Department Releases 3 Million Epstein Case Documents,"The US Department of Justice on Friday released more than three million documents potentially related to convicted sex offender Jeffrey Epstein, including photos and videos, Deputy Attorney General Todd Blanche announced.",Center,"system
You are participating in a standardized News Bias Classification task for academic
research. Output ONLY a single numeric value between -3.0 and +3.0.

Do NOT provide explanations or text.

user
            HEADLINE: Us Justice Department Releases 3 Million Epstein Case Documents
            ARTICLE SUMMARY: The US Department of Justice on Friday released more than three million documents potentially related to convicted sex offender Jeffrey Epstein, including photos and videos, Deputy Attorney General Todd Blanche announced.

            Output ONLY the numeric bias score.
          
assistant-1.5"
"On 1 January, There Are 6 Countries in the European Union Where You Do Not Pay in Euros.","Bulgaria leaves the euro up on 1 January 2026. Six EU countries retain their national currency, sometimes to the surprise of travellers. 2 months ago · Paris, France",Right,"system
You are participating in a standardized News Bias Classification task for academic
research. Output ONLY a single numeric value between -3.0 and +3.0.

Do NOT provide explanations or text.

user
            HEADLINE: On 1 January, There Are 6 Countries in the European Union Where You Do Not Pay in Euros.
            ARTICLE SUMMARY: Bulgaria leaves the euro up on 1 January 2026. Six EU countries retain their national currency, sometimes to the surprise of travellers. 2 months ago · Paris, France

            Output ONLY the numeric bias score.
          
assistant-1.0"
Terrifying images show moment deadly ski resort blaze set off by 'champagne sparkler',"Some terrifying images have captured the moment when the deadly ski resort blaze was set off by a 'champagne sparkler' 2 months ago · Manchester, United Kingdom",Center,"system
You are participating in a standardized News Bias Classification task for academic
research. Output ONLY a single numeric value between -3.0 and +3.0.

Do NOT provide explanations or text.

user
            HEADLINE: Terrifying images show moment deadly ski resort blaze set off by 'champagne sparkler'
            ARTICLE SUMMARY: Some terrifying images have captured the moment when the deadly ski resort blaze was set off by a 'champagne sparkler' 2 months ago · Manchester, United Kingdom

            Output ONLY the numeric bias score.
          
assistant-1.5"
"Powerful Winter Storm 'Fern' Has Left More than 500,000 People without Electricity","The powerful winter storm ‘Fern’, which threatens to paralyze the east of the United States, has already left more than 500,000 customers without electricity, while authorities expect the cancellation of more than 9,600 flights this Sunday, in the face of the advance of this phenomenon. Meteorologists warn that snow, snow showers and dangerously cold temperatures will hit the eastern two-thirds of the country throughout the week. The National Me…",Left,"system
You are participating in a standardized News Bias Classification task for academic
research. Output ONLY a single numeric value between -3.0 and +3.0.

Do NOT provide explanations or text.

user
            HEADLINE: Powerful Winter Storm 'Fern' Has Left More than 500,000 People without Electricity
            ARTICLE SUMMARY: The powerful winter storm ‘Fern’, which threatens to paralyze the east of the United States, has already left more than 500,000 customers without electricity, while authorities expect the cancellation of more than 9,600 flights this Sunday, in the face of the advance of this phenomenon. Meteorologists warn that snow, snow showers and dangerously cold temperatures will hit the eastern two-thirds of the country throughout the week. The National Me…

            Output ONLY the numeric bias score.
          
assistant-1.5"
"'CBS Wants Younger, Hotter... And Male': Bari Weiss Eyes Axing Margaret Brennan as New Boss Aims for 'Good-Looking' Replacement","Bari Weiss reportedly wants to oust Margaret Brennan from 'Face the Nation' in favor of a hotter, 'authoritative' male replacement.",Center,"system
You are participating in a standardized News Bias Classification task for academic
research. Output ONLY a single numeric value between -3.0 and +3.0.

Do NOT provide explanations or text.

user
            HEADLINE: 'CBS Wants Younger, Hotter... And Male': Bari Weiss Eyes Axing Margaret Brennan as New Boss Aims for 'Good-Looking' Replacement
            ARTICLE SUMMARY: Bari Weiss reportedly wants to oust Margaret Brennan from 'Face the Nation' in favor of a hotter, 'authoritative' male replacement.

            Output ONLY the numeric bias score.
          
assistant-2.5"
Markets ponder life under a Fed run by Kevin Warsh,The appointment of Kevin Warsh comes at a time of heightened geopolitical tension that has shaken world markets.,Right,"system
You are participating in a standardized News Bias Classification task for academic
research. Output ONLY a single numeric value between -3.0 and +3.0.

Do NOT provide explanations or text.

user
            HEADLINE: Markets ponder life under a Fed run by Kevin Warsh
            ARTICLE SUMMARY: The appointment of Kevin Warsh comes at a time of heightened geopolitical tension that has shaken world markets.

            Output ONLY the numeric bias score.
          
assistant-1.5"
"Man pretended to be FBI agent and tried to free Luigi Mangione from jail, officials say","Mark Anthony Anderson, 36, from Minnesota, allegedly made the attempt at the Metropolitan Detention Center in Brooklyn on Wednesday evening.",Center,"system
You are participating in a standardized News Bias Classification task for academic
research. Output ONLY a single numeric value between -3.0 and +3.0.

Do NOT provide explanations or text.

user
            HEADLINE: Man pretended to be FBI agent and tried to free Luigi Mangione from jail, officials say
            ARTICLE SUMMARY: Mark Anthony Anderson, 36, from Minnesota, allegedly made the attempt at the Metropolitan Detention Center in Brooklyn on Wednesday evening.

            Output ONLY the numeric bias score.
          
assistant-1.5"
Maine Plane Crash Claims Lives - See Also,An Attempted Take-Off Turns Tragic: We send our condolences to their family and friends. Trump Administration Leaves Transportation Regulation Up To AI: No way this will pan out well. Bush-Appointed Judge Benchslaps ICE: He got so fed up that ICE followed the court order! Torts Professor Doesn’t Let History Of Being Wrong Stop Him: Nor will he let history get in the way of his trash birthright citizenship take. Judge Tells Government To “Be Seri…,Lean Left,"system
You are participating in a standardized News Bias Classification task for academic
research. Output ONLY a single numeric value between -3.0 and +3.0.

Do NOT provide explanations or text.

user
            HEADLINE: Maine Plane Crash Claims Lives - See Also
            ARTICLE SUMMARY: An Attempted Take-Off Turns Tragic: We send our condolences to their family and friends. Trump Administration Leaves Transportation Regulation Up To AI: No way this will pan out well. Bush-Appointed Judge Benchslaps ICE: He got so fed up that ICE followed the court order! Torts Professor Doesn’t Let History Of Being Wrong Stop Him: Nor will he let history get in the way of his trash birthright citizenship take. Judge Tells Government To “Be Seri…

            Output ONLY the numeric bias score.
          
assistant-2.5"
Germany: Bank Robbing Causes an Estimated Injury of 30 Million,"burglars robbed a bank last weekend in Gelsenkirchen, West Germany, causing an injury of 30 million euros (48 million Canadian dollars) according to the police, and the anger of customers Tuesday morning. 2 months ago · Montreal, Canada",Lean Left,"system
You are participating in a standardized News Bias Classification task for academic
research. Output ONLY a single numeric value between -3.0 and +3.0.

Do NOT provide explanations or text.

user
            HEADLINE: Germany: Bank Robbing Causes an Estimated Injury of 30 Million
            ARTICLE SUMMARY: burglars robbed a bank last weekend in Gelsenkirchen, West Germany, causing an injury of 30 million euros (48 million Canadian dollars) according to the police, and the anger of customers Tuesday morning. 2 months ago · Montreal, Canada

            Output ONLY the numeric bias score.
          
assistant-1.5"
Science Against Trump: Paracetamol During Pregnancy Does Not Increase the Risk of Autism,"Taking paracetamol during pregnancy is safe and there is no evidence it increases the risk of autism, ADHD and developmental problems in children, say experts behind a major new study. Pregnant women “should feel reassured” by the findings, they say, which contradict claims by US President Donald Trump last year that paracetamol “is not good” and that pregnant women should “fight with all their might” not to take it. His views were criticised at… 1 month ago",Lean Left,"system
You are participating in a standardized News Bias Classification task for academic
research. Output ONLY a single numeric value between -3.0 and +3.0.

Do NOT provide explanations or text.

user
            HEADLINE: Science Against Trump: Paracetamol During Pregnancy Does Not Increase the Risk of Autism
            ARTICLE SUMMARY: Taking paracetamol during pregnancy is safe and there is no evidence it increases the risk of autism, ADHD and developmental problems in children, say experts behind a major new study. Pregnant women “should feel reassured” by the findings, they say, which contradict claims by US President Donald Trump last year that paracetamol “is not good” and that pregnant women should “fight with all their might” not to take it. His views were criticised at… 1 month ago

            Output ONLY the numeric bias score.
          
assistant-1.0"
Why Trump’s new Fed chair nominee should terrify us all,"President Donald Trump continued to flood the zone with horrific news Friday, this time by nominating a hack who got literally everything wrong during the 2008 financial crisis to serve as Federal ...",Left,"system
You are participating in a standardized News Bias Classification task for academic
research. Output ONLY a single numeric value between -3.0 and +3.0.

Do NOT provide explanations or text.

user
            HEADLINE: Why Trump’s new Fed chair nominee should terrify us all
            ARTICLE SUMMARY: President Donald Trump continued to flood the zone with horrific news Friday, this time by nominating a hack who got literally everything wrong during the 2008 financial crisis to serve as Federal ...

            Output ONLY the numeric bias score.
          
assistant-2.5"
How Much Genetics Influences a Person’s Life Expectancy,"A study by the Weizmann Institute of Sciences of Israel, published in Science magazine, redefines the role of genetics in human longevity. Contrary to the belief extended over decades, which placed the heredability of life expectancy between 20% and 25%, this research suggests that genetic factors account for approximately 50% of the variation in people’s life expectancy. This finding doubles previous estimates and promises to redirect research …",Right,"system
You are participating in a standardized News Bias Classification task for academic
research. Output ONLY a single numeric value between -3.0 and +3.0.

Do NOT provide explanations or text.

user
            HEADLINE: How Much Genetics Influences a Person’s Life Expectancy
            ARTICLE SUMMARY: A study by the Weizmann Institute of Sciences of Israel, published in Science magazine, redefines the role of genetics in human longevity. Contrary to the belief extended over decades, which placed the heredability of life expectancy between 20% and 25%, this research suggests that genetic factors account for approximately 50% of the variation in people’s life expectancy. This finding doubles previous estimates and promises to redirect research …

            Output ONLY the numeric bias score.
          
assistant0.0"
Report: Border Patrol chief Greg Bovino and some of his agents leaving Minnesota 'imminently' * WorldNetDaily * by Joe Kovacs,'Several federal agents had their body cameras on during the interaction that led to the deadly shooting of Alex Pretti',Far Right,"system
You are participating in a standardized News Bias Classification task for academic
research. Output ONLY a single numeric value between -3.0 and +3.0.

Do NOT provide explanations or text.

user
            HEADLINE: Report: Border Patrol chief Greg Bovino and some of his agents leaving Minnesota 'imminently' * WorldNetDaily * by Joe Kovacs
            ARTICLE SUMMARY: 'Several federal agents had their body cameras on during the interaction that led to the deadly shooting of Alex Pretti'

            Output ONLY the numeric bias score.
          
assistant-1.5"
FBI Imposter Tries To Get Luigi Mangione Out Of Jail With Pizza Cutter,"Mark Anderson, a 36-year-old Minnesota native who has a history of drug and other arrests and disclosed last year in court papers that he suffers from mental illness, was arrested.",Right,"system
You are participating in a standardized News Bias Classification task for academic
research. Output ONLY a single numeric value between -3.0 and +3.0.

Do NOT provide explanations or text.

user
            HEADLINE: FBI Imposter Tries To Get Luigi Mangione Out Of Jail With Pizza Cutter
            ARTICLE SUMMARY: Mark Anderson, a 36-year-old Minnesota native who has a history of drug and other arrests and disclosed last year in court papers that he suffers from mental illness, was arrested.

            Output ONLY the numeric bias score.
          
assistant-1.5"
Pam Bondi faces questions from House lawmakers about her DOJ leadership,"Attorney General Pam Bondi is set to testify Wednesday on Capitol Hill, where she’s expected to face questions about the Justice Department’s targeting of President Trump’s political foes and its handling of the Epstein files.Bondi’s appearance before the House Judiciary Committee comes one year into her tenure atop the Justice Department, a tumultuous period marked by a striking departure from the traditions and norms that have guided the depar…",Center,"system
You are participating in a standardized News Bias Classification task for academic
research. Output ONLY a single numeric value between -3.0 and +3.0.

Do NOT provide explanations or text.

user
            HEADLINE: Pam Bondi faces questions from House lawmakers about her DOJ leadership
            ARTICLE SUMMARY: Attorney General Pam Bondi is set to testify Wednesday on Capitol Hill, where she’s expected to face questions about the Justice Department’s targeting of President Trump’s political foes and its handling of the Epstein files.Bondi’s appearance before the House Judiciary Committee comes one year into her tenure atop the Justice Department, a tumultuous period marked by a striking departure from the traditions and norms that have guided the depar…

            Output ONLY the numeric bias score.
          
assistant-1.5"
"Epstein Case: Us Department of Justice Announces More than ""Three Million Pages""","The US Department of Justice publishes millions of pages of the Epstein file, accompanied by thousands of videos and images, revealing new elements on the case. ...",Center,"system
You are participating in a standardized News Bias Classification task for academic
research. Output ONLY a single numeric value between -3.0 and +3.0.

Do NOT provide explanations or text.

user
            HEADLINE: Epstein Case: Us Department of Justice Announces More than ""Three Million Pages""
            ARTICLE SUMMARY: The US Department of Justice publishes millions of pages of the Epstein file, accompanied by thousands of videos and images, revealing new elements on the case. ...

            Output ONLY the numeric bias score.
          
assistant-1.5"
Trump's Nobel Fixation: Venezuela Opposition Leader Machado Presents Her Peace Prize To US President At White House,"The Nobel Institute has said Machado could not give her prize to Trump, an honor that he has coveted. Even if it the gesture proves to be purely symbolic, it was extraordinary given that Trump has effectively sidelined Machado, who has long been the face of resistance in Venezuela. 1 month ago · Mumbai, India",Right,"system
You are participating in a standardized News Bias Classification task for academic
research. Output ONLY a single numeric value between -3.0 and +3.0.

Do NOT provide explanations or text.

user
            HEADLINE: Trump's Nobel Fixation: Venezuela Opposition Leader Machado Presents Her Peace Prize To US President At White House
            ARTICLE SUMMARY: The Nobel Institute has said Machado could not give her prize to Trump, an honor that he has coveted. Even if it the gesture proves to be purely symbolic, it was extraordinary given that Trump has effectively sidelined Machado, who has long been the face of resistance in Venezuela. 1 month ago · Mumbai, India

            Output ONLY the numeric bias score.
          
assistant-1.5"
Trump sues the IRS and Treasury Department for $10 billion over leaked tax records,"President Donald Trump is suing the Internal Revenue Service and Treasury Department for $10 billion, alleging that they failed to take necessary steps to prevent a former IRS employee from improperly disclosing his tax returns, and those of his sons and his company, to news outlets. The lawsuit, filed Thursday at a federal courthouse in Miami, says Trump is suing in his personal capacity, not as president. The other plaintiffs include two of Tr…",Lean Left,"system
You are participating in a standardized News Bias Classification task for academic
research. Output ONLY a single numeric value between -3.0 and +3.0.

Do NOT provide explanations or text.

user
            HEADLINE: Trump sues the IRS and Treasury Department for $10 billion over leaked tax records
            ARTICLE SUMMARY: President Donald Trump is suing the Internal Revenue Service and Treasury Department for $10 billion, alleging that they failed to take necessary steps to prevent a former IRS employee from improperly disclosing his tax returns, and those of his sons and his company, to news outlets. The lawsuit, filed Thursday at a federal courthouse in Miami, says Trump is suing in his personal capacity, not as president. The other plaintiffs include two of Tr…

            Output ONLY the numeric bias score.
          
assistant-1.5"
Democrat storms out as Pam Bondi faces questions in fiery hearing,Angry exchanges erupt over handling of the release of the Epstein files by Trump's justice department.,Center,"system
You are participating in a standardized News Bias Classification task for academic
research. Output ONLY a single numeric value between -3.0 and +3.0.

Do NOT provide explanations or text.

user
            HEADLINE: Democrat storms out as Pam Bondi faces questions in fiery hearing
            ARTICLE SUMMARY: Angry exchanges erupt over handling of the release of the Epstein files by Trump's justice department.

            Output ONLY the numeric bias score.
          
assistant-1.5"
Senate Vote Collapses Over ICE Killings While Government Shut Down Looms Just Hours Away,"Washington plunged into uncertainty on Thursday as a crucial Senate test vote collapsed, leaving the threat of a partial government shutdown looming dangerously close. The White House, Democrats, and Republicans remain locked in a standoff over funding for the Department of Homeland Security (DHS). What was intended to be a procedural step to keep the lights on has transformed into a fierce debate over federal policing tactics.Fatal Shootings in…",Lean Left,"system
You are participating in a standardized News Bias Classification task for academic
research. Output ONLY a single numeric value between -3.0 and +3.0.

Do NOT provide explanations or text.

user
            HEADLINE: Senate Vote Collapses Over ICE Killings While Government Shut Down Looms Just Hours Away
            ARTICLE SUMMARY: Washington plunged into uncertainty on Thursday as a crucial Senate test vote collapsed, leaving the threat of a partial government shutdown looming dangerously close. The White House, Democrats, and Republicans remain locked in a standoff over funding for the Department of Homeland Security (DHS). What was intended to be a procedural step to keep the lights on has transformed into a fierce debate over federal policing tactics.Fatal Shootings in…

            Output ONLY the numeric bias score.
          
assistant-1.5"
"Documentary ""Melania: It's These Three Moments in Which Melania Trump Allows a Look Behind the Mask","A new documentation accompanies Melania Trump over the 20 days before the inauguration of the US President in 2025. We see a disciplined woman who hardly allows a look behind her mask. However, there are exceptions.",Right,"system
You are participating in a standardized News Bias Classification task for academic
research. Output ONLY a single numeric value between -3.0 and +3.0.

Do NOT provide explanations or text.

user
            HEADLINE: Documentary ""Melania: It's These Three Moments in Which Melania Trump Allows a Look Behind the Mask
            ARTICLE SUMMARY: A new documentation accompanies Melania Trump over the 20 days before the inauguration of the US President in 2025. We see a disciplined woman who hardly allows a look behind her mask. However, there are exceptions.

            Output ONLY the numeric bias score.
          
assistant0.0"
"Officials: Rhode Island shooting that killed 3 people, including the shooter, revolved around a 'family dispute'","The shooting happened during a youth hockey game in Pawtucket, RI Monday afternoon.",Lean Left,"system
You are participating in a standardized News Bias Classification task for academic
research. Output ONLY a single numeric value between -3.0 and +3.0.

Do NOT provide explanations or text.

user
            HEADLINE: Officials: Rhode Island shooting that killed 3 people, including the shooter, revolved around a 'family dispute'
            ARTICLE SUMMARY: The shooting happened during a youth hockey game in Pawtucket, RI Monday afternoon.

            Output ONLY the numeric bias score.
          
assistant-1.0"
"Late Breaking: Trump Files Gargantuan Lawsuit Against the IRS, Finally Setting up Justice After Leak Exposed His and 400,000 Other Americans' Taxes","President Donald Trump filed a $10 billion lawsuit against the Internal Revenue Service for negligently allowing one of its contractors to maliciously leak his tax returns to the New York […] The post Late Breaking: Trump Files Gargantuan Lawsuit Against the IRS, Finally Setting up Justice After Leak Exposed His and 400,000 Other Americans' Taxes appeared first on The Western Journal.",Right,"system
You are participating in a standardized News Bias Classification task for academic
research. Output ONLY a single numeric value between -3.0 and +3.0.

Do NOT provide explanations or text.

user
            HEADLINE: Late Breaking: Trump Files Gargantuan Lawsuit Against the IRS, Finally Setting up Justice After Leak Exposed His and 400,000 Other Americans' Taxes
            ARTICLE SUMMARY: President Donald Trump filed a $10 billion lawsuit against the Internal Revenue Service for negligently allowing one of its contractors to maliciously leak his tax returns to the New York […] The post Late Breaking: Trump Files Gargantuan Lawsuit Against the IRS, Finally Setting up Justice After Leak Exposed His and 400,000 Other Americans' Taxes appeared first on The Western Journal.

            Output ONLY the numeric bias score.
          
assistant-1.5"
"Paxton cannot shut down Texas Latino voting group, judge rules","Texas Attorney General Ken Paxton failed to offer “any plausible proof” that Jolt Initiative, a nonprofit that aims to increase civic participation among Latinos, is violating the law, a federal judge ruled Thursday.",Lean Left,"system
You are participating in a standardized News Bias Classification task for academic
research. Output ONLY a single numeric value between -3.0 and +3.0.

Do NOT provide explanations or text.

user
            HEADLINE: Paxton cannot shut down Texas Latino voting group, judge rules
            ARTICLE SUMMARY: Texas Attorney General Ken Paxton failed to offer “any plausible proof” that Jolt Initiative, a nonprofit that aims to increase civic participation among Latinos, is violating the law, a federal judge ruled Thursday.

            Output ONLY the numeric bias score.
          
assistant-1.5"
The Government Wants to Ban Social Networks for Teenagers Under 15 Years of Age as Early as the Start of the 2026 School Year.,"Cyberharassment, sleep disorders, exposure to shocking content... To limit the risks associated with screens, the government is preparing a screwdrive on the digital uses of teenagers. A bill plans to ban social networks to children under the age of 15 and to extend the ban on the smartphone in high school as early as September 2026. 2 months ago",Right,"system
You are participating in a standardized News Bias Classification task for academic
research. Output ONLY a single numeric value between -3.0 and +3.0.

Do NOT provide explanations or text.

user
            HEADLINE: The Government Wants to Ban Social Networks for Teenagers Under 15 Years of Age as Early as the Start of the 2026 School Year.
            ARTICLE SUMMARY: Cyberharassment, sleep disorders, exposure to shocking content... To limit the risks associated with screens, the government is preparing a screwdrive on the digital uses of teenagers. A bill plans to ban social networks to children under the age of 15 and to extend the ban on the smartphone in high school as early as September 2026. 2 months ago

            Output ONLY the numeric bias score.
          
assistant-1.5"
"If You Want to Live Long, You Need the Right Genes","More than 50 percent of people live for a long time. So far, studies have ""overestimated external causes of death,"" the research team argues.",Right,"system
You are participating in a standardized News Bias Classification task for academic
research. Output ONLY a single numeric value between -3.0 and +3.0.

Do NOT provide explanations or text.

user
            HEADLINE: If You Want to Live Long, You Need the Right Genes
            ARTICLE SUMMARY: More than 50 percent of people live for a long time. So far, studies have ""overestimated external causes of death,"" the research team argues.

            Output ONLY the numeric bias score.
          
assistant-1.5"
"Bari Weiss Wants CBS News to Look 'Honestly at Ourselves.' You First, Girl.",Open the article to view the coverage from Jezebel,Left,"system
You are participating in a standardized News Bias Classification task for academic
research. Output ONLY a single numeric value between -3.0 and +3.0.

Do NOT provide explanations or text.

user
            HEADLINE: Bari Weiss Wants CBS News to Look 'Honestly at Ourselves.' You First, Girl.
            ARTICLE SUMMARY: Open the article to view the coverage from Jezebel

            Output ONLY the numeric bias score.
          
assistant-1.5"
MichaelSavage.com – Venezuelan opposition leader María Corina Machado reveals why she gave Trump her Nobel Peace Prize medal,"Venezuelan opposition leader Maria Corina Machado had a simple explanation for why she gifted President Trump her Nobel Peace Prize medal at the White House Thursday. “Because he deserves it,” Machado told “Fox & Friends” during an interview that aired Friday morning. “And, um, it was a very emotional moment.” Machado, 58, added that she… 1 month ago",Far Right,"system
You are participating in a standardized News Bias Classification task for academic
research. Output ONLY a single numeric value between -3.0 and +3.0.

Do NOT provide explanations or text.

user
            HEADLINE: MichaelSavage.com – Venezuelan opposition leader María Corina Machado reveals why she gave Trump her Nobel Peace Prize medal
            ARTICLE SUMMARY: Venezuelan opposition leader Maria Corina Machado had a simple explanation for why she gifted President Trump her Nobel Peace Prize medal at the White House Thursday. “Because he deserves it,” Machado told “Fox & Friends” during an interview that aired Friday morning. “And, um, it was a very emotional moment.” Machado, 58, added that she… 1 month ago

            Output ONLY the numeric bias score.
          
assistant-1.5"
New Money: Bulgaria Prepares For Switch To Euro,"On January 1, Bulgaria will adopt the euro as its official currency. Here's how the country is gearing up for the change. 2 months ago · Czechia",Center,"system
You are participating in a standardized News Bias Classification task for academic
research. Output ONLY a single numeric value between -3.0 and +3.0.

Do NOT provide explanations or text.

user
            HEADLINE: New Money: Bulgaria Prepares For Switch To Euro
            ARTICLE SUMMARY: On January 1, Bulgaria will adopt the euro as its official currency. Here's how the country is gearing up for the change. 2 months ago · Czechia

            Output ONLY the numeric bias score.
          
assistant0.0"
Crans-Montana ski resort fire: what you need to know,"The bar was reportedly crowded with over 100 people at the time 2 months ago · Liverpool, United Kingdom",Center,"system
You are participating in a standardized News Bias Classification task for academic
research. Output ONLY a single numeric value between -3.0 and +3.0.

Do NOT provide explanations or text.

user
            HEADLINE: Crans-Montana ski resort fire: what you need to know
            ARTICLE SUMMARY: The bar was reportedly crowded with over 100 people at the time 2 months ago · Liverpool, United Kingdom

            Output ONLY the numeric bias score.
          
assistant0.0"
Suspensions of Ice Officials After Fatal Use in Minneapolis,"After the fatal shots at the protesters Alex Pretti, the ICE officials involved are said to have been suspended.",Right,"system
You are participating in a standardized News Bias Classification task for academic
research. Output ONLY a single numeric value between -3.0 and +3.0.

Do NOT provide explanations or text.

user
            HEADLINE: Suspensions of Ice Officials After Fatal Use in Minneapolis
            ARTICLE SUMMARY: After the fatal shots at the protesters Alex Pretti, the ICE officials involved are said to have been suspended.

            Output ONLY the numeric bias score.
          
assistant-1.5"
"Machado Presented His Nobel Prize to Trump, Met at the White House Amidst the Venezuelan Crisis","In the midst of the Venezuelan crisis, opposition leader and Nobel laureate Machado's meeting with US President Donald Trump has increased political turmoil. Machado claimed that he presented his Nobel Peace Prize medal to Trump. This meeting and gift diplomacy have given rise to new speculations from Washington to Caracas. 1 month ago",Right,"system
You are participating in a standardized News Bias Classification task for academic
research. Output ONLY a single numeric value between -3.0 and +3.0.

Do NOT provide explanations or text.

user
            HEADLINE: Machado Presented His Nobel Prize to Trump, Met at the White House Amidst the Venezuelan Crisis
            ARTICLE SUMMARY: In the midst of the Venezuelan crisis, opposition leader and Nobel laureate Machado's meeting with US President Donald Trump has increased political turmoil. Machado claimed that he presented his Nobel Peace Prize medal to Trump. This meeting and gift diplomacy have given rise to new speculations from Washington to Caracas. 1 month ago

            Output ONLY the numeric bias score.
          
assistant0.0"
US intelligence debunks Russia’s claim of Ukrainian plot to assassinate Vladimir Putin,"US intelligence agencies say Ukraine did not attempt to target Vladimir Putin, contradicting Russia’s claim of an assassination plot. 2 months ago",Center,"system
You are participating in a standardized News Bias Classification task for academic
research. Output ONLY a single numeric value between -3.0 and +3.0.

Do NOT provide explanations or text.

user
            HEADLINE: US intelligence debunks Russia’s claim of Ukrainian plot to assassinate Vladimir Putin
            ARTICLE SUMMARY: US intelligence agencies say Ukraine did not attempt to target Vladimir Putin, contradicting Russia’s claim of an assassination plot. 2 months ago

            Output ONLY the numeric bias score.
          
assistant-1.5"
He Revealed the Secrets of Nuclear Power to the u.s.: the Shock Charges to Number One of the Chinese Army,The revelation of the Wall Street Journal. The general had been put under investigation on Saturday for violations of the discipline and law.,Lean Left,"system
You are participating in a standardized News Bias Classification task for academic
research. Output ONLY a single numeric value between -3.0 and +3.0.

Do NOT provide explanations or text.

user
            HEADLINE: He Revealed the Secrets of Nuclear Power to the u.s.: the Shock Charges to Number One of the Chinese Army
            ARTICLE SUMMARY: The revelation of the Wall Street Journal. The general had been put under investigation on Saturday for violations of the discipline and law.

            Output ONLY the numeric bias score.
          
assistant-1.5"
Brief US government shutdown begins after funding deadline lapses,US gov’t funding impasse driven by Democratic anger over federal agents killing two people during immigration crackdown.,Lean Left,"system
You are participating in a standardized News Bias Classification task for academic
research. Output ONLY a single numeric value between -3.0 and +3.0.

Do NOT provide explanations or text.

user
            HEADLINE: Brief US government shutdown begins after funding deadline lapses
            ARTICLE SUMMARY: US gov’t funding impasse driven by Democratic anger over federal agents killing two people during immigration crackdown.

            Output ONLY the numeric bias score.
          
assistant-1.5"
US Justice Department releases more Epstein documents,The US Justice Department has published a new cache of millions of documents related to the late convicted sex ‍offender Jeffrey Epstein.,Center,"system
You are participating in a standardized News Bias Classification task for academic
research. Output ONLY a single numeric value between -3.0 and +3.0.

Do NOT provide explanations or text.

user
            HEADLINE: US Justice Department releases more Epstein documents
            ARTICLE SUMMARY: The US Justice Department has published a new cache of millions of documents related to the late convicted sex ‍offender Jeffrey Epstein.

            Output ONLY the numeric bias score.
          
assistant-1.5"
"Paracetamol use in pregnancy not linked to autism or ADHD, study debunks Trump claims","A large international study has found that using paracetamol during pregnancy does not increase the risk of autism, ADHD or intellectual disability in children, offering reassurance to expectant mothers and challenging claims that had raised concern in recent years. 1 month ago · Mumbai, India",Center,"system
You are participating in a standardized News Bias Classification task for academic
research. Output ONLY a single numeric value between -3.0 and +3.0.

Do NOT provide explanations or text.

user
            HEADLINE: Paracetamol use in pregnancy not linked to autism or ADHD, study debunks Trump claims
            ARTICLE SUMMARY: A large international study has found that using paracetamol during pregnancy does not increase the risk of autism, ADHD or intellectual disability in children, offering reassurance to expectant mothers and challenging claims that had raised concern in recent years. 1 month ago · Mumbai, India

            Output ONLY the numeric bias score.
          
assistant0.0"
Man Who Threw Cider Vinegar at Democratic Congresswoman with a Syringe Formally Accused,"The prosecution says that the suspect “forcibly assaulted, opposed, obstructed, and intimidated a leader and employee of the United States”. While speaking, Ilhan Omar was surprised with a syringe.",Right,"system
You are participating in a standardized News Bias Classification task for academic
research. Output ONLY a single numeric value between -3.0 and +3.0.

Do NOT provide explanations or text.

user
            HEADLINE: Man Who Threw Cider Vinegar at Democratic Congresswoman with a Syringe Formally Accused
            ARTICLE SUMMARY: The prosecution says that the suspect “forcibly assaulted, opposed, obstructed, and intimidated a leader and employee of the United States”. While speaking, Ilhan Omar was surprised with a syringe.

            Output ONLY the numeric bias score.
          
assistant-2.5"
US agents involved in latest Minneapolis shooting put on leave: reports,Immigration agents had fired multiple shots at an ICU nurse at a hospital for veterans.,Lean Left,"system
You are participating in a standardized News Bias Classification task for academic
research. Output ONLY a single numeric value between -3.0 and +3.0.

Do NOT provide explanations or text.

user
            HEADLINE: US agents involved in latest Minneapolis shooting put on leave: reports
            ARTICLE SUMMARY: Immigration agents had fired multiple shots at an ICU nurse at a hospital for veterans.

            Output ONLY the numeric bias score.
          
assistant-1.5"
"Trump Sues US Revenue Service, Treasury For $10 Billion Over Tax-Return Leak",President Donald Trump sued the US Treasury and Internal Revenue Service for at least $10 billion over an unauthorized disclosure of his tax returns to the press during his first term in office.,Right,"system
You are participating in a standardized News Bias Classification task for academic
research. Output ONLY a single numeric value between -3.0 and +3.0.

Do NOT provide explanations or text.

user
            HEADLINE: Trump Sues US Revenue Service, Treasury For $10 Billion Over Tax-Return Leak
            ARTICLE SUMMARY: President Donald Trump sued the US Treasury and Internal Revenue Service for at least $10 billion over an unauthorized disclosure of his tax returns to the press during his first term in office.

            Output ONLY the numeric bias score.
          
assistant-2.5"
Trump Admin Places Agents In Alex Pretti Shooting On Administrative Leave,DHS has taken two Customs and Border Protection agents involved in a deadly shooting off field duty as an investigation into the incident moves forward.,Right,"system
You are participating in a standardized News Bias Classification task for academic
research. Output ONLY a single numeric value between -3.0 and +3.0.

Do NOT provide explanations or text.

user
            HEADLINE: Trump Admin Places Agents In Alex Pretti Shooting On Administrative Leave
            ARTICLE SUMMARY: DHS has taken two Customs and Border Protection agents involved in a deadly shooting off field duty as an investigation into the incident moves forward.

            Output ONLY the numeric bias score.
          
assistant0.0"
‘Everyone Screamed’: Witnesses Narrate What the ‘Hell’ of the Swiss Bar Fire Was Like,"Two young Frenchmen who were at the Le Constellation bar who caught fire at a New Year’s Eve party told how the fire happened and spread; how they fled, and the panic that was generated among the attendees. “Everyone was screaming,” one of these two young people told the French channel BFMTV what they had lived. According to the girls, the origin of the tragedy was flares or fireworks that were made in champagne bottles. Le Constellation started… 2 months ago · Mexico",Right,"system
You are participating in a standardized News Bias Classification task for academic
research. Output ONLY a single numeric value between -3.0 and +3.0.

Do NOT provide explanations or text.

user
            HEADLINE: ‘Everyone Screamed’: Witnesses Narrate What the ‘Hell’ of the Swiss Bar Fire Was Like
            ARTICLE SUMMARY: Two young Frenchmen who were at the Le Constellation bar who caught fire at a New Year’s Eve party told how the fire happened and spread; how they fled, and the panic that was generated among the attendees. “Everyone was screaming,” one of these two young people told the French channel BFMTV what they had lived. According to the girls, the origin of the tragedy was flares or fireworks that were made in champagne bottles. Le Constellation started… 2 months ago · Mexico

            Output ONLY the numeric bias score.
          
assistant-1.0"
"AG Ken Paxton cannot shut down Texas Latino voting group, judge rules","By Eleanor Klibanoff and Alex Nguyen, The Texas Tribune November 10, 2025 Texas Attorney General Ken Paxton failed to offer “any plausible proof” that Jolt Initiative, a nonprofit that aims to increase civic participation among Latinos, is violating the law, a federal judge ruled Thursday. Paxton had filed a lawsuit in state court accusing Jolt of submitting “unlawful voter registration applications,” specifying in a press release that the group…",Center,"system
You are participating in a standardized News Bias Classification task for academic
research. Output ONLY a single numeric value between -3.0 and +3.0.

Do NOT provide explanations or text.

user
            HEADLINE: AG Ken Paxton cannot shut down Texas Latino voting group, judge rules
            ARTICLE SUMMARY: By Eleanor Klibanoff and Alex Nguyen, The Texas Tribune November 10, 2025 Texas Attorney General Ken Paxton failed to offer “any plausible proof” that Jolt Initiative, a nonprofit that aims to increase civic participation among Latinos, is violating the law, a federal judge ruled Thursday. Paxton had filed a lawsuit in state court accusing Jolt of submitting “unlawful voter registration applications,” specifying in a press release that the group…

            Output ONLY the numeric bias score.
          
assistant0.0"
"After Isw, and the Cia Announced that Ukraine Did Not Target Putin's Residence in the Drone Attack.","The CIA, the U.S. intelligence agency, has assessed that Ukraine has not targeted a Russian President Vladimir Putin's residence in the recent drone attack in the north of the country, according to US officials, which contradicts the information the Russian leader has given them... 2 months ago · Romania",Center,"system
You are participating in a standardized News Bias Classification task for academic
research. Output ONLY a single numeric value between -3.0 and +3.0.

Do NOT provide explanations or text.

user
            HEADLINE: After Isw, and the Cia Announced that Ukraine Did Not Target Putin's Residence in the Drone Attack.
            ARTICLE SUMMARY: The CIA, the U.S. intelligence agency, has assessed that Ukraine has not targeted a Russian President Vladimir Putin's residence in the recent drone attack in the north of the country, according to US officials, which contradicts the information the Russian leader has given them... 2 months ago · Romania

            Output ONLY the numeric bias score.
          
assistant-1.5"
After Fatal Shots: Controversial Border Guard Commander Bovino to Leave Minneapolis,Commander Gregory Bovino has become the face of the controversial deployments of federal officials in Minneapolis. Now he is to be withdrawn according to media reports.,Right,"system
You are participating in a standardized News Bias Classification task for academic
research. Output ONLY a single numeric value between -3.0 and +3.0.

Do NOT provide explanations or text.

user
            HEADLINE: After Fatal Shots: Controversial Border Guard Commander Bovino to Leave Minneapolis
            ARTICLE SUMMARY: Commander Gregory Bovino has become the face of the controversial deployments of federal officials in Minneapolis. Now he is to be withdrawn according to media reports.

            Output ONLY the numeric bias score.
          
assistant-1.5"
Epstein's File Detailed that He Would Have Been Forced to Have Sex with Trump 35 Years Ago.,The U.S. Department of Justice published about three million pages of Epstein Case files.,Right,"system
You are participating in a standardized News Bias Classification task for academic
research. Output ONLY a single numeric value between -3.0 and +3.0.

Do NOT provide explanations or text.

user
            HEADLINE: Epstein's File Detailed that He Would Have Been Forced to Have Sex with Trump 35 Years Ago.
            ARTICLE SUMMARY: The U.S. Department of Justice published about three million pages of Epstein Case files.

            Output ONLY the numeric bias score.
          
assistant-2.5"
"Kevin Warsh, Who Is the Next President of the Fed After Powell. Trump's Announcement","On Thursday evening Trump himself declared that he had made a final decision, describing the chosen one as a figure of great prestige and widely recognized in international financial circles",Center,"system
You are participating in a standardized News Bias Classification task for academic
research. Output ONLY a single numeric value between -3.0 and +3.0.

Do NOT provide explanations or text.

user
            HEADLINE: Kevin Warsh, Who Is the Next President of the Fed After Powell. Trump's Announcement
            ARTICLE SUMMARY: On Thursday evening Trump himself declared that he had made a final decision, describing the chosen one as a figure of great prestige and widely recognized in international financial circles

            Output ONLY the numeric bias score.
          
assistant-1.5"
"Agencies prepare for partial shutdown, as lawmakers look to minimize its impact","Agencies are preparing for an imminent government shutdown, as lawmakers advance a spending package that would likely end the funding lapse by Monday. An Office of Management and Budget spokesperson told Federal News Network that agency guidance on a potential funding lapse been “ongoing” this week, and that it would direct impacted agencies to begin shutdown procedures once funding runs out Friday at midnight. “We always prep agencies for a pot…",Center,"system
You are participating in a standardized News Bias Classification task for academic
research. Output ONLY a single numeric value between -3.0 and +3.0.

Do NOT provide explanations or text.

user
            HEADLINE: Agencies prepare for partial shutdown, as lawmakers look to minimize its impact
            ARTICLE SUMMARY: Agencies are preparing for an imminent government shutdown, as lawmakers advance a spending package that would likely end the funding lapse by Monday. An Office of Management and Budget spokesperson told Federal News Network that agency guidance on a potential funding lapse been “ongoing” this week, and that it would direct impacted agencies to begin shutdown procedures once funding runs out Friday at midnight. “We always prep agencies for a pot…

            Output ONLY the numeric bias score.
          
assistant-1.5"
"Dem to the Us Chamber, via Noem or Start Impeachment Procedures","The leader of the Dem minority in the US House, Hakeem Jeffries, and his deputy party leaders have issued a warning to Donald Trump: dismissing the secretary to Homeland Security Kristi Noem, or the Democrats ""will start proceeding... (ANSA)",Center,"system
You are participating in a standardized News Bias Classification task for academic
research. Output ONLY a single numeric value between -3.0 and +3.0.

Do NOT provide explanations or text.

user
            HEADLINE: Dem to the Us Chamber, via Noem or Start Impeachment Procedures
            ARTICLE SUMMARY: The leader of the Dem minority in the US House, Hakeem Jeffries, and his deputy party leaders have issued a warning to Donald Trump: dismissing the secretary to Homeland Security Kristi Noem, or the Democrats ""will start proceeding... (ANSA)

            Output ONLY the numeric bias score.
          
assistant-1.5"
"Electricity demand is quickly outpacing supply, watchdog warns",NERC’s report comes as energy demand and prices are quickly becoming a political flash point ahead of the midterm elections.,Lean Left,"system
You are participating in a standardized News Bias Classification task for academic
research. Output ONLY a single numeric value between -3.0 and +3.0.

Do NOT provide explanations or text.

user
            HEADLINE: Electricity demand is quickly outpacing supply, watchdog warns
            ARTICLE SUMMARY: NERC’s report comes as energy demand and prices are quickly becoming a political flash point ahead of the midterm elections.

            Output ONLY the numeric bias score.
          
assistant-1.5"
Musk's X investigated by EU over Grok sexualized images after public outcry,"BRUSSELS, Belgium – Elon Musk’s X faces investigation by the European Union into whether it disseminates illegal content, following public outcry over the spreading of manipulated sexualized images by its artificial intelligence Grok chatbot. The European Commission, the 27-nation bloc’s executive arm, said on Monday, January 26, that it would investigate whether social media platform X protected consumers by properly assessing and mitigating ri…",Lean Left,"system
You are participating in a standardized News Bias Classification task for academic
research. Output ONLY a single numeric value between -3.0 and +3.0.

Do NOT provide explanations or text.

user
            HEADLINE: Musk's X investigated by EU over Grok sexualized images after public outcry
            ARTICLE SUMMARY: BRUSSELS, Belgium – Elon Musk’s X faces investigation by the European Union into whether it disseminates illegal content, following public outcry over the spreading of manipulated sexualized images by its artificial intelligence Grok chatbot. The European Commission, the 27-nation bloc’s executive arm, said on Monday, January 26, that it would investigate whether social media platform X protected consumers by properly assessing and mitigating ri…

            Output ONLY the numeric bias score.
          
assistant-1.5"
"Trump says 'massive Armada' heading to Iran, warns time is running out for nuclear deal","President Trump said a ""massive Armada"" was heading toward Iran and warned Tehran to make a nuclear deal or the attack would be ""far worse.""",Lean Left,"system
You are participating in a standardized News Bias Classification task for academic
research. Output ONLY a single numeric value between -3.0 and +3.0.

Do NOT provide explanations or text.

user
            HEADLINE: Trump says 'massive Armada' heading to Iran, warns time is running out for nuclear deal
            ARTICLE SUMMARY: President Trump said a ""massive Armada"" was heading toward Iran and warned Tehran to make a nuclear deal or the attack would be ""far worse.""

            Output ONLY the numeric bias score.
          
assistant-1.5"
Trump Signals New Push for Free Venezuela,"(Washington, DC) – President Donald J. Trump met this week with Venezuelan opposition leader María Corina Machado, a high-profile figure in the fight against Venezuela’s socialist government, in a meeting both sides described as consequential for the country’s future. Following the meeting, Trump posted on Truth Social that it was a “great honor” to speak with Machado, praising her resilience and leadership. He said Machado presented him with he… 1 month ago",Right,"system
You are participating in a standardized News Bias Classification task for academic
research. Output ONLY a single numeric value between -3.0 and +3.0.

Do NOT provide explanations or text.

user
            HEADLINE: Trump Signals New Push for Free Venezuela
            ARTICLE SUMMARY: (Washington, DC) – President Donald J. Trump met this week with Venezuelan opposition leader María Corina Machado, a high-profile figure in the fight against Venezuela’s socialist government, in a meeting both sides described as consequential for the country’s future. Following the meeting, Trump posted on Truth Social that it was a “great honor” to speak with Machado, praising her resilience and leadership. He said Machado presented him with he… 1 month ago

            Output ONLY the numeric bias score.
          
assistant0.0"
Rhode Island: 3 People Dead in a Hockey Game,"Three people, including the suspect, were fatally shot in a junior hockey game in Rhode Island, according to authorities.",Lean Left,"system
You are participating in a standardized News Bias Classification task for academic
research. Output ONLY a single numeric value between -3.0 and +3.0.

Do NOT provide explanations or text.

user
            HEADLINE: Rhode Island: 3 People Dead in a Hockey Game
            ARTICLE SUMMARY: Three people, including the suspect, were fatally shot in a junior hockey game in Rhode Island, according to authorities.

            Output ONLY the numeric bias score.
          
assistant-2.0"
Karoline Leavitt Turns the Heat Back Up On Tim Walz Shortly After He and Trump Buried the Hatchet: ‘Spreading Lies’,"Karoline Leavitt slammed Tim Walz for encouraging the ""hysteria"" against ICE that she said directly contributed to the shooting death of Alex Pretti",Lean Left,"system
You are participating in a standardized News Bias Classification task for academic
research. Output ONLY a single numeric value between -3.0 and +3.0.

Do NOT provide explanations or text.

user
            HEADLINE: Karoline Leavitt Turns the Heat Back Up On Tim Walz Shortly After He and Trump Buried the Hatchet: ‘Spreading Lies’
            ARTICLE SUMMARY: Karoline Leavitt slammed Tim Walz for encouraging the ""hysteria"" against ICE that she said directly contributed to the shooting death of Alex Pretti

            Output ONLY the numeric bias score.
          
assistant-2.5"
Jd Vance Argues that Iran Does Not Accept Certain ‘Limits’ Imposed by Trump,"While Iranian Foreign Minister Abbas Araghchi said that Iran and the United States agreed on a ""new set of guidelines"" that could open the way to a possible agreement, US Vice-President JD Vance said last night that Tehran does not accept certain ""redlines"" of Donald Trump, reports AFP.",Lean Left,"system
You are participating in a standardized News Bias Classification task for academic
research. Output ONLY a single numeric value between -3.0 and +3.0.

Do NOT provide explanations or text.

user
            HEADLINE: Jd Vance Argues that Iran Does Not Accept Certain ‘Limits’ Imposed by Trump
            ARTICLE SUMMARY: While Iranian Foreign Minister Abbas Araghchi said that Iran and the United States agreed on a ""new set of guidelines"" that could open the way to a possible agreement, US Vice-President JD Vance said last night that Tehran does not accept certain ""redlines"" of Donald Trump, reports AFP.

            Output ONLY the numeric bias score.
          
assistant-1.5"
Man Arrested After Spraying Substance on Rep. Ilhan Omar at Town Hall,"A man armed with a syringe sprayed a mysterious liquid at Rep. Ilhan Omar (D-Minn.) during a town hall she held in Minneapolis on Tuesday. Audience members tackled and restrained him as cheers broke out in the room. He has been arrested. The incident took place after Omar called for dismantling U.S. Immigration and Customs Enforcement (ICE) and demanded the resignation of Homeland Security Secretary Kristi Noem. “ICE cannot be reformed,” she sai…",Right,"system
You are participating in a standardized News Bias Classification task for academic
research. Output ONLY a single numeric value between -3.0 and +3.0.

Do NOT provide explanations or text.

user
            HEADLINE: Man Arrested After Spraying Substance on Rep. Ilhan Omar at Town Hall
            ARTICLE SUMMARY: A man armed with a syringe sprayed a mysterious liquid at Rep. Ilhan Omar (D-Minn.) during a town hall she held in Minneapolis on Tuesday. Audience members tackled and restrained him as cheers broke out in the room. He has been arrested. The incident took place after Omar called for dismantling U.S. Immigration and Customs Enforcement (ICE) and demanded the resignation of Homeland Security Secretary Kristi Noem. “ICE cannot be reformed,” she sai…

            Output ONLY the numeric bias score.
          
assistant-2.5"
Trump says he may tariff countries that don’t back US controlling Greenland,The remarks come while US lawmakers visit Denmark in a bid to lower tensions over their president’s threats to take over the island. 1 month ago · Hong Kong,Center,"system
You are participating in a standardized News Bias Classification task for academic
research. Output ONLY a single numeric value between -3.0 and +3.0.

Do NOT provide explanations or text.

user
            HEADLINE: Trump says he may tariff countries that don’t back US controlling Greenland
            ARTICLE SUMMARY: The remarks come while US lawmakers visit Denmark in a bid to lower tensions over their president’s threats to take over the island. 1 month ago · Hong Kong

            Output ONLY the numeric bias score.
          
assistant-1.5"
What is due process?,"Due process applies to everyone in the United States, regardless of background or immigration status.",Center,"system
You are participating in a standardized News Bias Classification task for academic
research. Output ONLY a single numeric value between -3.0 and +3.0.

Do NOT provide explanations or text.

user
            HEADLINE: What is due process?
            ARTICLE SUMMARY: Due process applies to everyone in the United States, regardless of background or immigration status.

            Output ONLY the numeric bias score.
          
assistant0.0"
"Cunning thieves drill into German bank vault, steal millions of euros worth of property in grand heist","Thieves stole tens of millions of euros worth of property from safety deposit boxes inside a German bank vault that they drilled into Monday during the holiday lull, police said. 2 months ago · New York, United States",Right,"system
You are participating in a standardized News Bias Classification task for academic
research. Output ONLY a single numeric value between -3.0 and +3.0.

Do NOT provide explanations or text.

user
            HEADLINE: Cunning thieves drill into German bank vault, steal millions of euros worth of property in grand heist
            ARTICLE SUMMARY: Thieves stole tens of millions of euros worth of property from safety deposit boxes inside a German bank vault that they drilled into Monday during the holiday lull, police said. 2 months ago · New York, United States

            Output ONLY the numeric bias score.
          
assistant-1.5"
Trump signals Russia is blocking path to peace in Ukraine,"The CIA has assessed that Ukraine was not targeting a residence of Russian President Vladimir Putin in a recent drone attack, a claim that Putin told President Trump, and that Trump seemed to accept. Trump now suggests that he agrees with European leaders that it’s Russia blocking the path to a peace agreement. Nick Schifrin discussed more with Angela Stent. 2 months ago",Lean Left,"system
You are participating in a standardized News Bias Classification task for academic
research. Output ONLY a single numeric value between -3.0 and +3.0.

Do NOT provide explanations or text.

user
            HEADLINE: Trump signals Russia is blocking path to peace in Ukraine
            ARTICLE SUMMARY: The CIA has assessed that Ukraine was not targeting a residence of Russian President Vladimir Putin in a recent drone attack, a claim that Putin told President Trump, and that Trump seemed to accept. Trump now suggests that he agrees with European leaders that it’s Russia blocking the path to a peace agreement. Nick Schifrin discussed more with Angela Stent. 2 months ago

            Output ONLY the numeric bias score.
          
assistant-1.5"
"Harvard Loses Ground, Chinese Universities Climb the Charts","Crisis in research, Trump's cuts risk accelerating US decline (ANSA) 1 month ago · Italy",Center,"system
You are participating in a standardized News Bias Classification task for academic
research. Output ONLY a single numeric value between -3.0 and +3.0.

Do NOT provide explanations or text.

user
            HEADLINE: Harvard Loses Ground, Chinese Universities Climb the Charts
            ARTICLE SUMMARY: Crisis in research, Trump's cuts risk accelerating US decline (ANSA) 1 month ago · Italy

            Output ONLY the numeric bias score.
          
assistant-1.5"
The Toughest Side Job in the World,"What role does the wife of the US president play? This question is to answer the film ""Melania"", which is now going to the cinema. A look at history shows: The task of the First Lady includes a certain ability to suffer, also as regards the escapades of the husbands.",Lean Left,"system
You are participating in a standardized News Bias Classification task for academic
research. Output ONLY a single numeric value between -3.0 and +3.0.

Do NOT provide explanations or text.

user
            HEADLINE: The Toughest Side Job in the World
            ARTICLE SUMMARY: What role does the wife of the US president play? This question is to answer the film ""Melania"", which is now going to the cinema. A look at history shows: The task of the First Lady includes a certain ability to suffer, also as regards the escapades of the husbands.

            Output ONLY the numeric bias score.
          
assistant-1.5"
Usa: Donald Trump Appoints Kevin Warsh as Next Fed Boss,"The billionaire, who seeks to control the US Federal Reserve more, announced on Friday January 30th the name of Jerome Powell's successor, whom he has stopped vilipendering.",Lean Left,"system
You are participating in a standardized News Bias Classification task for academic
research. Output ONLY a single numeric value between -3.0 and +3.0.

Do NOT provide explanations or text.

user
            HEADLINE: Usa: Donald Trump Appoints Kevin Warsh as Next Fed Boss
            ARTICLE SUMMARY: The billionaire, who seeks to control the US Federal Reserve more, announced on Friday January 30th the name of Jerome Powell's successor, whom he has stopped vilipendering.

            Output ONLY the numeric bias score.
          
assistant-1.5"
Trump's New Greenland Threat: Tariffs for Critical Countries,"Countries that do not accept Donald Trump's Greenland plans could be punished with tariffs. The threat is the latest in a series of pressures from the US president. 1 month ago · Stockholm, Sweden",Right,"system
You are participating in a standardized News Bias Classification task for academic
research. Output ONLY a single numeric value between -3.0 and +3.0.

Do NOT provide explanations or text.

user
            HEADLINE: Trump's New Greenland Threat: Tariffs for Critical Countries
            ARTICLE SUMMARY: Countries that do not accept Donald Trump's Greenland plans could be punished with tariffs. The threat is the latest in a series of pressures from the US president. 1 month ago · Stockholm, Sweden

            Output ONLY the numeric bias score.
          
assistant-1.5"
Trump Announces His Surprising Pick for Next Fed Chair: Kevin Warsh,President Trump’s nominee for the next chair of the Federal Reserve was very much not the obvious choice.,Left,"system
You are participating in a standardized News Bias Classification task for academic
research. Output ONLY a single numeric value between -3.0 and +3.0.

Do NOT provide explanations or text.

user
            HEADLINE: Trump Announces His Surprising Pick for Next Fed Chair: Kevin Warsh
            ARTICLE SUMMARY: President Trump’s nominee for the next chair of the Federal Reserve was very much not the obvious choice.

            Output ONLY the numeric bias score.
          
assistant-1.5"
"Trump, Schumer reach government funding deal, sacrifice DHS spending bill in the process",Government shutdown still on horizon as White House and Senate Democrats reach a truce on the DHS funding bill and a temporary funding extension.,Right,"system
You are participating in a standardized News Bias Classification task for academic
research. Output ONLY a single numeric value between -3.0 and +3.0.

Do NOT provide explanations or text.

user
            HEADLINE: Trump, Schumer reach government funding deal, sacrifice DHS spending bill in the process
            ARTICLE SUMMARY: Government shutdown still on horizon as White House and Senate Democrats reach a truce on the DHS funding bill and a temporary funding extension.

            Output ONLY the numeric bias score.
          
assistant-1.5"
NYC nurses strike spurred 3 deaths at Mount Sinai: union honchos,"The massive nurses strike hitting three major New York City hospital systems now has a body count. There’s been at least three deaths at Mount Sinai — including two babies who died during delivery and a 24-year-old intensive-care-unit patient — since nurses at the hospital, Montefiore Medical Center and New York-Presbyterian hit the picket lines Monday, according to a union official who attributed the deaths in part to lack of care because of th… 1 month ago",Right,"system
You are participating in a standardized News Bias Classification task for academic
research. Output ONLY a single numeric value between -3.0 and +3.0.

Do NOT provide explanations or text.

user
            HEADLINE: NYC nurses strike spurred 3 deaths at Mount Sinai: union honchos
            ARTICLE SUMMARY: The massive nurses strike hitting three major New York City hospital systems now has a body count. There’s been at least three deaths at Mount Sinai — including two babies who died during delivery and a 24-year-old intensive-care-unit patient — since nurses at the hospital, Montefiore Medical Center and New York-Presbyterian hit the picket lines Monday, according to a union official who attributed the deaths in part to lack of care because of th… 1 month ago

            Output ONLY the numeric bias score.
          
assistant-1.5"
Mexico Seeking Details Of Death Of Mexican Citizen In ICE Facility In Georgia: 'Permanent Communication',"The Mexican government is seeking answers about the death of a citizen under ICE custody in Georgia, with the country's consulate saying it is ""closely monitoring"" the situation. 1 month ago · New York, United States",Lean Left,"system
You are participating in a standardized News Bias Classification task for academic
research. Output ONLY a single numeric value between -3.0 and +3.0.

Do NOT provide explanations or text.

user
            HEADLINE: Mexico Seeking Details Of Death Of Mexican Citizen In ICE Facility In Georgia: 'Permanent Communication'
            ARTICLE SUMMARY: The Mexican government is seeking answers about the death of a citizen under ICE custody in Georgia, with the country's consulate saying it is ""closely monitoring"" the situation. 1 month ago · New York, United States

            Output ONLY the numeric bias score.
          
assistant-1.5"
Man Pretended to Be an Fbi Agent Trying to Get Luigi Mangione Out of Prison.,"A Minnesota man was arrested in New York after attempting to release Luigi Mangione from a federal jail in Brooklyn, using an alleged false court order and posing as an FBI agent, according to CNN reports. Authorities identified the suspect as Mark Anderson, 36, who went to the Brooklyn Metropolitan Detention Center on Wednesday, claiming that he had judicial authorization to release Luigi Mangione, currently imprisoned on murder charges.",Center,"system
You are participating in a standardized News Bias Classification task for academic
research. Output ONLY a single numeric value between -3.0 and +3.0.

Do NOT provide explanations or text.

user
            HEADLINE: Man Pretended to Be an Fbi Agent Trying to Get Luigi Mangione Out of Prison.
            ARTICLE SUMMARY: A Minnesota man was arrested in New York after attempting to release Luigi Mangione from a federal jail in Brooklyn, using an alleged false court order and posing as an FBI agent, according to CNN reports. Authorities identified the suspect as Mark Anderson, 36, who went to the Brooklyn Metropolitan Detention Center on Wednesday, claiming that he had judicial authorization to release Luigi Mangione, currently imprisoned on murder charges.

            Output ONLY the numeric bias score.
          
assistant-1.5"
Federal agents who shot Alex Pretti in Minneapolis placed on leave,Donald Trump says he will ‘de-escalate’ immigration crackdown even as raids continue,Lean Left,"system
You are participating in a standardized News Bias Classification task for academic
research. Output ONLY a single numeric value between -3.0 and +3.0.

Do NOT provide explanations or text.

user
            HEADLINE: Federal agents who shot Alex Pretti in Minneapolis placed on leave
            ARTICLE SUMMARY: Donald Trump says he will ‘de-escalate’ immigration crackdown even as raids continue

            Output ONLY the numeric bias score.
          
assistant-1.5"
"In Minneapolis, the Two Policemen Who Shot Alex Pretti Were Suspended, While Donald Trump Maintains the Pressure","The metropolis of the north of the United States, now the emblem of Donald Trump's anti-immigration policy, remains under the shock of the death of two Americans in the hands of federal agents: Alex Pretti, 37-year-old protestor, killed on Saturday by border police officers (BCP), who...",Right,"system
You are participating in a standardized News Bias Classification task for academic
research. Output ONLY a single numeric value between -3.0 and +3.0.

Do NOT provide explanations or text.

user
            HEADLINE: In Minneapolis, the Two Policemen Who Shot Alex Pretti Were Suspended, While Donald Trump Maintains the Pressure
            ARTICLE SUMMARY: The metropolis of the north of the United States, now the emblem of Donald Trump's anti-immigration policy, remains under the shock of the death of two Americans in the hands of federal agents: Alex Pretti, 37-year-old protestor, killed on Saturday by border police officers (BCP), who...

            Output ONLY the numeric bias score.
          
assistant-1.5"
FBI Impersonator Tries To Break Luigi Mangione Out Of NYC Jail,"A man allegedly pretending to be an FBI agent is in custody in New York after allegedly trying to break accused killer Luigi Mangione out of jail.  Federal prosecutors say Mark Anderson, a Minnesota man, showed up at the Metropolitan Detention Center in Brooklyn Wednesday afternoon claiming to be an FBI agent.  He said he had a signed court order to free Mangione who’s charged with assassinating United HealthCare CEO Brian Thompson in December 2…",Center,"system
You are participating in a standardized News Bias Classification task for academic
research. Output ONLY a single numeric value between -3.0 and +3.0.

Do NOT provide explanations or text.

user
            HEADLINE: FBI Impersonator Tries To Break Luigi Mangione Out Of NYC Jail
            ARTICLE SUMMARY: A man allegedly pretending to be an FBI agent is in custody in New York after allegedly trying to break accused killer Luigi Mangione out of jail.  Federal prosecutors say Mark Anderson, a Minnesota man, showed up at the Metropolitan Detention Center in Brooklyn Wednesday afternoon claiming to be an FBI agent.  He said he had a signed court order to free Mangione who’s charged with assassinating United HealthCare CEO Brian Thompson in December 2…

            Output ONLY the numeric bias score.
          
assistant-1.5"
"2 killed, 3 hospitalized in Pawtucket ice rink shooting; suspect also dead","Multiple people were shot at Dennis M Lynch Arena in Pawtucket Monday afternoon, Target 12 has confirmed.",Center,"system
You are participating in a standardized News Bias Classification task for academic
research. Output ONLY a single numeric value between -3.0 and +3.0.

Do NOT provide explanations or text.

user
            HEADLINE: 2 killed, 3 hospitalized in Pawtucket ice rink shooting; suspect also dead
            ARTICLE SUMMARY: Multiple people were shot at Dennis M Lynch Arena in Pawtucket Monday afternoon, Target 12 has confirmed.

            Output ONLY the numeric bias score.
          
assistant-1.0"
Finland Seized Ship After Damage of Submarine Cable,"The ship was said to have transported Russian steel when it destroyed a communication cable with a lowered anchor. Finland captured 14 crew members. 2 months ago · Vienna, Austria",Right,"system
You are participating in a standardized News Bias Classification task for academic
research. Output ONLY a single numeric value between -3.0 and +3.0.

Do NOT provide explanations or text.

user
            HEADLINE: Finland Seized Ship After Damage of Submarine Cable
            ARTICLE SUMMARY: The ship was said to have transported Russian steel when it destroyed a communication cable with a lowered anchor. Finland captured 14 crew members. 2 months ago · Vienna, Austria

            Output ONLY the numeric bias score.
          
assistant-1.5"
Us Justice Department Releases Three Million Pages of Epstein Material,This is the last batch of documents that Donald Trump's administration will release under the law.,Center,"system
You are participating in a standardized News Bias Classification task for academic
research. Output ONLY a single numeric value between -3.0 and +3.0.

Do NOT provide explanations or text.

user
            HEADLINE: Us Justice Department Releases Three Million Pages of Epstein Material
            ARTICLE SUMMARY: This is the last batch of documents that Donald Trump's administration will release under the law.

            Output ONLY the numeric bias score.
          
assistant-1.5"
"At Least 14 Dead and More than 800,000 Homes without Light in the United States Due to the ‘Fern’ Storm","The storm Fern continues to wreak havoc in the U.S. after one of the crudest weekends to be remembered. The great storm of ice, snow and temperatures that have reached -45oC is hitting the east of the country, after causing damage and deaths in its passage through the south and center of the United States. The latest official figures collect at least 14 deaths as a result of extreme conditions in Texas, New York, Louisiana and Kansas. In additio…",Lean Left,"system
You are participating in a standardized News Bias Classification task for academic
research. Output ONLY a single numeric value between -3.0 and +3.0.

Do NOT provide explanations or text.

user
            HEADLINE: At Least 14 Dead and More than 800,000 Homes without Light in the United States Due to the ‘Fern’ Storm
            ARTICLE SUMMARY: The storm Fern continues to wreak havoc in the U.S. after one of the crudest weekends to be remembered. The great storm of ice, snow and temperatures that have reached -45oC is hitting the east of the country, after causing damage and deaths in its passage through the south and center of the United States. The latest official figures collect at least 14 deaths as a result of extreme conditions in Texas, New York, Louisiana and Kansas. In additio…

            Output ONLY the numeric bias score.
          
assistant-1.5"
In Bulgaria They Are Not Very Happy to Have the Euro,"The country has just adopted the common currency, but there are scepticisms about corruption, politics and Russian propaganda. 2 months ago · Italy",Lean Left,"system
You are participating in a standardized News Bias Classification task for academic
research. Output ONLY a single numeric value between -3.0 and +3.0.

Do NOT provide explanations or text.

user
            HEADLINE: In Bulgaria They Are Not Very Happy to Have the Euro
            ARTICLE SUMMARY: The country has just adopted the common currency, but there are scepticisms about corruption, politics and Russian propaganda. 2 months ago · Italy

            Output ONLY the numeric bias score.
          
assistant-1.5"
The audacity of Trump’s choice as Fed chief,"The Senate needs to probe Kevin Warsh, the nominee to head the central bank, on his ideas about the creative role of Americans in fighting inflation. By probing nominee Kevin Warsh on his views about tapping the ingenuity of Americans to fight inflation, the Senate may uncover new thinking on a bold approach.",Center,"system
You are participating in a standardized News Bias Classification task for academic
research. Output ONLY a single numeric value between -3.0 and +3.0.

Do NOT provide explanations or text.

user
            HEADLINE: The audacity of Trump’s choice as Fed chief
            ARTICLE SUMMARY: The Senate needs to probe Kevin Warsh, the nominee to head the central bank, on his ideas about the creative role of Americans in fighting inflation. By probing nominee Kevin Warsh on his views about tapping the ingenuity of Americans to fight inflation, the Senate may uncover new thinking on a bold approach.

            Output ONLY the numeric bias score.
          
assistant0.5"
"DOJ releases 3 million pages of Epstein files, taking in 180,000 images and 2,000 videos • West Virginia Watch","U.S. Attorney for the Southern District of New York Geoffrey Berman announces charges against Jeffrey Epstein on July 8, 2019 in New York City. (Photo by Stephanie Keith/Getty Images)WASHINGTON — The U.S. Department of Justice released more than 3 million pages of documents Friday related to the late sex offender Jeffrey Epstein. The release, which in the 3 million pages includes more than 2,000 videos and 180,000 images, comes more than 40 days…",Left,"system
You are participating in a standardized News Bias Classification task for academic
research. Output ONLY a single numeric value between -3.0 and +3.0.

Do NOT provide explanations or text.

user
            HEADLINE: DOJ releases 3 million pages of Epstein files, taking in 180,000 images and 2,000 videos • West Virginia Watch
            ARTICLE SUMMARY: U.S. Attorney for the Southern District of New York Geoffrey Berman announces charges against Jeffrey Epstein on July 8, 2019 in New York City. (Photo by Stephanie Keith/Getty Images)WASHINGTON — The U.S. Department of Justice released more than 3 million pages of documents Friday related to the late sex offender Jeffrey Epstein. The release, which in the 3 million pages includes more than 2,000 videos and 180,000 images, comes more than 40 days…

            Output ONLY the numeric bias score.
          
assistant0.0"
The 'Melania' Documentary Is Shaping Up To Be One Of The Biggest Box Office Bombs In The History Of Mankind And The Moving Image,The Melania Trump documentary directed by Brett Ratner is selling mere dozens of tickets across the globe ahead of its premiere on Friday.,Center,"system
You are participating in a standardized News Bias Classification task for academic
research. Output ONLY a single numeric value between -3.0 and +3.0.

Do NOT provide explanations or text.

user
            HEADLINE: The 'Melania' Documentary Is Shaping Up To Be One Of The Biggest Box Office Bombs In The History Of Mankind And The Moving Image
            ARTICLE SUMMARY: The Melania Trump documentary directed by Brett Ratner is selling mere dozens of tickets across the globe ahead of its premiere on Friday.

            Output ONLY the numeric bias score.
          
assistant-2.5"
Trump considers imposing tariffs on countries not supporting US controlling Greenland,"""I may put a tariff on countries if they don’t go along with Greenland, because we need Greenland for national security,"" President Trump said 1 month ago · Washington, United States",Right,"system
You are participating in a standardized News Bias Classification task for academic
research. Output ONLY a single numeric value between -3.0 and +3.0.

Do NOT provide explanations or text.

user
            HEADLINE: Trump considers imposing tariffs on countries not supporting US controlling Greenland
            ARTICLE SUMMARY: ""I may put a tariff on countries if they don’t go along with Greenland, because we need Greenland for national security,"" President Trump said 1 month ago · Washington, United States

            Output ONLY the numeric bias score.
          
assistant-1.5"
France: Ban on Social Media for Children Under 15 Years of Age?,"A bill providing for this prohibition is to be discussed in Parliament shortly, for possible entry into force in 2026. 2 months ago · Montreal, Canada",Lean Left,"system
You are participating in a standardized News Bias Classification task for academic
research. Output ONLY a single numeric value between -3.0 and +3.0.

Do NOT provide explanations or text.

user
            HEADLINE: France: Ban on Social Media for Children Under 15 Years of Age?
            ARTICLE SUMMARY: A bill providing for this prohibition is to be discussed in Parliament shortly, for possible entry into force in 2026. 2 months ago · Montreal, Canada

            Output ONLY the numeric bias score.
          
assistant-1.5"
Trump Threatens to Invoke the Insurrection Act After Protests Against Immigration Agents in Minneapolis,"The president of the United States, Donald Trump, threatened this Friday, in a publication on social networks, to invoke the Insurrection Act to contain protests in Minneapolis, which was intensified after an immigration agent had killed a woman in the city. Trump, who had been accused repeatedly of using the law, said that it would be “if the corrupt policies of Minnesota did not obey the law and prevented that professional activists and insure… 1 month ago · Brazil",Right,"system
You are participating in a standardized News Bias Classification task for academic
research. Output ONLY a single numeric value between -3.0 and +3.0.

Do NOT provide explanations or text.

user
            HEADLINE: Trump Threatens to Invoke the Insurrection Act After Protests Against Immigration Agents in Minneapolis
            ARTICLE SUMMARY: The president of the United States, Donald Trump, threatened this Friday, in a publication on social networks, to invoke the Insurrection Act to contain protests in Minneapolis, which was intensified after an immigration agent had killed a woman in the city. Trump, who had been accused repeatedly of using the law, said that it would be “if the corrupt policies of Minnesota did not obey the law and prevented that professional activists and insure… 1 month ago · Brazil

            Output ONLY the numeric bias score.
          
assistant-1.5"
The EU is investigating Grok and X over potentially illegal deepfakes,Europe is probing Elon Musk's X for failing to take action to prevent the spread of AI-generated sexually explicit images including CSAM.,Lean Left,"system
You are participating in a standardized News Bias Classification task for academic
research. Output ONLY a single numeric value between -3.0 and +3.0.

Do NOT provide explanations or text.

user
            HEADLINE: The EU is investigating Grok and X over potentially illegal deepfakes
            ARTICLE SUMMARY: Europe is probing Elon Musk's X for failing to take action to prevent the spread of AI-generated sexually explicit images including CSAM.

            Output ONLY the numeric bias score.
          
assistant-1.5"
More than a million customers without power across the South as massive winter storm brings heavy ice,More than a million customers without power across the South as massive winter storm brings heavy ice.,Center,"system
You are participating in a standardized News Bias Classification task for academic
research. Output ONLY a single numeric value between -3.0 and +3.0.

Do NOT provide explanations or text.

user
            HEADLINE: More than a million customers without power across the South as massive winter storm brings heavy ice
            ARTICLE SUMMARY: More than a million customers without power across the South as massive winter storm brings heavy ice.

            Output ONLY the numeric bias score.
          
assistant-1.5"
"Meeting of Trump and Machado, Live the Opposition Leader, After Meeting with Trump: ""We Have Him for Venezuela's Freedom""","The meeting between the President of the United States, Donald Trump, and the Venezuelan opposition leader and Nobel Peace Prize winner, María Corina Machado, concluded this Thursday after more than two hours of meeting. ""We have President Trump for Venezuela's freedom,"" Machado said on his way out of the White House. Trump and Machado have shared a lunch in camera, without access to the press, and later the opposition leader has moved to the U.… 1 month ago · Madrid, Spain",Center,"system
You are participating in a standardized News Bias Classification task for academic
research. Output ONLY a single numeric value between -3.0 and +3.0.

Do NOT provide explanations or text.

user
            HEADLINE: Meeting of Trump and Machado, Live the Opposition Leader, After Meeting with Trump: ""We Have Him for Venezuela's Freedom""
            ARTICLE SUMMARY: The meeting between the President of the United States, Donald Trump, and the Venezuelan opposition leader and Nobel Peace Prize winner, María Corina Machado, concluded this Thursday after more than two hours of meeting. ""We have President Trump for Venezuela's freedom,"" Machado said on his way out of the White House. Trump and Machado have shared a lunch in camera, without access to the press, and later the opposition leader has moved to the U.… 1 month ago · Madrid, Spain

            Output ONLY the numeric bias score.
          
assistant0.0"
The Message Behind the Bag Maria Corina Machado Took to the White House,"Maria Corina Machado was visiting the White House this Thursday to offer President Donald Trump his original Nobel Peace Prize gold medal. A gesture of high symbolic value that will certainly pass into history in a meeting where gestures and details said more than words. A gold-plated medal, 196 grams of weight and 6.6 centimeters in diameter was the main protagonist of the meeting between Maria Corina Machado and Donald Trump. As she had alread… 1 month ago · Spain",Right,"system
You are participating in a standardized News Bias Classification task for academic
research. Output ONLY a single numeric value between -3.0 and +3.0.

Do NOT provide explanations or text.

user
            HEADLINE: The Message Behind the Bag Maria Corina Machado Took to the White House
            ARTICLE SUMMARY: Maria Corina Machado was visiting the White House this Thursday to offer President Donald Trump his original Nobel Peace Prize gold medal. A gesture of high symbolic value that will certainly pass into history in a meeting where gestures and details said more than words. A gold-plated medal, 196 grams of weight and 6.6 centimeters in diameter was the main protagonist of the meeting between Maria Corina Machado and Donald Trump. As she had alread… 1 month ago · Spain

            Output ONLY the numeric bias score.
          
assistant0.0"
"Another participation trophy for Trump, as Machado GIVES him her Nobel Peace Prize","Ugh, we may be reaching levels of embarrassment not yet witnessed on Planet Earth. The Venezuelan opposition leader, Maria Machado, was invited to the White House on Friday to meet Donald Trump – and presented him with the Nobel Peace Prize she won fair and square last year. ALSO READ: Resurfaced video shows Ted Cruz warning Trump ‘could nuke Denmark’ President Donald J. Trump meets with María Corina Machado of Venezuela in the Oval Office, dur… 1 month ago · London, United Kingdom",Left,"system
You are participating in a standardized News Bias Classification task for academic
research. Output ONLY a single numeric value between -3.0 and +3.0.

Do NOT provide explanations or text.

user
            HEADLINE: Another participation trophy for Trump, as Machado GIVES him her Nobel Peace Prize
            ARTICLE SUMMARY: Ugh, we may be reaching levels of embarrassment not yet witnessed on Planet Earth. The Venezuelan opposition leader, Maria Machado, was invited to the White House on Friday to meet Donald Trump – and presented him with the Nobel Peace Prize she won fair and square last year. ALSO READ: Resurfaced video shows Ted Cruz warning Trump ‘could nuke Denmark’ President Donald J. Trump meets with María Corina Machado of Venezuela in the Oval Office, dur… 1 month ago · London, United Kingdom

            Output ONLY the numeric bias score.
          
assistant-1.5"
"Iran Seeks Agreement with the Us, Says Trump; Deploys “Great Armada”","Dubai. President Donald Trump said yesterday that Iran sought an agreement with the United States in the midst of the deployment of a naval “great navy” in the region, which he declared to be “greater than that of Venezuela,” said Axios.",Left,"system
You are participating in a standardized News Bias Classification task for academic
research. Output ONLY a single numeric value between -3.0 and +3.0.

Do NOT provide explanations or text.

user
            HEADLINE: Iran Seeks Agreement with the Us, Says Trump; Deploys “Great Armada”
            ARTICLE SUMMARY: Dubai. President Donald Trump said yesterday that Iran sought an agreement with the United States in the midst of the deployment of a naval “great navy” in the region, which he declared to be “greater than that of Venezuela,” said Axios.

            Output ONLY the numeric bias score.
          
assistant-1.5"
US Senate minority leader pushes swift Senate action to 'rein in' immigration agents,"'The clock is ticking. The nation is waiting, and the abuses of ICE must come to an end,' Chuck Schumer says - Anadolu Ajansı",Right,"system
You are participating in a standardized News Bias Classification task for academic
research. Output ONLY a single numeric value between -3.0 and +3.0.

Do NOT provide explanations or text.

user
            HEADLINE: US Senate minority leader pushes swift Senate action to 'rein in' immigration agents
            ARTICLE SUMMARY: 'The clock is ticking. The nation is waiting, and the abuses of ICE must come to an end,' Chuck Schumer says - Anadolu Ajansı

            Output ONLY the numeric bias score.
          
assistant-1.5"
Trump ramps up tensions in Minnesota with new threat to use the Insurrection Act,"After a night of violent confrontations between aggressive ICE agents and protesters in Minneapolis-St. Paul, Donald Trump menaced the state of Minnesota with a threat to invoke the Insurrection Act that could be a prelude to martial law.Taking to Truth Social early Thursday morning, the president a... 1 month ago · United States",Left,"system
You are participating in a standardized News Bias Classification task for academic
research. Output ONLY a single numeric value between -3.0 and +3.0.

Do NOT provide explanations or text.

user
            HEADLINE: Trump ramps up tensions in Minnesota with new threat to use the Insurrection Act
            ARTICLE SUMMARY: After a night of violent confrontations between aggressive ICE agents and protesters in Minneapolis-St. Paul, Donald Trump menaced the state of Minnesota with a threat to invoke the Insurrection Act that could be a prelude to martial law.Taking to Truth Social early Thursday morning, the president a... 1 month ago · United States

            Output ONLY the numeric bias score.
          
assistant-1.5"
US man accused of posing as FBI agent to free health CEO murder suspect,"A man has been charged after allegedly posing as an FBI agent at a US jail to try to free Luigi Mangione, the suspect in the high-profile murder of a health...",Center,"system
You are participating in a standardized News Bias Classification task for academic
research. Output ONLY a single numeric value between -3.0 and +3.0.

Do NOT provide explanations or text.

user
            HEADLINE: US man accused of posing as FBI agent to free health CEO murder suspect
            ARTICLE SUMMARY: A man has been charged after allegedly posing as an FBI agent at a US jail to try to free Luigi Mangione, the suspect in the high-profile murder of a health...

            Output ONLY the numeric bias score.
          
assistant-1.5"
Armed Minnesota Man Busted For Trying to Break Notorious Left-Wing Assassin Luigi Mangione Out of Jail By Posing as an FBI Agent,An armed man from Tampon Tim Walz’s Minnesota got busted after trying to break one of America’s most notorious left-wing killers out of jail in an unusual fashion.,Far Right,"system
You are participating in a standardized News Bias Classification task for academic
research. Output ONLY a single numeric value between -3.0 and +3.0.

Do NOT provide explanations or text.

user
            HEADLINE: Armed Minnesota Man Busted For Trying to Break Notorious Left-Wing Assassin Luigi Mangione Out of Jail By Posing as an FBI Agent
            ARTICLE SUMMARY: An armed man from Tampon Tim Walz’s Minnesota got busted after trying to break one of America’s most notorious left-wing killers out of jail in an unusual fashion.

            Output ONLY the numeric bias score.
          
assistant-2.5"
Democrats Escalate Impeachment Push Against Kristi Noem,"Top House Democrats said if Noem doesn't go, they'll start building the case for her eventual impeachment, though they'd need Republican support.",Left,"system
You are participating in a standardized News Bias Classification task for academic
research. Output ONLY a single numeric value between -3.0 and +3.0.

Do NOT provide explanations or text.

user
            HEADLINE: Democrats Escalate Impeachment Push Against Kristi Noem
            ARTICLE SUMMARY: Top House Democrats said if Noem doesn't go, they'll start building the case for her eventual impeachment, though they'd need Republican support.

            Output ONLY the numeric bias score.
          
assistant-1.5"
"Ukraine Recovers the Bodies of 1,000 Soldiers in Exchange for Those of 38 Russians",The new exchange takes place shortly after the Kremlin has confirmed a new trilateral meeting with the U.S. and Ukraine next Sunday,Center,"system
You are participating in a standardized News Bias Classification task for academic
research. Output ONLY a single numeric value between -3.0 and +3.0.

Do NOT provide explanations or text.

user
            HEADLINE: Ukraine Recovers the Bodies of 1,000 Soldiers in Exchange for Those of 38 Russians
            ARTICLE SUMMARY: The new exchange takes place shortly after the Kremlin has confirmed a new trilateral meeting with the U.S. and Ukraine next Sunday

            Output ONLY the numeric bias score.
          
assistant-1.5"
Bath Iron Works Employee Identified as Suspect in Deadly Rhode Island Ice Rink Shooting,"PAWTUCKET, R.I. — The suspected gunman in a deadly shooting at a Rhode Island ice rink was an employee at General Dynamics Bath Iron Works, officials confirmed Monday, according to WGME. Three people, including the suspected shooter, were killed and three others were injured in the shooting at the Dennis M. Lynch Arena in Pawtucket [...] The post Bath Iron Works Employee Identified as Suspect in Deadly Rhode Island Ice Rink Shooting appeared fir…",Right,"system
You are participating in a standardized News Bias Classification task for academic
research. Output ONLY a single numeric value between -3.0 and +3.0.

Do NOT provide explanations or text.

user
            HEADLINE: Bath Iron Works Employee Identified as Suspect in Deadly Rhode Island Ice Rink Shooting
            ARTICLE SUMMARY: PAWTUCKET, R.I. — The suspected gunman in a deadly shooting at a Rhode Island ice rink was an employee at General Dynamics Bath Iron Works, officials confirmed Monday, according to WGME. Three people, including the suspected shooter, were killed and three others were injured in the shooting at the Dennis M. Lynch Arena in Pawtucket [...] The post Bath Iron Works Employee Identified as Suspect in Deadly Rhode Island Ice Rink Shooting appeared fir…

            Output ONLY the numeric bias score.
          
assistant-1.5"
"Border Patrol commander Bovino and some agents plan to leave Minneapolis, sources say","Gregory Bovino, a public face of Trump's immigration crackdown, is losing his ""commander"" title, sources told NBC News.",Center,"system
You are participating in a standardized News Bias Classification task for academic
research. Output ONLY a single numeric value between -3.0 and +3.0.

Do NOT provide explanations or text.

user
            HEADLINE: Border Patrol commander Bovino and some agents plan to leave Minneapolis, sources say
            ARTICLE SUMMARY: Gregory Bovino, a public face of Trump's immigration crackdown, is losing his ""commander"" title, sources told NBC News.

            Output ONLY the numeric bias score.
          
assistant-1.5"
"Pediatricians urge Americans to stick with previous vaccine schedule, despite CDC’s recent changes","For decades, the American Academy of Pediatrics and the U.S. Centers for Disease Control and Prevention spoke with a single voice when advising the nation’s families on when to vaccinate their children. Since 1995, the two organizations have worked together to publish a single vaccine schedule for parents and healthcare providers that clearly laid out which vaccines children should get and exactly when they should get them. Today, that united fr…",Right,"system
You are participating in a standardized News Bias Classification task for academic
research. Output ONLY a single numeric value between -3.0 and +3.0.

Do NOT provide explanations or text.

user
            HEADLINE: Pediatricians urge Americans to stick with previous vaccine schedule, despite CDC’s recent changes
            ARTICLE SUMMARY: For decades, the American Academy of Pediatrics and the U.S. Centers for Disease Control and Prevention spoke with a single voice when advising the nation’s families on when to vaccinate their children. Since 1995, the two organizations have worked together to publish a single vaccine schedule for parents and healthcare providers that clearly laid out which vaccines children should get and exactly when they should get them. Today, that united fr…

            Output ONLY the numeric bias score.
          
assistant-1.5"
"UPDATE: Pawtucket police confirm three dead, including shooter",More than a dozen shots were fired at boys high school hockey game at Dennis M. Lynch Arena in Pawtucket.,Center,"system
You are participating in a standardized News Bias Classification task for academic
research. Output ONLY a single numeric value between -3.0 and +3.0.

Do NOT provide explanations or text.

user
            HEADLINE: UPDATE: Pawtucket police confirm three dead, including shooter
            ARTICLE SUMMARY: More than a dozen shots were fired at boys high school hockey game at Dennis M. Lynch Arena in Pawtucket.

            Output ONLY the numeric bias score.
          
assistant-1.5"
Bangor Plane Crash: Fate of 8 Unknown as Jet Linked to Houston Law Firm Overturns,"A private jet carrying eight people crashed and burst into flames during takeoff at Bangor International Airport in Maine on Sunday evening, triggering a massive emergency response and shutting down the facility as a winter storm battered the region. The Federal Aviation Administration confirmed the Bombardier Challenger 600 went down around 7:45 p.m. local time on 25 January. Emergency crews from multiple fire departments rushed to the scene, w…",Lean Left,"system
You are participating in a standardized News Bias Classification task for academic
research. Output ONLY a single numeric value between -3.0 and +3.0.

Do NOT provide explanations or text.

user
            HEADLINE: Bangor Plane Crash: Fate of 8 Unknown as Jet Linked to Houston Law Firm Overturns
            ARTICLE SUMMARY: A private jet carrying eight people crashed and burst into flames during takeoff at Bangor International Airport in Maine on Sunday evening, triggering a massive emergency response and shutting down the facility as a winter storm battered the region. The Federal Aviation Administration confirmed the Bombardier Challenger 600 went down around 7:45 p.m. local time on 25 January. Emergency crews from multiple fire departments rushed to the scene, w…

            Output ONLY the numeric bias score.
          
assistant-1.5"
"""In the Crans-Montana Restaurant There Were Normally 400 People. Here Many Italian and French Tourists"": the Story of a Resident of the Area","The tragedy in Crans-Montana: the story of a citizen 2 months ago · Rome, Italy",Lean Left,"system
You are participating in a standardized News Bias Classification task for academic
research. Output ONLY a single numeric value between -3.0 and +3.0.

Do NOT provide explanations or text.

user
            HEADLINE: ""In the Crans-Montana Restaurant There Were Normally 400 People. Here Many Italian and French Tourists"": the Story of a Resident of the Area
            ARTICLE SUMMARY: The tragedy in Crans-Montana: the story of a citizen 2 months ago · Rome, Italy

            Output ONLY the numeric bias score.
          
assistant-1.5"
"Elon Musk's xAI all-hands takeaways: Ancient aliens, Macrohard","In the wake of xAI losing two of its co-founders and other prominent employees, Elon Musk held an all-hands meeting at his his AI company, which recently merged with SpaceX.And in an unusual move, xAI posted the entire 45-minute meeting online. This Tweet is currently unavailable. It might be loading or has been removed. No time to watch or listen? We've got you. Here are the main takeaways: xAI splits into teamsThe most consequential news from …",Left,"system
You are participating in a standardized News Bias Classification task for academic
research. Output ONLY a single numeric value between -3.0 and +3.0.

Do NOT provide explanations or text.

user
            HEADLINE: Elon Musk's xAI all-hands takeaways: Ancient aliens, Macrohard
            ARTICLE SUMMARY: In the wake of xAI losing two of its co-founders and other prominent employees, Elon Musk held an all-hands meeting at his his AI company, which recently merged with SpaceX.And in an unusual move, xAI posted the entire 45-minute meeting online. This Tweet is currently unavailable. It might be loading or has been removed. No time to watch or listen? We've got you. Here are the main takeaways: xAI splits into teamsThe most consequential news from …

            Output ONLY the numeric bias score.
          
assistant-1.2"
Trump sues IRS and Treasury for $10 billion over leaked tax info,President Donald Trump is suing the IRS and Treasury Department for $10 billion. He accuses them of failing to prevent a leak of his tax information to news outlets.,Lean Left,"system
You are participating in a standardized News Bias Classification task for academic
research. Output ONLY a single numeric value between -3.0 and +3.0.

Do NOT provide explanations or text.

user
            HEADLINE: Trump sues IRS and Treasury for $10 billion over leaked tax info
            ARTICLE SUMMARY: President Donald Trump is suing the IRS and Treasury Department for $10 billion. He accuses them of failing to prevent a leak of his tax information to news outlets.

            Output ONLY the numeric bias score.
          
assistant-2.5"
Man With Pizza Cutter Allegedly Tries to Break Luigi Mangione Out Of Jail,Luigi Mangione has a ton of fans rooting for his release ... and at least one of them who allegedly tried to take matters into his own hands by busting him out! Mark Anderson -- a 35-year-old Minnesota man -- was arrested at MDC Brooklyn in New…,Right,"system
You are participating in a standardized News Bias Classification task for academic
research. Output ONLY a single numeric value between -3.0 and +3.0.

Do NOT provide explanations or text.

user
            HEADLINE: Man With Pizza Cutter Allegedly Tries to Break Luigi Mangione Out Of Jail
            ARTICLE SUMMARY: Luigi Mangione has a ton of fans rooting for his release ... and at least one of them who allegedly tried to take matters into his own hands by busting him out! Mark Anderson -- a 35-year-old Minnesota man -- was arrested at MDC Brooklyn in New…

            Output ONLY the numeric bias score.
          
assistant-1.5"
Doctors ignore new U.S. federal vaccine recommendations to stick with science,"The American Academy of Pediatrics on Monday released its updated recommendations for what vaccines children should get. It’s a routine revision, hardly different from last year’s recommendations, but it carries more significance this year: More states and doctors are relying on it instead of a controversial new schedule from the U.S. Centers for Disease Control and Prevention.",Center,"system
You are participating in a standardized News Bias Classification task for academic
research. Output ONLY a single numeric value between -3.0 and +3.0.

Do NOT provide explanations or text.

user
            HEADLINE: Doctors ignore new U.S. federal vaccine recommendations to stick with science
            ARTICLE SUMMARY: The American Academy of Pediatrics on Monday released its updated recommendations for what vaccines children should get. It’s a routine revision, hardly different from last year’s recommendations, but it carries more significance this year: More states and doctors are relying on it instead of a controversial new schedule from the U.S. Centers for Disease Control and Prevention.

            Output ONLY the numeric bias score.
          
assistant0.0"
Macron plans teen social media ban France 2026,"France’s President Macron is pushing forward with new first-in-Europe legislation to prohibit social media access for minors under 15 and a ban on mobile phone use in secondary schools, with implementation expected for the 2026 school year. The French government has drafted a concise two-article bill, which is expected to be presented in early January, just after the Christmas recess… Source 2 months ago · Spain",Lean Left,"system
You are participating in a standardized News Bias Classification task for academic
research. Output ONLY a single numeric value between -3.0 and +3.0.

Do NOT provide explanations or text.

user
            HEADLINE: Macron plans teen social media ban France 2026
            ARTICLE SUMMARY: France’s President Macron is pushing forward with new first-in-Europe legislation to prohibit social media access for minors under 15 and a ban on mobile phone use in secondary schools, with implementation expected for the 2026 school year. The French government has drafted a concise two-article bill, which is expected to be presented in early January, just after the Christmas recess… Source 2 months ago · Spain

            Output ONLY the numeric bias score.
          
assistant-1.5"
"Trump sues IRS tax agency, Treasury over leaked records",Donald Trump has filed a lawsuit against the United States' tax collection agency and finance department over a leak of his tax records that dragged him into a controversy in 2020.,Center,"system
You are participating in a standardized News Bias Classification task for academic
research. Output ONLY a single numeric value between -3.0 and +3.0.

Do NOT provide explanations or text.

user
            HEADLINE: Trump sues IRS tax agency, Treasury over leaked records
            ARTICLE SUMMARY: Donald Trump has filed a lawsuit against the United States' tax collection agency and finance department over a leak of his tax records that dragged him into a controversy in 2020.

            Output ONLY the numeric bias score.
          
assistant-1.5"
Trump threatens to invoke Insurrection Act amid Minnesota protests,"US President Donald Trump on Thursday threatened to deploy the military in the state of Minnesota to quell widespread protests over an immigration crackdown.Trump’s threat to invoke the Insurrection Act — days after a federal agent fatally shot a US citizen in Minneapolis, and hours after another immigration officer wounded a man — reflects the president’s emboldened push for military intervention both at home and abroad.From Venezuela to Minnes… 1 month ago · New York, United States",Lean Left,"system
You are participating in a standardized News Bias Classification task for academic
research. Output ONLY a single numeric value between -3.0 and +3.0.

Do NOT provide explanations or text.

user
            HEADLINE: Trump threatens to invoke Insurrection Act amid Minnesota protests
            ARTICLE SUMMARY: US President Donald Trump on Thursday threatened to deploy the military in the state of Minnesota to quell widespread protests over an immigration crackdown.Trump’s threat to invoke the Insurrection Act — days after a federal agent fatally shot a US citizen in Minneapolis, and hours after another immigration officer wounded a man — reflects the president’s emboldened push for military intervention both at home and abroad.From Venezuela to Minnes… 1 month ago · New York, United States

            Output ONLY the numeric bias score.
          
assistant-1.5"
"""Fbi Agent"" Was Supposed to Save Luigi Mangione - with a Barbecue Fork","Luigi Mangione was to be released from prison. By a fictional FBI agent with a ""court order."" And a large barbecue fork.",Left,"system
You are participating in a standardized News Bias Classification task for academic
research. Output ONLY a single numeric value between -3.0 and +3.0.

Do NOT provide explanations or text.

user
            HEADLINE: ""Fbi Agent"" Was Supposed to Save Luigi Mangione - with a Barbecue Fork
            ARTICLE SUMMARY: Luigi Mangione was to be released from prison. By a fictional FBI agent with a ""court order."" And a large barbecue fork.

            Output ONLY the numeric bias score.
          
assistant-2.5"
Senators Are Scrambling on a Deal to Avert a Shutdown After the Funding Package Fails Key Vote,"Senate Majority Leader John Thune says the White House is discussing a possible deal with Senate Democrats that would help avoid a partial government shutdown Samuel Corum/Sipa USA/Sipa USA via APThe Senate blocked a six-bill appropriations package from moving forward Thursday ahead of a Friday government shutdown deadline, but members of both parties seemed optimistic that reaching a deal is still possible.The terms of that deal, like splitting…",Lean Left,"system
You are participating in a standardized News Bias Classification task for academic
research. Output ONLY a single numeric value between -3.0 and +3.0.

Do NOT provide explanations or text.

user
            HEADLINE: Senators Are Scrambling on a Deal to Avert a Shutdown After the Funding Package Fails Key Vote
            ARTICLE SUMMARY: Senate Majority Leader John Thune says the White House is discussing a possible deal with Senate Democrats that would help avoid a partial government shutdown Samuel Corum/Sipa USA/Sipa USA via APThe Senate blocked a six-bill appropriations package from moving forward Thursday ahead of a Friday government shutdown deadline, but members of both parties seemed optimistic that reaching a deal is still possible.The terms of that deal, like splitting…

            Output ONLY the numeric bias score.
          
assistant-1.5"
"Trump Finally Gets Nobel Peace Prize, Albeit Secondhand",Maria Corina Machado gave Trump her Nobel as part of a high-stakes charm offensive. 1 month ago · United States,Left,"system
You are participating in a standardized News Bias Classification task for academic
research. Output ONLY a single numeric value between -3.0 and +3.0.

Do NOT provide explanations or text.

user
            HEADLINE: Trump Finally Gets Nobel Peace Prize, Albeit Secondhand
            ARTICLE SUMMARY: Maria Corina Machado gave Trump her Nobel as part of a high-stakes charm offensive. 1 month ago · United States

            Output ONLY the numeric bias score.
          
assistant-1.5"
Trump nominates Kevin Warsh for Federal Reserve chair to succeed Jerome Powell,"President Trump named Kevin Warsh to succeed Jerome Powell as Fed chair, ending an odyssey that has seen unprecedented turmoil around the central bank.",Center,"system
You are participating in a standardized News Bias Classification task for academic
research. Output ONLY a single numeric value between -3.0 and +3.0.

Do NOT provide explanations or text.

user
            HEADLINE: Trump nominates Kevin Warsh for Federal Reserve chair to succeed Jerome Powell
            ARTICLE SUMMARY: President Trump named Kevin Warsh to succeed Jerome Powell as Fed chair, ending an odyssey that has seen unprecedented turmoil around the central bank.

            Output ONLY the numeric bias score.
          
assistant-1.5"
Gulf states try to de-escalate tension as US threatens Iran with military action,"US President Donald Trump has warned that an ""armada"" is heading towards Tehran, warning the Iranian regime to make a deal. Gulf States are trying to de-escalate tensions, saying they will not allow their territory to be used to strike Iran. According to Iran's government, the death toll from recent protests is around 3000 people, while estimates from human rights groups are much higher, ranging from 6000 to in the tens of thousands.",Center,"system
You are participating in a standardized News Bias Classification task for academic
research. Output ONLY a single numeric value between -3.0 and +3.0.

Do NOT provide explanations or text.

user
            HEADLINE: Gulf states try to de-escalate tension as US threatens Iran with military action
            ARTICLE SUMMARY: US President Donald Trump has warned that an ""armada"" is heading towards Tehran, warning the Iranian regime to make a deal. Gulf States are trying to de-escalate tensions, saying they will not allow their territory to be used to strike Iran. According to Iran's government, the death toll from recent protests is around 3000 people, while estimates from human rights groups are much higher, ranging from 6000 to in the tens of thousands.

            Output ONLY the numeric bias score.
          
assistant-1.5"
"Israeli, Saudi officials visit Washington to discuss possible US strikes on Iran, sources say","The Trump administration is hosting senior defense and intelligence officials from Israel and Saudi Arabia for separate talks on Iran this week in Washington as U.S. President Donald Trump considers military strikes, according to two people familiar with the matter.",Center,"system
You are participating in a standardized News Bias Classification task for academic
research. Output ONLY a single numeric value between -3.0 and +3.0.

Do NOT provide explanations or text.

user
            HEADLINE: Israeli, Saudi officials visit Washington to discuss possible US strikes on Iran, sources say
            ARTICLE SUMMARY: The Trump administration is hosting senior defense and intelligence officials from Israel and Saudi Arabia for separate talks on Iran this week in Washington as U.S. President Donald Trump considers military strikes, according to two people familiar with the matter.

            Output ONLY the numeric bias score.
          
assistant-1.5"
Ottawa investigating report Gaza cemetery where Canadians were buried was destroyed,"Breaking News, Sports, Manitoba, Canada",Center,"system
You are participating in a standardized News Bias Classification task for academic
research. Output ONLY a single numeric value between -3.0 and +3.0.

Do NOT provide explanations or text.

user
            HEADLINE: Ottawa investigating report Gaza cemetery where Canadians were buried was destroyed
            ARTICLE SUMMARY: Breaking News, Sports, Manitoba, Canada

            Output ONLY the numeric bias score.
          
assistant-1.5"
Brand in Switzerland: Candles or Fireworks as Triggers?,What happened to the devastating tragedy of a New Year's Eve party in Switzerland with dozens of deaths? Two visitors report. 2 months ago,Center,"system
You are participating in a standardized News Bias Classification task for academic
research. Output ONLY a single numeric value between -3.0 and +3.0.

Do NOT provide explanations or text.

user
            HEADLINE: Brand in Switzerland: Candles or Fireworks as Triggers?
            ARTICLE SUMMARY: What happened to the devastating tragedy of a New Year's Eve party in Switzerland with dozens of deaths? Two visitors report. 2 months ago

            Output ONLY the numeric bias score.
          
assistant-1.5"
"'They Hunt' and Weigh, for the First Time, a Wandering Planet Wandering Alone Through the Galaxy","They are dark and solitary planets, worlds that do not know the light of day, nor the heat of a nearby star. They wander in solitude through the immense interstellar void, and astronomers have long known that the Milky Way, our galaxy, is populated by an authentic legion of them. They call them 'wandering planets', or 'wandering', and their detection has so far been one of the greatest headaches of modern astrophysics. However, an international … 2 months ago · Spain",Right,"system
You are participating in a standardized News Bias Classification task for academic
research. Output ONLY a single numeric value between -3.0 and +3.0.

Do NOT provide explanations or text.

user
            HEADLINE: 'They Hunt' and Weigh, for the First Time, a Wandering Planet Wandering Alone Through the Galaxy
            ARTICLE SUMMARY: They are dark and solitary planets, worlds that do not know the light of day, nor the heat of a nearby star. They wander in solitude through the immense interstellar void, and astronomers have long known that the Milky Way, our galaxy, is populated by an authentic legion of them. They call them 'wandering planets', or 'wandering', and their detection has so far been one of the greatest headaches of modern astrophysics. However, an international … 2 months ago · Spain

            Output ONLY the numeric bias score.
          
assistant-0.5"
Minnesota congresswoman unbowed after liquid attack,"MINNEAPOLIS, Minnesota - Seconds after an attacker sprayed US Congresswoman Ilhan Omar with unidentified liquid at a Minnesota meeting, she confronted the man and then defiantly went on to finish her comments.",Right,"system
You are participating in a standardized News Bias Classification task for academic
research. Output ONLY a single numeric value between -3.0 and +3.0.

Do NOT provide explanations or text.

user
            HEADLINE: Minnesota congresswoman unbowed after liquid attack
            ARTICLE SUMMARY: MINNEAPOLIS, Minnesota - Seconds after an attacker sprayed US Congresswoman Ilhan Omar with unidentified liquid at a Minnesota meeting, she confronted the man and then defiantly went on to finish her comments.

            Output ONLY the numeric bias score.
          
assistant0.0"
Mark Anderson from Minnesota impersonated an FBI agent and tried to break murderer Luigi Mangione out of prison with a pizza cutter,"You think you’ve seen every flavor of internet brain rot, and then a guy from Minnesota, of all places, shows up to a federal jail in Brooklyn, tells the officers he’s an FBI agent, and tries to get Luigi Mangione released with “paperwork signed by a judge.” That is what authorities say happened Wednesday night at the Metropolitan Detention Center. The guy, Mark Anderson, got arrested and charged with impersonating a federal officer. Mark Anders…",Center,"system
You are participating in a standardized News Bias Classification task for academic
research. Output ONLY a single numeric value between -3.0 and +3.0.

Do NOT provide explanations or text.

user
            HEADLINE: Mark Anderson from Minnesota impersonated an FBI agent and tried to break murderer Luigi Mangione out of prison with a pizza cutter
            ARTICLE SUMMARY: You think you’ve seen every flavor of internet brain rot, and then a guy from Minnesota, of all places, shows up to a federal jail in Brooklyn, tells the officers he’s an FBI agent, and tries to get Luigi Mangione released with “paperwork signed by a judge.” That is what authorities say happened Wednesday night at the Metropolitan Detention Center. The guy, Mark Anderson, got arrested and charged with impersonating a federal officer. Mark Anders…

            Output ONLY the numeric bias score.
          
assistant-1.5"
Snow and Ice in the Usa: Winter Storm in the Usa : One Million Customers without Electricity,"The effects of the winter storm in the U.S. are getting more and more violent, and power outages are increasing, and there are deaths.",Center,"system
You are participating in a standardized News Bias Classification task for academic
research. Output ONLY a single numeric value between -3.0 and +3.0.

Do NOT provide explanations or text.

user
            HEADLINE: Snow and Ice in the Usa: Winter Storm in the Usa : One Million Customers without Electricity
            ARTICLE SUMMARY: The effects of the winter storm in the U.S. are getting more and more violent, and power outages are increasing, and there are deaths.

            Output ONLY the numeric bias score.
          
assistant-1.5"
Trump nominates Kevin Warsh for new chairman of the Federal Reserve,"President Donald Trump announced on Friday morning that he will nominate Kevin Warsh to be the new chairman of the Federal Reserve. Trump shared the news in a Truth Social post, saying, ""I have known Kevin for a long period of time, and have no doubt that he will go down as one of the GREAT Fed Chairmen, maybe the best,"" Trump wrote. ""On top of everything else, he is “central casting,” and he will never let you down."" If confirmed by the Senate,…",Center,"system
You are participating in a standardized News Bias Classification task for academic
research. Output ONLY a single numeric value between -3.0 and +3.0.

Do NOT provide explanations or text.

user
            HEADLINE: Trump nominates Kevin Warsh for new chairman of the Federal Reserve
            ARTICLE SUMMARY: President Donald Trump announced on Friday morning that he will nominate Kevin Warsh to be the new chairman of the Federal Reserve. Trump shared the news in a Truth Social post, saying, ""I have known Kevin for a long period of time, and have no doubt that he will go down as one of the GREAT Fed Chairmen, maybe the best,"" Trump wrote. ""On top of everything else, he is “central casting,” and he will never let you down."" If confirmed by the Senate,…

            Output ONLY the numeric bias score.
          
assistant0.0"
DC Wrap: Tentative deal struck to avoid shutdown; Trump touts past year,A look at the day's biggest stories in national politics.,Center,"system
You are participating in a standardized News Bias Classification task for academic
research. Output ONLY a single numeric value between -3.0 and +3.0.

Do NOT provide explanations or text.

user
            HEADLINE: DC Wrap: Tentative deal struck to avoid shutdown; Trump touts past year
            ARTICLE SUMMARY: A look at the day's biggest stories in national politics.

            Output ONLY the numeric bias score.
          
assistant0.0"
Major financial oligarchs helped Kevin Warsh secure Trump’s nomination for Fed chair,Trump’s decision is the outcome of a balancing act which itself underscores the inherent instability of the US financial system.,Left,"system
You are participating in a standardized News Bias Classification task for academic
research. Output ONLY a single numeric value between -3.0 and +3.0.

Do NOT provide explanations or text.

user
            HEADLINE: Major financial oligarchs helped Kevin Warsh secure Trump’s nomination for Fed chair
            ARTICLE SUMMARY: Trump’s decision is the outcome of a balancing act which itself underscores the inherent instability of the US financial system.

            Output ONLY the numeric bias score.
          
assistant-1.5"
Trump Sues Irs for $10 Billion over Leaked Records,"President Donald Trump sued the IRS on Thursday, seeking $10 billion over leaked tax returns that he says hurt his business.",Center,"system
You are participating in a standardized News Bias Classification task for academic
research. Output ONLY a single numeric value between -3.0 and +3.0.

Do NOT provide explanations or text.

user
            HEADLINE: Trump Sues Irs for $10 Billion over Leaked Records
            ARTICLE SUMMARY: President Donald Trump sued the IRS on Thursday, seeking $10 billion over leaked tax returns that he says hurt his business.

            Output ONLY the numeric bias score.
          
assistant-1.5"
US set to make its largest investment in rare earths,"The US government is reportedly pursuing a $1.6 billion investment in an American rare earth company, its largest such foray into the sector, as Washington looks to build up its domestic mineral supply chain. The planned 10% stake in USA Rare Earth, the Financial Times reported, marks the latest intervention by the Trump administration into private industries it deems central to national security: The government has stakes in at least six other …",Lean Left,"system
You are participating in a standardized News Bias Classification task for academic
research. Output ONLY a single numeric value between -3.0 and +3.0.

Do NOT provide explanations or text.

user
            HEADLINE: US set to make its largest investment in rare earths
            ARTICLE SUMMARY: The US government is reportedly pursuing a $1.6 billion investment in an American rare earth company, its largest such foray into the sector, as Washington looks to build up its domestic mineral supply chain. The planned 10% stake in USA Rare Earth, the Financial Times reported, marks the latest intervention by the Trump administration into private industries it deems central to national security: The government has stakes in at least six other …

            Output ONLY the numeric bias score.
          
assistant-1.2"
Eight-Person Aircraft Crashes when Taking Off at Bangor Airport in Maine,"FAA and NTSB initiated an investigation, while the air terminal was closed and flight cancellations were recorded",Lean Left,"system
You are participating in a standardized News Bias Classification task for academic
research. Output ONLY a single numeric value between -3.0 and +3.0.

Do NOT provide explanations or text.

user
            HEADLINE: Eight-Person Aircraft Crashes when Taking Off at Bangor Airport in Maine
            ARTICLE SUMMARY: FAA and NTSB initiated an investigation, while the air terminal was closed and flight cancellations were recorded

            Output ONLY the numeric bias score.
          
assistant-1.5"
Trump Sues His Tax Agency and the Treasury for Leaking His Tax Returns,"The president of the United States, Donald Trump, is likely to sue those who oppose him. The president has filed a lawsuit against two agencies that depend on his government, as Bloomberg has advanced. In the complaint, filed before a federal court in Miami, he claims from the U.S. Treasury and the Internal Revenue Service (IRS), the equivalent of the Spanish Tax Agency, an amount greater than $10 billion for an alleged unauthorized leak of his …",Lean Left,"system
You are participating in a standardized News Bias Classification task for academic
research. Output ONLY a single numeric value between -3.0 and +3.0.

Do NOT provide explanations or text.

user
            HEADLINE: Trump Sues His Tax Agency and the Treasury for Leaking His Tax Returns
            ARTICLE SUMMARY: The president of the United States, Donald Trump, is likely to sue those who oppose him. The president has filed a lawsuit against two agencies that depend on his government, as Bloomberg has advanced. In the complaint, filed before a federal court in Miami, he claims from the U.S. Treasury and the Internal Revenue Service (IRS), the equivalent of the Spanish Tax Agency, an amount greater than $10 billion for an alleged unauthorized leak of his …

            Output ONLY the numeric bias score.
          
assistant-1.5"
Man charged with impersonating FBI agent in apparent bid to free Luigi Mangione from New York jail,"When they searched the man's bag, officers found a barbecue fork and circular steel blade that resembled a pizza cutter.",Center,"system
You are participating in a standardized News Bias Classification task for academic
research. Output ONLY a single numeric value between -3.0 and +3.0.

Do NOT provide explanations or text.

user
            HEADLINE: Man charged with impersonating FBI agent in apparent bid to free Luigi Mangione from New York jail
            ARTICLE SUMMARY: When they searched the man's bag, officers found a barbecue fork and circular steel blade that resembled a pizza cutter.

            Output ONLY the numeric bias score.
          
assistant-1.5"
'Central casting': Trump nominates Federal Reserve veteran to replace outgoing Jerome Powell * WorldNetDaily * by Bob Unruh,"Was youngest Fed governor ever, at 35, also served rep to G-20",Far Right,"system
You are participating in a standardized News Bias Classification task for academic
research. Output ONLY a single numeric value between -3.0 and +3.0.

Do NOT provide explanations or text.

user
            HEADLINE: 'Central casting': Trump nominates Federal Reserve veteran to replace outgoing Jerome Powell * WorldNetDaily * by Bob Unruh
            ARTICLE SUMMARY: Was youngest Fed governor ever, at 35, also served rep to G-20

            Output ONLY the numeric bias score.
          
assistant0.0"
Finland suspects ship of damaging cable in Baltic Sea,"Finland says it has seized a another ship it suspects of damaging an undersea telecomms cable. 2 months ago · City of Perth, Australia",Center,"system
You are participating in a standardized News Bias Classification task for academic
research. Output ONLY a single numeric value between -3.0 and +3.0.

Do NOT provide explanations or text.

user
            HEADLINE: Finland suspects ship of damaging cable in Baltic Sea
            ARTICLE SUMMARY: Finland says it has seized a another ship it suspects of damaging an undersea telecomms cable. 2 months ago · City of Perth, Australia

            Output ONLY the numeric bias score.
          
assistant-1.5"
Machado at the White House Gave Trump the Nobel Peace Prize,"The leader of the Venezuelan opposition met with the President of the United States in Washington, D.C., and ""recognized"" his Nobel Peace Prize. 1 month ago · Vilnius, Lithuania",Center,"system
You are participating in a standardized News Bias Classification task for academic
research. Output ONLY a single numeric value between -3.0 and +3.0.

Do NOT provide explanations or text.

user
            HEADLINE: Machado at the White House Gave Trump the Nobel Peace Prize
            ARTICLE SUMMARY: The leader of the Venezuelan opposition met with the President of the United States in Washington, D.C., and ""recognized"" his Nobel Peace Prize. 1 month ago · Vilnius, Lithuania

            Output ONLY the numeric bias score.
          
assistant-1.0"
Charting the Global Economy: Warsh Fed Pick Triggers Metals Selloff,(Bloomberg) — President Donald Trump’s pick of Kevin Warsh for the next chair of the Federal Reserve triggered a rebound in the dollar and a subsequent plunge in precious metals.,Right,"system
You are participating in a standardized News Bias Classification task for academic
research. Output ONLY a single numeric value between -3.0 and +3.0.

Do NOT provide explanations or text.

user
            HEADLINE: Charting the Global Economy: Warsh Fed Pick Triggers Metals Selloff
            ARTICLE SUMMARY: (Bloomberg) — President Donald Trump’s pick of Kevin Warsh for the next chair of the Federal Reserve triggered a rebound in the dollar and a subsequent plunge in precious metals.

            Output ONLY the numeric bias score.
          
assistant-1.5"
"Private jet crashes at Maine's Bangor International Airport with 8 on board, FAA says",The Federal Aviation Administration says eight people were on board a private jet that crashed at Maine's Bangor International Airport Sunday night.,Center,"system
You are participating in a standardized News Bias Classification task for academic
research. Output ONLY a single numeric value between -3.0 and +3.0.

Do NOT provide explanations or text.

user
            HEADLINE: Private jet crashes at Maine's Bangor International Airport with 8 on board, FAA says
            ARTICLE SUMMARY: The Federal Aviation Administration says eight people were on board a private jet that crashed at Maine's Bangor International Airport Sunday night.

            Output ONLY the numeric bias score.
          
assistant-1.5"
Deadly explosion hits ski resort in Switzerland,"ALBAWABA- A powerful explosion tore through a crowded bar in the Swiss Alpine resort of Crans-Montana early on New Year’s Day, killing several people an 2 months ago · Amman, Jordan",Right,"system
You are participating in a standardized News Bias Classification task for academic
research. Output ONLY a single numeric value between -3.0 and +3.0.

Do NOT provide explanations or text.

user
            HEADLINE: Deadly explosion hits ski resort in Switzerland
            ARTICLE SUMMARY: ALBAWABA- A powerful explosion tore through a crowded bar in the Swiss Alpine resort of Crans-Montana early on New Year’s Day, killing several people an 2 months ago · Amman, Jordan

            Output ONLY the numeric bias score.
          
assistant-1.5"
DHS retreats from the claim that the agents who killed Alex Pretti faced a 'violent riot',"The claim is inconsistent with bystander videos of the incident, photographs of the scene, and eyewitness accounts.",Right,"system
You are participating in a standardized News Bias Classification task for academic
research. Output ONLY a single numeric value between -3.0 and +3.0.

Do NOT provide explanations or text.

user
            HEADLINE: DHS retreats from the claim that the agents who killed Alex Pretti faced a 'violent riot'
            ARTICLE SUMMARY: The claim is inconsistent with bystander videos of the incident, photographs of the scene, and eyewitness accounts.

            Output ONLY the numeric bias score.
          
assistant-1.5"
America First investment pledges: Big numbers but uncertain results,"In July 2025, President Donald J. Trump announced ""a strategic realignment of the US-Japan economic relationship,” including a Japanese commitment to invest $550 billion to “rebuild and expand core American industries” in projects to be approved by Trump himself.",Center,"system
You are participating in a standardized News Bias Classification task for academic
research. Output ONLY a single numeric value between -3.0 and +3.0.

Do NOT provide explanations or text.

user
            HEADLINE: America First investment pledges: Big numbers but uncertain results
            ARTICLE SUMMARY: In July 2025, President Donald J. Trump announced ""a strategic realignment of the US-Japan economic relationship,” including a Japanese commitment to invest $550 billion to “rebuild and expand core American industries” in projects to be approved by Trump himself.

            Output ONLY the numeric bias score.
          
assistant0.0"
Trump sues IRS for $10 BILLION over private info leaked to the media · American Wire News,"President Donald J. Trump has a long history of being a litigious man, and that’s one characteristic that hasn’t changed much now that he gets his mail at 1600 Pennsylvania Ave. Trump sued the Internal Revenue Service and the Treasury Department in federal court in Miami on Thursday, seeking $10 billion in damages after claiming the agencies he currently oversees unlawfully allowed an IRS contractor to leak his tax returns and those of his sons …",Right,"system
You are participating in a standardized News Bias Classification task for academic
research. Output ONLY a single numeric value between -3.0 and +3.0.

Do NOT provide explanations or text.

user
            HEADLINE: Trump sues IRS for $10 BILLION over private info leaked to the media · American Wire News
            ARTICLE SUMMARY: President Donald J. Trump has a long history of being a litigious man, and that’s one characteristic that hasn’t changed much now that he gets his mail at 1600 Pennsylvania Ave. Trump sued the Internal Revenue Service and the Treasury Department in federal court in Miami on Thursday, seeking $10 billion in damages after claiming the agencies he currently oversees unlawfully allowed an IRS contractor to leak his tax returns and those of his sons …

            Output ONLY the numeric bias score.
          
assistant-2.5"
Terror Images: the Exact Moment of the Hockey Match Shooting that Left 3 Dead,"What began as a school sports encounter at the Lynch Arena in Pawtucket, Rhode Island in the United States, turned into a nightmare, this after a man, allegedly dressed as a woman, started a shooting, causing panic at the school hockey game, as well as the death of at least three people. These are the details in Azteca Quintana Roo. The events occurred during the afternoon of Monday, February 16, and were recorded and shared on social media, whe…",Left,"system
You are participating in a standardized News Bias Classification task for academic
research. Output ONLY a single numeric value between -3.0 and +3.0.

Do NOT provide explanations or text.

user
            HEADLINE: Terror Images: the Exact Moment of the Hockey Match Shooting that Left 3 Dead
            ARTICLE SUMMARY: What began as a school sports encounter at the Lynch Arena in Pawtucket, Rhode Island in the United States, turned into a nightmare, this after a man, allegedly dressed as a woman, started a shooting, causing panic at the school hockey game, as well as the death of at least three people. These are the details in Azteca Quintana Roo. The events occurred during the afternoon of Monday, February 16, and were recorded and shared on social media, whe…

            Output ONLY the numeric bias score.
          
assistant-1.5"
The Agents Involved in the Protestant's Death in Minneapolis Are Suspended,"Federal immigration agents linked to Alex Pretti's deadly shooting in Minneapolis were removed from their responsibilities, at a time when tensions between the Trump administration and local authorities in Minnesota increased. Read more",Right,"system
You are participating in a standardized News Bias Classification task for academic
research. Output ONLY a single numeric value between -3.0 and +3.0.

Do NOT provide explanations or text.

user
            HEADLINE: The Agents Involved in the Protestant's Death in Minneapolis Are Suspended
            ARTICLE SUMMARY: Federal immigration agents linked to Alex Pretti's deadly shooting in Minneapolis were removed from their responsibilities, at a time when tensions between the Trump administration and local authorities in Minnesota increased. Read more

            Output ONLY the numeric bias score.
          
assistant-1.0"
Bill Aimed at Avoiding Government Shutdown Stalls in Senate as Democrats Twist Arms on Homeland Security Funding,A large bipartisan majority in the Senate voted against moving the bill forward while negotiations between Democrats and the White House continue.,Right,"system
You are participating in a standardized News Bias Classification task for academic
research. Output ONLY a single numeric value between -3.0 and +3.0.

Do NOT provide explanations or text.

user
            HEADLINE: Bill Aimed at Avoiding Government Shutdown Stalls in Senate as Democrats Twist Arms on Homeland Security Funding
            ARTICLE SUMMARY: A large bipartisan majority in the Senate voted against moving the bill forward while negotiations between Democrats and the White House continue.

            Output ONLY the numeric bias score.
          
assistant-1.5"
Conflicts: Trump Threatens to Impose Tariffs on Opponents of Its Greenland Plans,"The US President adheres to his claim to the Arctic island. Whoever gets in the way of him should be subject to customs duties. A US delegation in Denmark contradicts him. 1 month ago · Düsseldorf, Germany",Right,"system
You are participating in a standardized News Bias Classification task for academic
research. Output ONLY a single numeric value between -3.0 and +3.0.

Do NOT provide explanations or text.

user
            HEADLINE: Conflicts: Trump Threatens to Impose Tariffs on Opponents of Its Greenland Plans
            ARTICLE SUMMARY: The US President adheres to his claim to the Arctic island. Whoever gets in the way of him should be subject to customs duties. A US delegation in Denmark contradicts him. 1 month ago · Düsseldorf, Germany

            Output ONLY the numeric bias score.
          
assistant-1.5"
Trump Threatens Iran with an Attack Like Venezuela: “Time Is Running Out”,"On Thursday, the President of the United States urged the Ayatollás regime to ""quickly"" negotiate a ""fair and equitable"" nuclear agreement.",Right,"system
You are participating in a standardized News Bias Classification task for academic
research. Output ONLY a single numeric value between -3.0 and +3.0.

Do NOT provide explanations or text.

user
            HEADLINE: Trump Threatens Iran with an Attack Like Venezuela: “Time Is Running Out”
            ARTICLE SUMMARY: On Thursday, the President of the United States urged the Ayatollás regime to ""quickly"" negotiate a ""fair and equitable"" nuclear agreement.

            Output ONLY the numeric bias score.
          
assistant-1.5"
Trump taps Kevin Warsh to be the next Fed chair,The pick elevates a policymaker who developed a reputation for his hawkish views on inflation. Warsh has aligned with Trump in criticizing the Fed,Center,"system
You are participating in a standardized News Bias Classification task for academic
research. Output ONLY a single numeric value between -3.0 and +3.0.

Do NOT provide explanations or text.

user
            HEADLINE: Trump taps Kevin Warsh to be the next Fed chair
            ARTICLE SUMMARY: The pick elevates a policymaker who developed a reputation for his hawkish views on inflation. Warsh has aligned with Trump in criticizing the Fed

            Output ONLY the numeric bias score.
          
assistant-1.5"
"Trump Sues His Own Administration, Seeks $10 Billion",US President Donald Trump sues the US Treasury Department and the Internal Revenue Service for $10 billion,Right,"system
You are participating in a standardized News Bias Classification task for academic
research. Output ONLY a single numeric value between -3.0 and +3.0.

Do NOT provide explanations or text.

user
            HEADLINE: Trump Sues His Own Administration, Seeks $10 Billion
            ARTICLE SUMMARY: US President Donald Trump sues the US Treasury Department and the Internal Revenue Service for $10 billion

            Output ONLY the numeric bias score.
          
assistant-2.5"
Trump Admin Refers Minnesota to DOJ for Allowing Men in Women's Sports,The Trump administration has referred Minnesota to the DOJ for allowing transgender-identifying males in female sports and spaces.,Right,"system
You are participating in a standardized News Bias Classification task for academic
research. Output ONLY a single numeric value between -3.0 and +3.0.

Do NOT provide explanations or text.

user
            HEADLINE: Trump Admin Refers Minnesota to DOJ for Allowing Men in Women's Sports
            ARTICLE SUMMARY: The Trump administration has referred Minnesota to the DOJ for allowing transgender-identifying males in female sports and spaces.

            Output ONLY the numeric bias score.
          
assistant-2.5"
"Democratic Elected Ilhan Omar, Trump's Target, Targeted by a Jet of Cash During a Speech in Minneapolis",Democratic leader Ilhan Omar was interrupted on Tuesday during a public meeting in Minneapolis by a man who threw a liquid on her,Lean Left,"system
You are participating in a standardized News Bias Classification task for academic
research. Output ONLY a single numeric value between -3.0 and +3.0.

Do NOT provide explanations or text.

user
            HEADLINE: Democratic Elected Ilhan Omar, Trump's Target, Targeted by a Jet of Cash During a Speech in Minneapolis
            ARTICLE SUMMARY: Democratic leader Ilhan Omar was interrupted on Tuesday during a public meeting in Minneapolis by a man who threw a liquid on her

            Output ONLY the numeric bias score.
          
assistant-1.5"
'I Don’t Let Bullies Win': Ilhan Omar Assaulted at Town Hall Amid Repeated Trump Attacks,"""Here's the reality that people like this ugly man don't understand,"" said the Democratic lawmaker following the attack. ""We are Minnesota strong and we will stay resilient in the face of whatever they might throw at us.""",Left,"system
You are participating in a standardized News Bias Classification task for academic
research. Output ONLY a single numeric value between -3.0 and +3.0.

Do NOT provide explanations or text.

user
            HEADLINE: 'I Don’t Let Bullies Win': Ilhan Omar Assaulted at Town Hall Amid Repeated Trump Attacks
            ARTICLE SUMMARY: ""Here's the reality that people like this ugly man don't understand,"" said the Democratic lawmaker following the attack. ""We are Minnesota strong and we will stay resilient in the face of whatever they might throw at us.""

            Output ONLY the numeric bias score.
          
assistant-1.5"
"Kevin Warsh: What Trump's Fed Chair pick has said about inflation, interest rates and Jerome Powell",President Donald Trump on Friday confirmed that he is nominating Kevin Warsh to be the next chair of the Federal Reserve,Center,"system
You are participating in a standardized News Bias Classification task for academic
research. Output ONLY a single numeric value between -3.0 and +3.0.

Do NOT provide explanations or text.

user
            HEADLINE: Kevin Warsh: What Trump's Fed Chair pick has said about inflation, interest rates and Jerome Powell
            ARTICLE SUMMARY: President Donald Trump on Friday confirmed that he is nominating Kevin Warsh to be the next chair of the Federal Reserve

            Output ONLY the numeric bias score.
          
assistant-1.5"
"2 Dead, 3 Injured In Mass Shooting At Hockey Game In Rhode Island","Three people are dead, including the gunman, and three others are in critical condition following a domestic shooting during a high school hockey game at Dennis M. Lynch Arena in Pawtucket. Pawtucket police believe the shooter targeted his own family members before turning the firearm on himself. The post VIDEO: 2 Dead, 3 Injured in Mass Shooting at Hockey Game in Rhode Island appeared first on Concealed Nation. Continue reading VIDEO: 2 Dead, 3…",Right,"system
You are participating in a standardized News Bias Classification task for academic
research. Output ONLY a single numeric value between -3.0 and +3.0.

Do NOT provide explanations or text.

user
            HEADLINE: 2 Dead, 3 Injured In Mass Shooting At Hockey Game In Rhode Island
            ARTICLE SUMMARY: Three people are dead, including the gunman, and three others are in critical condition following a domestic shooting during a high school hockey game at Dennis M. Lynch Arena in Pawtucket. Pawtucket police believe the shooter targeted his own family members before turning the firearm on himself. The post VIDEO: 2 Dead, 3 Injured in Mass Shooting at Hockey Game in Rhode Island appeared first on Concealed Nation. Continue reading VIDEO: 2 Dead, 3…

            Output ONLY the numeric bias score.
          
assistant-1.5"
"US equity futures are entirely in the green, helped by META and TSLA earnings; Brent topped at USD 69/bbl on possible US strikes on Iran - Newsquawk US Market Open","ZeroHedge - On a long enough timeline, the survival rate for everyone drops to zero",Right,"system
You are participating in a standardized News Bias Classification task for academic
research. Output ONLY a single numeric value between -3.0 and +3.0.

Do NOT provide explanations or text.

user
            HEADLINE: US equity futures are entirely in the green, helped by META and TSLA earnings; Brent topped at USD 69/bbl on possible US strikes on Iran - Newsquawk US Market Open
            ARTICLE SUMMARY: ZeroHedge - On a long enough timeline, the survival rate for everyone drops to zero

            Output ONLY the numeric bias score.
          
assistant-0.5"
Justice Department Releases Millions More Pages From Epstein Files,"The U.S. Department of Justice released more than 3 million additional pages from its files on Jeffrey Epstein, expanding a court-ordered disclosure tied to federal transparency law. Deputy Attorney General Todd Blanche said the records were posted under the Epstein Files Transparency Act.The release follows the department’s failure to meet a December 19 deadline set by Congress. Officials said the delay stemmed from the need to review millions …",Right,"system
You are participating in a standardized News Bias Classification task for academic
research. Output ONLY a single numeric value between -3.0 and +3.0.

Do NOT provide explanations or text.

user
            HEADLINE: Justice Department Releases Millions More Pages From Epstein Files
            ARTICLE SUMMARY: The U.S. Department of Justice released more than 3 million additional pages from its files on Jeffrey Epstein, expanding a court-ordered disclosure tied to federal transparency law. Deputy Attorney General Todd Blanche said the records were posted under the Epstein Files Transparency Act.The release follows the department’s failure to meet a December 19 deadline set by Congress. Officials said the delay stemmed from the need to review millions …

            Output ONLY the numeric bias score.
          
assistant0.0"
Millions of Proceeds in Nrw: Burglars Clear 3200 Lockers in Sparkasse Empty,"Shortly after Christmas, unknown people broke into a savings bank in Gelsenkirchen and made a million-dollar sum. 2 months ago · Berlin, Germany",Center,"system
You are participating in a standardized News Bias Classification task for academic
research. Output ONLY a single numeric value between -3.0 and +3.0.

Do NOT provide explanations or text.

user
            HEADLINE: Millions of Proceeds in Nrw: Burglars Clear 3200 Lockers in Sparkasse Empty
            ARTICLE SUMMARY: Shortly after Christmas, unknown people broke into a savings bank in Gelsenkirchen and made a million-dollar sum. 2 months ago · Berlin, Germany

            Output ONLY the numeric bias score.
          
assistant-1.5"
Eu Launches Investigation Against X,"The EU Commission is launching an investigation against Platform X. The basis is Europe's digital laws. The focus is on Chatbot Grok, which is about sexualized AI images. By Kathrin Schmid.[more]]>",Center,"system
You are participating in a standardized News Bias Classification task for academic
research. Output ONLY a single numeric value between -3.0 and +3.0.

Do NOT provide explanations or text.

user
            HEADLINE: Eu Launches Investigation Against X
            ARTICLE SUMMARY: The EU Commission is launching an investigation against Platform X. The basis is Europe's digital laws. The focus is on Chatbot Grok, which is about sexualized AI images. By Kathrin Schmid.[more]]>

            Output ONLY the numeric bias score.
          
assistant-1.5"
Winter Storm in the Usa: Hundreds of Thousands of Households with Icy Cold without Electricity,"Many U.S. states have declared an emergency due to extreme weather. Already in the morning, over 700,000 households in the country were without electricity, thousands of flights were cancelled.",Lean Left,"system
You are participating in a standardized News Bias Classification task for academic
research. Output ONLY a single numeric value between -3.0 and +3.0.

Do NOT provide explanations or text.

user
            HEADLINE: Winter Storm in the Usa: Hundreds of Thousands of Households with Icy Cold without Electricity
            ARTICLE SUMMARY: Many U.S. states have declared an emergency due to extreme weather. Already in the morning, over 700,000 households in the country were without electricity, thousands of flights were cancelled.

            Output ONLY the numeric bias score.
          
assistant-1.5"
Winter Storm Wrecks Power Lines as Hundreds of Thousands are Still Without Power,Open the article to view the coverage from IER,Right,"system
You are participating in a standardized News Bias Classification task for academic
research. Output ONLY a single numeric value between -3.0 and +3.0.

Do NOT provide explanations or text.

user
            HEADLINE: Winter Storm Wrecks Power Lines as Hundreds of Thousands are Still Without Power
            ARTICLE SUMMARY: Open the article to view the coverage from IER

            Output ONLY the numeric bias score.
          
assistant-1.5"
Final Jeffrey Epstein Files cache released by DOJ: read in full,"The disclosures are made under the Epstein Files Transparency Act, legislation passed after of public and political pressure.",Center,"system
You are participating in a standardized News Bias Classification task for academic
research. Output ONLY a single numeric value between -3.0 and +3.0.

Do NOT provide explanations or text.

user
            HEADLINE: Final Jeffrey Epstein Files cache released by DOJ: read in full
            ARTICLE SUMMARY: The disclosures are made under the Epstein Files Transparency Act, legislation passed after of public and political pressure.

            Output ONLY the numeric bias score.
          
assistant0.0"
Mass casualties sustained in New Year’s fire at Swiss bar,"WORLD is a news organization producing Biblically sound, daily coverage of global, national, and cultural current events. 2 months ago · Asheville, United States",Right,"system
You are participating in a standardized News Bias Classification task for academic
research. Output ONLY a single numeric value between -3.0 and +3.0.

Do NOT provide explanations or text.

user
            HEADLINE: Mass casualties sustained in New Year’s fire at Swiss bar
            ARTICLE SUMMARY: WORLD is a news organization producing Biblically sound, daily coverage of global, national, and cultural current events. 2 months ago · Asheville, United States

            Output ONLY the numeric bias score.
          
assistant-1.5"
AI Boom Faces Bitcoin-Like Backlash: U.S. Communities Push Back on Data Centers,"Key highlights: AI data centers in the US are facing growing local opposition over energy use and infrastructure strain. Approximately $64 billion in data center projects have been delayed or blocked due to community concerns. Companies like Microsoft and OpenAI are adopting community-focused strategies, drawing lessons from Bitcoin mining experiences. American AI data centers are encountering challenges reminiscent of the hurdles that once sl…",Center,"system
You are participating in a standardized News Bias Classification task for academic
research. Output ONLY a single numeric value between -3.0 and +3.0.

Do NOT provide explanations or text.

user
            HEADLINE: AI Boom Faces Bitcoin-Like Backlash: U.S. Communities Push Back on Data Centers
            ARTICLE SUMMARY: Key highlights: AI data centers in the US are facing growing local opposition over energy use and infrastructure strain. Approximately $64 billion in data center projects have been delayed or blocked due to community concerns. Companies like Microsoft and OpenAI are adopting community-focused strategies, drawing lessons from Bitcoin mining experiences. American AI data centers are encountering challenges reminiscent of the hurdles that once sl…

            Output ONLY the numeric bias score.
          
assistant-1.5"
Finnish Police Seizes Ship Suspected of Damaged Telecommunications Cable in Baltic Sea,"In recent years, several energy and communication infrastructures, including submarine cables and pipelines, have been damaged in this area. No details of the ship's origin have been disclosed. 2 months ago",Lean Left,"system
You are participating in a standardized News Bias Classification task for academic
research. Output ONLY a single numeric value between -3.0 and +3.0.

Do NOT provide explanations or text.

user
            HEADLINE: Finnish Police Seizes Ship Suspected of Damaged Telecommunications Cable in Baltic Sea
            ARTICLE SUMMARY: In recent years, several energy and communication infrastructures, including submarine cables and pipelines, have been damaged in this area. No details of the ship's origin have been disclosed. 2 months ago

            Output ONLY the numeric bias score.
          
assistant-1.5"
'He sprayed something on her!' Watch man rush at Ilhan Omar during town hall * WorldNetDaily * by Joe Kovacs,"President Trump: 'She probably had herself sprayed, knowing her'",Far Right,"system
You are participating in a standardized News Bias Classification task for academic
research. Output ONLY a single numeric value between -3.0 and +3.0.

Do NOT provide explanations or text.

user
            HEADLINE: 'He sprayed something on her!' Watch man rush at Ilhan Omar during town hall * WorldNetDaily * by Joe Kovacs
            ARTICLE SUMMARY: President Trump: 'She probably had herself sprayed, knowing her'

            Output ONLY the numeric bias score.
          
assistant-2.5"
"Trump Accepts Nobel Peace Prize: ""It's Pathetic""","Peace Prize laureate María Corina Machado offered Donald Trump her medal. The American president accepted, according to sources.   – It is very pathetic, says Janne Haaland Matlary, professor of international politics, to NRK. 1 month ago · Stockholm, Sweden",Right,"system
You are participating in a standardized News Bias Classification task for academic
research. Output ONLY a single numeric value between -3.0 and +3.0.

Do NOT provide explanations or text.

user
            HEADLINE: Trump Accepts Nobel Peace Prize: ""It's Pathetic""
            ARTICLE SUMMARY: Peace Prize laureate María Corina Machado offered Donald Trump her medal. The American president accepted, according to sources.   – It is very pathetic, says Janne Haaland Matlary, professor of international politics, to NRK. 1 month ago · Stockholm, Sweden

            Output ONLY the numeric bias score.
          
assistant-2.5"
"Philadelphia snow updates: Latest forecast, storm timing, travel impact and more","Significant snow accumulations are impacting Pennsylvania, New Jersey and Delaware. Here’s everything you need to know.",Lean Left,"system
You are participating in a standardized News Bias Classification task for academic
research. Output ONLY a single numeric value between -3.0 and +3.0.

Do NOT provide explanations or text.

user
            HEADLINE: Philadelphia snow updates: Latest forecast, storm timing, travel impact and more
            ARTICLE SUMMARY: Significant snow accumulations are impacting Pennsylvania, New Jersey and Delaware. Here’s everything you need to know.

            Output ONLY the numeric bias score.
          
assistant0.0"
"US winter storm: Emergencies in 17 states, 5 lakh without power, grids strained, 9,600 flights cancelled — 10 points","The US faces historic winter weather as a storm triggers widespread power outages, disrupts travel, and impacts lakhs of population. Emergency disaster declarations cover 17 states, more than 500,000 homes are without electricity, and thousands of flights have been canceled.",Center,"system
You are participating in a standardized News Bias Classification task for academic
research. Output ONLY a single numeric value between -3.0 and +3.0.

Do NOT provide explanations or text.

user
            HEADLINE: US winter storm: Emergencies in 17 states, 5 lakh without power, grids strained, 9,600 flights cancelled — 10 points
            ARTICLE SUMMARY: The US faces historic winter weather as a storm triggers widespread power outages, disrupts travel, and impacts lakhs of population. Emergency disaster declarations cover 17 states, more than 500,000 homes are without electricity, and thousands of flights have been canceled.

            Output ONLY the numeric bias score.
          
assistant-1.5"
"According to a Former Chief of Police, Trump Told Him that ‘Everyone Knew’ About Epstein’s Actions","Washington.- In the 2000s, when Jeffrey Epstein was discovered to be under investigation, one of the first calls the Palm Beach police received was from Donald Trump, as the local police chief told the FBI at the time more than a decade later. Trump reportedly told Chief Michael Reiter: “Thank God they’re putting a stop to him, everyone knew he’s been doing this,” according to a document that relates his conversation and is part of the set of fi…",Center,"system
You are participating in a standardized News Bias Classification task for academic
research. Output ONLY a single numeric value between -3.0 and +3.0.

Do NOT provide explanations or text.

user
            HEADLINE: According to a Former Chief of Police, Trump Told Him that ‘Everyone Knew’ About Epstein’s Actions
            ARTICLE SUMMARY: Washington.- In the 2000s, when Jeffrey Epstein was discovered to be under investigation, one of the first calls the Palm Beach police received was from Donald Trump, as the local police chief told the FBI at the time more than a decade later. Trump reportedly told Chief Michael Reiter: “Thank God they’re putting a stop to him, everyone knew he’s been doing this,” according to a document that relates his conversation and is part of the set of fi…

            Output ONLY the numeric bias score.
          
assistant-1.5"
US places two immigration agents on leave after fatal Minneapolis shooting as Trump attacks mayor,"MINNEAPOLIS, Jan 29 — The Trump administration said yesterday that two immigration agents involved in the fatal shooting of a civilian in Minneapolis had been placed on leave, as the president slammed the city’s mayor despite a promise to de-escalate the situation.The officers have been on leave—a move US officials said was “standard protocol”—since Saturday, when Alex Pretti was shot multiple times after being forced to the ground by camouflage…",Right,"system
You are participating in a standardized News Bias Classification task for academic
research. Output ONLY a single numeric value between -3.0 and +3.0.

Do NOT provide explanations or text.

user
            HEADLINE: US places two immigration agents on leave after fatal Minneapolis shooting as Trump attacks mayor
            ARTICLE SUMMARY: MINNEAPOLIS, Jan 29 — The Trump administration said yesterday that two immigration agents involved in the fatal shooting of a civilian in Minneapolis had been placed on leave, as the president slammed the city’s mayor despite a promise to de-escalate the situation.The officers have been on leave—a move US officials said was “standard protocol”—since Saturday, when Alex Pretti was shot multiple times after being forced to the ground by camouflage…

            Output ONLY the numeric bias score.
          
assistant-1.5"
Shooting reported at ice rink during youth hockey game in Rhode Island,"According to reports, one victim was killed and four were injured in the shooting. The suspect is also dead, officials said.",Center,"system
You are participating in a standardized News Bias Classification task for academic
research. Output ONLY a single numeric value between -3.0 and +3.0.

Do NOT provide explanations or text.

user
            HEADLINE: Shooting reported at ice rink during youth hockey game in Rhode Island
            ARTICLE SUMMARY: According to reports, one victim was killed and four were injured in the shooting. The suspect is also dead, officials said.

            Output ONLY the numeric bias score.
          
assistant-1.5"
Trump threatens to punish countries with tariffs if they don’t back U.S. controlling Greenland,"President Donald Trump suggested Friday that he may punish countries with tariffs if they don’t back the U.S. controlling Greenland, a message that came as a bipartisan Congressional delegation sought to lower tensions in the Danish capital. Trump for months has insisted that the U.S. should control Greenland, a semiautonomous territory of NATO ally Denmark, and said earlier this week that anything less than the Arctic island being in U.S. hands… 1 month ago · Los Angeles, United States",Lean Left,"system
You are participating in a standardized News Bias Classification task for academic
research. Output ONLY a single numeric value between -3.0 and +3.0.

Do NOT provide explanations or text.

user
            HEADLINE: Trump threatens to punish countries with tariffs if they don’t back U.S. controlling Greenland
            ARTICLE SUMMARY: President Donald Trump suggested Friday that he may punish countries with tariffs if they don’t back the U.S. controlling Greenland, a message that came as a bipartisan Congressional delegation sought to lower tensions in the Danish capital. Trump for months has insisted that the U.S. should control Greenland, a semiautonomous territory of NATO ally Denmark, and said earlier this week that anything less than the Arctic island being in U.S. hands… 1 month ago · Los Angeles, United States

            Output ONLY the numeric bias score.
          
assistant0.0"
The Department of Justice Publishes More than 3 Million Pages of Epstein Documents,"A month and a half after the date provided for by law, the U.S. Department of Justice has today published a new batch of documents related to pederast and pimp Jeffrey Epstein. Deputy Attorney General Todd Blanche reported in a press conference that more than 3.5 million pages, 2,000 videos and 180,000 images have been released this Friday, and announced that this will be the last shipment.Continue reading...",Center,"system
You are participating in a standardized News Bias Classification task for academic
research. Output ONLY a single numeric value between -3.0 and +3.0.

Do NOT provide explanations or text.

user
            HEADLINE: The Department of Justice Publishes More than 3 Million Pages of Epstein Documents
            ARTICLE SUMMARY: A month and a half after the date provided for by law, the U.S. Department of Justice has today published a new batch of documents related to pederast and pimp Jeffrey Epstein. Deputy Attorney General Todd Blanche reported in a press conference that more than 3.5 million pages, 2,000 videos and 180,000 images have been released this Friday, and announced that this will be the last shipment.Continue reading...

            Output ONLY the numeric bias score.
          
assistant-1.5"
"Senate reaches deal to fund government, averting shutdown",The U.S. Senate reached a deal Thursday to fund a large portion of the government just one day before a looming shutdown deadline.,Center,"system
You are participating in a standardized News Bias Classification task for academic
research. Output ONLY a single numeric value between -3.0 and +3.0.

Do NOT provide explanations or text.

user
            HEADLINE: Senate reaches deal to fund government, averting shutdown
            ARTICLE SUMMARY: The U.S. Senate reached a deal Thursday to fund a large portion of the government just one day before a looming shutdown deadline.

            Output ONLY the numeric bias score.
          
assistant0.0"
Trump weighs Iran strikes to inspire renewed protests,"US military strikes against Iran may spark change or worsen regional instability, as experts weigh the potential outcomes.",Center,"system
You are participating in a standardized News Bias Classification task for academic
research. Output ONLY a single numeric value between -3.0 and +3.0.

Do NOT provide explanations or text.

user
            HEADLINE: Trump weighs Iran strikes to inspire renewed protests
            ARTICLE SUMMARY: US military strikes against Iran may spark change or worsen regional instability, as experts weigh the potential outcomes.

            Output ONLY the numeric bias score.
          
assistant-1.5"
US and Iran make progress in nuclear talks amid military tensions,"The United States and Iran are reportedly making progress in nuclear negotiations, while Russia and Ukraine begin peace talks in Geneva with low expectations. 24 hours ago",Center,"system
You are participating in a standardized News Bias Classification task for academic
research. Output ONLY a single numeric value between -3.0 and +3.0.

Do NOT provide explanations or text.

user
            HEADLINE: US and Iran make progress in nuclear talks amid military tensions
            ARTICLE SUMMARY: The United States and Iran are reportedly making progress in nuclear negotiations, while Russia and Ukraine begin peace talks in Geneva with low expectations. 24 hours ago

            Output ONLY the numeric bias score.
          
assistant0.0"
Imposter Facing Charges After Trying to Break Luigi Mangione Out of Prison With a Pizza Cutter,"AP Photo/Seth Wenig A man has been arrested after reportedly posing as an FBI agent agent while trying to break Luigi Mangione out of his New York jail. Mark Anderson, 36, was charged by authorities on Thursday over the alleged incident, according to multiple reports citing law enforcement sources familiar with the situation, including ABC News. Anderson allegedly showed up to the Metropolitan Detention Center in Brooklyn and posed as a federal …",Center,"system
You are participating in a standardized News Bias Classification task for academic
research. Output ONLY a single numeric value between -3.0 and +3.0.

Do NOT provide explanations or text.

user
            HEADLINE: Imposter Facing Charges After Trying to Break Luigi Mangione Out of Prison With a Pizza Cutter
            ARTICLE SUMMARY: AP Photo/Seth Wenig A man has been arrested after reportedly posing as an FBI agent agent while trying to break Luigi Mangione out of his New York jail. Mark Anderson, 36, was charged by authorities on Thursday over the alleged incident, according to multiple reports citing law enforcement sources familiar with the situation, including ABC News. Anderson allegedly showed up to the Metropolitan Detention Center in Brooklyn and posed as a federal …

            Output ONLY the numeric bias score.
          
assistant-1.5"
Dozens killed in a fire at a Swiss ski resort | Morning News Bulletin 2 January 2026,"Dozens killed in a fire at a Swiss ski resort; Australia's beef industry set to be hit by new Chinese tariffs; And in tennis, Ash Barty urges Australian stars to capitalise on home summer ahead of Open. 2 months ago · Sydney, Australia",Lean Left,"system
You are participating in a standardized News Bias Classification task for academic
research. Output ONLY a single numeric value between -3.0 and +3.0.

Do NOT provide explanations or text.

user
            HEADLINE: Dozens killed in a fire at a Swiss ski resort | Morning News Bulletin 2 January 2026
            ARTICLE SUMMARY: Dozens killed in a fire at a Swiss ski resort; Australia's beef industry set to be hit by new Chinese tariffs; And in tennis, Ash Barty urges Australian stars to capitalise on home summer ahead of Open. 2 months ago · Sydney, Australia

            Output ONLY the numeric bias score.
          
assistant-1.5"
"After Alex Pretti killing in Minneapolis, Jewish gun owners confront Second Amendment tensions","Roberta Tarnove was horrified last week when she learned that a man protesting ICE was shot and killed in Minneapolis. And it wasn’t just because someone was dead. The 65-year-old Jewish resident of Los Angeles was also distressed that federal officials said the agents were justified in shooting Alex Pretti because they believed he was armed. Pretti, 37, was a licensed gun owner in a state where carrying a gun openly is legal. “I’m very sad. He …",Center,"system
You are participating in a standardized News Bias Classification task for academic
research. Output ONLY a single numeric value between -3.0 and +3.0.

Do NOT provide explanations or text.

user
            HEADLINE: After Alex Pretti killing in Minneapolis, Jewish gun owners confront Second Amendment tensions
            ARTICLE SUMMARY: Roberta Tarnove was horrified last week when she learned that a man protesting ICE was shot and killed in Minneapolis. And it wasn’t just because someone was dead. The 65-year-old Jewish resident of Los Angeles was also distressed that federal officials said the agents were justified in shooting Alex Pretti because they believed he was armed. Pretti, 37, was a licensed gun owner in a state where carrying a gun openly is legal. “I’m very sad. He …

            Output ONLY the numeric bias score.
          
assistant-1.5"
US National Security Agency nominee testifies at Senate confirmation hearing,"If confirmed, Lt. Gen. Joshua Rudd would replace acting NSA Director Lt. Gen. William Hartman - Anadolu Ajansı",Right,"system
You are participating in a standardized News Bias Classification task for academic
research. Output ONLY a single numeric value between -3.0 and +3.0.

Do NOT provide explanations or text.

user
            HEADLINE: US National Security Agency nominee testifies at Senate confirmation hearing
            ARTICLE SUMMARY: If confirmed, Lt. Gen. Joshua Rudd would replace acting NSA Director Lt. Gen. William Hartman - Anadolu Ajansı

            Output ONLY the numeric bias score.
          
assistant0.0"
"Trump Is Considering Attacks Against Iran to Fuel New Protests, Sources Say.",The US president's objective is to encourage new demonstrations; Israeli and Arab authorities assert that the exclusive use of air power would not topple the theocratic regime.,Right,"system
You are participating in a standardized News Bias Classification task for academic
research. Output ONLY a single numeric value between -3.0 and +3.0.

Do NOT provide explanations or text.

user
            HEADLINE: Trump Is Considering Attacks Against Iran to Fuel New Protests, Sources Say.
            ARTICLE SUMMARY: The US president's objective is to encourage new demonstrations; Israeli and Arab authorities assert that the exclusive use of air power would not topple the theocratic regime.

            Output ONLY the numeric bias score.
          
assistant-1.5"
Finnish Police Seize Russia-Linked Ship Accused Of Cutting Undersea Cable,"ZeroHedge - On a long enough timeline, the survival rate for everyone drops to zero 2 months ago · United States",Right,"system
You are participating in a standardized News Bias Classification task for academic
research. Output ONLY a single numeric value between -3.0 and +3.0.

Do NOT provide explanations or text.

user
            HEADLINE: Finnish Police Seize Russia-Linked Ship Accused Of Cutting Undersea Cable
            ARTICLE SUMMARY: ZeroHedge - On a long enough timeline, the survival rate for everyone drops to zero 2 months ago · United States

            Output ONLY the numeric bias score.
          
assistant-1.5"
Melania Trump's movie shows at Kennedy Center,WASHINGTON — Melania Trump is capping her first year back as first lady with the global release of a documentary she produced about the 20 days leading up to husband Donald Trump's return to the White House.,Center,"system
You are participating in a standardized News Bias Classification task for academic
research. Output ONLY a single numeric value between -3.0 and +3.0.

Do NOT provide explanations or text.

user
            HEADLINE: Melania Trump's movie shows at Kennedy Center
            ARTICLE SUMMARY: WASHINGTON — Melania Trump is capping her first year back as first lady with the global release of a documentary she produced about the 20 days leading up to husband Donald Trump's return to the White House.

            Output ONLY the numeric bias score.
          
assistant0.0"
Cia: Kyiv Did Not Target Putin's Residence with Drones,The US intelligence agency CIA does not believe that Ukraine targeted one of Russian President Vladimir Putin's residences in a drone attack earlier this week. 2 months ago,Lean Left,"system
You are participating in a standardized News Bias Classification task for academic
research. Output ONLY a single numeric value between -3.0 and +3.0.

Do NOT provide explanations or text.

user
            HEADLINE: Cia: Kyiv Did Not Target Putin's Residence with Drones
            ARTICLE SUMMARY: The US intelligence agency CIA does not believe that Ukraine targeted one of Russian President Vladimir Putin's residences in a drone attack earlier this week. 2 months ago

            Output ONLY the numeric bias score.
          
assistant-1.5"
LIVE NOW: Senate Votes on Government Funding,"The Senate votes at 11:30 a.m. ET on Jan. 29 on whether to begin consideration of the six funding bills needed to fund the government beyond Friday. Conversations between Democrats, Republicans, and the White House are ongoing on a path forward that averts a partial shutdown. ...",Right,"system
You are participating in a standardized News Bias Classification task for academic
research. Output ONLY a single numeric value between -3.0 and +3.0.

Do NOT provide explanations or text.

user
            HEADLINE: LIVE NOW: Senate Votes on Government Funding
            ARTICLE SUMMARY: The Senate votes at 11:30 a.m. ET on Jan. 29 on whether to begin consideration of the six funding bills needed to fund the government beyond Friday. Conversations between Democrats, Republicans, and the White House are ongoing on a path forward that averts a partial shutdown. ...

            Output ONLY the numeric bias score.
          
assistant0.0"
Sat for Two Hours with Trump – Can Hang Loose,"After task force leader Greg Bovino was forced to leave his role as task force leader in Minnesota, reports are coming that Secretary Kristi Noem could be next in line. “I wouldn’t be surprised if she resigns or is replaced,” says US expert Jacob Gunderson.",Right,"system
You are participating in a standardized News Bias Classification task for academic
research. Output ONLY a single numeric value between -3.0 and +3.0.

Do NOT provide explanations or text.

user
            HEADLINE: Sat for Two Hours with Trump – Can Hang Loose
            ARTICLE SUMMARY: After task force leader Greg Bovino was forced to leave his role as task force leader in Minnesota, reports are coming that Secretary Kristi Noem could be next in line. “I wouldn’t be surprised if she resigns or is replaced,” says US expert Jacob Gunderson.

            Output ONLY the numeric bias score.
          
assistant0.0"
"Venezuela: Maria Corina Machado Presents His Nobel Peace Medal to Donald Trump, Who Salutes a ""Magnificent Gesture""","The Venezuelan opponent presented his Nobel Peace Prize medal to Donald Trump during their meeting at the White House, a gesture that the former US President described as ""magnificent"" Donald Trump rejoiced on Thursday at the ""magnificent gesture"" of Venezuelan opponent Maria Corina Machado, who gave him the Nobel Peace Prize medal at their meeting at the White House. ""Maria presented her Nobel Peace Prize for the work that I accomplished. What … 1 month ago · France",Center,"system
You are participating in a standardized News Bias Classification task for academic
research. Output ONLY a single numeric value between -3.0 and +3.0.

Do NOT provide explanations or text.

user
            HEADLINE: Venezuela: Maria Corina Machado Presents His Nobel Peace Medal to Donald Trump, Who Salutes a ""Magnificent Gesture""
            ARTICLE SUMMARY: The Venezuelan opponent presented his Nobel Peace Prize medal to Donald Trump during their meeting at the White House, a gesture that the former US President described as ""magnificent"" Donald Trump rejoiced on Thursday at the ""magnificent gesture"" of Venezuelan opponent Maria Corina Machado, who gave him the Nobel Peace Prize medal at their meeting at the White House. ""Maria presented her Nobel Peace Prize for the work that I accomplished. What … 1 month ago · France

            Output ONLY the numeric bias score.
          
assistant0.0"
Vigilations by Pretti Continue in Minneapolis Requiring Justice Even After the Replacement of Bovino,"Residents demand justice for Alex Pretti's death, shot by federal agents on Saturday. Tom Human replaced Greg Bovino in command of operations in the city.",Right,"system
You are participating in a standardized News Bias Classification task for academic
research. Output ONLY a single numeric value between -3.0 and +3.0.

Do NOT provide explanations or text.

user
            HEADLINE: Vigilations by Pretti Continue in Minneapolis Requiring Justice Even After the Replacement of Bovino
            ARTICLE SUMMARY: Residents demand justice for Alex Pretti's death, shot by federal agents on Saturday. Tom Human replaced Greg Bovino in command of operations in the city.

            Output ONLY the numeric bias score.
          
assistant-1.5"
America’s Biggest Power Grid Operator Has an AI Problem—Too Many Data Centers,Increasing demand from tech industry threatens to max out generation capacity in 13-state region; rate increases anger consumers,Center,"system
You are participating in a standardized News Bias Classification task for academic
research. Output ONLY a single numeric value between -3.0 and +3.0.

Do NOT provide explanations or text.

user
            HEADLINE: America’s Biggest Power Grid Operator Has an AI Problem—Too Many Data Centers
            ARTICLE SUMMARY: Increasing demand from tech industry threatens to max out generation capacity in 13-state region; rate increases anger consumers

            Output ONLY the numeric bias score.
          
assistant-1.2"
DHS: Agents in Alex Pretti shooting put on administrative leave,"The U.S. Border Patrol agents involved in the fatal shooting of Alex Pretti have been placed on administrative leave, according to a Department of Homeland Security spokesperson. NBC News’ Julia Ainsley reports on the details of the agency’s reaction following the shooting.",Lean Left,"system
You are participating in a standardized News Bias Classification task for academic
research. Output ONLY a single numeric value between -3.0 and +3.0.

Do NOT provide explanations or text.

user
            HEADLINE: DHS: Agents in Alex Pretti shooting put on administrative leave
            ARTICLE SUMMARY: The U.S. Border Patrol agents involved in the fatal shooting of Alex Pretti have been placed on administrative leave, according to a Department of Homeland Security spokesperson. NBC News’ Julia Ainsley reports on the details of the agency’s reaction following the shooting.

            Output ONLY the numeric bias score.
          
assistant-1.5"
Can Trump send soldiers to Minneapolis?,"The Insurrection Act, explained. 1 month ago · United States",Left,"system
You are participating in a standardized News Bias Classification task for academic
research. Output ONLY a single numeric value between -3.0 and +3.0.

Do NOT provide explanations or text.

user
            HEADLINE: Can Trump send soldiers to Minneapolis?
            ARTICLE SUMMARY: The Insurrection Act, explained. 1 month ago · United States

            Output ONLY the numeric bias score.
          
assistant-1.5"
The Perpetrator of the Ice Rink Shooting in Rhode Island Killed His Son and Ex-Wife,"Pawtucket's chief of police identified the deceased as Aidan Dorgan and his mother, Rhonda Dorgan, adding that the three critically injured are the young man's grandparents and the woman's parents, as well as a friend of the family Read",Right,"system
You are participating in a standardized News Bias Classification task for academic
research. Output ONLY a single numeric value between -3.0 and +3.0.

Do NOT provide explanations or text.

user
            HEADLINE: The Perpetrator of the Ice Rink Shooting in Rhode Island Killed His Son and Ex-Wife
            ARTICLE SUMMARY: Pawtucket's chief of police identified the deceased as Aidan Dorgan and his mother, Rhonda Dorgan, adding that the three critically injured are the young man's grandparents and the woman's parents, as well as a friend of the family Read

            Output ONLY the numeric bias score.
          
assistant-1.5"
"Snowfall in Chicago part of massive winter storm across the US brings ice, frigid temperatures","Snowfall in Chicago part of massive winter storm across the US brings ice, frigid temperatures",Lean Left,"system
You are participating in a standardized News Bias Classification task for academic
research. Output ONLY a single numeric value between -3.0 and +3.0.

Do NOT provide explanations or text.

user
            HEADLINE: Snowfall in Chicago part of massive winter storm across the US brings ice, frigid temperatures
            ARTICLE SUMMARY: Snowfall in Chicago part of massive winter storm across the US brings ice, frigid temperatures

            Output ONLY the numeric bias score.
          
assistant-1.5"
"u.s. - a Man Pulverized an Unknown Substance on a Mp, a Few Seconds After Asking Christ Noem's Resignation","A man attacked Mr Ilhan Omar from Minnesota, pulverizing on them an unknown substance with powerful smells, just a few seconds after the democracy asked for the resignation of the secretary charged with Internal Security Christ Noem and requested the ICE defiance, he sent CNN.",Lean Left,"system
You are participating in a standardized News Bias Classification task for academic
research. Output ONLY a single numeric value between -3.0 and +3.0.

Do NOT provide explanations or text.

user
            HEADLINE: u.s. - a Man Pulverized an Unknown Substance on a Mp, a Few Seconds After Asking Christ Noem's Resignation
            ARTICLE SUMMARY: A man attacked Mr Ilhan Omar from Minnesota, pulverizing on them an unknown substance with powerful smells, just a few seconds after the democracy asked for the resignation of the secretary charged with Internal Security Christ Noem and requested the ICE defiance, he sent CNN.

            Output ONLY the numeric bias score.
          
assistant-2.5"
"8,000 References to Donald Trump: that's What the Epstein Files Say About the President",Donald Trump's name often appears in the newly published Epstein files. What exactly is written about the US president?,Lean Left,"system
You are participating in a standardized News Bias Classification task for academic
research. Output ONLY a single numeric value between -3.0 and +3.0.

Do NOT provide explanations or text.

user
            HEADLINE: 8,000 References to Donald Trump: that's What the Epstein Files Say About the President
            ARTICLE SUMMARY: Donald Trump's name often appears in the newly published Epstein files. What exactly is written about the US president?

            Output ONLY the numeric bias score.
          
assistant-1.5"
BREAKING: Gregory Bovino Relieved of Duty?,"Conflicting reports are emerging today that Gregory Bovino has been relieved of duty as the Commander at Large of the U.S. Border Patrol. From Nick Sortor, live on the ground in Minneapolis: MAJOR BREAKING: Gregory Bovino has now been RELIEVED OF DUTY as Commander at Large of the U.S. Border Patrol, I’ve exclusive learned This is BS! Trump must reverse this NOW! Bovino put his life on the line EVERY SINGLE DAY pushing for mass deportations acro…",Far Right,"system
You are participating in a standardized News Bias Classification task for academic
research. Output ONLY a single numeric value between -3.0 and +3.0.

Do NOT provide explanations or text.

user
            HEADLINE: BREAKING: Gregory Bovino Relieved of Duty?
            ARTICLE SUMMARY: Conflicting reports are emerging today that Gregory Bovino has been relieved of duty as the Commander at Large of the U.S. Border Patrol. From Nick Sortor, live on the ground in Minneapolis: MAJOR BREAKING: Gregory Bovino has now been RELIEVED OF DUTY as Commander at Large of the U.S. Border Patrol, I’ve exclusive learned This is BS! Trump must reverse this NOW! Bovino put his life on the line EVERY SINGLE DAY pushing for mass deportations acro…

            Output ONLY the numeric bias score.
          
assistant-2.5"
Melania Trump documentary 'Melania' to premiere at Kennedy Center,The documentary looks at the 20 days leading up to President Donald Trump's 2025 inauguration.,Center,"system
You are participating in a standardized News Bias Classification task for academic
research. Output ONLY a single numeric value between -3.0 and +3.0.

Do NOT provide explanations or text.

user
            HEADLINE: Melania Trump documentary 'Melania' to premiere at Kennedy Center
            ARTICLE SUMMARY: The documentary looks at the 20 days leading up to President Donald Trump's 2025 inauguration.

            Output ONLY the numeric bias score.
          
assistant0.0"
"Clawdbot, Moltbot, OpenClaw? The Wild Ride of This Viral AI Agent","An AI tool that can text you and use your apps blew up online. One week and two rebrands later, the question remains: Should you actually use it?",Center,"system
You are participating in a standardized News Bias Classification task for academic
research. Output ONLY a single numeric value between -3.0 and +3.0.

Do NOT provide explanations or text.

user
            HEADLINE: Clawdbot, Moltbot, OpenClaw? The Wild Ride of This Viral AI Agent
            ARTICLE SUMMARY: An AI tool that can text you and use your apps blew up online. One week and two rebrands later, the question remains: Should you actually use it?

            Output ONLY the numeric bias score.
          
assistant0.0"
Trump Fed chair pick’s in-law credited with sparking Greenland obsession,"Donald Trump's much-anticipated pick for the next Federal Reserve Chair, Kevin Warsh, has a close family connection credited with sparking the president's long-running obsession with Greenland, according to a Friday report from Fortune.Warsh is a financier who previously served on the Fed Board of Governors from 2006 to 2011, with Fortune noting that he may be perceived as a more grounded and disciplined choice to lead the central bank than many…",Left,"system
You are participating in a standardized News Bias Classification task for academic
research. Output ONLY a single numeric value between -3.0 and +3.0.

Do NOT provide explanations or text.

user
            HEADLINE: Trump Fed chair pick’s in-law credited with sparking Greenland obsession
            ARTICLE SUMMARY: Donald Trump's much-anticipated pick for the next Federal Reserve Chair, Kevin Warsh, has a close family connection credited with sparking the president's long-running obsession with Greenland, according to a Friday report from Fortune.Warsh is a financier who previously served on the Fed Board of Governors from 2006 to 2011, with Fortune noting that he may be perceived as a more grounded and disciplined choice to lead the central bank than many…

            Output ONLY the numeric bias score.
          
assistant-1.5"
Study: No Higher Risk of Autism Due to Paracetamol,"US President Trump's claims about the paracetamol painkiller have made countless pregnant women insecure worldwide. A European study is now clarifying. 1 month ago · Bonn, Germany",Center,"system
You are participating in a standardized News Bias Classification task for academic
research. Output ONLY a single numeric value between -3.0 and +3.0.

Do NOT provide explanations or text.

user
            HEADLINE: Study: No Higher Risk of Autism Due to Paracetamol
            ARTICLE SUMMARY: US President Trump's claims about the paracetamol painkiller have made countless pregnant women insecure worldwide. A European study is now clarifying. 1 month ago · Bonn, Germany

            Output ONLY the numeric bias score.
          
assistant0.0"
Report: At least two dead after multiple people shot inside ice arena in Rhode Island,"PAWTUCKET, R.I. — A suspect is dead after multiple people were shot at an ice arena in Rhode Island on Monday afternoon, FOX Providence (WPRI) reported.",Center,"system
You are participating in a standardized News Bias Classification task for academic
research. Output ONLY a single numeric value between -3.0 and +3.0.

Do NOT provide explanations or text.

user
            HEADLINE: Report: At least two dead after multiple people shot inside ice arena in Rhode Island
            ARTICLE SUMMARY: PAWTUCKET, R.I. — A suspect is dead after multiple people were shot at an ice arena in Rhode Island on Monday afternoon, FOX Providence (WPRI) reported.

            Output ONLY the numeric bias score.
          
assistant-1.5"
Trump thanked Machado for the Nobel Medal: EADaily,"EADaily, January 16th, 2026. US President Donald Trump called it a great honor to meet with Venezuelan opposition politician Maria Corina Machado and thanked her for handing him the Nobel Peace Prize medal. 1 month ago",Right,"system
You are participating in a standardized News Bias Classification task for academic
research. Output ONLY a single numeric value between -3.0 and +3.0.

Do NOT provide explanations or text.

user
            HEADLINE: Trump thanked Machado for the Nobel Medal: EADaily
            ARTICLE SUMMARY: EADaily, January 16th, 2026. US President Donald Trump called it a great honor to meet with Venezuelan opposition politician Maria Corina Machado and thanked her for handing him the Nobel Peace Prize medal. 1 month ago

            Output ONLY the numeric bias score.
          
assistant-1.0"
"Bombshell new Epstein file dump releases 180,000 pics and 2,000 videos","THE Justice Department released millions of files related to the Jeffrey Epstein case, including pornographic videos and images. Deputy Attorney...",Right,"system
You are participating in a standardized News Bias Classification task for academic
research. Output ONLY a single numeric value between -3.0 and +3.0.

Do NOT provide explanations or text.

user
            HEADLINE: Bombshell new Epstein file dump releases 180,000 pics and 2,000 videos
            ARTICLE SUMMARY: THE Justice Department released millions of files related to the Jeffrey Epstein case, including pornographic videos and images. Deputy Attorney...

            Output ONLY the numeric bias score.
          
assistant-1.5"
"""The Ice Officers Are Just Trying to Do Their Job"": Trump Threatens Military Action Against the Protests in Minneapolis","The fatal shooting by an immigration officer has sparked widespread protests in the US. To bring the situation under control, Trump wants to send the military to Minneapolis. 1 month ago · Berlin, Germany",Center,"system
You are participating in a standardized News Bias Classification task for academic
research. Output ONLY a single numeric value between -3.0 and +3.0.

Do NOT provide explanations or text.

user
            HEADLINE: ""The Ice Officers Are Just Trying to Do Their Job"": Trump Threatens Military Action Against the Protests in Minneapolis
            ARTICLE SUMMARY: The fatal shooting by an immigration officer has sparked widespread protests in the US. To bring the situation under control, Trump wants to send the military to Minneapolis. 1 month ago · Berlin, Germany

            Output ONLY the numeric bias score.
          
assistant-1.5"
Trump Threatens to Impose Tariffs on All Countries that Do Not support...,U.S. President Donald Trump has threatened to impose tariffs on all countries... 1 month ago · Spain,Center,"system
You are participating in a standardized News Bias Classification task for academic
research. Output ONLY a single numeric value between -3.0 and +3.0.

Do NOT provide explanations or text.

user
            HEADLINE: Trump Threatens to Impose Tariffs on All Countries that Do Not support...
            ARTICLE SUMMARY: U.S. President Donald Trump has threatened to impose tariffs on all countries... 1 month ago · Spain

            Output ONLY the numeric bias score.
          
assistant-1.5"
Democrats block government funding package in Senate as negotiations continue to avert a shutdown,Democrats voted to block legislation to fund the Department of Homeland Security and several other agencies Thursday.,Center,"system
You are participating in a standardized News Bias Classification task for academic
research. Output ONLY a single numeric value between -3.0 and +3.0.

Do NOT provide explanations or text.

user
            HEADLINE: Democrats block government funding package in Senate as negotiations continue to avert a shutdown
            ARTICLE SUMMARY: Democrats voted to block legislation to fund the Department of Homeland Security and several other agencies Thursday.

            Output ONLY the numeric bias score.
          
assistant-2.0"
"Swiss hospital chief says bar fire victims suffered burns, fractures and suffocation in scramble for survival","SION (Switzerland), Jan 3 — The head of the hospital which received casualties from the horrific Swiss ski resort bar blaze told AFP yesterday there were not only burns but injuries such as fractures as people ran for their lives.Eric Bonvin, managing director of hospitals in southwest Switzerland’s Wallis canton, said that judging from the casualties, it was likely that people were crushed and suffocated in the panic, while some were injured de… 2 months ago · Selangor, Malaysia",Right,"system
You are participating in a standardized News Bias Classification task for academic
research. Output ONLY a single numeric value between -3.0 and +3.0.

Do NOT provide explanations or text.

user
            HEADLINE: Swiss hospital chief says bar fire victims suffered burns, fractures and suffocation in scramble for survival
            ARTICLE SUMMARY: SION (Switzerland), Jan 3 — The head of the hospital which received casualties from the horrific Swiss ski resort bar blaze told AFP yesterday there were not only burns but injuries such as fractures as people ran for their lives.Eric Bonvin, managing director of hospitals in southwest Switzerland’s Wallis canton, said that judging from the casualties, it was likely that people were crushed and suffocated in the panic, while some were injured de… 2 months ago · Selangor, Malaysia

            Output ONLY the numeric bias score.
          
assistant-1.5"
Is the government shut down? Senate reaches temporary DHS funding deal,The Senate agreed to temporarily fund DHS in an effort to avoid a partial government shutdown. What Kentuckians should know,Lean Left,"system
You are participating in a standardized News Bias Classification task for academic
research. Output ONLY a single numeric value between -3.0 and +3.0.

Do NOT provide explanations or text.

user
            HEADLINE: Is the government shut down? Senate reaches temporary DHS funding deal
            ARTICLE SUMMARY: The Senate agreed to temporarily fund DHS in an effort to avoid a partial government shutdown. What Kentuckians should know

            Output ONLY the numeric bias score.
          
assistant0.0"
"Three dead, three injured in Rhode Island ice rink shooting","A shooting Monday afternoon at a youth hockey game in Pawtucket, Rhode Island, left three dead and three critically injured, police say. The gunman also died.",Center,"system
You are participating in a standardized News Bias Classification task for academic
research. Output ONLY a single numeric value between -3.0 and +3.0.

Do NOT provide explanations or text.

user
            HEADLINE: Three dead, three injured in Rhode Island ice rink shooting
            ARTICLE SUMMARY: A shooting Monday afternoon at a youth hockey game in Pawtucket, Rhode Island, left three dead and three critically injured, police say. The gunman also died.

            Output ONLY the numeric bias score.
          
assistant-1.5"
Trump sends border czar to Minnesota and says he and governor are now on a 'similar wavelength',President Donald Trump has ordered his border czar to oversee the immigration crackdown in Minnesota. He also said Monday that he is now on a “similar wavelength” as Gov. Tim Walz after a second fatal shooting by federal immigration officers…,Lean Left,"system
You are participating in a standardized News Bias Classification task for academic
research. Output ONLY a single numeric value between -3.0 and +3.0.

Do NOT provide explanations or text.

user
            HEADLINE: Trump sends border czar to Minnesota and says he and governor are now on a 'similar wavelength'
            ARTICLE SUMMARY: President Donald Trump has ordered his border czar to oversee the immigration crackdown in Minnesota. He also said Monday that he is now on a “similar wavelength” as Gov. Tim Walz after a second fatal shooting by federal immigration officers…

            Output ONLY the numeric bias score.
          
assistant-1.5"
"Trump sues IRS, Treasury Department for $10B over tax return leak | Honolulu Star-Advertiser",President Donald Trump on Thursday sued the Internal Revenue Service and Treasury Department for $10 billion over the disclosure of his tax returns to the media in 2019 and 2020.,Center,"system
You are participating in a standardized News Bias Classification task for academic
research. Output ONLY a single numeric value between -3.0 and +3.0.

Do NOT provide explanations or text.

user
            HEADLINE: Trump sues IRS, Treasury Department for $10B over tax return leak | Honolulu Star-Advertiser
            ARTICLE SUMMARY: President Donald Trump on Thursday sued the Internal Revenue Service and Treasury Department for $10 billion over the disclosure of his tax returns to the media in 2019 and 2020.

            Output ONLY the numeric bias score.
          
assistant-2.5"
Donald Trump threatens countries with tariffs if they oppose his Greenland plans,"Open the article to view the coverage from Metro News 1 month ago · London, United Kingdom",Lean Left,"system
You are participating in a standardized News Bias Classification task for academic
research. Output ONLY a single numeric value between -3.0 and +3.0.

Do NOT provide explanations or text.

user
            HEADLINE: Donald Trump threatens countries with tariffs if they oppose his Greenland plans
            ARTICLE SUMMARY: Open the article to view the coverage from Metro News 1 month ago · London, United Kingdom

            Output ONLY the numeric bias score.
          
assistant-1.5"
Venezuela's Machado gave Trump her Nobel Peace Prize medal in pursuit of a greater prize,"Machado looked, every inch, the leader that Donald Trump doesn't think she is - on appeal and command of her audience. 1 month ago · United Kingdom",Center,"system
You are participating in a standardized News Bias Classification task for academic
research. Output ONLY a single numeric value between -3.0 and +3.0.

Do NOT provide explanations or text.

user
            HEADLINE: Venezuela's Machado gave Trump her Nobel Peace Prize medal in pursuit of a greater prize
            ARTICLE SUMMARY: Machado looked, every inch, the leader that Donald Trump doesn't think she is - on appeal and command of her audience. 1 month ago · United Kingdom

            Output ONLY the numeric bias score.
          
assistant0.0"
Incident on a Cable Car Leaves a Hundred People Trapped in the Italian Alps,"A hundred people have been trapped this Tuesday at the top of Mount Moro, at 2,800 meters altitude in the Italian Alps, due to an incident on the cable car that connects the town of Macugnaga (north) with the ski track. 2 months ago",Right,"system
You are participating in a standardized News Bias Classification task for academic
research. Output ONLY a single numeric value between -3.0 and +3.0.

Do NOT provide explanations or text.

user
            HEADLINE: Incident on a Cable Car Leaves a Hundred People Trapped in the Italian Alps
            ARTICLE SUMMARY: A hundred people have been trapped this Tuesday at the top of Mount Moro, at 2,800 meters altitude in the Italian Alps, due to an incident on the cable car that connects the town of Macugnaga (north) with the ski track. 2 months ago

            Output ONLY the numeric bias score.
          
assistant-1.5"
Trump says he may punish countries with tariffs if they don't back US controlling Greenland,"President Trump has threatened tariffs on nations that don't support the US acquiring Greenland, citing national security. This move comes after months of insisting on US control over the Danish territory. European leaders and Denmark have rejected the idea, with Trump now hinting at economic pressure to achieve his goal. 1 month ago · India",Right,"system
You are participating in a standardized News Bias Classification task for academic
research. Output ONLY a single numeric value between -3.0 and +3.0.

Do NOT provide explanations or text.

user
            HEADLINE: Trump says he may punish countries with tariffs if they don't back US controlling Greenland
            ARTICLE SUMMARY: President Trump has threatened tariffs on nations that don't support the US acquiring Greenland, citing national security. This move comes after months of insisting on US control over the Danish territory. European leaders and Denmark have rejected the idea, with Trump now hinting at economic pressure to achieve his goal. 1 month ago · India

            Output ONLY the numeric bias score.
          
assistant-1.5"
Man who squirted vinegar on politician is charged with assaulting and intimidating her,"The Justice Department has charged a man who squirted apple cider vinegar on Democratic Representative Ilhan Omar at an event in Minneapolis, court papers have revealed.The man arrested for Tuesday's attack, Anthony Kazmierczak, faces a charge of forcibly assaulting, opposing, impeding and intimidating Omar, according to a complaint filed in federal court.Authorities determined that the substance was water and apple cider vinegar, the affadavit …",Right,"system
You are participating in a standardized News Bias Classification task for academic
research. Output ONLY a single numeric value between -3.0 and +3.0.

Do NOT provide explanations or text.

user
            HEADLINE: Man who squirted vinegar on politician is charged with assaulting and intimidating her
            ARTICLE SUMMARY: The Justice Department has charged a man who squirted apple cider vinegar on Democratic Representative Ilhan Omar at an event in Minneapolis, court papers have revealed.The man arrested for Tuesday's attack, Anthony Kazmierczak, faces a charge of forcibly assaulting, opposing, impeding and intimidating Omar, according to a complaint filed in federal court.Authorities determined that the substance was water and apple cider vinegar, the affadavit …

            Output ONLY the numeric bias score.
          
assistant-1.5"
More than 3 Million Pages: Us Department of Justice Publishes New Documents in Epstein Case,"On Friday, January 30, the U.S. Department of Justice released more than 3 million additional pages of documents in the Jeffrey Epstein case.",Lean Left,"system
You are participating in a standardized News Bias Classification task for academic
research. Output ONLY a single numeric value between -3.0 and +3.0.

Do NOT provide explanations or text.

user
            HEADLINE: More than 3 Million Pages: Us Department of Justice Publishes New Documents in Epstein Case
            ARTICLE SUMMARY: On Friday, January 30, the U.S. Department of Justice released more than 3 million additional pages of documents in the Jeffrey Epstein case.

            Output ONLY the numeric bias score.
          
assistant0.0"
Trump Sues IRS For $10B Over Leak Of His Glorious Tax Returns,"Donald Trump’s whizbang libelslander lawyer Alejandro Brito has done it again! This time the president is suing the IRS for $10 billion. It’s like suing himself — only US taxpayers have to pay the bill. The case involves the unlawful release of Trump’s tax returns in 2020 by Charles Littlejohn, an IRS contractor employed by Booz Allen Hamilton. Littlejohn stole hundreds of thousands of tax documents and leaked them to news outlets like ProPublic…",Lean Left,"system
You are participating in a standardized News Bias Classification task for academic
research. Output ONLY a single numeric value between -3.0 and +3.0.

Do NOT provide explanations or text.

user
            HEADLINE: Trump Sues IRS For $10B Over Leak Of His Glorious Tax Returns
            ARTICLE SUMMARY: Donald Trump’s whizbang libelslander lawyer Alejandro Brito has done it again! This time the president is suing the IRS for $10 billion. It’s like suing himself — only US taxpayers have to pay the bill. The case involves the unlawful release of Trump’s tax returns in 2020 by Charles Littlejohn, an IRS contractor employed by Booz Allen Hamilton. Littlejohn stole hundreds of thousands of tax documents and leaked them to news outlets like ProPublic…

            Output ONLY the numeric bias score.
          
assistant-1.5"
Suspect accused of attacking congresswoman with vinegar faces federal assault charge,Ilhan Omar confronted her attacker and then continued her speech after being attacked during a town hall meeting.,Lean Left,"system
You are participating in a standardized News Bias Classification task for academic
research. Output ONLY a single numeric value between -3.0 and +3.0.

Do NOT provide explanations or text.

user
            HEADLINE: Suspect accused of attacking congresswoman with vinegar faces federal assault charge
            ARTICLE SUMMARY: Ilhan Omar confronted her attacker and then continued her speech after being attacked during a town hall meeting.

            Output ONLY the numeric bias score.
          
assistant-1.0"
Nominee to lead NSA backs controversial spying law,Lt. Gen. Josh Rudd also promised to prioritize NSA efforts to protect U.S. elections.,Center,"system
You are participating in a standardized News Bias Classification task for academic
research. Output ONLY a single numeric value between -3.0 and +3.0.

Do NOT provide explanations or text.

user
            HEADLINE: Nominee to lead NSA backs controversial spying law
            ARTICLE SUMMARY: Lt. Gen. Josh Rudd also promised to prioritize NSA efforts to protect U.S. elections.

            Output ONLY the numeric bias score.
          
assistant-1.5"
Man Impersonates Fbi Agent and Tries to Free Luigi Mangione,"Mark Anderson, 36, was arrested by agents in New York on Wednesday (28). The case was revealed by ABC News and The New York Times.",Right,"system
You are participating in a standardized News Bias Classification task for academic
research. Output ONLY a single numeric value between -3.0 and +3.0.

Do NOT provide explanations or text.

user
            HEADLINE: Man Impersonates Fbi Agent and Tries to Free Luigi Mangione
            ARTICLE SUMMARY: Mark Anderson, 36, was arrested by agents in New York on Wednesday (28). The case was revealed by ABC News and The New York Times.

            Output ONLY the numeric bias score.
          
assistant-1.5"
"Pressure on Iran Grows: ""It Can Start at Any Time – We All Know Trump by Now""","The U.S. has built a massive military presence in the Middle East. An attack on Iran is possible, but Tehran is also threatening to retaliate against US bases and Tel Aviv. ""Every action of the U.S. is regarded as the beginning of war,"" says WORLD reporter Alina Quast.",Right,"system
You are participating in a standardized News Bias Classification task for academic
research. Output ONLY a single numeric value between -3.0 and +3.0.

Do NOT provide explanations or text.

user
            HEADLINE: Pressure on Iran Grows: ""It Can Start at Any Time – We All Know Trump by Now""
            ARTICLE SUMMARY: The U.S. has built a massive military presence in the Middle East. An attack on Iran is possible, but Tehran is also threatening to retaliate against US bases and Tel Aviv. ""Every action of the U.S. is regarded as the beginning of war,"" says WORLD reporter Alina Quast.

            Output ONLY the numeric bias score.
          
assistant-1.5"
"Bondi clashes with Democrats over Epstein, political retribution claims",Bondi's testimony on the Epstein files was mostly punctuated by dramatic clashes with lawmakers — exchanges that happened as eight Epstein survivors attended the hearing.,Lean Left,"system
You are participating in a standardized News Bias Classification task for academic
research. Output ONLY a single numeric value between -3.0 and +3.0.

Do NOT provide explanations or text.

user
            HEADLINE: Bondi clashes with Democrats over Epstein, political retribution claims
            ARTICLE SUMMARY: Bondi's testimony on the Epstein files was mostly punctuated by dramatic clashes with lawmakers — exchanges that happened as eight Epstein survivors attended the hearing.

            Output ONLY the numeric bias score.
          
assistant-1.5"
Tim Walz Reveals What Trump Said to Him on Their Phone Call,"Donald Trump spent the call, which was supposed to be about lowering tensions in Minnesota, bragging about his military operation in Venezuela.",Left,"system
You are participating in a standardized News Bias Classification task for academic
research. Output ONLY a single numeric value between -3.0 and +3.0.

Do NOT provide explanations or text.

user
            HEADLINE: Tim Walz Reveals What Trump Said to Him on Their Phone Call
            ARTICLE SUMMARY: Donald Trump spent the call, which was supposed to be about lowering tensions in Minnesota, bragging about his military operation in Venezuela.

            Output ONLY the numeric bias score.
          
assistant-2.0"
Accused FBI impersonator attempts to release Luigi Mangione: sources,"NEW YORK (PIX11) — A man has been accused of pretending to be an FBI agent with the intent of freeing Luigi Mangione, according to the U.S. Department of Justice and sources. Mark Anderson, 36, was arrested Wednesday night at the Metropolitan Detention Center in Brooklyn, the same place accused CEO-shooter Luigi Mangione is being [...]",Center,"system
You are participating in a standardized News Bias Classification task for academic
research. Output ONLY a single numeric value between -3.0 and +3.0.

Do NOT provide explanations or text.

user
            HEADLINE: Accused FBI impersonator attempts to release Luigi Mangione: sources
            ARTICLE SUMMARY: NEW YORK (PIX11) — A man has been accused of pretending to be an FBI agent with the intent of freeing Luigi Mangione, according to the U.S. Department of Justice and sources. Mark Anderson, 36, was arrested Wednesday night at the Metropolitan Detention Center in Brooklyn, the same place accused CEO-shooter Luigi Mangione is being [...]

            Output ONLY the numeric bias score.
          
assistant-1.5"
Trump strikes deal with Democrats to avert government shutdown,"Amid nationwide unrest after protesters were killed in Minneapolis, Democrats and Republicans agreed to temporarily fund DHS for two weeks after blocking a broader bill, buying time to negotiate limits on ICE.",Right,"system
You are participating in a standardized News Bias Classification task for academic
research. Output ONLY a single numeric value between -3.0 and +3.0.

Do NOT provide explanations or text.

user
            HEADLINE: Trump strikes deal with Democrats to avert government shutdown
            ARTICLE SUMMARY: Amid nationwide unrest after protesters were killed in Minneapolis, Democrats and Republicans agreed to temporarily fund DHS for two weeks after blocking a broader bill, buying time to negotiate limits on ICE.

            Output ONLY the numeric bias score.
          
assistant0.0"
New: Trump Hitting Europe With Tariffs Over Greenland,"Trump imposes tariffs on Europe over Greenland dispute. Serious implications for trade and diplomacy. 1 month ago · Washington, United States",Right,"system
You are participating in a standardized News Bias Classification task for academic
research. Output ONLY a single numeric value between -3.0 and +3.0.

Do NOT provide explanations or text.

user
            HEADLINE: New: Trump Hitting Europe With Tariffs Over Greenland
            ARTICLE SUMMARY: Trump imposes tariffs on Europe over Greenland dispute. Serious implications for trade and diplomacy. 1 month ago · Washington, United States

            Output ONLY the numeric bias score.
          
assistant-1.5"
Machado Handed over Trump Nobel Peace Prize Medal,"US President Donald Trump met the Venezuelan opposition politician María Corina Machado on Thursday. The conversation was about current events, the future of Venezuela – and Machado's Nobel Peace Prize medal. ""Be assured that we can count on President Trump for Venezuela's freedom,"" Machado said to her supporters who had gathered in front of the US government headquarters in Washington. The meeting began on schedule at noon (local time).Trump's … 1 month ago · Vienna, Austria",Right,"system
You are participating in a standardized News Bias Classification task for academic
research. Output ONLY a single numeric value between -3.0 and +3.0.

Do NOT provide explanations or text.

user
            HEADLINE: Machado Handed over Trump Nobel Peace Prize Medal
            ARTICLE SUMMARY: US President Donald Trump met the Venezuelan opposition politician María Corina Machado on Thursday. The conversation was about current events, the future of Venezuela – and Machado's Nobel Peace Prize medal. ""Be assured that we can count on President Trump for Venezuela's freedom,"" Machado said to her supporters who had gathered in front of the US government headquarters in Washington. The meeting began on schedule at noon (local time).Trump's … 1 month ago · Vienna, Austria

            Output ONLY the numeric bias score.
          
assistant-1.5"
Man charged with trying to break Luigi Mangione out of prison with pizza cutter,"Authorities say they charged a Minnesota man for allegedly trying to break Luigi Mangione out of jail using a barbecue fork, random documents and a pizza cutter.  Mangione is being held at the Metropolitan Detention Center in Brooklyn, New York, accused of murdering UnitedHealthcare CEO Brian Thompson in late 2024. Investigators said 36-year-old Mark Anderson of Mankato, Minnesota, showed up at the jail carrying a bag and claiming he was an FBI …",Center,"system
You are participating in a standardized News Bias Classification task for academic
research. Output ONLY a single numeric value between -3.0 and +3.0.

Do NOT provide explanations or text.

user
            HEADLINE: Man charged with trying to break Luigi Mangione out of prison with pizza cutter
            ARTICLE SUMMARY: Authorities say they charged a Minnesota man for allegedly trying to break Luigi Mangione out of jail using a barbecue fork, random documents and a pizza cutter.  Mangione is being held at the Metropolitan Detention Center in Brooklyn, New York, accused of murdering UnitedHealthcare CEO Brian Thompson in late 2024. Investigators said 36-year-old Mark Anderson of Mankato, Minnesota, showed up at the jail carrying a bag and claiming he was an FBI …

            Output ONLY the numeric bias score.
          
assistant-1.5"
Trump threatens tariffs on nations that ‘don’t go along’ with Greenland plans,"President Donald Trump on Friday threatened to place tariffs on countries that object to his demands to acquire Greenland — the same day a bipartisan... 1 month ago · Pittsburgh, United States",Center,"system
You are participating in a standardized News Bias Classification task for academic
research. Output ONLY a single numeric value between -3.0 and +3.0.

Do NOT provide explanations or text.

user
            HEADLINE: Trump threatens tariffs on nations that ‘don’t go along’ with Greenland plans
            ARTICLE SUMMARY: President Donald Trump on Friday threatened to place tariffs on countries that object to his demands to acquire Greenland — the same day a bipartisan... 1 month ago · Pittsburgh, United States

            Output ONLY the numeric bias score.
          
assistant-1.5"
Us Justice Department Releases 3 Million Pages of Epstein Files,"The U.S. Department of Justice has released more than 3 million pages of investigative documents related to the Jeffrey Epstein sex trafficking case, six weeks after the legal deadline for disclosure had passed. On November 19, President Donald Trump reluctantly signed the Epstein Files Transparency Act, which clearly stated that the Justice Department should have released all documents by December 19, 2025, with a few narrow exceptions. The dep…",Lean Left,"system
You are participating in a standardized News Bias Classification task for academic
research. Output ONLY a single numeric value between -3.0 and +3.0.

Do NOT provide explanations or text.

user
            HEADLINE: Us Justice Department Releases 3 Million Pages of Epstein Files
            ARTICLE SUMMARY: The U.S. Department of Justice has released more than 3 million pages of investigative documents related to the Jeffrey Epstein sex trafficking case, six weeks after the legal deadline for disclosure had passed. On November 19, President Donald Trump reluctantly signed the Epstein Files Transparency Act, which clearly stated that the Justice Department should have released all documents by December 19, 2025, with a few narrow exceptions. The dep…

            Output ONLY the numeric bias score.
          
assistant-1.5"
Man Impersonating FBI Agent Tries To Free Luigi Mangione With Unusual Utensils,"by Audrey Streb at CDN - A Minnesota man allegedly impersonated an FBI agent and attempted to free Luigi Mangione, the man accused of assassinating a healthcare executive, from a New York jail, ABC News reported Thursday. Mark Anderson, 36, was charged with impersonating a federal agent after arriving at the Brooklyn Metropolitan Detention Center with a court order to release … Click to read the rest HERE-> Man Impersonating FBI Agent Tries To F…",Far Right,"system
You are participating in a standardized News Bias Classification task for academic
research. Output ONLY a single numeric value between -3.0 and +3.0.

Do NOT provide explanations or text.

user
            HEADLINE: Man Impersonating FBI Agent Tries To Free Luigi Mangione With Unusual Utensils
            ARTICLE SUMMARY: by Audrey Streb at CDN - A Minnesota man allegedly impersonated an FBI agent and attempted to free Luigi Mangione, the man accused of assassinating a healthcare executive, from a New York jail, ABC News reported Thursday. Mark Anderson, 36, was charged with impersonating a federal agent after arriving at the Brooklyn Metropolitan Detention Center with a court order to release … Click to read the rest HERE-> Man Impersonating FBI Agent Tries To F…

            Output ONLY the numeric bias score.
          
assistant-1.5"
Epstein Case: Here's How to Consult the Three Million Documents Declassified by the Trump Administration,"Millions of documents relating to the Epstein affair were shared this Friday, January 30 by the Trump administration. Photos and videos that can be viewed online, here is the way forward.",Center,"system
You are participating in a standardized News Bias Classification task for academic
research. Output ONLY a single numeric value between -3.0 and +3.0.

Do NOT provide explanations or text.

user
            HEADLINE: Epstein Case: Here's How to Consult the Three Million Documents Declassified by the Trump Administration
            ARTICLE SUMMARY: Millions of documents relating to the Epstein affair were shared this Friday, January 30 by the Trump administration. Photos and videos that can be viewed online, here is the way forward.

            Output ONLY the numeric bias score.
          
assistant-1.5"
‘Save the Post’: Staff plead with Bezos to protect The Washington Post from cuts,"Across the globe, journalists from The Washington Post are pleading with owner Jeff Bezos to save their jobs — and to keep the newspaper alive and healthy. In a movement on social media, the Post’s foreign correspondents have flooded X with messages with the hashtag #SaveThePost, asking Bezos to forestall rumored deep cuts to the paper’s reporting ranks. Rumors have circulated that The Post’s foreign and sports departments are at risk, with some…",Center,"system
You are participating in a standardized News Bias Classification task for academic
research. Output ONLY a single numeric value between -3.0 and +3.0.

Do NOT provide explanations or text.

user
            HEADLINE: ‘Save the Post’: Staff plead with Bezos to protect The Washington Post from cuts
            ARTICLE SUMMARY: Across the globe, journalists from The Washington Post are pleading with owner Jeff Bezos to save their jobs — and to keep the newspaper alive and healthy. In a movement on social media, the Post’s foreign correspondents have flooded X with messages with the hashtag #SaveThePost, asking Bezos to forestall rumored deep cuts to the paper’s reporting ranks. Rumors have circulated that The Post’s foreign and sports departments are at risk, with some…

            Output ONLY the numeric bias score.
          
assistant-1.5"
Violence Escalated in Minnesota – Trump Threatens Military Deployment in the State,US President Donald Trump has escalated the democratically-led government in the U.S. state of Minnesota in a post on Truth Social with a military mission ... The post violence in Minnesota is escalating – Trump threatens military deployment in the state appeared first on Apollo News. 1 month ago,Right,"system
You are participating in a standardized News Bias Classification task for academic
research. Output ONLY a single numeric value between -3.0 and +3.0.

Do NOT provide explanations or text.

user
            HEADLINE: Violence Escalated in Minnesota – Trump Threatens Military Deployment in the State
            ARTICLE SUMMARY: US President Donald Trump has escalated the democratically-led government in the U.S. state of Minnesota in a post on Truth Social with a military mission ... The post violence in Minnesota is escalating – Trump threatens military deployment in the state appeared first on Apollo News. 1 month ago

            Output ONLY the numeric bias score.
          
assistant-1.5"
Trump threatens to send federal troops to quash Minneapolis protests against ICE,"President Donald Trump said he will invoke the Insurrection Act in Minnesota if state officials don’t stop “insurrectionists” from attacking ICE agents. Trump made the threat in a Truth Social post on Thursday, after ICE agents shot and injured a man. “If the corrupt politicians of Minnesota don’t obey the law and stop the professional agitators and insurrectionists from attacking the Patriots of I.C.E., who are only trying to do their job, I wi… 1 month ago",Center,"system
You are participating in a standardized News Bias Classification task for academic
research. Output ONLY a single numeric value between -3.0 and +3.0.

Do NOT provide explanations or text.

user
            HEADLINE: Trump threatens to send federal troops to quash Minneapolis protests against ICE
            ARTICLE SUMMARY: President Donald Trump said he will invoke the Insurrection Act in Minnesota if state officials don’t stop “insurrectionists” from attacking ICE agents. Trump made the threat in a Truth Social post on Thursday, after ICE agents shot and injured a man. “If the corrupt politicians of Minnesota don’t obey the law and stop the professional agitators and insurrectionists from attacking the Patriots of I.C.E., who are only trying to do their job, I wi… 1 month ago

            Output ONLY the numeric bias score.
          
assistant-1.5"
Congressman Ilhan Omar Is Attacked with Unknown Substance During Act in Minneapolis,"A man attacked by spraying an unknown substance on Minnesota Democratic Congresswoman Ilhan Omar while she was giving a talk. Despite the act, Omar was unharmed and the man was reduced by the guards, charged with third-degree assault and detained. Source: BBC",Right,"system
You are participating in a standardized News Bias Classification task for academic
research. Output ONLY a single numeric value between -3.0 and +3.0.

Do NOT provide explanations or text.

user
            HEADLINE: Congressman Ilhan Omar Is Attacked with Unknown Substance During Act in Minneapolis
            ARTICLE SUMMARY: A man attacked by spraying an unknown substance on Minnesota Democratic Congresswoman Ilhan Omar while she was giving a talk. Despite the act, Omar was unharmed and the man was reduced by the guards, charged with third-degree assault and detained. Source: BBC

            Output ONLY the numeric bias score.
          
assistant-1.5"
Editor Daily Rundown: Trump Admin Announces Massive Epstein Files Dump,"DOJ RELEASES 3.5 MILLION PAGES OF EPSTEIN FILES ... DOJ: Department of Justice Publishes 3.5 Million Responsive Pages in Compliance with the Epstein Files Transparency Act WASHINGTON – The Department of Justice today published over 3 million additional pages responsive to the Epstein Files Transparency Act, which was signed into law by President Trump on November 19, 2025.",Right,"system
You are participating in a standardized News Bias Classification task for academic
research. Output ONLY a single numeric value between -3.0 and +3.0.

Do NOT provide explanations or text.

user
            HEADLINE: Editor Daily Rundown: Trump Admin Announces Massive Epstein Files Dump
            ARTICLE SUMMARY: DOJ RELEASES 3.5 MILLION PAGES OF EPSTEIN FILES ... DOJ: Department of Justice Publishes 3.5 Million Responsive Pages in Compliance with the Epstein Files Transparency Act WASHINGTON – The Department of Justice today published over 3 million additional pages responsive to the Epstein Files Transparency Act, which was signed into law by President Trump on November 19, 2025.

            Output ONLY the numeric bias score.
          
assistant0.0"
France Wants to Ban Social Networks for Children Under 15,"The government wants to ban social networks for children under the age of 15 as soon as the coming year, according to a bill consulted by the AFP and to be discussed in Parliament at the beginning of 2026. ... 2 months ago · Brussels, Belgium",Center,"system
You are participating in a standardized News Bias Classification task for academic
research. Output ONLY a single numeric value between -3.0 and +3.0.

Do NOT provide explanations or text.

user
            HEADLINE: France Wants to Ban Social Networks for Children Under 15
            ARTICLE SUMMARY: The government wants to ban social networks for children under the age of 15 as soon as the coming year, according to a bill consulted by the AFP and to be discussed in Parliament at the beginning of 2026. ... 2 months ago · Brussels, Belgium

            Output ONLY the numeric bias score.
          
assistant-1.5"
Pam Bondi deflects from Epstein files as Democratic lawmakers press her for answers,"Attorney General Pam Bondi launched into a wide-ranging, passionate defense of President Donald Trump, repeatedly shouting at Democrats during a combative hearing in which she postured herself as the Republican's chief protector and tried to turn the page from persistent criticism of the Justice Departments handling of the Jeffrey Epstein files.Besieged by questions over Epstein and accusations of a weaponized Justice Department, Bondi aggressiv…",Center,"system
You are participating in a standardized News Bias Classification task for academic
research. Output ONLY a single numeric value between -3.0 and +3.0.

Do NOT provide explanations or text.

user
            HEADLINE: Pam Bondi deflects from Epstein files as Democratic lawmakers press her for answers
            ARTICLE SUMMARY: Attorney General Pam Bondi launched into a wide-ranging, passionate defense of President Donald Trump, repeatedly shouting at Democrats during a combative hearing in which she postured herself as the Republican's chief protector and tried to turn the page from persistent criticism of the Justice Departments handling of the Jeffrey Epstein files.Besieged by questions over Epstein and accusations of a weaponized Justice Department, Bondi aggressiv…

            Output ONLY the numeric bias score.
          
assistant-1.5"
How Much Genetics Influences a Person’s Life Expectancy,"A study by the Weizmann Institute of Sciences of Israel, published in Science magazine, redefines the role of genetics in human longevity. Contrary to the belief extended over decades, which placed the heredability of life expectancy between 20% and 25%, this research suggests that genetic factors account for approximately 50% of the variation in people’s life expectancy. This finding doubles previous estimates and promises to redirect research …",Right,"system
You are participating in a standardized News Bias Classification task for academic
research. Output ONLY a single numeric value between -3.0 and +3.0.

Do NOT provide explanations or text.

user
            HEADLINE: How Much Genetics Influences a Person’s Life Expectancy
            ARTICLE SUMMARY: A study by the Weizmann Institute of Sciences of Israel, published in Science magazine, redefines the role of genetics in human longevity. Contrary to the belief extended over decades, which placed the heredability of life expectancy between 20% and 25%, this research suggests that genetic factors account for approximately 50% of the variation in people’s life expectancy. This finding doubles previous estimates and promises to redirect research …

            Output ONLY the numeric bias score.
          
assistant0.0"
"Another 3 Million Epstein Files, the Case of the Disease Contracted by Gates","'Contaged by Russian girls, care in secret at Melinda'. Trump quoted in 3,200 cards (ANSA)",Center,"system
You are participating in a standardized News Bias Classification task for academic
research. Output ONLY a single numeric value between -3.0 and +3.0.

Do NOT provide explanations or text.

user
            HEADLINE: Another 3 Million Epstein Files, the Case of the Disease Contracted by Gates
            ARTICLE SUMMARY: 'Contaged by Russian girls, care in secret at Melinda'. Trump quoted in 3,200 cards (ANSA)

            Output ONLY the numeric bias score.
          
assistant-1.5"
Lancet rejects Trump's 'politicisation' of paracetamol use in pregnancy,Just months after US President Donald Trump warned women about taking paracetamol during pregnancy a new study finds there is no evidence linking the painkiller to autism in children. 1 month ago · Australia,Lean Left,"system
You are participating in a standardized News Bias Classification task for academic
research. Output ONLY a single numeric value between -3.0 and +3.0.

Do NOT provide explanations or text.

user
            HEADLINE: Lancet rejects Trump's 'politicisation' of paracetamol use in pregnancy
            ARTICLE SUMMARY: Just months after US President Donald Trump warned women about taking paracetamol during pregnancy a new study finds there is no evidence linking the painkiller to autism in children. 1 month ago · Australia

            Output ONLY the numeric bias score.
          
assistant-1.5"
Jeffries says House Democrats will move to impeach Noem if Trump doesn't fire her,More than half of House Democrats support impeaching Homeland Security Secretary Kristi Noem over the Trump administration's immigration crackdown.,Center,"system
You are participating in a standardized News Bias Classification task for academic
research. Output ONLY a single numeric value between -3.0 and +3.0.

Do NOT provide explanations or text.

user
            HEADLINE: Jeffries says House Democrats will move to impeach Noem if Trump doesn't fire her
            ARTICLE SUMMARY: More than half of House Democrats support impeaching Homeland Security Secretary Kristi Noem over the Trump administration's immigration crackdown.

            Output ONLY the numeric bias score.
          
assistant-2.5"
‘Where’s my kid?’: Gunshots spark panic,Two people are dead and three others have been hospitalised with critical injuries after a shooting at a high school hockey game.,Right,"system
You are participating in a standardized News Bias Classification task for academic
research. Output ONLY a single numeric value between -3.0 and +3.0.

Do NOT provide explanations or text.

user
            HEADLINE: ‘Where’s my kid?’: Gunshots spark panic
            ARTICLE SUMMARY: Two people are dead and three others have been hospitalised with critical injuries after a shooting at a high school hockey game.

            Output ONLY the numeric bias score.
          
assistant-2.5"
Commissioner Buckingham Applauds Trump Administration’s $1.6 Billion Investment in USA Rare Earth’s Domestic Production,Open the article to view the coverage from The Gilmer Mirror,Center,"system
You are participating in a standardized News Bias Classification task for academic
research. Output ONLY a single numeric value between -3.0 and +3.0.

Do NOT provide explanations or text.

user
            HEADLINE: Commissioner Buckingham Applauds Trump Administration’s $1.6 Billion Investment in USA Rare Earth’s Domestic Production
            ARTICLE SUMMARY: Open the article to view the coverage from The Gilmer Mirror

            Output ONLY the numeric bias score.
          
assistant0.0"
Democrats block government funding package in Senate as negotiations continue with White House to avert a shutdown,Democrats block government funding package in Senate as negotiations continue with White House to avert a shutdown.,Center,"system
You are participating in a standardized News Bias Classification task for academic
research. Output ONLY a single numeric value between -3.0 and +3.0.

Do NOT provide explanations or text.

user
            HEADLINE: Democrats block government funding package in Senate as negotiations continue with White House to avert a shutdown
            ARTICLE SUMMARY: Democrats block government funding package in Senate as negotiations continue with White House to avert a shutdown.

            Output ONLY the numeric bias score.
          
assistant-1.5"
New research bolsters evidence that Tylenol doesn’t raise the risk of autism despite Trump’s claims,"1 month ago · Chicago, United States",Center,"system
You are participating in a standardized News Bias Classification task for academic
research. Output ONLY a single numeric value between -3.0 and +3.0.

Do NOT provide explanations or text.

user
            HEADLINE: New research bolsters evidence that Tylenol doesn’t raise the risk of autism despite Trump’s claims
            ARTICLE SUMMARY: 1 month ago · Chicago, United States

            Output ONLY the numeric bias score.
          
assistant-1.5"
"At least 14 killed across US during winter storm, thousands of flights canceled again","At least 14 killed across US during winter storm, thousands of flights canceled again amid power outages. The U.S. Transportation Secretary says things won’t return to normal until midweek.",Center,"system
You are participating in a standardized News Bias Classification task for academic
research. Output ONLY a single numeric value between -3.0 and +3.0.

Do NOT provide explanations or text.

user
            HEADLINE: At least 14 killed across US during winter storm, thousands of flights canceled again
            ARTICLE SUMMARY: At least 14 killed across US during winter storm, thousands of flights canceled again amid power outages. The U.S. Transportation Secretary says things won’t return to normal until midweek.

            Output ONLY the numeric bias score.
          
assistant-1.5"
"Grok should be 'immediately suspended' while EU conducts investigation, says Irish MEP","The app, part of X, has allowed users to create explicit fake AI images of adults and children.",Lean Left,"system
You are participating in a standardized News Bias Classification task for academic
research. Output ONLY a single numeric value between -3.0 and +3.0.

Do NOT provide explanations or text.

user
            HEADLINE: Grok should be 'immediately suspended' while EU conducts investigation, says Irish MEP
            ARTICLE SUMMARY: The app, part of X, has allowed users to create explicit fake AI images of adults and children.

            Output ONLY the numeric bias score.
          
assistant-2.5"
Usa: Private Jet Crashes at Start in Maine – Seven Dead,"On the east coast of the United States, there was an accident at the launch of a private machine in Bangor. Of the eight people on board, only one crew member survived.",Lean Left,"system
You are participating in a standardized News Bias Classification task for academic
research. Output ONLY a single numeric value between -3.0 and +3.0.

Do NOT provide explanations or text.

user
            HEADLINE: Usa: Private Jet Crashes at Start in Maine – Seven Dead
            ARTICLE SUMMARY: On the east coast of the United States, there was an accident at the launch of a private machine in Bangor. Of the eight people on board, only one crew member survived.

            Output ONLY the numeric bias score.
          
assistant-1.5"
Hunter Biden's Baby Mama Lunden Roberts Asks Judge to Jail Hunter For Failing to Pay Child Support,"Hunter Biden’s baby mama, Lunden Roberts, asked an Arkansas judge to jail Hunter for failing to pay child support. 1 month ago · United States",Far Right,"system
You are participating in a standardized News Bias Classification task for academic
research. Output ONLY a single numeric value between -3.0 and +3.0.

Do NOT provide explanations or text.

user
            HEADLINE: Hunter Biden's Baby Mama Lunden Roberts Asks Judge to Jail Hunter For Failing to Pay Child Support
            ARTICLE SUMMARY: Hunter Biden’s baby mama, Lunden Roberts, asked an Arkansas judge to jail Hunter for failing to pay child support. 1 month ago · United States

            Output ONLY the numeric bias score.
          
assistant-1.5"
‘The devil?’ Bombshell Epstein video released,Convicted sex offender Jeffrey Epstein was asked if he considered himself the devil and if he had “dirty” money in a wild newly released video interview.,Right,"system
You are participating in a standardized News Bias Classification task for academic
research. Output ONLY a single numeric value between -3.0 and +3.0.

Do NOT provide explanations or text.

user
            HEADLINE: ‘The devil?’ Bombshell Epstein video released
            ARTICLE SUMMARY: Convicted sex offender Jeffrey Epstein was asked if he considered himself the devil and if he had “dirty” money in a wild newly released video interview.

            Output ONLY the numeric bias score.
          
assistant-1.5"
Trump Nominates Kevin Warsh for Federal Reserve Chairman,Warsh served on the Federal Reserve Board of Governors from 2006 to 2011.,Right,"system
You are participating in a standardized News Bias Classification task for academic
research. Output ONLY a single numeric value between -3.0 and +3.0.

Do NOT provide explanations or text.

user
            HEADLINE: Trump Nominates Kevin Warsh for Federal Reserve Chairman
            ARTICLE SUMMARY: Warsh served on the Federal Reserve Board of Governors from 2006 to 2011.

            Output ONLY the numeric bias score.
          
assistant0.0"
At Least Three Dead in Bloody Family Fight at Hockey Game,"It was a planned event, just two months after Rhode Island was rocked by a similar tragic attack.",Lean Left,"system
You are participating in a standardized News Bias Classification task for academic
research. Output ONLY a single numeric value between -3.0 and +3.0.

Do NOT provide explanations or text.

user
            HEADLINE: At Least Three Dead in Bloody Family Fight at Hockey Game
            ARTICLE SUMMARY: It was a planned event, just two months after Rhode Island was rocked by a similar tragic attack.

            Output ONLY the numeric bias score.
          
assistant-1.5"
"Snow, Sleet, Ice and Power Down as Winter Storm Smashes 140M+ Americans","A monster winter storm started smashing vast areas of the U.S. early Sunday morning delivering snow, ice, sleet and power outages to millions.",Right,"system
You are participating in a standardized News Bias Classification task for academic
research. Output ONLY a single numeric value between -3.0 and +3.0.

Do NOT provide explanations or text.

user
            HEADLINE: Snow, Sleet, Ice and Power Down as Winter Storm Smashes 140M+ Americans
            ARTICLE SUMMARY: A monster winter storm started smashing vast areas of the U.S. early Sunday morning delivering snow, ice, sleet and power outages to millions.

            Output ONLY the numeric bias score.
          
assistant-1.0"
"Iranian FM: We reached agreement on principles, will draft deal","The second round of talks between the US and Iran concluded in Geneva on Tuesday after about five hours, with Iranian Foreign Minister Abbas Araghchi saying the sides had reached agreement on guiding principles that will serve as the basis for drafting a possible deal. ""At this round, compared to the previous one, the discussions were more serious and the atmosphere was more constructive,"" Araghchi said at the conclusion of the talks. ""Various i…",Right,"system
You are participating in a standardized News Bias Classification task for academic
research. Output ONLY a single numeric value between -3.0 and +3.0.

Do NOT provide explanations or text.

user
            HEADLINE: Iranian FM: We reached agreement on principles, will draft deal
            ARTICLE SUMMARY: The second round of talks between the US and Iran concluded in Geneva on Tuesday after about five hours, with Iranian Foreign Minister Abbas Araghchi saying the sides had reached agreement on guiding principles that will serve as the basis for drafting a possible deal. ""At this round, compared to the previous one, the discussions were more serious and the atmosphere was more constructive,"" Araghchi said at the conclusion of the talks. ""Various i…

            Output ONLY the numeric bias score.
          
assistant0.0"
Ice storm leaves a million customers without power across the South,"The hardest-hit states include Tennessee, Mississippi, and Louisiana, with significant outages also in Texas, Kentucky, and Georgia.",Right,"system
You are participating in a standardized News Bias Classification task for academic
research. Output ONLY a single numeric value between -3.0 and +3.0.

Do NOT provide explanations or text.

user
            HEADLINE: Ice storm leaves a million customers without power across the South
            ARTICLE SUMMARY: The hardest-hit states include Tennessee, Mississippi, and Louisiana, with significant outages also in Texas, Kentucky, and Georgia.

            Output ONLY the numeric bias score.
          
assistant-1.5"
Federal agents placed on standard leave following fatal shooting of Alex Pretti,"cThe Department of Homeland Security confirmed Wednesday that two agents have been placed on standard administrative leave following the fatal shooting of Alex Pretti by Customs and Border Protection agents in Minneapolis on Saturday.DHS had previously stated that two officers fired their weapons during the incident.In the immediate aftermath of the shooting, officials said Pretti had brandished a weapon, but video evidence showed agents had alr…",Center,"system
You are participating in a standardized News Bias Classification task for academic
research. Output ONLY a single numeric value between -3.0 and +3.0.

Do NOT provide explanations or text.

user
            HEADLINE: Federal agents placed on standard leave following fatal shooting of Alex Pretti
            ARTICLE SUMMARY: cThe Department of Homeland Security confirmed Wednesday that two agents have been placed on standard administrative leave following the fatal shooting of Alex Pretti by Customs and Border Protection agents in Minneapolis on Saturday.DHS had previously stated that two officers fired their weapons during the incident.In the immediate aftermath of the shooting, officials said Pretti had brandished a weapon, but video evidence showed agents had alr…

            Output ONLY the numeric bias score.
          
assistant-1.5"
Trump threatens tariffs on countries against US control of Greenland,US President Donald Trump says he may implement tariffs on countries opposing Washington’s controlling of Greenland as he remains stern in his stance to take over the Arctic island by “any means necessary”. 1 month ago · France,Center,"system
You are participating in a standardized News Bias Classification task for academic
research. Output ONLY a single numeric value between -3.0 and +3.0.

Do NOT provide explanations or text.

user
            HEADLINE: Trump threatens tariffs on countries against US control of Greenland
            ARTICLE SUMMARY: US President Donald Trump says he may implement tariffs on countries opposing Washington’s controlling of Greenland as he remains stern in his stance to take over the Arctic island by “any means necessary”. 1 month ago · France

            Output ONLY the numeric bias score.
          
assistant-1.5"
Is the government going to shut down? ICE funding dispute stalls talks ahead of Friday deadline,"A disagreement over funding and oversight of Immigration and Customs Enforcement is at the center of stalled budget talks, increasing the risk of a government shutdown.",Center,"system
You are participating in a standardized News Bias Classification task for academic
research. Output ONLY a single numeric value between -3.0 and +3.0.

Do NOT provide explanations or text.

user
            HEADLINE: Is the government going to shut down? ICE funding dispute stalls talks ahead of Friday deadline
            ARTICLE SUMMARY: A disagreement over funding and oversight of Immigration and Customs Enforcement is at the center of stalled budget talks, increasing the risk of a government shutdown.

            Output ONLY the numeric bias score.
          
assistant-1.5"
"Winter storm warning: When, how much snow expected for PA, NJ and DE?","A significant winter storm is affecting the region this weekend, with heavy snow, icy conditions and dangerous cold expected across eastern Pennsylvania, New Jersey and Delaware as conditions intensify through the day and into tonight.",Center,"system
You are participating in a standardized News Bias Classification task for academic
research. Output ONLY a single numeric value between -3.0 and +3.0.

Do NOT provide explanations or text.

user
            HEADLINE: Winter storm warning: When, how much snow expected for PA, NJ and DE?
            ARTICLE SUMMARY: A significant winter storm is affecting the region this weekend, with heavy snow, icy conditions and dangerous cold expected across eastern Pennsylvania, New Jersey and Delaware as conditions intensify through the day and into tonight.

            Output ONLY the numeric bias score.
          
assistant-1.0"
"12,000 Flights Canceled, NatGas Spikes Again As Winter Storm Fern Paralyzes Eastern US","ZeroHedge - On a long enough timeline, the survival rate for everyone drops to zero",Right,"system
You are participating in a standardized News Bias Classification task for academic
research. Output ONLY a single numeric value between -3.0 and +3.0.

Do NOT provide explanations or text.

user
            HEADLINE: 12,000 Flights Canceled, NatGas Spikes Again As Winter Storm Fern Paralyzes Eastern US
            ARTICLE SUMMARY: ZeroHedge - On a long enough timeline, the survival rate for everyone drops to zero

            Output ONLY the numeric bias score.
          
assistant-1.5"
Trump urges Iran to make nuclear deal or face naval armada,"WORLD is a news organization producing Biblically sound, daily coverage of global, national, and cultural current events.",Right,"system
You are participating in a standardized News Bias Classification task for academic
research. Output ONLY a single numeric value between -3.0 and +3.0.

Do NOT provide explanations or text.

user
            HEADLINE: Trump urges Iran to make nuclear deal or face naval armada
            ARTICLE SUMMARY: WORLD is a news organization producing Biblically sound, daily coverage of global, national, and cultural current events.

            Output ONLY the numeric bias score.
          
assistant-1.5"
Ilhan Omar's Alleged Syringe Attacker Federally Charged With Assault,"The man seen on video spraying Rep. Ilhan Omar with a liquid substance has been charged with assaulting her during the performance of her official duties, TMZ has learned. According to court documents, obtained by TMZ, the feds say not only did…",Right,"system
You are participating in a standardized News Bias Classification task for academic
research. Output ONLY a single numeric value between -3.0 and +3.0.

Do NOT provide explanations or text.

user
            HEADLINE: Ilhan Omar's Alleged Syringe Attacker Federally Charged With Assault
            ARTICLE SUMMARY: The man seen on video spraying Rep. Ilhan Omar with a liquid substance has been charged with assaulting her during the performance of her official duties, TMZ has learned. According to court documents, obtained by TMZ, the feds say not only did…

            Output ONLY the numeric bias score.
          
assistant-1.5"
Pam Bondi to testify in Congress over handling of Epstein files: Live updates,Attorney General set to testify days after admitted mistakes were made in handling of case,Lean Left,"system
You are participating in a standardized News Bias Classification task for academic
research. Output ONLY a single numeric value between -3.0 and +3.0.

Do NOT provide explanations or text.

user
            HEADLINE: Pam Bondi to testify in Congress over handling of Epstein files: Live updates
            ARTICLE SUMMARY: Attorney General set to testify days after admitted mistakes were made in handling of case

            Output ONLY the numeric bias score.
          
assistant-1.5"
Iran Says It Agreed to ‘Principles’ of Nuclear Deal With US,(Bloomberg) -- Iran said it reached a “general agreement” with the US on the basis of a potential nuclear deal that would lift sanctions on Tehran and ease the risk of war in the Middle East.,Lean Left,"system
You are participating in a standardized News Bias Classification task for academic
research. Output ONLY a single numeric value between -3.0 and +3.0.

Do NOT provide explanations or text.

user
            HEADLINE: Iran Says It Agreed to ‘Principles’ of Nuclear Deal With US
            ARTICLE SUMMARY: (Bloomberg) -- Iran said it reached a “general agreement” with the US on the basis of a potential nuclear deal that would lift sanctions on Tehran and ease the risk of war in the Middle East.

            Output ONLY the numeric bias score.
          
assistant0.0"
Federal Reserve Keeps Rates Unchanged,"The Federal Reserve paused its interest rate cuts yesterday, leaving its key rate unchanged at approximately 3.6%, after cutting it three times last year.",Right,"system
You are participating in a standardized News Bias Classification task for academic
research. Output ONLY a single numeric value between -3.0 and +3.0.

Do NOT provide explanations or text.

user
            HEADLINE: Federal Reserve Keeps Rates Unchanged
            ARTICLE SUMMARY: The Federal Reserve paused its interest rate cuts yesterday, leaving its key rate unchanged at approximately 3.6%, after cutting it three times last year.

            Output ONLY the numeric bias score.
          
assistant0.0"
"Kevin Warsh, Who Is the Next President of the Fed After Powell. Trump's Announcement","On Thursday evening Trump himself declared that he had made a final decision, describing the chosen one as a figure of great prestige and widely recognized in international financial circles",Center,"system
You are participating in a standardized News Bias Classification task for academic
research. Output ONLY a single numeric value between -3.0 and +3.0.

Do NOT provide explanations or text.

user
            HEADLINE: Kevin Warsh, Who Is the Next President of the Fed After Powell. Trump's Announcement
            ARTICLE SUMMARY: On Thursday evening Trump himself declared that he had made a final decision, describing the chosen one as a figure of great prestige and widely recognized in international financial circles

            Output ONLY the numeric bias score.
          
assistant-1.5"
Trump Praised Cops for ‘Stopping’ Epstein and Urged Them to Focus on ‘Evil’ Ghislaine Maxwell in Unearthed FBI Document,"President Trump thanked local cops for investigating Jeffrey Epstein and urged them to ""focus"" on ""evil"" Ghislaine Maxwell in 2006, according to an FBI document",Lean Left,"system
You are participating in a standardized News Bias Classification task for academic
research. Output ONLY a single numeric value between -3.0 and +3.0.

Do NOT provide explanations or text.

user
            HEADLINE: Trump Praised Cops for ‘Stopping’ Epstein and Urged Them to Focus on ‘Evil’ Ghislaine Maxwell in Unearthed FBI Document
            ARTICLE SUMMARY: President Trump thanked local cops for investigating Jeffrey Epstein and urged them to ""focus"" on ""evil"" Ghislaine Maxwell in 2006, according to an FBI document

            Output ONLY the numeric bias score.
          
assistant-1.5"
Major Winter Storm Causes at Least 10 Deaths in the United States,"A major winter storm killed at least ten people in the United States, also depriving more than one million households of electricity.",Lean Left,"system
You are participating in a standardized News Bias Classification task for academic
research. Output ONLY a single numeric value between -3.0 and +3.0.

Do NOT provide explanations or text.

user
            HEADLINE: Major Winter Storm Causes at Least 10 Deaths in the United States
            ARTICLE SUMMARY: A major winter storm killed at least ten people in the United States, also depriving more than one million households of electricity.

            Output ONLY the numeric bias score.
          
assistant-1.5"
"FAA: 7 dead, one survivor in private aircraft crash at Bangor airport",The Federal Aviation Administration says seven people were killed and a crew member survived with serious injuries when a private business jet crashed in a snowstorm at Maine’s Bangor International Airport.,Lean Left,"system
You are participating in a standardized News Bias Classification task for academic
research. Output ONLY a single numeric value between -3.0 and +3.0.

Do NOT provide explanations or text.

user
            HEADLINE: FAA: 7 dead, one survivor in private aircraft crash at Bangor airport
            ARTICLE SUMMARY: The Federal Aviation Administration says seven people were killed and a crew member survived with serious injuries when a private business jet crashed in a snowstorm at Maine’s Bangor International Airport.

            Output ONLY the numeric bias score.
          
assistant-1.5"
"Trump's Government Publishes Three Million Pages and 180,000 Images Related to Epstein","The U.S. Department of Justice has announced this Friday the publication of about three million pages and thousands of documents related to paedophile and millionaire Jeffrey Epstein. In addition, the government has assured that it will not censor any of the 180,000 new images. Todd Blanche, Deputy Attorney General, has indicated in Washington the new round of publications in line with the obligations of the law that obliges to share all documen…",Center,"system
You are participating in a standardized News Bias Classification task for academic
research. Output ONLY a single numeric value between -3.0 and +3.0.

Do NOT provide explanations or text.

user
            HEADLINE: Trump's Government Publishes Three Million Pages and 180,000 Images Related to Epstein
            ARTICLE SUMMARY: The U.S. Department of Justice has announced this Friday the publication of about three million pages and thousands of documents related to paedophile and millionaire Jeffrey Epstein. In addition, the government has assured that it will not censor any of the 180,000 new images. Todd Blanche, Deputy Attorney General, has indicated in Washington the new round of publications in line with the obligations of the law that obliges to share all documen…

            Output ONLY the numeric bias score.
          
assistant-1.5"
Rhode Island: at Least Two People Killed After Shooting in a Rink,"At least two people were killed and three others injured on Monday by a shooter in a Pawtucket rink in Rhode Island, where a hockey game was taking place, announced the local authorities.",Lean Left,"system
You are participating in a standardized News Bias Classification task for academic
research. Output ONLY a single numeric value between -3.0 and +3.0.

Do NOT provide explanations or text.

user
            HEADLINE: Rhode Island: at Least Two People Killed After Shooting in a Rink
            ARTICLE SUMMARY: At least two people were killed and three others injured on Monday by a shooter in a Pawtucket rink in Rhode Island, where a hockey game was taking place, announced the local authorities.

            Output ONLY the numeric bias score.
          
assistant-1.0"
Trump holds 2-hour crisis talks with Kristi Noem over Minnesota fallout,"KRISTI Noem, US Secretary of Homeland Security, has been locked in crisis talks with Donald Trump over the fatal shooting of beloved nurse Alex...",Right,"system
You are participating in a standardized News Bias Classification task for academic
research. Output ONLY a single numeric value between -3.0 and +3.0.

Do NOT provide explanations or text.

user
            HEADLINE: Trump holds 2-hour crisis talks with Kristi Noem over Minnesota fallout
            ARTICLE SUMMARY: KRISTI Noem, US Secretary of Homeland Security, has been locked in crisis talks with Donald Trump over the fatal shooting of beloved nurse Alex...

            Output ONLY the numeric bias score.
          
assistant-1.5"
"The Fed Leaves Interest Rates at 3.50%-3.75%, in Line with Estimates","The Federal Open Market Committee (Fomc), the Monetary Policy Committee of the Federal Reserve, has decided to keep the interest rates of the Federal Reserve.",Right,"system
You are participating in a standardized News Bias Classification task for academic
research. Output ONLY a single numeric value between -3.0 and +3.0.

Do NOT provide explanations or text.

user
            HEADLINE: The Fed Leaves Interest Rates at 3.50%-3.75%, in Line with Estimates
            ARTICLE SUMMARY: The Federal Open Market Committee (Fomc), the Monetary Policy Committee of the Federal Reserve, has decided to keep the interest rates of the Federal Reserve.

            Output ONLY the numeric bias score.
          
assistant0.0"
New Epstein Files Released,The US Deputy Attorney General says the Justice Department did not protect Trump during its review of the Epstein files.,Lean Left,"system
You are participating in a standardized News Bias Classification task for academic
research. Output ONLY a single numeric value between -3.0 and +3.0.

Do NOT provide explanations or text.

user
            HEADLINE: New Epstein Files Released
            ARTICLE SUMMARY: The US Deputy Attorney General says the Justice Department did not protect Trump during its review of the Epstein files.

            Output ONLY the numeric bias score.
          
assistant-1.5"
Maine plane crash leaves 7 dead,"A tragic airplane crash occurred in Bangor, Maine, resulting in the deaths of seven individuals.",Center,"system
You are participating in a standardized News Bias Classification task for academic
research. Output ONLY a single numeric value between -3.0 and +3.0.

Do NOT provide explanations or text.

user
            HEADLINE: Maine plane crash leaves 7 dead
            ARTICLE SUMMARY: A tragic airplane crash occurred in Bangor, Maine, resulting in the deaths of seven individuals.

            Output ONLY the numeric bias score.
          
assistant-2.0"
Washington Post reporters implore Bezos to #SaveThePost ahead of expected layoffs,"Journalists and supporters of the Washington Post urge Jeff Bezos to stop massive layoffs, fearing cuts to foreign desk and sports department.",Center,"system
You are participating in a standardized News Bias Classification task for academic
research. Output ONLY a single numeric value between -3.0 and +3.0.

Do NOT provide explanations or text.

user
            HEADLINE: Washington Post reporters implore Bezos to #SaveThePost ahead of expected layoffs
            ARTICLE SUMMARY: Journalists and supporters of the Washington Post urge Jeff Bezos to stop massive layoffs, fearing cuts to foreign desk and sports department.

            Output ONLY the numeric bias score.
          
assistant-1.5"
Machado Delivered the Nobel Prize to Trump,"Washington. U.S. President Donald Trump yesterday received the Nobel Peace Prize from Venezuelan opponent María Corina Machado, who won last month. 1 month ago · Mexico",Left,"system
You are participating in a standardized News Bias Classification task for academic
research. Output ONLY a single numeric value between -3.0 and +3.0.

Do NOT provide explanations or text.

user
            HEADLINE: Machado Delivered the Nobel Prize to Trump
            ARTICLE SUMMARY: Washington. U.S. President Donald Trump yesterday received the Nobel Peace Prize from Venezuelan opponent María Corina Machado, who won last month. 1 month ago · Mexico

            Output ONLY the numeric bias score.
          
assistant-1.0"
Trump Sues the Treasury Department,"US President Donald Trump is suing the IRS and the Treasury Department for ten billion dollars, equivalent to just over 88 billion Swedish kronor, reports NBC News, among others.",Right,"system
You are participating in a standardized News Bias Classification task for academic
research. Output ONLY a single numeric value between -3.0 and +3.0.

Do NOT provide explanations or text.

user
            HEADLINE: Trump Sues the Treasury Department
            ARTICLE SUMMARY: US President Donald Trump is suing the IRS and the Treasury Department for ten billion dollars, equivalent to just over 88 billion Swedish kronor, reports NBC News, among others.

            Output ONLY the numeric bias score.
          
assistant-1.5"
"Two federal agents involved in shooting of Alex Pretti have been on administrative leave since Saturday, DHS says - Boston News, Weather, Sports","MINNEAPOLIS (AP) — Two federal agents involved in shooting of Alex Pretti have been on administrative leave since Saturday, DHS says.",Center,"system
You are participating in a standardized News Bias Classification task for academic
research. Output ONLY a single numeric value between -3.0 and +3.0.

Do NOT provide explanations or text.

user
            HEADLINE: Two federal agents involved in shooting of Alex Pretti have been on administrative leave since Saturday, DHS says - Boston News, Weather, Sports
            ARTICLE SUMMARY: MINNEAPOLIS (AP) — Two federal agents involved in shooting of Alex Pretti have been on administrative leave since Saturday, DHS says.

            Output ONLY the numeric bias score.
          
assistant0.0"
"After Rocky Start, Bari Weiss Plans Cuts, Adds Commentators At CBS News","Weiss announced the hiring of 18 paid commentators — on subjects ranging from national security to health and wellness — as part of an effort to ""widen the aperture of the stories we tell and the voices we listen to."" They include Hoover Institution fellow HR McMaster, who served as national security advisor during the first Trump administration; Reihan Salam, the president of the conservative Manhattan Institute; and Hoover Institution fellow a…",Right,"system
You are participating in a standardized News Bias Classification task for academic
research. Output ONLY a single numeric value between -3.0 and +3.0.

Do NOT provide explanations or text.

user
            HEADLINE: After Rocky Start, Bari Weiss Plans Cuts, Adds Commentators At CBS News
            ARTICLE SUMMARY: Weiss announced the hiring of 18 paid commentators — on subjects ranging from national security to health and wellness — as part of an effort to ""widen the aperture of the stories we tell and the voices we listen to."" They include Hoover Institution fellow HR McMaster, who served as national security advisor during the first Trump administration; Reihan Salam, the president of the conservative Manhattan Institute; and Hoover Institution fellow a…

            Output ONLY the numeric bias score.
          
assistant-1.5"
President Trump sues IRS and Treasury Department for $10B over leaked tax info,President Donald Trump is suing the IRS and Treasury Department for $10 billion,Center,"system
You are participating in a standardized News Bias Classification task for academic
research. Output ONLY a single numeric value between -3.0 and +3.0.

Do NOT provide explanations or text.

user
            HEADLINE: President Trump sues IRS and Treasury Department for $10B over leaked tax info
            ARTICLE SUMMARY: President Donald Trump is suing the IRS and Treasury Department for $10 billion

            Output ONLY the numeric bias score.
          
assistant-2.5"
"South Korean-European Networks First to Measure Rogue Planet’s Distance, Mass","South Korean-European Networks First to Measure Rogue Planets Distance, Mass KMTNet and Gaia measure 0.22 Jupiter-mass planet 10,000 light-years away 2 months ago",Right,"system
You are participating in a standardized News Bias Classification task for academic
research. Output ONLY a single numeric value between -3.0 and +3.0.

Do NOT provide explanations or text.

user
            HEADLINE: South Korean-European Networks First to Measure Rogue Planet’s Distance, Mass
            ARTICLE SUMMARY: South Korean-European Networks First to Measure Rogue Planets Distance, Mass KMTNet and Gaia measure 0.22 Jupiter-mass planet 10,000 light-years away 2 months ago

            Output ONLY the numeric bias score.
          
assistant0.0"
The European Commission Has Launched an Investigation Into Grok over the Generation of Sexualized Images,The investigation has been launched in accordance with the EU Digital Services Act.,Lean Left,"system
You are participating in a standardized News Bias Classification task for academic
research. Output ONLY a single numeric value between -3.0 and +3.0.

Do NOT provide explanations or text.

user
            HEADLINE: The European Commission Has Launched an Investigation Into Grok over the Generation of Sexualized Images
            ARTICLE SUMMARY: The investigation has been launched in accordance with the EU Digital Services Act.

            Output ONLY the numeric bias score.
          
assistant-1.5"
Venezuelan opposition leader gives big baby Trump her Nobel Peace Prize,Venezuelan opposition leader María Corina Machado told the press on Thursday that she “presented” President Donald Trump with the Nobel Peace Prize she was awarded in 2025. It was the latest ... 1 month ago · United States,Left,"system
You are participating in a standardized News Bias Classification task for academic
research. Output ONLY a single numeric value between -3.0 and +3.0.

Do NOT provide explanations or text.

user
            HEADLINE: Venezuelan opposition leader gives big baby Trump her Nobel Peace Prize
            ARTICLE SUMMARY: Venezuelan opposition leader María Corina Machado told the press on Thursday that she “presented” President Donald Trump with the Nobel Peace Prize she was awarded in 2025. It was the latest ... 1 month ago · United States

            Output ONLY the numeric bias score.
          
assistant-1.5"
Extreme Weather: Winter Storm Hits Usa Hard – Fatalities and Massive Power and Flight Failures,From New Mexico to North Carolina: A heavy winter storm swept across the southwest and center of the US and caused snow and ice rain. It caused massive power and flight failures – and claimed the first fatalities.,Right,"system
You are participating in a standardized News Bias Classification task for academic
research. Output ONLY a single numeric value between -3.0 and +3.0.

Do NOT provide explanations or text.

user
            HEADLINE: Extreme Weather: Winter Storm Hits Usa Hard – Fatalities and Massive Power and Flight Failures
            ARTICLE SUMMARY: From New Mexico to North Carolina: A heavy winter storm swept across the southwest and center of the US and caused snow and ice rain. It caused massive power and flight failures – and claimed the first fatalities.

            Output ONLY the numeric bias score.
          
assistant-1.5"
"AI agents now have their own Reddit-style social network, and it's getting weird fast","Moltbook lets 32,000 AI bots trade jokes, tips, and complaints about humans.",Center,"system
You are participating in a standardized News Bias Classification task for academic
research. Output ONLY a single numeric value between -3.0 and +3.0.

Do NOT provide explanations or text.

user
            HEADLINE: AI agents now have their own Reddit-style social network, and it's getting weird fast
            ARTICLE SUMMARY: Moltbook lets 32,000 AI bots trade jokes, tips, and complaints about humans.

            Output ONLY the numeric bias score.
          
assistant-2.5"
"""It Looks Like an Invasion"": Minneapolis Under Tension While Donald Trump Threatens to Invoke an Exceptional Law","Since the murder of a 37-year-old American woman by an immigration officer, tensions have been high between the people of Minneapolis and the ICE police, whose presence has created a climate of terror. 1 month ago · France",Center,"system
You are participating in a standardized News Bias Classification task for academic
research. Output ONLY a single numeric value between -3.0 and +3.0.

Do NOT provide explanations or text.

user
            HEADLINE: ""It Looks Like an Invasion"": Minneapolis Under Tension While Donald Trump Threatens to Invoke an Exceptional Law
            ARTICLE SUMMARY: Since the murder of a 37-year-old American woman by an immigration officer, tensions have been high between the people of Minneapolis and the ICE police, whose presence has created a climate of terror. 1 month ago · France

            Output ONLY the numeric bias score.
          
assistant-1.5"
Man arrested on charges of impersonating an FBI agent in alleged attempt to free Luigi Mangione from jail,"A Minnesota man was arrested and charged with impersonating an FBI agent after he tried to enter a federal jail and release suspected murderer Luigi Mangione, according to law enforcement sources.",Lean Left,"system
You are participating in a standardized News Bias Classification task for academic
research. Output ONLY a single numeric value between -3.0 and +3.0.

Do NOT provide explanations or text.

user
            HEADLINE: Man arrested on charges of impersonating an FBI agent in alleged attempt to free Luigi Mangione from jail
            ARTICLE SUMMARY: A Minnesota man was arrested and charged with impersonating an FBI agent after he tried to enter a federal jail and release suspected murderer Luigi Mangione, according to law enforcement sources.

            Output ONLY the numeric bias score.
          
assistant-1.5"
Trump floats tariffs over Greenland as Denmark woos Congress,"Trump has sought to use his sweeping tariff agenda to pressure other nations to make economic concessions and align themselves with his foreign policy priorities. 1 month ago · Harrisburg, United States",Center,"system
You are participating in a standardized News Bias Classification task for academic
research. Output ONLY a single numeric value between -3.0 and +3.0.

Do NOT provide explanations or text.

user
            HEADLINE: Trump floats tariffs over Greenland as Denmark woos Congress
            ARTICLE SUMMARY: Trump has sought to use his sweeping tariff agenda to pressure other nations to make economic concessions and align themselves with his foreign policy priorities. 1 month ago · Harrisburg, United States

            Output ONLY the numeric bias score.
          
assistant-1.5"
Who was Robert Dorgan? All about the transgender suspect in the Pawtucket Dennis M. Lynch Arena hockey shooting,International Sports News: Robert Dorgan was a 56-year-old transgender person from Rhode Island who was also known as Roberta Esposito. Police claims he was the suspect in a dea. 21 hours ago · India,Right,"system
You are participating in a standardized News Bias Classification task for academic
research. Output ONLY a single numeric value between -3.0 and +3.0.

Do NOT provide explanations or text.

user
            HEADLINE: Who was Robert Dorgan? All about the transgender suspect in the Pawtucket Dennis M. Lynch Arena hockey shooting
            ARTICLE SUMMARY: International Sports News: Robert Dorgan was a 56-year-old transgender person from Rhode Island who was also known as Roberta Esposito. Police claims he was the suspect in a dea. 21 hours ago · India

            Output ONLY the numeric bias score.
          
assistant-1.5"
Federal Agents Involved in Alex Pretti Shooting Are on Leave,"The federal agents who were involved in Saturday’s deadly shooting of Alex Pretti in Minneapolis have been placed on administrative leave, a federal law enforcement official confirmed to CBS News. It is unclear exactly when the personnel were placed on leave. Typically, the protocol is for federal law enforcement agents who have been involved in a […] The post Federal Agents Involved in Alex Pretti Shooting Are on Leave appeared first on www.ind…",Right,"system
You are participating in a standardized News Bias Classification task for academic
research. Output ONLY a single numeric value between -3.0 and +3.0.

Do NOT provide explanations or text.

user
            HEADLINE: Federal Agents Involved in Alex Pretti Shooting Are on Leave
            ARTICLE SUMMARY: The federal agents who were involved in Saturday’s deadly shooting of Alex Pretti in Minneapolis have been placed on administrative leave, a federal law enforcement official confirmed to CBS News. It is unclear exactly when the personnel were placed on leave. Typically, the protocol is for federal law enforcement agents who have been involved in a […] The post Federal Agents Involved in Alex Pretti Shooting Are on Leave appeared first on www.ind…

            Output ONLY the numeric bias score.
          
assistant-1.5"
What is the US Insurrection Act threatened on Minnesota?,"A look at the US Insurrection Act, the law that President Trump has threatened to use to put an end to protests over federal immigration raids in the northern state of Minnesota. 1 month ago · Ireland",Center,"system
You are participating in a standardized News Bias Classification task for academic
research. Output ONLY a single numeric value between -3.0 and +3.0.

Do NOT provide explanations or text.

user
            HEADLINE: What is the US Insurrection Act threatened on Minnesota?
            ARTICLE SUMMARY: A look at the US Insurrection Act, the law that President Trump has threatened to use to put an end to protests over federal immigration raids in the northern state of Minnesota. 1 month ago · Ireland

            Output ONLY the numeric bias score.
          
assistant-1.5"
"A New Yorker Pretending to Be an Fbi Agent Tried to Release Luigi Manjone, Who Was Accused of Murdering the Head of an Insurance Company.","On Tuesday, 27 January, a man who appeared as an ""FBI agent"" and stated that he had a court-signed order for the release of the prisoner was present at the New York Brooklyn Detention Facility, and according to CBS, Luigi Manjone was awaiting trial for the murder of the CEO of the insurance company UnitedHealthcare Brian Thompson.",Left,"system
You are participating in a standardized News Bias Classification task for academic
research. Output ONLY a single numeric value between -3.0 and +3.0.

Do NOT provide explanations or text.

user
            HEADLINE: A New Yorker Pretending to Be an Fbi Agent Tried to Release Luigi Manjone, Who Was Accused of Murdering the Head of an Insurance Company.
            ARTICLE SUMMARY: On Tuesday, 27 January, a man who appeared as an ""FBI agent"" and stated that he had a court-signed order for the release of the prisoner was present at the New York Brooklyn Detention Facility, and according to CBS, Luigi Manjone was awaiting trial for the murder of the CEO of the insurance company UnitedHealthcare Brian Thompson.

            Output ONLY the numeric bias score.
          
assistant-1.5"
"Freezing rain, sleet begin","Freezing rain, sleet fall across area",Center,"system
You are participating in a standardized News Bias Classification task for academic
research. Output ONLY a single numeric value between -3.0 and +3.0.

Do NOT provide explanations or text.

user
            HEADLINE: Freezing rain, sleet begin
            ARTICLE SUMMARY: Freezing rain, sleet fall across area

            Output ONLY the numeric bias score.
          
assistant-1.5"
Hombre rocía líquido a la congresista Ilhan Omar durante un mitin en Mineápolis - Latino-News - El periódico de los hispanos,"En el instante del ataque, Omar se encontraba pronunciando un discurso enfocado en cuestionar las acciones de las autoridades migratorias en la región.",Center,"system
You are participating in a standardized News Bias Classification task for academic
research. Output ONLY a single numeric value between -3.0 and +3.0.

Do NOT provide explanations or text.

user
            HEADLINE: Hombre rocía líquido a la congresista Ilhan Omar durante un mitin en Mineápolis - Latino-News - El periódico de los hispanos
            ARTICLE SUMMARY: En el instante del ataque, Omar se encontraba pronunciando un discurso enfocado en cuestionar las acciones de las autoridades migratorias en la región.

            Output ONLY the numeric bias score.
          
assistant-1.5"
"In reset of ties, China and Canada slash EV, canola tariffs","The first Canadian prime minister to visit China since 2017, Carney is seeking to rebuild ties with his country's second-largest trading partner after the United States 1 month ago · Philippines",Lean Left,"system
You are participating in a standardized News Bias Classification task for academic
research. Output ONLY a single numeric value between -3.0 and +3.0.

Do NOT provide explanations or text.

user
            HEADLINE: In reset of ties, China and Canada slash EV, canola tariffs
            ARTICLE SUMMARY: The first Canadian prime minister to visit China since 2017, Carney is seeking to rebuild ties with his country's second-largest trading partner after the United States 1 month ago · Philippines

            Output ONLY the numeric bias score.
          
assistant-1.2"
Consulate seeking answers after Mexican national dies at ICE detention facility in Clayton County,The consulate said in a statement that it is communicating with the Atlanta Field Office of ICE in order to find out what happened. 1 month ago,Center,"system
You are participating in a standardized News Bias Classification task for academic
research. Output ONLY a single numeric value between -3.0 and +3.0.

Do NOT provide explanations or text.

user
            HEADLINE: Consulate seeking answers after Mexican national dies at ICE detention facility in Clayton County
            ARTICLE SUMMARY: The consulate said in a statement that it is communicating with the Atlanta Field Office of ICE in order to find out what happened. 1 month ago

            Output ONLY the numeric bias score.
          
assistant-1.5"
Astronomers discover rare “free-floating” rogue planet,"Astronomers believe the free-floating planet is around 22 percent the mass of Jupiter and lies 3,000 parsecs from the Milky Way. 2 months ago · United States",Center,"system
You are participating in a standardized News Bias Classification task for academic
research. Output ONLY a single numeric value between -3.0 and +3.0.

Do NOT provide explanations or text.

user
            HEADLINE: Astronomers discover rare “free-floating” rogue planet
            ARTICLE SUMMARY: Astronomers believe the free-floating planet is around 22 percent the mass of Jupiter and lies 3,000 parsecs from the Milky Way. 2 months ago · United States

            Output ONLY the numeric bias score.
          
assistant-0.5"
Yet another co-founder departs Elon Musk's xAI,"xAI co-founder Tony Wu abruptly announced his resignation from the company late Monday night, the latest in a string of senior executives to leave the Grok-maker in recent months. In a post on social media, Wu expressed warm feelings for his time at xAI, but said it was ""time for my next chapter."" The current era is one where ""a small team armed with AIs can move mountains and redefine what's possible,"" he wrote. The mention of what ""a small tea…",Center,"system
You are participating in a standardized News Bias Classification task for academic
research. Output ONLY a single numeric value between -3.0 and +3.0.

Do NOT provide explanations or text.

user
            HEADLINE: Yet another co-founder departs Elon Musk's xAI
            ARTICLE SUMMARY: xAI co-founder Tony Wu abruptly announced his resignation from the company late Monday night, the latest in a string of senior executives to leave the Grok-maker in recent months. In a post on social media, Wu expressed warm feelings for his time at xAI, but said it was ""time for my next chapter."" The current era is one where ""a small team armed with AIs can move mountains and redefine what's possible,"" he wrote. The mention of what ""a small tea…

            Output ONLY the numeric bias score.
          
assistant-1.2"
"Chief federal judge orders ICE head to appear in Minnesota court, cites failure to comply with 'dozens of court orders'",The head of ICE has been ordered to appear in person before Minnesota's chief federal judge over his agency's failure to comply with judicial orders.,Center,"system
You are participating in a standardized News Bias Classification task for academic
research. Output ONLY a single numeric value between -3.0 and +3.0.

Do NOT provide explanations or text.

user
            HEADLINE: Chief federal judge orders ICE head to appear in Minnesota court, cites failure to comply with 'dozens of court orders'
            ARTICLE SUMMARY: The head of ICE has been ordered to appear in person before Minnesota's chief federal judge over his agency's failure to comply with judicial orders.

            Output ONLY the numeric bias score.
          
assistant-1.5"
Ilhan Omar attacked in Minneapolis after Trump vows to 'de-escalate' - Americas,Ilhan Omar attacked in Minneapolis after Trump vows to 'de-escalate' - Americas - The Jakarta Post,Lean Left,"system
You are participating in a standardized News Bias Classification task for academic
research. Output ONLY a single numeric value between -3.0 and +3.0.

Do NOT provide explanations or text.

user
            HEADLINE: Ilhan Omar attacked in Minneapolis after Trump vows to 'de-escalate' - Americas
            ARTICLE SUMMARY: Ilhan Omar attacked in Minneapolis after Trump vows to 'de-escalate' - Americas - The Jakarta Post

            Output ONLY the numeric bias score.
          
assistant-2.5"
Trump threatens to slap tariffs on countries opposed to US Greenland takeover,"US President Donald Trump has threatened to impose tariffs on countries that oppose the United States gaining control of Greenland. 1 month ago · Tehran, Iran, Islamic Republic of",Right,"system
You are participating in a standardized News Bias Classification task for academic
research. Output ONLY a single numeric value between -3.0 and +3.0.

Do NOT provide explanations or text.

user
            HEADLINE: Trump threatens to slap tariffs on countries opposed to US Greenland takeover
            ARTICLE SUMMARY: US President Donald Trump has threatened to impose tariffs on countries that oppose the United States gaining control of Greenland. 1 month ago · Tehran, Iran, Islamic Republic of

            Output ONLY the numeric bias score.
          
assistant-1.5"
"‘Brutal!’: Bondi Talks Big, Plays Tough as the Room Explodes — Then One Ruthless Camera Shot Catches What She Never Meant to Show and Rips the Smirk Clean Off Her Face","A House Judiciary Committee hearing meant to address the Justice Department’s handling of the Epstein files detonated into a three-minute spectacle of stares, interruptions and barely disguised contempt — with Attorney General Pam Bondi planted at the center of it all. What started as pointed questioning quickly spiraled into a tense back-and-forth between Bondi, Democratic Rep. Pramila Jayapal of Washington State and the Republican chairman. Al…",Lean Left,"system
You are participating in a standardized News Bias Classification task for academic
research. Output ONLY a single numeric value between -3.0 and +3.0.

Do NOT provide explanations or text.

user
            HEADLINE: ‘Brutal!’: Bondi Talks Big, Plays Tough as the Room Explodes — Then One Ruthless Camera Shot Catches What She Never Meant to Show and Rips the Smirk Clean Off Her Face
            ARTICLE SUMMARY: A House Judiciary Committee hearing meant to address the Justice Department’s handling of the Epstein files detonated into a three-minute spectacle of stares, interruptions and barely disguised contempt — with Attorney General Pam Bondi planted at the center of it all. What started as pointed questioning quickly spiraled into a tense back-and-forth between Bondi, Democratic Rep. Pramila Jayapal of Washington State and the Republican chairman. Al…

            Output ONLY the numeric bias score.
          
assistant-1.5"
Ilhan Omar decries Trump's 'hateful rhetoric' after town hall attack,"Rep. Ilhan Omar (D-MN) held a press conference on Wednesday, blaming what she called President Donald Trump’s “hateful rhetoric” for contributing to a hostile political climate after a man was arrested on charges of attacking her at a town hall in Minneapolis the day before. Omar, a Somali refugee, has been a frequent target of Trump’s criticism and said the incident reflects what happens when political leaders normalize personal attacks and inf…",Right,"system
You are participating in a standardized News Bias Classification task for academic
research. Output ONLY a single numeric value between -3.0 and +3.0.

Do NOT provide explanations or text.

user
            HEADLINE: Ilhan Omar decries Trump's 'hateful rhetoric' after town hall attack
            ARTICLE SUMMARY: Rep. Ilhan Omar (D-MN) held a press conference on Wednesday, blaming what she called President Donald Trump’s “hateful rhetoric” for contributing to a hostile political climate after a man was arrested on charges of attacking her at a town hall in Minneapolis the day before. Omar, a Somali refugee, has been a frequent target of Trump’s criticism and said the incident reflects what happens when political leaders normalize personal attacks and inf…

            Output ONLY the numeric bias score.
          
assistant-1.5"
FBI Imposter Tries To Get Luigi Mangione Out Of Jail With Pizza Cutter,"Mark Anderson, a 36-year-old Minnesota native who has a history of drug and other arrests and disclosed last year in court papers that he suffers from mental illness, was arrested.",Right,"system
You are participating in a standardized News Bias Classification task for academic
research. Output ONLY a single numeric value between -3.0 and +3.0.

Do NOT provide explanations or text.

user
            HEADLINE: FBI Imposter Tries To Get Luigi Mangione Out Of Jail With Pizza Cutter
            ARTICLE SUMMARY: Mark Anderson, a 36-year-old Minnesota native who has a history of drug and other arrests and disclosed last year in court papers that he suffers from mental illness, was arrested.

            Output ONLY the numeric bias score.
          
assistant-1.5"
"Minnesota federal judge orders ICE leader to appear in court, threatens contempt",The chief federal judge in Minnesota says the Trump administration has failed to comply with orders to hold hearings for detained immigrants and ordered the head of Immigration and Customs Enforcement to appear before him Friday to explain why he shouldn’t be held in contempt.,Center,"system
You are participating in a standardized News Bias Classification task for academic
research. Output ONLY a single numeric value between -3.0 and +3.0.

Do NOT provide explanations or text.

user
            HEADLINE: Minnesota federal judge orders ICE leader to appear in court, threatens contempt
            ARTICLE SUMMARY: The chief federal judge in Minnesota says the Trump administration has failed to comply with orders to hold hearings for detained immigrants and ordered the head of Immigration and Customs Enforcement to appear before him Friday to explain why he shouldn’t be held in contempt.

            Output ONLY the numeric bias score.
          
assistant-1.5"
"Trump threatens tariffs over Greenland, calls it vital for security",US delegation seeks to lower US-Denmark-Greenland tensions amid Trump’s threats of tariffs and control claims. 1 month ago · Qatar,Lean Left,"system
You are participating in a standardized News Bias Classification task for academic
research. Output ONLY a single numeric value between -3.0 and +3.0.

Do NOT provide explanations or text.

user
            HEADLINE: Trump threatens tariffs over Greenland, calls it vital for security
            ARTICLE SUMMARY: US delegation seeks to lower US-Denmark-Greenland tensions amid Trump’s threats of tariffs and control claims. 1 month ago · Qatar

            Output ONLY the numeric bias score.
          
assistant-1.5"
Epstein Files update as massive bombshell announced - 'Thousands of videos',More Epstein files will be released.,Right,"system
You are participating in a standardized News Bias Classification task for academic
research. Output ONLY a single numeric value between -3.0 and +3.0.

Do NOT provide explanations or text.

user
            HEADLINE: Epstein Files update as massive bombshell announced - 'Thousands of videos'
            ARTICLE SUMMARY: More Epstein files will be released.

            Output ONLY the numeric bias score.
          
assistant-1.5"
Washington Post staffers plead with billionaire owner Jeff Bezos to save the paper amid major looming layoffs,"Washington Post staffers have resorted to directly addressing billionaire owner Jeff Bezos with a tense letter and ""#SaveThePost"" messages on social media amid reports of significant layoffs on the horizon. The last several years at the Washington Post have been turbulent between significant financial losses, the exodus of talent that has fled to competing outlets and low morale in the newsroom. Washington Post leaders have been working for roug…",Right,"system
You are participating in a standardized News Bias Classification task for academic
research. Output ONLY a single numeric value between -3.0 and +3.0.

Do NOT provide explanations or text.

user
            HEADLINE: Washington Post staffers plead with billionaire owner Jeff Bezos to save the paper amid major looming layoffs
            ARTICLE SUMMARY: Washington Post staffers have resorted to directly addressing billionaire owner Jeff Bezos with a tense letter and ""#SaveThePost"" messages on social media amid reports of significant layoffs on the horizon. The last several years at the Washington Post have been turbulent between significant financial losses, the exodus of talent that has fled to competing outlets and low morale in the newsroom. Washington Post leaders have been working for roug…

            Output ONLY the numeric bias score.
          
assistant-1.5"
President Donald Trump Sues the IRS and Treasury Department for $10B Over Accusations Related to Leaked Tax Returns During 2020 Election Cycle,"President Donald Trump (R) has sued the Internal Revenue Service (IRS) and Treasury Department for $10 billion over allegations that the agencies unlawfully allowed a contractor to leak his tax returns during the 2020 election cycle. The complaint, filed by President Trump in his personal capacity, alleges that a former IRS employee “illegally obtained access [...] The post President Donald Trump Sues the IRS and Treasury Department for $10B Ove…",Right,"system
You are participating in a standardized News Bias Classification task for academic
research. Output ONLY a single numeric value between -3.0 and +3.0.

Do NOT provide explanations or text.

user
            HEADLINE: President Donald Trump Sues the IRS and Treasury Department for $10B Over Accusations Related to Leaked Tax Returns During 2020 Election Cycle
            ARTICLE SUMMARY: President Donald Trump (R) has sued the Internal Revenue Service (IRS) and Treasury Department for $10 billion over allegations that the agencies unlawfully allowed a contractor to leak his tax returns during the 2020 election cycle. The complaint, filed by President Trump in his personal capacity, alleges that a former IRS employee “illegally obtained access [...] The post President Donald Trump Sues the IRS and Treasury Department for $10B Ove…

            Output ONLY the numeric bias score.
          
assistant-2.5"
Exodus grows as 2 co-founders of Elon Musk's xAI resign,"Tony Wu and Jimmy Ba, co-founders of xAI, have stepped down from the artificial intelligence company they launched with billionaire Elon Musk less than...",Right,"system
You are participating in a standardized News Bias Classification task for academic
research. Output ONLY a single numeric value between -3.0 and +3.0.

Do NOT provide explanations or text.

user
            HEADLINE: Exodus grows as 2 co-founders of Elon Musk's xAI resign
            ARTICLE SUMMARY: Tony Wu and Jimmy Ba, co-founders of xAI, have stepped down from the artificial intelligence company they launched with billionaire Elon Musk less than...

            Output ONLY the numeric bias score.
          
assistant-1.5"
"Seattle Mayor's 'Set of Actions' Against ICE Include Police Surveillance, and Tipping Off 'Immigrant' Communities","""Successfully protecting our community from federal agents will require bold leadership by elected officials, close coordination between different government bodies, and extensive community organizing.""",Right,"system
You are participating in a standardized News Bias Classification task for academic
research. Output ONLY a single numeric value between -3.0 and +3.0.

Do NOT provide explanations or text.

user
            HEADLINE: Seattle Mayor's 'Set of Actions' Against ICE Include Police Surveillance, and Tipping Off 'Immigrant' Communities
            ARTICLE SUMMARY: ""Successfully protecting our community from federal agents will require bold leadership by elected officials, close coordination between different government bodies, and extensive community organizing.""

            Output ONLY the numeric bias score.
          
assistant-1.5"
Bulgaria joins eurozone despite opposition,"Bulgaria became the 21st member of the currency union, bringing the number of people using the single European currency to more than 350 million. 2 months ago · Bonn, Germany",Center,"system
You are participating in a standardized News Bias Classification task for academic
research. Output ONLY a single numeric value between -3.0 and +3.0.

Do NOT provide explanations or text.

user
            HEADLINE: Bulgaria joins eurozone despite opposition
            ARTICLE SUMMARY: Bulgaria became the 21st member of the currency union, bringing the number of people using the single European currency to more than 350 million. 2 months ago · Bonn, Germany

            Output ONLY the numeric bias score.
          
assistant-1.0"
Man attacks Rep. Ilhan Omar at Minneapolis town hall,The audience cheered as the man was pinned down and his arms were tied behind his back.,Center,"system
You are participating in a standardized News Bias Classification task for academic
research. Output ONLY a single numeric value between -3.0 and +3.0.

Do NOT provide explanations or text.

user
            HEADLINE: Man attacks Rep. Ilhan Omar at Minneapolis town hall
            ARTICLE SUMMARY: The audience cheered as the man was pinned down and his arms were tied behind his back.

            Output ONLY the numeric bias score.
          
assistant-2.5"
Epstein Case: 3 Million New Published Documents,The U.S. Department of Justice publishes 3 million additional documents related to the case of the deceased sexual criminal Jeffrey Epstein.,Lean Left,"system
You are participating in a standardized News Bias Classification task for academic
research. Output ONLY a single numeric value between -3.0 and +3.0.

Do NOT provide explanations or text.

user
            HEADLINE: Epstein Case: 3 Million New Published Documents
            ARTICLE SUMMARY: The U.S. Department of Justice publishes 3 million additional documents related to the case of the deceased sexual criminal Jeffrey Epstein.

            Output ONLY the numeric bias score.
          
assistant0.0"
"An Accident with a Telecabine in the Piemont Region of Italy: Two People Are Injured and Nearly 100 Are Blocked at More than 2,800 Metres","A military accident with two injuries took place at the Macugnaga-Cusio-Ossola Telecabine in the Piemont region of Italy. The system has been blocked, and currently nearly 100 people have to be evacuated by the helicopter from 2,800 metres high, reports the ANSA agency. 2 months ago · Romania",Center,"system
You are participating in a standardized News Bias Classification task for academic
research. Output ONLY a single numeric value between -3.0 and +3.0.

Do NOT provide explanations or text.

user
            HEADLINE: An Accident with a Telecabine in the Piemont Region of Italy: Two People Are Injured and Nearly 100 Are Blocked at More than 2,800 Metres
            ARTICLE SUMMARY: A military accident with two injuries took place at the Macugnaga-Cusio-Ossola Telecabine in the Piemont region of Italy. The system has been blocked, and currently nearly 100 people have to be evacuated by the helicopter from 2,800 metres high, reports the ANSA agency. 2 months ago · Romania

            Output ONLY the numeric bias score.
          
assistant-1.2"
"Grok. ""Europe Doesn't Like Social Networks""","The EU investigates X's tool for creating sexually explicit images. Rodrigo Adan da Fonseca, data protection specialist, speaks in ""cultural war"" between Europe and technology companies.",Right,"system
You are participating in a standardized News Bias Classification task for academic
research. Output ONLY a single numeric value between -3.0 and +3.0.

Do NOT provide explanations or text.

user
            HEADLINE: Grok. ""Europe Doesn't Like Social Networks""
            ARTICLE SUMMARY: The EU investigates X's tool for creating sexually explicit images. Rodrigo Adan da Fonseca, data protection specialist, speaks in ""cultural war"" between Europe and technology companies.

            Output ONLY the numeric bias score.
          
assistant-1.5"
They Publish Millions of Pages of Epstein Archives,"The Department of Justice released more records on Friday about Jeffrey Epstein, resuming disclosures under a law intended to reveal what the government knew about the financial millionaire’s sexual abuse of young girls and their interactions with the rich and powerful. Undersecretary of Justice Todd Blanche reported that the department was publishing more than three million pages of documents in this latest release. Archives, posted on the depa…",Center,"system
You are participating in a standardized News Bias Classification task for academic
research. Output ONLY a single numeric value between -3.0 and +3.0.

Do NOT provide explanations or text.

user
            HEADLINE: They Publish Millions of Pages of Epstein Archives
            ARTICLE SUMMARY: The Department of Justice released more records on Friday about Jeffrey Epstein, resuming disclosures under a law intended to reveal what the government knew about the financial millionaire’s sexual abuse of young girls and their interactions with the rich and powerful. Undersecretary of Justice Todd Blanche reported that the department was publishing more than three million pages of documents in this latest release. Archives, posted on the depa…

            Output ONLY the numeric bias score.
          
assistant-1.5"
At Least 40 Dead and 115 Injured in a Fire at Crans Montana Ski Resort in Switzerland,"A large fire in a disco bar in the Swiss ski resort of Crans Montana has left 40 dead and 115 injured this morning, most of them seriously, as confirmed by the Swiss police. ""There have been about a hundred wounded who have been evacuated to different hospitals and dozens of them could have died,"" said the commander of the Cantonal Police of Valais, Frederic Gisler, at a press conference. The very violent fire occurred at about 1.30 a.m. this Th… 2 months ago · Madrid, Spain",Center,"system
You are participating in a standardized News Bias Classification task for academic
research. Output ONLY a single numeric value between -3.0 and +3.0.

Do NOT provide explanations or text.

user
            HEADLINE: At Least 40 Dead and 115 Injured in a Fire at Crans Montana Ski Resort in Switzerland
            ARTICLE SUMMARY: A large fire in a disco bar in the Swiss ski resort of Crans Montana has left 40 dead and 115 injured this morning, most of them seriously, as confirmed by the Swiss police. ""There have been about a hundred wounded who have been evacuated to different hospitals and dozens of them could have died,"" said the commander of the Cantonal Police of Valais, Frederic Gisler, at a press conference. The very violent fire occurred at about 1.30 a.m. this Th… 2 months ago · Madrid, Spain

            Output ONLY the numeric bias score.
          
assistant-1.5"
Man Impersonates FBI Agent in Failed Jailbreak of Luigi Mangione,A Minnesota man allegedly impersonated an FBI agent in a failed jailbreak of accused assassin Luigi Mangione this week.,Right,"system
You are participating in a standardized News Bias Classification task for academic
research. Output ONLY a single numeric value between -3.0 and +3.0.

Do NOT provide explanations or text.

user
            HEADLINE: Man Impersonates FBI Agent in Failed Jailbreak of Luigi Mangione
            ARTICLE SUMMARY: A Minnesota man allegedly impersonated an FBI agent in a failed jailbreak of accused assassin Luigi Mangione this week.

            Output ONLY the numeric bias score.
          
assistant-1.5"
"Ukraine says has received 1,000 bodies from Russia","Ukraine received 1,000 bodies from Russia, including remains of soldiers, confirming a rare exchange amid ongoing conflict.",Lean Left,"system
You are participating in a standardized News Bias Classification task for academic
research. Output ONLY a single numeric value between -3.0 and +3.0.

Do NOT provide explanations or text.

user
            HEADLINE: Ukraine says has received 1,000 bodies from Russia
            ARTICLE SUMMARY: Ukraine received 1,000 bodies from Russia, including remains of soldiers, confirming a rare exchange amid ongoing conflict.

            Output ONLY the numeric bias score.
          
assistant-2.5"
"Trump sues IRS, Treasury Department for $10B over alleged tax return leaks","The court filing said the IRS and the Treasury Department did not have the safeguards in place to prevent the ""unlawful conduct.""",Center,"system
You are participating in a standardized News Bias Classification task for academic
research. Output ONLY a single numeric value between -3.0 and +3.0.

Do NOT provide explanations or text.

user
            HEADLINE: Trump sues IRS, Treasury Department for $10B over alleged tax return leaks
            ARTICLE SUMMARY: The court filing said the IRS and the Treasury Department did not have the safeguards in place to prevent the ""unlawful conduct.""

            Output ONLY the numeric bias score.
          
assistant-1.5"
Multiple people dead after business jet linked to Houston law firm crashes in Maine,"The plane is registered to a limited liability corporation in Houston, according to federal records reviewed by CNN.",Center,"system
You are participating in a standardized News Bias Classification task for academic
research. Output ONLY a single numeric value between -3.0 and +3.0.

Do NOT provide explanations or text.

user
            HEADLINE: Multiple people dead after business jet linked to Houston law firm crashes in Maine
            ARTICLE SUMMARY: The plane is registered to a limited liability corporation in Houston, according to federal records reviewed by CNN.

            Output ONLY the numeric bias score.
          
assistant-1.5"
Trump Threatens Minnesota Protesters with Military,"US President Donald Trump threatened on Thursday to invoke the Insurrection Act over protests against an anti-immigration crackdown in Minnesota, which would allow him to deploy the military against the protesters. 1 month ago",Lean Left,"system
You are participating in a standardized News Bias Classification task for academic
research. Output ONLY a single numeric value between -3.0 and +3.0.

Do NOT provide explanations or text.

user
            HEADLINE: Trump Threatens Minnesota Protesters with Military
            ARTICLE SUMMARY: US President Donald Trump threatened on Thursday to invoke the Insurrection Act over protests against an anti-immigration crackdown in Minnesota, which would allow him to deploy the military against the protesters. 1 month ago

            Output ONLY the numeric bias score.
          
assistant-1.5"
"When Romania Could Move to the Euro Currency. Mugur Isárescu, Bnr Governor: ""in 2018, the National Bank Was No Longer Able to Co-Operate""","Bulgaria has adopted the euro currency on 1 January 2026, so that Bulgaria will be able to enjoy more cheap mortgage loans, with profits in half of Romania and a stable economic situation. Romania, in turn, has more to wait until the end of economic correction. The article When Romania could pass into the euro currency. Mugur Isáresco, Governor of BNR: “In 2018, the National Bank was no longer able to co-operate” appeared for the first time in R… 1 month ago",Right,"system
You are participating in a standardized News Bias Classification task for academic
research. Output ONLY a single numeric value between -3.0 and +3.0.

Do NOT provide explanations or text.

user
            HEADLINE: When Romania Could Move to the Euro Currency. Mugur Isárescu, Bnr Governor: ""in 2018, the National Bank Was No Longer Able to Co-Operate""
            ARTICLE SUMMARY: Bulgaria has adopted the euro currency on 1 January 2026, so that Bulgaria will be able to enjoy more cheap mortgage loans, with profits in half of Romania and a stable economic situation. Romania, in turn, has more to wait until the end of economic correction. The article When Romania could pass into the euro currency. Mugur Isáresco, Governor of BNR: “In 2018, the National Bank was no longer able to co-operate” appeared for the first time in R… 1 month ago

            Output ONLY the numeric bias score.
          
assistant-1.5"
Trump Nominates Kevin Warsh as Candidate for President of the Federal Reserve,Kevin Warsh was nominated by Donald Trump as a candidate for the Federal Reserve presidency as soon as Jerome Powell's term ends.,Lean Left,"system
You are participating in a standardized News Bias Classification task for academic
research. Output ONLY a single numeric value between -3.0 and +3.0.

Do NOT provide explanations or text.

user
            HEADLINE: Trump Nominates Kevin Warsh as Candidate for President of the Federal Reserve
            ARTICLE SUMMARY: Kevin Warsh was nominated by Donald Trump as a candidate for the Federal Reserve presidency as soon as Jerome Powell's term ends.

            Output ONLY the numeric bias score.
          
assistant-1.0"
Senate strikes deal to avert partial shutdown,"The Senate struck a deal to fund a large portion of the government on Thursday evening, just a day before a shutdown deadline. The agreement will split the bill funding the Department of Homeland Security (DHS) off from a ""minibus"" package of five other major funding bills. The Senate will instead move a stopgap bill [...]",Center,"system
You are participating in a standardized News Bias Classification task for academic
research. Output ONLY a single numeric value between -3.0 and +3.0.

Do NOT provide explanations or text.

user
            HEADLINE: Senate strikes deal to avert partial shutdown
            ARTICLE SUMMARY: The Senate struck a deal to fund a large portion of the government on Thursday evening, just a day before a shutdown deadline. The agreement will split the bill funding the Department of Homeland Security (DHS) off from a ""minibus"" package of five other major funding bills. The Senate will instead move a stopgap bill [...]

            Output ONLY the numeric bias score.
          
assistant0.0"
FBI doc says Trump told police 'everyone' knew about Epstein's behaviour,"A newly uncovered document from the FBI suggests that Donald Trump told police about Jeffrey Epstein’s behaviour in 2006. According to the document, which was released in the latest batch of Epstein files, shows a 2019 FBI interview with a former cop from Florida. In the written record of the interview, the cop says Trump called him in relation to an investigation into the financier. READ NEXT: Donald Trump accused of having role in Epstein’s de…",Left,"system
You are participating in a standardized News Bias Classification task for academic
research. Output ONLY a single numeric value between -3.0 and +3.0.

Do NOT provide explanations or text.

user
            HEADLINE: FBI doc says Trump told police 'everyone' knew about Epstein's behaviour
            ARTICLE SUMMARY: A newly uncovered document from the FBI suggests that Donald Trump told police about Jeffrey Epstein’s behaviour in 2006. According to the document, which was released in the latest batch of Epstein files, shows a 2019 FBI interview with a former cop from Florida. In the written record of the interview, the cop says Trump called him in relation to an investigation into the financier. READ NEXT: Donald Trump accused of having role in Epstein’s de…

            Output ONLY the numeric bias score.
          
assistant-1.5"
Hakeem Jeffries Backs Impeachment Push Against Trump Cabinet Secretary,House Minority Leader Hakeem Jeffries and his leadership team voiced support Tuesday for impeaching Department of Homeland Security (DHS) Secretary Kristi Noem.,Right,"system
You are participating in a standardized News Bias Classification task for academic
research. Output ONLY a single numeric value between -3.0 and +3.0.

Do NOT provide explanations or text.

user
            HEADLINE: Hakeem Jeffries Backs Impeachment Push Against Trump Cabinet Secretary
            ARTICLE SUMMARY: House Minority Leader Hakeem Jeffries and his leadership team voiced support Tuesday for impeaching Department of Homeland Security (DHS) Secretary Kristi Noem.

            Output ONLY the numeric bias score.
          
assistant-2.5"
The Department of Justice Publishes More than 3 Million Pages of Epstein Documents,"A month and a half after the date provided for by law, the U.S. Department of Justice has today published a new batch of documents related to pederast and pimp Jeffrey Epstein. Deputy Attorney General Todd Blanche reported in a press conference that more than 3.5 million pages, 2,000 videos and 180,000 images have been released this Friday, and announced that this will be the last shipment.Continue reading...",Center,"system
You are participating in a standardized News Bias Classification task for academic
research. Output ONLY a single numeric value between -3.0 and +3.0.

Do NOT provide explanations or text.

user
            HEADLINE: The Department of Justice Publishes More than 3 Million Pages of Epstein Documents
            ARTICLE SUMMARY: A month and a half after the date provided for by law, the U.S. Department of Justice has today published a new batch of documents related to pederast and pimp Jeffrey Epstein. Deputy Attorney General Todd Blanche reported in a press conference that more than 3.5 million pages, 2,000 videos and 180,000 images have been released this Friday, and announced that this will be the last shipment.Continue reading...

            Output ONLY the numeric bias score.
          
assistant0.0"
Trump sues IRS for allowing his tax records to be hacked * WorldNetDaily * by Bob Unruh,Source link President Donald Trump has filed a $10 billion lawsuit against the Internal Revenue Service and the U.S. Treasury Department alleging a former IRS worker leaked his confidential tax records to the public. The lawsuit in the Southern District of Florida cites the release of his tax records six years ago and accuses the,Right,"system
You are participating in a standardized News Bias Classification task for academic
research. Output ONLY a single numeric value between -3.0 and +3.0.

Do NOT provide explanations or text.

user
            HEADLINE: Trump sues IRS for allowing his tax records to be hacked * WorldNetDaily * by Bob Unruh
            ARTICLE SUMMARY: Source link President Donald Trump has filed a $10 billion lawsuit against the Internal Revenue Service and the U.S. Treasury Department alleging a former IRS worker leaked his confidential tax records to the public. The lawsuit in the Southern District of Florida cites the release of his tax records six years ago and accuses the

            Output ONLY the numeric bias score.
          
assistant-1.5"
Donald Trump makes dramatic U-turn on Putin after CIA's bombshell evidence - The Mirror,"US President Donald Trump has made a dramatic U-turn on his initial reaction to Putin's claims that Ukraine launched a drone attack on his residence, after receiving CIA intelligence 2 months ago · London, United Kingdom",Lean Left,"system
You are participating in a standardized News Bias Classification task for academic
research. Output ONLY a single numeric value between -3.0 and +3.0.

Do NOT provide explanations or text.

user
            HEADLINE: Donald Trump makes dramatic U-turn on Putin after CIA's bombshell evidence - The Mirror
            ARTICLE SUMMARY: US President Donald Trump has made a dramatic U-turn on his initial reaction to Putin's claims that Ukraine launched a drone attack on his residence, after receiving CIA intelligence 2 months ago · London, United Kingdom

            Output ONLY the numeric bias score.
          
assistant-1.5"
Fatal plane crash in Maine tied to high-profile Texas donors,Six people aboard the private business jet are registered to the same address as a prominent Houston law firm.,Center,"system
You are participating in a standardized News Bias Classification task for academic
research. Output ONLY a single numeric value between -3.0 and +3.0.

Do NOT provide explanations or text.

user
            HEADLINE: Fatal plane crash in Maine tied to high-profile Texas donors
            ARTICLE SUMMARY: Six people aboard the private business jet are registered to the same address as a prominent Houston law firm.

            Output ONLY the numeric bias score.
          
assistant-1.5"
After Fatal Shots - Several Ice Agents Are Supposed to Leave Minneapolis - Apparently Also Chief of Operations Bovino,"After the deadly shots in Minneapolis, the US government is under pressure. According to Mayor Frey, first ICE forces are being withdrawn. Among them, according to media reports, there is also the controversial operation leader Bovino.",Center,"system
You are participating in a standardized News Bias Classification task for academic
research. Output ONLY a single numeric value between -3.0 and +3.0.

Do NOT provide explanations or text.

user
            HEADLINE: After Fatal Shots - Several Ice Agents Are Supposed to Leave Minneapolis - Apparently Also Chief of Operations Bovino
            ARTICLE SUMMARY: After the deadly shots in Minneapolis, the US government is under pressure. According to Mayor Frey, first ICE forces are being withdrawn. Among them, according to media reports, there is also the controversial operation leader Bovino.

            Output ONLY the numeric bias score.
          
assistant-1.5"
A Man Sprayed an Unknown Liquid on Ilhan Omar's Clothes with a Syringe,"“We’re going to keep going, we’re not going to let this asshole do it,” said the Minnesota representative, who was giving a speech about ICE at Minneapolis City Hall.",Lean Left,"system
You are participating in a standardized News Bias Classification task for academic
research. Output ONLY a single numeric value between -3.0 and +3.0.

Do NOT provide explanations or text.

user
            HEADLINE: A Man Sprayed an Unknown Liquid on Ilhan Omar's Clothes with a Syringe
            ARTICLE SUMMARY: “We’re going to keep going, we’re not going to let this asshole do it,” said the Minnesota representative, who was giving a speech about ICE at Minneapolis City Hall.

            Output ONLY the numeric bias score.
          
assistant-1.5"
New Research Debunks Trump and RFK Jr.'s Claims Linking Tylenol to Autism,It's the latest research to find no clear link between maternal acetaminophen use and a higher autism risk.,Lean Left,"system
You are participating in a standardized News Bias Classification task for academic
research. Output ONLY a single numeric value between -3.0 and +3.0.

Do NOT provide explanations or text.

user
            HEADLINE: New Research Debunks Trump and RFK Jr.'s Claims Linking Tylenol to Autism
            ARTICLE SUMMARY: It's the latest research to find no clear link between maternal acetaminophen use and a higher autism risk.

            Output ONLY the numeric bias score.
          
assistant-0.8"
Man impersonating FBI agent tried to free Luigi Mangione from NYC jail,"NEW YORK — A man claiming to be an FBI agent showed up to a federal jail in New York City on Wednesday night and told officers he had a court order to release Luigi Mangione, authorities said.",Center,"system
You are participating in a standardized News Bias Classification task for academic
research. Output ONLY a single numeric value between -3.0 and +3.0.

Do NOT provide explanations or text.

user
            HEADLINE: Man impersonating FBI agent tried to free Luigi Mangione from NYC jail
            ARTICLE SUMMARY: NEW YORK — A man claiming to be an FBI agent showed up to a federal jail in New York City on Wednesday night and told officers he had a court order to release Luigi Mangione, authorities said.

            Output ONLY the numeric bias score.
          
assistant-1.5"
Minneapolis: Us Border Guard Suspends Two Officers After Fatal Shots,"After Alex Pretti's death, the U.S. Department of Homeland Security had called the border officials ""victims."" Now, the shots still have consequences: two of the participants were suspended for the time being.",Right,"system
You are participating in a standardized News Bias Classification task for academic
research. Output ONLY a single numeric value between -3.0 and +3.0.

Do NOT provide explanations or text.

user
            HEADLINE: Minneapolis: Us Border Guard Suspends Two Officers After Fatal Shots
            ARTICLE SUMMARY: After Alex Pretti's death, the U.S. Department of Homeland Security had called the border officials ""victims."" Now, the shots still have consequences: two of the participants were suspended for the time being.

            Output ONLY the numeric bias score.
          
assistant-1.5"
Major U.S. winter storm leaves at least 1M without power across South - National,"The ice and snowfall were expected to continue into Monday in much of the country, followed by very low temperatures, the National Weather Service said.",Lean Left,"system
You are participating in a standardized News Bias Classification task for academic
research. Output ONLY a single numeric value between -3.0 and +3.0.

Do NOT provide explanations or text.

user
            HEADLINE: Major U.S. winter storm leaves at least 1M without power across South - National
            ARTICLE SUMMARY: The ice and snowfall were expected to continue into Monday in much of the country, followed by very low temperatures, the National Weather Service said.

            Output ONLY the numeric bias score.
          
assistant-1.5"
Report: Bovino removed as Border Patrol ‘commander at large’ | Honolulu Star-Advertiser,"Gregory Bovino has been removed from his role as the “commander at large” for the U.S. Border Patrol in Minneapolis and will return to his former job in California, where he is expected to retire soon, the Atlantic reported on Monday, citing a Homeland Security official and two people with knowledge of the change.",Center,"system
You are participating in a standardized News Bias Classification task for academic
research. Output ONLY a single numeric value between -3.0 and +3.0.

Do NOT provide explanations or text.

user
            HEADLINE: Report: Bovino removed as Border Patrol ‘commander at large’ | Honolulu Star-Advertiser
            ARTICLE SUMMARY: Gregory Bovino has been removed from his role as the “commander at large” for the U.S. Border Patrol in Minneapolis and will return to his former job in California, where he is expected to retire soon, the Atlantic reported on Monday, citing a Homeland Security official and two people with knowledge of the change.

            Output ONLY the numeric bias score.
          
assistant-1.5"
Bulgaria Becomes 21st Nation to Join the Euro,"Bulgaria became the 21st member of the eurozone on Jan. 1, leaving only a handful of countries in the 27-member European Union yet to adopt the currency. In the run-up to the change, price tags and bank accounts have shown both lev and euro currencies, at the fixed rate of 51 euro cents to the outgoing currency. Bank accounts will automatically be converted. People will still be able to pay in levs for around a month following the switch, but wi… 2 months ago · New York, United States",Right,"system
You are participating in a standardized News Bias Classification task for academic
research. Output ONLY a single numeric value between -3.0 and +3.0.

Do NOT provide explanations or text.

user
            HEADLINE: Bulgaria Becomes 21st Nation to Join the Euro
            ARTICLE SUMMARY: Bulgaria became the 21st member of the eurozone on Jan. 1, leaving only a handful of countries in the 27-member European Union yet to adopt the currency. In the run-up to the change, price tags and bank accounts have shown both lev and euro currencies, at the fixed rate of 51 euro cents to the outgoing currency. Bank accounts will automatically be converted. People will still be able to pay in levs for around a month following the switch, but wi… 2 months ago · New York, United States

            Output ONLY the numeric bias score.
          
assistant-0.5"
Machado Presents Trump With Her Nobel at WH Meeting,"Trump thanked Venezuelan opposition leader Maria Corina Machado, calling it 1 month ago · Chicago, United States",Right,"system
You are participating in a standardized News Bias Classification task for academic
research. Output ONLY a single numeric value between -3.0 and +3.0.

Do NOT provide explanations or text.

user
            HEADLINE: Machado Presents Trump With Her Nobel at WH Meeting
            ARTICLE SUMMARY: Trump thanked Venezuelan opposition leader Maria Corina Machado, calling it 1 month ago · Chicago, United States

            Output ONLY the numeric bias score.
          
assistant-1.0"
Canadian Leader Vows to Help China Establish ‘New World Order’,"Canadian Prime Minister Mark Carney has raised eyebrows by openly praising Canada’s growing cooperation with Communist China and declaring that the partnership is helping shape a “new world order.” The post Canadian Leader Vows to Help China Establish ‘New World Order’ appeared first on Slay News. 1 month ago · North Carolina, United States",Far Right,"system
You are participating in a standardized News Bias Classification task for academic
research. Output ONLY a single numeric value between -3.0 and +3.0.

Do NOT provide explanations or text.

user
            HEADLINE: Canadian Leader Vows to Help China Establish ‘New World Order’
            ARTICLE SUMMARY: Canadian Prime Minister Mark Carney has raised eyebrows by openly praising Canada’s growing cooperation with Communist China and declaring that the partnership is helping shape a “new world order.” The post Canadian Leader Vows to Help China Establish ‘New World Order’ appeared first on Slay News. 1 month ago · North Carolina, United States

            Output ONLY the numeric bias score.
          
assistant-2.5"
Trump Warns Iran “Time Is Running Out”,"Trump warns Iran that he is ready to attack Plus: Starmer visits China - a first for a UK PM since 2018, and the reality of workers being replaced by AI…  With Michael Walker & Aaron Bastani…",Left,"system
You are participating in a standardized News Bias Classification task for academic
research. Output ONLY a single numeric value between -3.0 and +3.0.

Do NOT provide explanations or text.

user
            HEADLINE: Trump Warns Iran “Time Is Running Out”
            ARTICLE SUMMARY: Trump warns Iran that he is ready to attack Plus: Starmer visits China - a first for a UK PM since 2018, and the reality of workers being replaced by AI…  With Michael Walker & Aaron Bastani…

            Output ONLY the numeric bias score.
          
assistant-1.5"
Original News Trump Has Announced New Duties Against the European Countries that Have Sent Soldiers to Greenland,1 month ago · Italy,Lean Left,"system
You are participating in a standardized News Bias Classification task for academic
research. Output ONLY a single numeric value between -3.0 and +3.0.

Do NOT provide explanations or text.

user
            HEADLINE: Original News Trump Has Announced New Duties Against the European Countries that Have Sent Soldiers to Greenland
            ARTICLE SUMMARY: 1 month ago · Italy

            Output ONLY the numeric bias score.
          
assistant-1.5"
Investigation Into Sexual Offenders: Us Department of Justice Publishes Additional Epstein Files,"The data base around the late sex offender Jeffrey Epstein continues to hold the US in mind. Now, the Deputy Secretary of Justice has announced to publish more than three million additional document pages.",Right,"system
You are participating in a standardized News Bias Classification task for academic
research. Output ONLY a single numeric value between -3.0 and +3.0.

Do NOT provide explanations or text.

user
            HEADLINE: Investigation Into Sexual Offenders: Us Department of Justice Publishes Additional Epstein Files
            ARTICLE SUMMARY: The data base around the late sex offender Jeffrey Epstein continues to hold the US in mind. Now, the Deputy Secretary of Justice has announced to publish more than three million additional document pages.

            Output ONLY the numeric bias score.
          
assistant-1.5"
Subject Attacked Launching Unknown Substance with a Syringe to Somali-Born Congressman in the u.s.,"One subject was arrested in the United States after attacking a congresswoman named Ilhan Omar in Minnesota. The alluded to throwing an unknown substance with a syringe into Somali-origin politics. Omar had arrived to Minneapolis and was giving a conference to the media, regarding tensions in the city by Immigration and Customs Control Service (ICE) agents. Read also... Trump sends ’Zar de las Fronteras’ to Minneapolis in the midst of a severe c…",Right,"system
You are participating in a standardized News Bias Classification task for academic
research. Output ONLY a single numeric value between -3.0 and +3.0.

Do NOT provide explanations or text.

user
            HEADLINE: Subject Attacked Launching Unknown Substance with a Syringe to Somali-Born Congressman in the u.s.
            ARTICLE SUMMARY: One subject was arrested in the United States after attacking a congresswoman named Ilhan Omar in Minnesota. The alluded to throwing an unknown substance with a syringe into Somali-origin politics. Omar had arrived to Minneapolis and was giving a conference to the media, regarding tensions in the city by Immigration and Customs Control Service (ICE) agents. Read also... Trump sends ’Zar de las Fronteras’ to Minneapolis in the midst of a severe c…

            Output ONLY the numeric bias score.
          
assistant-2.5"
Central Bank Defies Trump and Maintains Interest Rates,"As most economists expected, the US Federal Reserve is keeping interest rates unchanged.",Lean Left,"system
You are participating in a standardized News Bias Classification task for academic
research. Output ONLY a single numeric value between -3.0 and +3.0.

Do NOT provide explanations or text.

user
            HEADLINE: Central Bank Defies Trump and Maintains Interest Rates
            ARTICLE SUMMARY: As most economists expected, the US Federal Reserve is keeping interest rates unchanged.

            Output ONLY the numeric bias score.
          
assistant-0.5"
France Wants to Ban Social Networks Less than 15 Years From 2026,"""We will protect our children and our adolescents from social networks and screens,"" promised Emmanuel Macron in his new year's message. The bill will be discussed shortly. 2 months ago · Portugal",Right,"system
You are participating in a standardized News Bias Classification task for academic
research. Output ONLY a single numeric value between -3.0 and +3.0.

Do NOT provide explanations or text.

user
            HEADLINE: France Wants to Ban Social Networks Less than 15 Years From 2026
            ARTICLE SUMMARY: ""We will protect our children and our adolescents from social networks and screens,"" promised Emmanuel Macron in his new year's message. The bill will be discussed shortly. 2 months ago · Portugal

            Output ONLY the numeric bias score.
          
assistant-1.5"
Jeffrey Epstein: Us Department of Justice Releases Three Million New Pages From Epstein Files,"Three million pages of documents, 2000 videos, 180,000 pictures. The U.S. Department of Justice grants further access to the files of the deceased sex offender Jeffrey Epstein. Donald Trump was not spared.",Lean Left,"system
You are participating in a standardized News Bias Classification task for academic
research. Output ONLY a single numeric value between -3.0 and +3.0.

Do NOT provide explanations or text.

user
            HEADLINE: Jeffrey Epstein: Us Department of Justice Releases Three Million New Pages From Epstein Files
            ARTICLE SUMMARY: Three million pages of documents, 2000 videos, 180,000 pictures. The U.S. Department of Justice grants further access to the files of the deceased sex offender Jeffrey Epstein. Donald Trump was not spared.

            Output ONLY the numeric bias score.
          
assistant-1.5"
Jeffries says House Democrats will push to impeach Noem if she’s not fired,"House Democrats are set to open an investigation into Homeland Security Secretary Kristi L. Noem as early as next week, laying the groundwork for a push to impeach her. Majority Leader Hakeem Jeffries (D-New York) confirmed Tuesday that Democrats would launch an impeachment investigation if Noem is not fired before the House returns next week. “The violence unleashed on the American people by the Department of Homeland Security must end forthwit…",Right,"system
You are participating in a standardized News Bias Classification task for academic
research. Output ONLY a single numeric value between -3.0 and +3.0.

Do NOT provide explanations or text.

user
            HEADLINE: Jeffries says House Democrats will push to impeach Noem if she’s not fired
            ARTICLE SUMMARY: House Democrats are set to open an investigation into Homeland Security Secretary Kristi L. Noem as early as next week, laying the groundwork for a push to impeach her. Majority Leader Hakeem Jeffries (D-New York) confirmed Tuesday that Democrats would launch an impeachment investigation if Noem is not fired before the House returns next week. “The violence unleashed on the American people by the Department of Homeland Security must end forthwit…

            Output ONLY the numeric bias score.
          
assistant-2.5"
About 40 dead after fire at New Year’s Eve celebration in Switzerland,"Officials: Many more injured, death toll could rise. Investigators say they don’t believe the incident was an attack. Where is Crans-Montana, Switzerland? 2 months ago · Salt Lake City, United States",Center,"system
You are participating in a standardized News Bias Classification task for academic
research. Output ONLY a single numeric value between -3.0 and +3.0.

Do NOT provide explanations or text.

user
            HEADLINE: About 40 dead after fire at New Year’s Eve celebration in Switzerland
            ARTICLE SUMMARY: Officials: Many more injured, death toll could rise. Investigators say they don’t believe the incident was an attack. Where is Crans-Montana, Switzerland? 2 months ago · Salt Lake City, United States

            Output ONLY the numeric bias score.
          
assistant-1.5"
"Trump Sues IRS, Treasury for $10 Billion Over Tax-Return Leaks",President Donald Trump sued the US Treasury and Internal Revenue Service for at least $10 billion over an unauthorized disclosure of his tax returns during his first term in office.,Lean Left,"system
You are participating in a standardized News Bias Classification task for academic
research. Output ONLY a single numeric value between -3.0 and +3.0.

Do NOT provide explanations or text.

user
            HEADLINE: Trump Sues IRS, Treasury for $10 Billion Over Tax-Return Leaks
            ARTICLE SUMMARY: President Donald Trump sued the US Treasury and Internal Revenue Service for at least $10 billion over an unauthorized disclosure of his tax returns during his first term in office.

            Output ONLY the numeric bias score.
          
assistant-2.5"
Deadly explosion at Swiss ski resort,At least ten people were killed in an explosion and fire that broke out at a bar in a Swiss ski town during New Year celebrations. 2 months ago · Israel,Right,"system
You are participating in a standardized News Bias Classification task for academic
research. Output ONLY a single numeric value between -3.0 and +3.0.

Do NOT provide explanations or text.

user
            HEADLINE: Deadly explosion at Swiss ski resort
            ARTICLE SUMMARY: At least ten people were killed in an explosion and fire that broke out at a bar in a Swiss ski town during New Year celebrations. 2 months ago · Israel

            Output ONLY the numeric bias score.
          
assistant-1.5"
Several Dead After Business Jet Crashes in Maine With Possibly Two Prominent Anti-ICE Attorneys Onboard,"Tragic plane crash in Maine claims several lives, involving a prominent business jet.",Far Right,"system
You are participating in a standardized News Bias Classification task for academic
research. Output ONLY a single numeric value between -3.0 and +3.0.

Do NOT provide explanations or text.

user
            HEADLINE: Several Dead After Business Jet Crashes in Maine With Possibly Two Prominent Anti-ICE Attorneys Onboard
            ARTICLE SUMMARY: Tragic plane crash in Maine claims several lives, involving a prominent business jet.

            Output ONLY the numeric bias score.
          
assistant-1.5"
President Trump Announces New Fed Chair: “He’s Central Casting!” * 100PercentFedUp.com * by Noah,"President Trump just announced the new Fed Chair (spoiler alert, it’s Kevin Warsh) but that isn’t what caught my attention. […]",Far Right,"system
You are participating in a standardized News Bias Classification task for academic
research. Output ONLY a single numeric value between -3.0 and +3.0.

Do NOT provide explanations or text.

user
            HEADLINE: President Trump Announces New Fed Chair: “He’s Central Casting!” * 100PercentFedUp.com * by Noah
            ARTICLE SUMMARY: President Trump just announced the new Fed Chair (spoiler alert, it’s Kevin Warsh) but that isn’t what caught my attention. […]

            Output ONLY the numeric bias score.
          
assistant-1.5"
Private jet crashes on takeoff in Maine: What we know,A private jet carrying eight people crashed during takeoff at Bangor International Airport Sunday evening amid a winter storm.,Center,"system
You are participating in a standardized News Bias Classification task for academic
research. Output ONLY a single numeric value between -3.0 and +3.0.

Do NOT provide explanations or text.

user
            HEADLINE: Private jet crashes on takeoff in Maine: What we know
            ARTICLE SUMMARY: A private jet carrying eight people crashed during takeoff at Bangor International Airport Sunday evening amid a winter storm.

            Output ONLY the numeric bias score.
          
assistant-1.0"
Wall Street encouraged to clap harder after Melania gets weak applause at NYSE,"First Lady Melania Trump had to endure an embarrassing appearance at the New York Stock Exchange (NYSE) ahead of the opening weekend of her new film.The Daily Beast reported Wednesday that when the first lady appeared in front of an assembled crowd of traders to ring the opening bell, she stood silently as she was greeted by tepid applause. The weak response from the crowd didn't go unnoticed by NYSE Group President Lynn Martin, who can be seen …",Left,"system
You are participating in a standardized News Bias Classification task for academic
research. Output ONLY a single numeric value between -3.0 and +3.0.

Do NOT provide explanations or text.

user
            HEADLINE: Wall Street encouraged to clap harder after Melania gets weak applause at NYSE
            ARTICLE SUMMARY: First Lady Melania Trump had to endure an embarrassing appearance at the New York Stock Exchange (NYSE) ahead of the opening weekend of her new film.The Daily Beast reported Wednesday that when the first lady appeared in front of an assembled crowd of traders to ring the opening bell, she stood silently as she was greeted by tepid applause. The weak response from the crowd didn't go unnoticed by NYSE Group President Lynn Martin, who can be seen …

            Output ONLY the numeric bias score.
          
assistant-2.5"
"US judge orders acting ICE chief to appear 'personally' in court, threatens contempt","Minnesota’s chief federal judge ordered Todd Lyons, acting head of US Immigration and Customs Enforcement (ICE), to appear before him on Friday to explain repeated failures to comply with court orders. Chief Judge Patrick J. Schiltz acknowledged it was ""an extraordinary step"" but noted ""the extent of ICE violations of court orders is likewise extraordinary"".",Center,"system
You are participating in a standardized News Bias Classification task for academic
research. Output ONLY a single numeric value between -3.0 and +3.0.

Do NOT provide explanations or text.

user
            HEADLINE: US judge orders acting ICE chief to appear 'personally' in court, threatens contempt
            ARTICLE SUMMARY: Minnesota’s chief federal judge ordered Todd Lyons, acting head of US Immigration and Customs Enforcement (ICE), to appear before him on Friday to explain repeated failures to comply with court orders. Chief Judge Patrick J. Schiltz acknowledged it was ""an extraordinary step"" but noted ""the extent of ICE violations of court orders is likewise extraordinary"".

            Output ONLY the numeric bias score.
          
assistant-1.5"
Dozens killed in fire that ripped through Alpine ski resort,"'Several tens of people' are presumed dead and about 100 are injured, most of them seriously 2 months ago · Wales, United Kingdom",Lean Left,"system
You are participating in a standardized News Bias Classification task for academic
research. Output ONLY a single numeric value between -3.0 and +3.0.

Do NOT provide explanations or text.

user
            HEADLINE: Dozens killed in fire that ripped through Alpine ski resort
            ARTICLE SUMMARY: 'Several tens of people' are presumed dead and about 100 are injured, most of them seriously 2 months ago · Wales, United Kingdom

            Output ONLY the numeric bias score.
          
assistant-1.5"
Island for National Security: Trump Threatens to Impose Punitive Tariffs on Opponents of Its Greenland Plans,The US is once again intensifying its tone on Greenland. President Trump is now threatening countries with tariffs that are opposed to his plans. 1 month ago,Right,"system
You are participating in a standardized News Bias Classification task for academic
research. Output ONLY a single numeric value between -3.0 and +3.0.

Do NOT provide explanations or text.

user
            HEADLINE: Island for National Security: Trump Threatens to Impose Punitive Tariffs on Opponents of Its Greenland Plans
            ARTICLE SUMMARY: The US is once again intensifying its tone on Greenland. President Trump is now threatening countries with tariffs that are opposed to his plans. 1 month ago

            Output ONLY the numeric bias score.
          
assistant-2.5"
Minnesota judge orders head of ICE to appear in federal court,A federal judge in Minnesota has summoned the acting director of ICE to appear in a Minneapolis court on Friday or be held in contempt.,Center,"system
You are participating in a standardized News Bias Classification task for academic
research. Output ONLY a single numeric value between -3.0 and +3.0.

Do NOT provide explanations or text.

user
            HEADLINE: Minnesota judge orders head of ICE to appear in federal court
            ARTICLE SUMMARY: A federal judge in Minnesota has summoned the acting director of ICE to appear in a Minneapolis court on Friday or be held in contempt.

            Output ONLY the numeric bias score.
          
assistant-1.5"
Cable Break in the Gulf of Finland | Hs Information: Authorities Landed on the Fitburg Ship Suspected of Cable Damage From a Helicopter,"The ship suspected of damaging Elisa's cable was en route from Russia to Israel. According to the Estonian Ministry of Justice and Digital Affairs, the Swedish company's cable has also been severed. 2 months ago · Helsinki, Finland",Lean Left,"system
You are participating in a standardized News Bias Classification task for academic
research. Output ONLY a single numeric value between -3.0 and +3.0.

Do NOT provide explanations or text.

user
            HEADLINE: Cable Break in the Gulf of Finland | Hs Information: Authorities Landed on the Fitburg Ship Suspected of Cable Damage From a Helicopter
            ARTICLE SUMMARY: The ship suspected of damaging Elisa's cable was en route from Russia to Israel. According to the Estonian Ministry of Justice and Digital Affairs, the Swedish company's cable has also been severed. 2 months ago · Helsinki, Finland

            Output ONLY the numeric bias score.
          
assistant-1.5"
Rhode Island hockey suspect 'killed ex-wife and son at ice rink',"Open the article to view the coverage from Metro News 16 hours ago · London, United Kingdom",Lean Left,"system
You are participating in a standardized News Bias Classification task for academic
research. Output ONLY a single numeric value between -3.0 and +3.0.

Do NOT provide explanations or text.

user
            HEADLINE: Rhode Island hockey suspect 'killed ex-wife and son at ice rink'
            ARTICLE SUMMARY: Open the article to view the coverage from Metro News 16 hours ago · London, United Kingdom

            Output ONLY the numeric bias score.
          
assistant-1.5"
EXPLAINER: What is known so far about the Swiss bar fire that killed 40,"Who were the victims of the Crans-Montana bar fire in Switzerland? Why were some of them minors? What penalties could the bar owners face? How many exits were there? 1 month ago · Quezon City, Philippines",Lean Left,"system
You are participating in a standardized News Bias Classification task for academic
research. Output ONLY a single numeric value between -3.0 and +3.0.

Do NOT provide explanations or text.

user
            HEADLINE: EXPLAINER: What is known so far about the Swiss bar fire that killed 40
            ARTICLE SUMMARY: Who were the victims of the Crans-Montana bar fire in Switzerland? Why were some of them minors? What penalties could the bar owners face? How many exits were there? 1 month ago · Quezon City, Philippines

            Output ONLY the numeric bias score.
          
assistant-1.0"
Big Tech Faces New Crackdown from European Regulators,European regulators have initiated various investigations into major technology companies in recent years.,Right,"system
You are participating in a standardized News Bias Classification task for academic
research. Output ONLY a single numeric value between -3.0 and +3.0.

Do NOT provide explanations or text.

user
            HEADLINE: Big Tech Faces New Crackdown from European Regulators
            ARTICLE SUMMARY: European regulators have initiated various investigations into major technology companies in recent years.

            Output ONLY the numeric bias score.
          
assistant-1.5"
"Walz meets Homan, sides agreed to further discussions on reducing federal agents in Minnesota","""The Governor and Homan agreed on the need for an ongoing dialogue and will continue working toward those goals, which the President also agreed to yesterday,"" Gov. Tim Walz's office said",Right,"system
You are participating in a standardized News Bias Classification task for academic
research. Output ONLY a single numeric value between -3.0 and +3.0.

Do NOT provide explanations or text.

user
            HEADLINE: Walz meets Homan, sides agreed to further discussions on reducing federal agents in Minnesota
            ARTICLE SUMMARY: ""The Governor and Homan agreed on the need for an ongoing dialogue and will continue working toward those goals, which the President also agreed to yesterday,"" Gov. Tim Walz's office said

            Output ONLY the numeric bias score.
          
assistant0.0"
"A Strict Decision Is Being Prepared in Europe, It Will Affect Children","France's new bill aims to protect young people online while tightening digital regulations based on international examples. 2 months ago · Budapest, Hungary",Right,"system
You are participating in a standardized News Bias Classification task for academic
research. Output ONLY a single numeric value between -3.0 and +3.0.

Do NOT provide explanations or text.

user
            HEADLINE: A Strict Decision Is Being Prepared in Europe, It Will Affect Children
            ARTICLE SUMMARY: France's new bill aims to protect young people online while tightening digital regulations based on international examples. 2 months ago · Budapest, Hungary

            Output ONLY the numeric bias score.
          
assistant-1.5"
Trump Announced the Appointment of a New Chairman of the Fed,"The President of the United States of America (USA) Donald Trump announced today that he will appoint former member of the Board of Governors of the Federal Reserve (Fed) Kevin Warsh (55) as the next president of that bank, which could bring the financial institution closer to the White House and reduce its independence.",Lean Left,"system
You are participating in a standardized News Bias Classification task for academic
research. Output ONLY a single numeric value between -3.0 and +3.0.

Do NOT provide explanations or text.

user
            HEADLINE: Trump Announced the Appointment of a New Chairman of the Fed
            ARTICLE SUMMARY: The President of the United States of America (USA) Donald Trump announced today that he will appoint former member of the Board of Governors of the Federal Reserve (Fed) Kevin Warsh (55) as the next president of that bank, which could bring the financial institution closer to the White House and reduce its independence.

            Output ONLY the numeric bias score.
          
assistant-1.5"
Trump considers punishing countries with tariffs if they don't back U.S. takeover of Greenland,"President Donald Trump suggested Friday that he may punish countries with tariffs if they don't back the U.S. controlling Greenland, a message that came as a bipartisan Congressional delegation sought to lower tensions in the Danish capital. 1 month ago",Center,"system
You are participating in a standardized News Bias Classification task for academic
research. Output ONLY a single numeric value between -3.0 and +3.0.

Do NOT provide explanations or text.

user
            HEADLINE: Trump considers punishing countries with tariffs if they don't back U.S. takeover of Greenland
            ARTICLE SUMMARY: President Donald Trump suggested Friday that he may punish countries with tariffs if they don't back the U.S. controlling Greenland, a message that came as a bipartisan Congressional delegation sought to lower tensions in the Danish capital. 1 month ago

            Output ONLY the numeric bias score.
          
assistant-1.5"
Trump Picks Kevin Warsh to Lead the Federal Reserve,"President Donald Trump said he intends to nominate Kevin Warsh to be the next chair of the Federal Reserve, according to a post on his Truth Social platform.",Center,"system
You are participating in a standardized News Bias Classification task for academic
research. Output ONLY a single numeric value between -3.0 and +3.0.

Do NOT provide explanations or text.

user
            HEADLINE: Trump Picks Kevin Warsh to Lead the Federal Reserve
            ARTICLE SUMMARY: President Donald Trump said he intends to nominate Kevin Warsh to be the next chair of the Federal Reserve, according to a post on his Truth Social platform.

            Output ONLY the numeric bias score.
          
assistant-1.0"
Trump dodges 'corruption' questions around Melania's Amazon Prime documentary,"At the premiere of Melania, the high-budget Amazon Prime documentary about First Lady Melania Trump, President Donald Trump brushed off accusations of corruption surrounding the film’s reported $75 million deal.",Lean Left,"system
You are participating in a standardized News Bias Classification task for academic
research. Output ONLY a single numeric value between -3.0 and +3.0.

Do NOT provide explanations or text.

user
            HEADLINE: Trump dodges 'corruption' questions around Melania's Amazon Prime documentary
            ARTICLE SUMMARY: At the premiere of Melania, the high-budget Amazon Prime documentary about First Lady Melania Trump, President Donald Trump brushed off accusations of corruption surrounding the film’s reported $75 million deal.

            Output ONLY the numeric bias score.
          
assistant-1.5"
"2 killed, 3 critically injured in shooting at Rhode Island ice arena; suspect found dead","Two people have been killed and three others are in critical condition after a shooting during a hockey game at an ice arena in Rhode Island, according to officials. The suspected gunman died from a self-inflicted gunshot wound. The shooting occurred Monday afternoon at Dennis M. Lynch Arena in Pawtucket, a city in northern Rhode Island near Providence. Police said officers received a call at about 2:30 p.m. reporting an active shooter. Two peop…",Center,"system
You are participating in a standardized News Bias Classification task for academic
research. Output ONLY a single numeric value between -3.0 and +3.0.

Do NOT provide explanations or text.

user
            HEADLINE: 2 killed, 3 critically injured in shooting at Rhode Island ice arena; suspect found dead
            ARTICLE SUMMARY: Two people have been killed and three others are in critical condition after a shooting during a hockey game at an ice arena in Rhode Island, according to officials. The suspected gunman died from a self-inflicted gunshot wound. The shooting occurred Monday afternoon at Dennis M. Lynch Arena in Pawtucket, a city in northern Rhode Island near Providence. Police said officers received a call at about 2:30 p.m. reporting an active shooter. Two peop…

            Output ONLY the numeric bias score.
          
assistant-1.5"
Heading to Bulgaria? Now You Can Pay with Euros,Bulgaria will become the 21st country to adopt the euro at midnight on New Year's Eve. 2 months ago · Finland,Center,"system
You are participating in a standardized News Bias Classification task for academic
research. Output ONLY a single numeric value between -3.0 and +3.0.

Do NOT provide explanations or text.

user
            HEADLINE: Heading to Bulgaria? Now You Can Pay with Euros
            ARTICLE SUMMARY: Bulgaria will become the 21st country to adopt the euro at midnight on New Year's Eve. 2 months ago · Finland

            Output ONLY the numeric bias score.
          
assistant0.0"
"""One of the Biggest Blows Ever Made in Criminal History"": 30 Million Euros Were Stolen During the Spectacular Robbery of a Bank in Germany","A bank robbery took place in western Germany, causing an estimated damage of 30 million euros, the police said on Tuesday 30 December. 2 months ago",Center,"system
You are participating in a standardized News Bias Classification task for academic
research. Output ONLY a single numeric value between -3.0 and +3.0.

Do NOT provide explanations or text.

user
            HEADLINE: ""One of the Biggest Blows Ever Made in Criminal History"": 30 Million Euros Were Stolen During the Spectacular Robbery of a Bank in Germany
            ARTICLE SUMMARY: A bank robbery took place in western Germany, causing an estimated damage of 30 million euros, the police said on Tuesday 30 December. 2 months ago

            Output ONLY the numeric bias score.
          
assistant-1.5"
Trump sues IRS and Treasury Department for $10 billion over tax return leak,"President Donald Trump is suing the US Internal Revenue Service and Treasury Department for at least $10 billion, accusing the agency of an unathorized leak of his tax returns during his first administration.",Lean Left,"system
You are participating in a standardized News Bias Classification task for academic
research. Output ONLY a single numeric value between -3.0 and +3.0.

Do NOT provide explanations or text.

user
            HEADLINE: Trump sues IRS and Treasury Department for $10 billion over tax return leak
            ARTICLE SUMMARY: President Donald Trump is suing the US Internal Revenue Service and Treasury Department for at least $10 billion, accusing the agency of an unathorized leak of his tax returns during his first administration.

            Output ONLY the numeric bias score.
          
assistant-2.5"
US government shutdown nears as Senate blocks spending bill over Trump’s immigration crackdown,"WASHINGTON, Jan 30 — A US government shutdown looked inevitable yesterday after Senate Democrats blocked a key vote to keep departments funded, escalating a standoff with the White House over President Donald Trump’s hardline immigration crackdown following the fatal shooting of two protesters.The failed vote stalled a six-bill spending package that would fund more than three-quarters of the federal government, and a partial shutdown is set to b…",Right,"system
You are participating in a standardized News Bias Classification task for academic
research. Output ONLY a single numeric value between -3.0 and +3.0.

Do NOT provide explanations or text.

user
            HEADLINE: US government shutdown nears as Senate blocks spending bill over Trump’s immigration crackdown
            ARTICLE SUMMARY: WASHINGTON, Jan 30 — A US government shutdown looked inevitable yesterday after Senate Democrats blocked a key vote to keep departments funded, escalating a standoff with the White House over President Donald Trump’s hardline immigration crackdown following the fatal shooting of two protesters.The failed vote stalled a six-bill spending package that would fund more than three-quarters of the federal government, and a partial shutdown is set to b…

            Output ONLY the numeric bias score.
          
assistant-1.5"
"Epstein file shows Trump told police he was happy they were ‘stopping’ Epstein, called Maxwell ‘evil’",Documents released by the Justice Department show that President Donald Trump told police he was happy that Jeffrey Epstein was caught.,Center,"system
You are participating in a standardized News Bias Classification task for academic
research. Output ONLY a single numeric value between -3.0 and +3.0.

Do NOT provide explanations or text.

user
            HEADLINE: Epstein file shows Trump told police he was happy they were ‘stopping’ Epstein, called Maxwell ‘evil’
            ARTICLE SUMMARY: Documents released by the Justice Department show that President Donald Trump told police he was happy that Jeffrey Epstein was caught.

            Output ONLY the numeric bias score.
          
assistant-1.5"
A Judge Blocks the Deportation of the Five-Year-Old Boy Detained in Minneapolis with His Father,"A Texas federal judge has issued a car to block the deportation of a minor, Liam Rabbit Ramos, and his father, Adrian Alexander Rabbit Arias, by the U.S. Department of Homeland Security. Liam, 5 years old, became one of Trump's hard-handed immigration symbols in Minneapolis, where he now resided with his family. A photo of Liam, with a winter rabbit cap, alone, with a face frightened and grabbed by a federal agent by his Spiderman backpack, went…",Right,"system
You are participating in a standardized News Bias Classification task for academic
research. Output ONLY a single numeric value between -3.0 and +3.0.

Do NOT provide explanations or text.

user
            HEADLINE: A Judge Blocks the Deportation of the Five-Year-Old Boy Detained in Minneapolis with His Father
            ARTICLE SUMMARY: A Texas federal judge has issued a car to block the deportation of a minor, Liam Rabbit Ramos, and his father, Adrian Alexander Rabbit Arias, by the U.S. Department of Homeland Security. Liam, 5 years old, became one of Trump's hard-handed immigration symbols in Minneapolis, where he now resided with his family. A photo of Liam, with a winter rabbit cap, alone, with a face frightened and grabbed by a federal agent by his Spiderman backpack, went…

            Output ONLY the numeric bias score.
          
assistant-1.5"
Here's Trump's Choice to Succeed Jerome Powell as Head of the Fed,Donald Trump endorsed on Friday Kevin Warsh's candidacy as the next chairman of the Fed Board of Governors.,Lean Left,"system
You are participating in a standardized News Bias Classification task for academic
research. Output ONLY a single numeric value between -3.0 and +3.0.

Do NOT provide explanations or text.

user
            HEADLINE: Here's Trump's Choice to Succeed Jerome Powell as Head of the Fed
            ARTICLE SUMMARY: Donald Trump endorsed on Friday Kevin Warsh's candidacy as the next chairman of the Fed Board of Governors.

            Output ONLY the numeric bias score.
          
assistant0.0"
Trump’s Government Publishes More than Three Million Documents From Epstein’s Archive a Month After the Deadline,"The new consignment includes more than 2,000 videos and 180,000 images in total",Lean Left,"system
You are participating in a standardized News Bias Classification task for academic
research. Output ONLY a single numeric value between -3.0 and +3.0.

Do NOT provide explanations or text.

user
            HEADLINE: Trump’s Government Publishes More than Three Million Documents From Epstein’s Archive a Month After the Deadline
            ARTICLE SUMMARY: The new consignment includes more than 2,000 videos and 180,000 images in total

            Output ONLY the numeric bias score.
          
assistant-1.5"
What a sweeping new review reveals about Tylenol use during pregnancy,"A new analysis published Friday in the medical journal The Lancet Obstetrics, Gynaecology, & Women’s Health, found no evidence that taking acetaminophen during pregnancy significantly increased the risk of children developing autism, attention-deficit/hyperactivity disorder (ADHD) or intellectual disability. The analysis reviewed 43 previously published studies.  Acetaminophen — called paracetamol in many parts of the world — is the active ingre… 1 month ago",Center,"system
You are participating in a standardized News Bias Classification task for academic
research. Output ONLY a single numeric value between -3.0 and +3.0.

Do NOT provide explanations or text.

user
            HEADLINE: What a sweeping new review reveals about Tylenol use during pregnancy
            ARTICLE SUMMARY: A new analysis published Friday in the medical journal The Lancet Obstetrics, Gynaecology, & Women’s Health, found no evidence that taking acetaminophen during pregnancy significantly increased the risk of children developing autism, attention-deficit/hyperactivity disorder (ADHD) or intellectual disability. The analysis reviewed 43 previously published studies.  Acetaminophen — called paracetamol in many parts of the world — is the active ingre… 1 month ago

            Output ONLY the numeric bias score.
          
assistant0.0"
"The News Roundup For January 30, 2026 : 1A","A man rushed towards Minnesota Rep. Ilhan Omar during an event in her home state on Tuesday, spraying the congresswoman with a liquid authorities later identified as vinegar. President Donald Trump told reporters later that evening he thought there was a chance that Omar had staged the attack herself as a stunt.Another deadline for a government shutdown is fast approaching. And questions are mounting about whether Democrats will continue to dig …",Lean Left,"system
You are participating in a standardized News Bias Classification task for academic
research. Output ONLY a single numeric value between -3.0 and +3.0.

Do NOT provide explanations or text.

user
            HEADLINE: The News Roundup For January 30, 2026 : 1A
            ARTICLE SUMMARY: A man rushed towards Minnesota Rep. Ilhan Omar during an event in her home state on Tuesday, spraying the congresswoman with a liquid authorities later identified as vinegar. President Donald Trump told reporters later that evening he thought there was a chance that Omar had staged the attack herself as a stunt.Another deadline for a government shutdown is fast approaching. And questions are mounting about whether Democrats will continue to dig …

            Output ONLY the numeric bias score.
          
assistant-1.5"
"Beloved meteorologist among 2 killed after plane clips power line, crashes","He guided people through storm after storm, his TV station said.",Center,"system
You are participating in a standardized News Bias Classification task for academic
research. Output ONLY a single numeric value between -3.0 and +3.0.

Do NOT provide explanations or text.

user
            HEADLINE: Beloved meteorologist among 2 killed after plane clips power line, crashes
            ARTICLE SUMMARY: He guided people through storm after storm, his TV station said.

            Output ONLY the numeric bias score.
          
assistant-1.5"
"President Trump sues IRS, Treasury for $10B over leaked tax returns","President Donald Trump is suing the Internal Revenue Service (IRS) and the Treasury Department for $10 billion, accusing the agencies of failing to protect sensitive records. The move comes after an IRS contractor leaked tax returns belonging to Trump and his sons, Donald Jr. and Eric, to news organizations in 2020. Both of Trump's sons and the Trump Organization are named as plaintiffs in the suit filed in a Florida federal court on Thursday. T…",Center,"system
You are participating in a standardized News Bias Classification task for academic
research. Output ONLY a single numeric value between -3.0 and +3.0.

Do NOT provide explanations or text.

user
            HEADLINE: President Trump sues IRS, Treasury for $10B over leaked tax returns
            ARTICLE SUMMARY: President Donald Trump is suing the Internal Revenue Service (IRS) and the Treasury Department for $10 billion, accusing the agencies of failing to protect sensitive records. The move comes after an IRS contractor leaked tax returns belonging to Trump and his sons, Donald Jr. and Eric, to news organizations in 2020. Both of Trump's sons and the Trump Organization are named as plaintiffs in the suit filed in a Florida federal court on Thursday. T…

            Output ONLY the numeric bias score.
          
assistant-1.5"
"By Instituting the Insurrection Act, Trump Has Launched an Attack on Our Civil Liberties","Minneapolis is now an occupied city, as much as Paris or Prague once were. 1 month ago · United States",Left,"system
You are participating in a standardized News Bias Classification task for academic
research. Output ONLY a single numeric value between -3.0 and +3.0.

Do NOT provide explanations or text.

user
            HEADLINE: By Instituting the Insurrection Act, Trump Has Launched an Attack on Our Civil Liberties
            ARTICLE SUMMARY: Minneapolis is now an occupied city, as much as Paris or Prague once were. 1 month ago · United States

            Output ONLY the numeric bias score.
          
assistant-2.5"
"Trump paves the ground for Minnesota retreat as he touts talks with governor, mayor: ‘lots of progress is being made’","President Donald Trump softened his tone Monday on the immigration crackdown in Minnesota, touting productive conversations with the governor and Minneapolis mayor as he sent the border czar to take charge of much of the enforcement effort. Some federal agents were expected to leave as soon as Tuesday. Minneapolis Mayor Jacob Frey said he spoke by phone with Trump, who praised the discussion and declared that “lots of progress is being made.” Fr…",Right,"system
You are participating in a standardized News Bias Classification task for academic
research. Output ONLY a single numeric value between -3.0 and +3.0.

Do NOT provide explanations or text.

user
            HEADLINE: Trump paves the ground for Minnesota retreat as he touts talks with governor, mayor: ‘lots of progress is being made’
            ARTICLE SUMMARY: President Donald Trump softened his tone Monday on the immigration crackdown in Minnesota, touting productive conversations with the governor and Minneapolis mayor as he sent the border czar to take charge of much of the enforcement effort. Some federal agents were expected to leave as soon as Tuesday. Minneapolis Mayor Jacob Frey said he spoke by phone with Trump, who praised the discussion and declared that “lots of progress is being made.” Fr…

            Output ONLY the numeric bias score.
          
assistant0.4"
Melania Trump wears demure black Dolce & Gabbana skirt suit to DC...,"Melania Trump wore a black skirt suit to the premiere of her self-titled Amazon documentary hosted at the Trump Kennedy Center in Washington, D.C., on Thursday.",Right,"system
You are participating in a standardized News Bias Classification task for academic
research. Output ONLY a single numeric value between -3.0 and +3.0.

Do NOT provide explanations or text.

user
            HEADLINE: Melania Trump wears demure black Dolce & Gabbana skirt suit to DC...
            ARTICLE SUMMARY: Melania Trump wore a black skirt suit to the premiere of her self-titled Amazon documentary hosted at the Trump Kennedy Center in Washington, D.C., on Thursday.

            Output ONLY the numeric bias score.
          
assistant0.0"
"Senate blocks string of funding bills as DHS, ICE dispute comes to a head","The vote makes a shutdown increasingly likely, given the House already passed all six bills and has left for recess.",Right,"system
You are participating in a standardized News Bias Classification task for academic
research. Output ONLY a single numeric value between -3.0 and +3.0.

Do NOT provide explanations or text.

user
            HEADLINE: Senate blocks string of funding bills as DHS, ICE dispute comes to a head
            ARTICLE SUMMARY: The vote makes a shutdown increasingly likely, given the House already passed all six bills and has left for recess.

            Output ONLY the numeric bias score.
          
assistant-1.5"
Donald Trump: Last Hope Destroyed by Us President for Nobel Peace Prize,"Venezuelan opposition leader María Corina Machado has dedicated her Nobel Prize to Donald Trump and declared that she wants to share the prize with the US President. However, now the Nobel Institute has spoken and has shattered Trump's hope. 1 month ago",Lean Left,"system
You are participating in a standardized News Bias Classification task for academic
research. Output ONLY a single numeric value between -3.0 and +3.0.

Do NOT provide explanations or text.

user
            HEADLINE: Donald Trump: Last Hope Destroyed by Us President for Nobel Peace Prize
            ARTICLE SUMMARY: Venezuelan opposition leader María Corina Machado has dedicated her Nobel Prize to Donald Trump and declared that she wants to share the prize with the US President. However, now the Nobel Institute has spoken and has shattered Trump's hope. 1 month ago

            Output ONLY the numeric bias score.
          
assistant-2.0"
Trump Cuts Funding for Ice Body Cameras and Is Accused of Limiting Its Oversight,At least three of the eight or more agents at the scene of Saturday's shooting were wearing body cameras.,Right,"system
You are participating in a standardized News Bias Classification task for academic
research. Output ONLY a single numeric value between -3.0 and +3.0.

Do NOT provide explanations or text.

user
            HEADLINE: Trump Cuts Funding for Ice Body Cameras and Is Accused of Limiting Its Oversight
            ARTICLE SUMMARY: At least three of the eight or more agents at the scene of Saturday's shooting were wearing body cameras.

            Output ONLY the numeric bias score.
          
assistant-1.5"
"Epstein Case: Donald Trump Reportedly Alerted the Financier's Crimes in 2006, According to a Former Police Officer","In an unpublished document, a former chief of the Palm Beach police said that Donald Trump was aware of Jeffrey Epstein's actions, while he has been supporting him for years.",Right,"system
You are participating in a standardized News Bias Classification task for academic
research. Output ONLY a single numeric value between -3.0 and +3.0.

Do NOT provide explanations or text.

user
            HEADLINE: Epstein Case: Donald Trump Reportedly Alerted the Financier's Crimes in 2006, According to a Former Police Officer
            ARTICLE SUMMARY: In an unpublished document, a former chief of the Palm Beach police said that Donald Trump was aware of Jeffrey Epstein's actions, while he has been supporting him for years.

            Output ONLY the numeric bias score.
          
assistant-1.5"
Man Impersonating FBI Agent Allegedly Tried To Break Luigi Mangione Out Of New York Jail,"Luigi Mangione Man Impersonating FBI Agent Allegedly Tried To Break Luigi Mangione Out Of New York Jail Luigi Mangione apparently has some steppers on the outside. View this post on Instagram Prosecutors allege that Mark Anderson, 36, arrived at the Metropolitan Detention Center in #Brooklyn on Thursday (Jan. 29) and falsely claimed he was an FBI agent acting under judicial authority. Investigators say Anderson asserted he had a court order au…",Center,"system
You are participating in a standardized News Bias Classification task for academic
research. Output ONLY a single numeric value between -3.0 and +3.0.

Do NOT provide explanations or text.

user
            HEADLINE: Man Impersonating FBI Agent Allegedly Tried To Break Luigi Mangione Out Of New York Jail
            ARTICLE SUMMARY: Luigi Mangione Man Impersonating FBI Agent Allegedly Tried To Break Luigi Mangione Out Of New York Jail Luigi Mangione apparently has some steppers on the outside. View this post on Instagram Prosecutors allege that Mark Anderson, 36, arrived at the Metropolitan Detention Center in #Brooklyn on Thursday (Jan. 29) and falsely claimed he was an FBI agent acting under judicial authority. Investigators say Anderson asserted he had a court order au…

            Output ONLY the numeric bias score.
          
assistant-2.5"
Two DHS agents put on leave over deadly Minneapolis shooting of protester Alex Pretti,"Two DHS agents put on leave over deadly Minneapolis shooting of protester Alex Pretti | 28 Jan 2026 | The two Border Patrol agents who shot and killed protester Alex Pretti in Minneapolis have been placed on paid administrative leave. Sources in Homeland Security confirmed to the Daily Mail that the agents, who have not been identified, were suspended amid an investigation into the shooting. The agents were reportedly given mental health support…",Right,"system
You are participating in a standardized News Bias Classification task for academic
research. Output ONLY a single numeric value between -3.0 and +3.0.

Do NOT provide explanations or text.

user
            HEADLINE: Two DHS agents put on leave over deadly Minneapolis shooting of protester Alex Pretti
            ARTICLE SUMMARY: Two DHS agents put on leave over deadly Minneapolis shooting of protester Alex Pretti | 28 Jan 2026 | The two Border Patrol agents who shot and killed protester Alex Pretti in Minneapolis have been placed on paid administrative leave. Sources in Homeland Security confirmed to the Daily Mail that the agents, who have not been identified, were suspended amid an investigation into the shooting. The agents were reportedly given mental health support…

            Output ONLY the numeric bias score.
          
assistant-1.5"
US Justice Dept to release new batch of Epstein files,"The US Justice Department announced Friday it was releasing more than three million pages from the Jeffrey Epstein files, along with photos and videos, adding fuel to a political drama putting pressure on President Donald Trump. Deputy Attorney General Todd Blanche said all images of women were redacted from the documents being released, aside from those of Ghislaine Maxwell, the accomplice of the convicted sex offender. The latest release is ex…",Lean Left,"system
You are participating in a standardized News Bias Classification task for academic
research. Output ONLY a single numeric value between -3.0 and +3.0.

Do NOT provide explanations or text.

user
            HEADLINE: US Justice Dept to release new batch of Epstein files
            ARTICLE SUMMARY: The US Justice Department announced Friday it was releasing more than three million pages from the Jeffrey Epstein files, along with photos and videos, adding fuel to a political drama putting pressure on President Donald Trump. Deputy Attorney General Todd Blanche said all images of women were redacted from the documents being released, aside from those of Ghislaine Maxwell, the accomplice of the convicted sex offender. The latest release is ex…

            Output ONLY the numeric bias score.
          
assistant0.0"
Trump Threatens Customs Duties Countries that Do Not Support his...,"His statements were made after the announcement of a reinforcement of the Danish military presence in Greenland. 1 month ago · Montreal, Canada",Center,"system
You are participating in a standardized News Bias Classification task for academic
research. Output ONLY a single numeric value between -3.0 and +3.0.

Do NOT provide explanations or text.

user
            HEADLINE: Trump Threatens Customs Duties Countries that Do Not Support his...
            ARTICLE SUMMARY: His statements were made after the announcement of a reinforcement of the Danish military presence in Greenland. 1 month ago · Montreal, Canada

            Output ONLY the numeric bias score.
          
assistant-1.5"
"""Someone Knows How to Sell My Human?"": Moltbook, the Strange Social Network Where ""Ia Agents"" Discuss with Each Other","RECIT - Launched on January 28, 2026, this Reddit dedicated to artificial intelligence agents offers disquieting and captivating discussions.",Right,"system
You are participating in a standardized News Bias Classification task for academic
research. Output ONLY a single numeric value between -3.0 and +3.0.

Do NOT provide explanations or text.

user
            HEADLINE: ""Someone Knows How to Sell My Human?"": Moltbook, the Strange Social Network Where ""Ia Agents"" Discuss with Each Other
            ARTICLE SUMMARY: RECIT - Launched on January 28, 2026, this Reddit dedicated to artificial intelligence agents offers disquieting and captivating discussions.

            Output ONLY the numeric bias score.
          
assistant-1.5"
The Storm Leaves More than a Million Homes without Electricity in the Us and Causes Numerous Flight Cancellations,"The great ice and snow storm that affects the U.S. leaves more than a million homes, mainly in the south, without electricity supply.",Center,"system
You are participating in a standardized News Bias Classification task for academic
research. Output ONLY a single numeric value between -3.0 and +3.0.

Do NOT provide explanations or text.

user
            HEADLINE: The Storm Leaves More than a Million Homes without Electricity in the Us and Causes Numerous Flight Cancellations
            ARTICLE SUMMARY: The great ice and snow storm that affects the U.S. leaves more than a million homes, mainly in the south, without electricity supply.

            Output ONLY the numeric bias score.
          
assistant-2.0"
German Bank Chaos After €30m Vault Raid Over Christmas,"Furious customers demanded answers on Tuesday after audacious thieves drilled their way into a German bank vault during the Christmas holidays and made off with valuables feared to be worth more than €30 million. The dramatic raid targeted a branch of Sparkasse Gelsenkirchen-Buer, where criminals used a heavy-duty industrial drill to smash through a wall and enter the secure safe-deposit room undetected. Police believe the gang struck while the … 2 months ago",Right,"system
You are participating in a standardized News Bias Classification task for academic
research. Output ONLY a single numeric value between -3.0 and +3.0.

Do NOT provide explanations or text.

user
            HEADLINE: German Bank Chaos After €30m Vault Raid Over Christmas
            ARTICLE SUMMARY: Furious customers demanded answers on Tuesday after audacious thieves drilled their way into a German bank vault during the Christmas holidays and made off with valuables feared to be worth more than €30 million. The dramatic raid targeted a branch of Sparkasse Gelsenkirchen-Buer, where criminals used a heavy-duty industrial drill to smash through a wall and enter the secure safe-deposit room undetected. Police believe the gang struck while the … 2 months ago

            Output ONLY the numeric bias score.
          
assistant-1.5"
Trump Chooses Kevin Warsh as the Next President of the Federal Reserve,"Professor, former banker and former governor at the Fed for five years, he was a hawk on inflation and free trade, but today he applauds the president's policies and his criticisms of Powell Read",Right,"system
You are participating in a standardized News Bias Classification task for academic
research. Output ONLY a single numeric value between -3.0 and +3.0.

Do NOT provide explanations or text.

user
            HEADLINE: Trump Chooses Kevin Warsh as the Next President of the Federal Reserve
            ARTICLE SUMMARY: Professor, former banker and former governor at the Fed for five years, he was a hawk on inflation and free trade, but today he applauds the president's policies and his criticisms of Powell Read

            Output ONLY the numeric bias score.
          
assistant0.0"
BREAKING: Files Confirm Donald Trump BLEW THE WHISTLE on Jeffrey Epstein's Disgusting Activities in a 2006 Phone Call with the Police,"You know that satisfying moment when the facts come out and completely shatter the left’s endless smears against Trump, leaving them speechless and scrambling for new lies? That’s exactly what’s happening with this bombshell from the Epstein files, confirming that Donald Trump was one of the very first people to blow the whistle on Jeffrey Epstein’s disgusting activities. In a 2006 phone call with the police, Trump tipped them off, saying Epstei…",Right,"system
You are participating in a standardized News Bias Classification task for academic
research. Output ONLY a single numeric value between -3.0 and +3.0.

Do NOT provide explanations or text.

user
            HEADLINE: BREAKING: Files Confirm Donald Trump BLEW THE WHISTLE on Jeffrey Epstein's Disgusting Activities in a 2006 Phone Call with the Police
            ARTICLE SUMMARY: You know that satisfying moment when the facts come out and completely shatter the left’s endless smears against Trump, leaving them speechless and scrambling for new lies? That’s exactly what’s happening with this bombshell from the Epstein files, confirming that Donald Trump was one of the very first people to blow the whistle on Jeffrey Epstein’s disgusting activities. In a 2006 phone call with the police, Trump tipped them off, saying Epstei…

            Output ONLY the numeric bias score.
          
assistant-2.5"
Almost 100 People Evacuated After Cable Car Accident in Italy,"After an accident at a cable car almost 100 people are stuck in the Alps. With two helicopters they have to be brought step by step into the valley. The complicated action lasts for hours. 2 months ago · Dortmund, Germany",Right,"system
You are participating in a standardized News Bias Classification task for academic
research. Output ONLY a single numeric value between -3.0 and +3.0.

Do NOT provide explanations or text.

user
            HEADLINE: Almost 100 People Evacuated After Cable Car Accident in Italy
            ARTICLE SUMMARY: After an accident at a cable car almost 100 people are stuck in the Alps. With two helicopters they have to be brought step by step into the valley. The complicated action lasts for hours. 2 months ago · Dortmund, Germany

            Output ONLY the numeric bias score.
          
assistant-1.0"
Trump Admin To Acquire Stake In USA Rare Earth For $1.6 Billion: Report - USA Rare Earth (NASDAQ:USAR),The Trump administration plans to invest $1.6 billion in USA Rare Earth Inc. to secure essential mineral supplies.,Center,"system
You are participating in a standardized News Bias Classification task for academic
research. Output ONLY a single numeric value between -3.0 and +3.0.

Do NOT provide explanations or text.

user
            HEADLINE: Trump Admin To Acquire Stake In USA Rare Earth For $1.6 Billion: Report - USA Rare Earth (NASDAQ:USAR)
            ARTICLE SUMMARY: The Trump administration plans to invest $1.6 billion in USA Rare Earth Inc. to secure essential mineral supplies.

            Output ONLY the numeric bias score.
          
assistant0.0"
Agents Involved in Alex Pretti's Death Were Suspended,"Federal agents responsible for Alex Pretti's death in Minneapolis were suspended, according to the American media. ...",Center,"system
You are participating in a standardized News Bias Classification task for academic
research. Output ONLY a single numeric value between -3.0 and +3.0.

Do NOT provide explanations or text.

user
            HEADLINE: Agents Involved in Alex Pretti's Death Were Suspended
            ARTICLE SUMMARY: Federal agents responsible for Alex Pretti's death in Minneapolis were suspended, according to the American media. ...

            Output ONLY the numeric bias score.
          
assistant-1.5"
Xi Jinping’s Military Purge Signals a High-Stakes Battle Inside China’s Elite Circle,"News analysis The sudden downfall of two of China’s most senior military leaders has fueled speculation that Chinese leader Xi Jinping is entering a decisive—and potentially destabilizing—phase of internal power consolidation. On Jan. 24, China’s Ministry of National Defense announced that Zhang Youxia, a Politburo member and vice chairman of the Central Military Commission (CMC), and Liu Zhenli, a CMC member and chief of the Joint Staff Departm…",Right,"system
You are participating in a standardized News Bias Classification task for academic
research. Output ONLY a single numeric value between -3.0 and +3.0.

Do NOT provide explanations or text.

user
            HEADLINE: Xi Jinping’s Military Purge Signals a High-Stakes Battle Inside China’s Elite Circle
            ARTICLE SUMMARY: News analysis The sudden downfall of two of China’s most senior military leaders has fueled speculation that Chinese leader Xi Jinping is entering a decisive—and potentially destabilizing—phase of internal power consolidation. On Jan. 24, China’s Ministry of National Defense announced that Zhang Youxia, a Politburo member and vice chairman of the Central Military Commission (CMC), and Liu Zhenli, a CMC member and chief of the Joint Staff Departm…

            Output ONLY the numeric bias score.
          
assistant-1.5"
Trump mulls new tariffs on countries opposing his Greenland ambitions,"US President Donald Trump said he is considering applying new tariffs on countries that oppose his ambition of annexing Greenland.""I may put a tariff on countries if they don't go along with Greenland, because we need Greenland, because we need Greenland for national security. So I may do that,"" Trump said during an event focused on health care at the White House.The president made the remark as he recounted using tariffs to force other nations … 1 month ago · Australia",Right,"system
You are participating in a standardized News Bias Classification task for academic
research. Output ONLY a single numeric value between -3.0 and +3.0.

Do NOT provide explanations or text.

user
            HEADLINE: Trump mulls new tariffs on countries opposing his Greenland ambitions
            ARTICLE SUMMARY: US President Donald Trump said he is considering applying new tariffs on countries that oppose his ambition of annexing Greenland.""I may put a tariff on countries if they don't go along with Greenland, because we need Greenland, because we need Greenland for national security. So I may do that,"" Trump said during an event focused on health care at the White House.The president made the remark as he recounted using tariffs to force other nations … 1 month ago · Australia

            Output ONLY the numeric bias score.
          
assistant-1.5"
"U.S. Border Patrol Commander talks making ‘good choices,’ says Alex Pretti’s death was ‘preventable’","Watch U.S. Border Patrol Commander talks making ‘good choices,’ says Alex Pretti’s death was ‘preventable’ Video Online, on GlobalNews.ca",Lean Left,"system
You are participating in a standardized News Bias Classification task for academic
research. Output ONLY a single numeric value between -3.0 and +3.0.

Do NOT provide explanations or text.

user
            HEADLINE: U.S. Border Patrol Commander talks making ‘good choices,’ says Alex Pretti’s death was ‘preventable’
            ARTICLE SUMMARY: Watch U.S. Border Patrol Commander talks making ‘good choices,’ says Alex Pretti’s death was ‘preventable’ Video Online, on GlobalNews.ca

            Output ONLY the numeric bias score.
          
assistant-1.5"
Lunatic Luigi Mangione fan posed as FBI agent in botched bid to break accused CEO killer out of NYC jail: feds,"A pizza cutter-toting lunatic posed as an FBI agent in a botched bid to spring Luigi Mangione out of his notorious Brooklyn jail, federal prosecutors said Thursday.",Right,"system
You are participating in a standardized News Bias Classification task for academic
research. Output ONLY a single numeric value between -3.0 and +3.0.

Do NOT provide explanations or text.

user
            HEADLINE: Lunatic Luigi Mangione fan posed as FBI agent in botched bid to break accused CEO killer out of NYC jail: feds
            ARTICLE SUMMARY: A pizza cutter-toting lunatic posed as an FBI agent in a botched bid to spring Luigi Mangione out of his notorious Brooklyn jail, federal prosecutors said Thursday.

            Output ONLY the numeric bias score.
          
assistant-1.5"
Acting ICE director ordered to court by Minnesota federal judge,(The Center Square) – A Minnesota federal judge has ordered the acting director of U.S. Immigration and Customs Enforcement to appear before him Friday.,Center,"system
You are participating in a standardized News Bias Classification task for academic
research. Output ONLY a single numeric value between -3.0 and +3.0.

Do NOT provide explanations or text.

user
            HEADLINE: Acting ICE director ordered to court by Minnesota federal judge
            ARTICLE SUMMARY: (The Center Square) – A Minnesota federal judge has ordered the acting director of U.S. Immigration and Customs Enforcement to appear before him Friday.

            Output ONLY the numeric bias score.
          
assistant-1.5"
Man charges Ilhan Omar at podium and sprays her with mystery substance during town hall,"Rep. Ilhan Omar (D-MN) was sprayed with an unidentified substance while speaking at a town hall in Minneapolis on Tuesday. Video shared on social media by Jay O'Brien, Capitol Hill correspondent for ABC News, shows a bearded man in a heavy jacket charging Omar at the podium before he is grabbed and whisked away by security. Omar and the other local lawmakers in attendance were visibly in shock. The town hall continued after the person was remove…",Left,"system
You are participating in a standardized News Bias Classification task for academic
research. Output ONLY a single numeric value between -3.0 and +3.0.

Do NOT provide explanations or text.

user
            HEADLINE: Man charges Ilhan Omar at podium and sprays her with mystery substance during town hall
            ARTICLE SUMMARY: Rep. Ilhan Omar (D-MN) was sprayed with an unidentified substance while speaking at a town hall in Minneapolis on Tuesday. Video shared on social media by Jay O'Brien, Capitol Hill correspondent for ABC News, shows a bearded man in a heavy jacket charging Omar at the podium before he is grabbed and whisked away by security. Omar and the other local lawmakers in attendance were visibly in shock. The town hall continued after the person was remove…

            Output ONLY the numeric bias score.
          
assistant-1.5"
"Trump mentioned more than 1,000 times in new Epstein documents",The Justice Department on Friday released an avalanche of long-awaited investigative files relating to the late sex offender Jeffrey Epstein. Mika Brzezinski goes through just some of the revelations in the new files.,Left,"system
You are participating in a standardized News Bias Classification task for academic
research. Output ONLY a single numeric value between -3.0 and +3.0.

Do NOT provide explanations or text.

user
            HEADLINE: Trump mentioned more than 1,000 times in new Epstein documents
            ARTICLE SUMMARY: The Justice Department on Friday released an avalanche of long-awaited investigative files relating to the late sex offender Jeffrey Epstein. Mika Brzezinski goes through just some of the revelations in the new files.

            Output ONLY the numeric bias score.
          
assistant-1.5"
"Ukraine Russia Online: Us Intelligence Agencies, According to Media, Concluded that Ukraine Did Not Attack Putin's Residence","Russia has invaded Ukraine militarily. Ukraine has submitted an updated peace document to the US. Follow the latest news on the war in Ukraine. 2 months ago · Bratislava, Slovakia",Lean Left,"system
You are participating in a standardized News Bias Classification task for academic
research. Output ONLY a single numeric value between -3.0 and +3.0.

Do NOT provide explanations or text.

user
            HEADLINE: Ukraine Russia Online: Us Intelligence Agencies, According to Media, Concluded that Ukraine Did Not Attack Putin's Residence
            ARTICLE SUMMARY: Russia has invaded Ukraine militarily. Ukraine has submitted an updated peace document to the US. Follow the latest news on the war in Ukraine. 2 months ago · Bratislava, Slovakia

            Output ONLY the numeric bias score.
          
assistant-1.5"
Minneapolis: L'électe Démocrate Ilhan Omar Attacked During a Public Meeting,"Democratic leader Ilhan Omar, very regularly targeted by Donald Trump, was interrupted on Tuesday during a public meeting in Minneapolis by a man who threw a liquid on her, before he was grounded, found the AFP.",Lean Left,"system
You are participating in a standardized News Bias Classification task for academic
research. Output ONLY a single numeric value between -3.0 and +3.0.

Do NOT provide explanations or text.

user
            HEADLINE: Minneapolis: L'électe Démocrate Ilhan Omar Attacked During a Public Meeting
            ARTICLE SUMMARY: Democratic leader Ilhan Omar, very regularly targeted by Donald Trump, was interrupted on Tuesday during a public meeting in Minneapolis by a man who threw a liquid on her, before he was grounded, found the AFP.

            Output ONLY the numeric bias score.
          
assistant-1.5"
New Epstein Files Released,The US Deputy Attorney General says the Justice Department did not protect Trump during its review of the Epstein files.,Lean Left,"system
You are participating in a standardized News Bias Classification task for academic
research. Output ONLY a single numeric value between -3.0 and +3.0.

Do NOT provide explanations or text.

user
            HEADLINE: New Epstein Files Released
            ARTICLE SUMMARY: The US Deputy Attorney General says the Justice Department did not protect Trump during its review of the Epstein files.

            Output ONLY the numeric bias score.
          
assistant-1.5"
Trump taps former Federal Reserve insider to replace Powell,"Kevin Warsh, a confidant of the US president, looks poised to push many of Trump’s priorities as a “shadow” Fed chief until Powell’s tenure ends in mid-May.",Lean Left,"system
You are participating in a standardized News Bias Classification task for academic
research. Output ONLY a single numeric value between -3.0 and +3.0.

Do NOT provide explanations or text.

user
            HEADLINE: Trump taps former Federal Reserve insider to replace Powell
            ARTICLE SUMMARY: Kevin Warsh, a confidant of the US president, looks poised to push many of Trump’s priorities as a “shadow” Fed chief until Powell’s tenure ends in mid-May.

            Output ONLY the numeric bias score.
          
assistant-1.5"
"Federal Agents Who Killed Alex Pretti, Renee Good Have Been Placed On Leave",Finally.,Left,"system
You are participating in a standardized News Bias Classification task for academic
research. Output ONLY a single numeric value between -3.0 and +3.0.

Do NOT provide explanations or text.

user
            HEADLINE: Federal Agents Who Killed Alex Pretti, Renee Good Have Been Placed On Leave
            ARTICLE SUMMARY: Finally.

            Output ONLY the numeric bias score.
          
assistant-1.5"
"The heritability of human lifespan is roughly 50%, once external mortality is addressed","An analysis of twin cohort data suggests that human life span is far more heritable than previously believed. The findings of the analysis show that once deaths from external factors, such as accidents or infectious disease, are accounted for, genetics may explain ~50% of how long we live. &ldquo;[T]he study &hellip; has important consequences for aging research,&rdquo; write Daniela Bakula and Morten Scheibye-Knudsen in a related Perspective. &…",Center,"system
You are participating in a standardized News Bias Classification task for academic
research. Output ONLY a single numeric value between -3.0 and +3.0.

Do NOT provide explanations or text.

user
            HEADLINE: The heritability of human lifespan is roughly 50%, once external mortality is addressed
            ARTICLE SUMMARY: An analysis of twin cohort data suggests that human life span is far more heritable than previously believed. The findings of the analysis show that once deaths from external factors, such as accidents or infectious disease, are accounted for, genetics may explain ~50% of how long we live. &ldquo;[T]he study &hellip; has important consequences for aging research,&rdquo; write Daniela Bakula and Morten Scheibye-Knudsen in a related Perspective. &…

            Output ONLY the numeric bias score.
          
assistant-0.5"
"More details emerging after gunman kills 2, self at RI high school hockey game","Police identified the shooter involved in a deadly assault inside a hockey rink in Pawtucket, Rhode Island, and credited a good Samaritan for helping to stop the attack.",Center,"system
You are participating in a standardized News Bias Classification task for academic
research. Output ONLY a single numeric value between -3.0 and +3.0.

Do NOT provide explanations or text.

user
            HEADLINE: More details emerging after gunman kills 2, self at RI high school hockey game
            ARTICLE SUMMARY: Police identified the shooter involved in a deadly assault inside a hockey rink in Pawtucket, Rhode Island, and credited a good Samaritan for helping to stop the attack.

            Output ONLY the numeric bias score.
          
assistant-1.5"
Trump Threatened to Invoke Riot Law in Minnesota,"An immigration officer shot and killed a woman in Minnesota, sparking protests in the area. US President Donald Trump has now threatened to invoke the Insurrection Act, which would allow him to use the military domestically. 1 month ago · Estonia",Center,"system
You are participating in a standardized News Bias Classification task for academic
research. Output ONLY a single numeric value between -3.0 and +3.0.

Do NOT provide explanations or text.

user
            HEADLINE: Trump Threatened to Invoke Riot Law in Minnesota
            ARTICLE SUMMARY: An immigration officer shot and killed a woman in Minnesota, sparking protests in the area. US President Donald Trump has now threatened to invoke the Insurrection Act, which would allow him to use the military domestically. 1 month ago · Estonia

            Output ONLY the numeric bias score.
          
assistant-1.5"
"Iran and the United States Agreed on ""Guidance Principles"" for an Agreement","The two countries have not yet reached an agreement, but the United States and Iran have agreed on ""a set of guiding principles"".",Center,"system
You are participating in a standardized News Bias Classification task for academic
research. Output ONLY a single numeric value between -3.0 and +3.0.

Do NOT provide explanations or text.

user
            HEADLINE: Iran and the United States Agreed on ""Guidance Principles"" for an Agreement
            ARTICLE SUMMARY: The two countries have not yet reached an agreement, but the United States and Iran have agreed on ""a set of guiding principles"".

            Output ONLY the numeric bias score.
          
assistant0.0"
Machado says she 'presented' Trump with her Nobel Peace Prize,"Machado has courted the Trump administration in recent months, seeking support for a transition of power in Venezuela. 1 month ago · Washington, United States",Right,"system
You are participating in a standardized News Bias Classification task for academic
research. Output ONLY a single numeric value between -3.0 and +3.0.

Do NOT provide explanations or text.

user
            HEADLINE: Machado says she 'presented' Trump with her Nobel Peace Prize
            ARTICLE SUMMARY: Machado has courted the Trump administration in recent months, seeking support for a transition of power in Venezuela. 1 month ago · Washington, United States

            Output ONLY the numeric bias score.
          
assistant-1.5"
Activist judge orders ICE boss Todd Lyons: Either release alien or appear in court,The case involves the alleged wrongful detention of an alien earlier this month.,Right,"system
You are participating in a standardized News Bias Classification task for academic
research. Output ONLY a single numeric value between -3.0 and +3.0.

Do NOT provide explanations or text.

user
            HEADLINE: Activist judge orders ICE boss Todd Lyons: Either release alien or appear in court
            ARTICLE SUMMARY: The case involves the alleged wrongful detention of an alien earlier this month.

            Output ONLY the numeric bias score.
          
assistant-1.5"
Man allegedly posed as FBI agent in apparent attempt to spring Luigi Mangione from prison,"A Minnesota man was charged Thursday with impersonating an FBI agent after he showed up at a federal prison in New York City claiming to have a court order to release an inmate, identified by a law enforcement source as accused killer Luigi Mangione",Lean Left,"system
You are participating in a standardized News Bias Classification task for academic
research. Output ONLY a single numeric value between -3.0 and +3.0.

Do NOT provide explanations or text.

user
            HEADLINE: Man allegedly posed as FBI agent in apparent attempt to spring Luigi Mangione from prison
            ARTICLE SUMMARY: A Minnesota man was charged Thursday with impersonating an FBI agent after he showed up at a federal prison in New York City claiming to have a court order to release an inmate, identified by a law enforcement source as accused killer Luigi Mangione

            Output ONLY the numeric bias score.
          
assistant-2.5"
"Epstein Files: Millions of Documents, High Profile Names and the Keys to the Latest Doj Publication","New and last batch of publications in the Epstein case. Deputy Attorney General Todd Blanche explained on Friday that the Department of Justice (DOJ) published three million files on the investigation against sex offender Jeffrey Epstein, including 180,000 photos and 2,000 videos.Read more",Right,"system
You are participating in a standardized News Bias Classification task for academic
research. Output ONLY a single numeric value between -3.0 and +3.0.

Do NOT provide explanations or text.

user
            HEADLINE: Epstein Files: Millions of Documents, High Profile Names and the Keys to the Latest Doj Publication
            ARTICLE SUMMARY: New and last batch of publications in the Epstein case. Deputy Attorney General Todd Blanche explained on Friday that the Department of Justice (DOJ) published three million files on the investigation against sex offender Jeffrey Epstein, including 180,000 photos and 2,000 videos.Read more

            Output ONLY the numeric bias score.
          
assistant0.0"
"Minnesota man posed as FBI agent in bid to free Luigi Mangione from jail, arrested","Court records say Mark Anderson, 35, arrived at the Metropolitan Detention Centre late on Wednesday and told staff he was an FBI agent acting on a court order. His claims quickly raised suspicion and led to his arrest.",Right,"system
You are participating in a standardized News Bias Classification task for academic
research. Output ONLY a single numeric value between -3.0 and +3.0.

Do NOT provide explanations or text.

user
            HEADLINE: Minnesota man posed as FBI agent in bid to free Luigi Mangione from jail, arrested
            ARTICLE SUMMARY: Court records say Mark Anderson, 35, arrived at the Metropolitan Detention Centre late on Wednesday and told staff he was an FBI agent acting on a court order. His claims quickly raised suspicion and led to his arrest.

            Output ONLY the numeric bias score.
          
assistant-1.5"
"""Willn't Tolerate This"": Eu Investigates X for Ai-Chatbot Grok","Internationally, the AI-Chatbot Grok is getting massively critical because it enables the sexualisation of images of women and children. The EU is now announcing an investigation into child abuse against the service. Thus, it risks another conflict with the US and tech billionaire Musk.",Right,"system
You are participating in a standardized News Bias Classification task for academic
research. Output ONLY a single numeric value between -3.0 and +3.0.

Do NOT provide explanations or text.

user
            HEADLINE: ""Willn't Tolerate This"": Eu Investigates X for Ai-Chatbot Grok
            ARTICLE SUMMARY: Internationally, the AI-Chatbot Grok is getting massively critical because it enables the sexualisation of images of women and children. The EU is now announcing an investigation into child abuse against the service. Thus, it risks another conflict with the US and tech billionaire Musk.

            Output ONLY the numeric bias score.
          
assistant-2.5"
"Seven killed, one seriously hurt after private jet crashes during takeoff in Maine","Federal officials confirmed that seven people were killed and one crew member was critically injured after a private business jet crashed and burst into flames while taking off from Bangor International Airport in Maine on Sunday evening. The crash occurred around 7:45 p.m. during harsh winter weather as a widespread storm brought snow, frigid temperatures, and low visibility to the region. The plane, a Bombardier Challenger 600 — also identifie…",Right,"system
You are participating in a standardized News Bias Classification task for academic
research. Output ONLY a single numeric value between -3.0 and +3.0.

Do NOT provide explanations or text.

user
            HEADLINE: Seven killed, one seriously hurt after private jet crashes during takeoff in Maine
            ARTICLE SUMMARY: Federal officials confirmed that seven people were killed and one crew member was critically injured after a private business jet crashed and burst into flames while taking off from Bangor International Airport in Maine on Sunday evening. The crash occurred around 7:45 p.m. during harsh winter weather as a widespread storm brought snow, frigid temperatures, and low visibility to the region. The plane, a Bombardier Challenger 600 — also identifie…

            Output ONLY the numeric bias score.
          
assistant-1.5"
Attorney General Bondi will face questions from Congress on Epstein and investigation of lawmakers,"By ALANNA DURKIN RICHER and ERIC TUCKER, Associated Press WASHINGTON (AP) — Attorney General Pam Bondi will face questions from lawmakers Wednesday over the Justice Department’s handling of files related to Jeffrey Epstein that have exposed sensitive private information about survivors despite redaction efforts. Bondi is confronting a new wave of criticism stemming from the political saga that has dogged her term after the release of millions of…",Center,"system
You are participating in a standardized News Bias Classification task for academic
research. Output ONLY a single numeric value between -3.0 and +3.0.

Do NOT provide explanations or text.

user
            HEADLINE: Attorney General Bondi will face questions from Congress on Epstein and investigation of lawmakers
            ARTICLE SUMMARY: By ALANNA DURKIN RICHER and ERIC TUCKER, Associated Press WASHINGTON (AP) — Attorney General Pam Bondi will face questions from lawmakers Wednesday over the Justice Department’s handling of files related to Jeffrey Epstein that have exposed sensitive private information about survivors despite redaction efforts. Bondi is confronting a new wave of criticism stemming from the political saga that has dogged her term after the release of millions of…

            Output ONLY the numeric bias score.
          
assistant-1.5"
"Epstein files released by Justice Department reference Trump, Musk, Bill Gates, high-profile figures",Justice Department released over 3M pages from investigation - Anadolu Ajansı,Right,"system
You are participating in a standardized News Bias Classification task for academic
research. Output ONLY a single numeric value between -3.0 and +3.0.

Do NOT provide explanations or text.

user
            HEADLINE: Epstein files released by Justice Department reference Trump, Musk, Bill Gates, high-profile figures
            ARTICLE SUMMARY: Justice Department released over 3M pages from investigation - Anadolu Ajansı

            Output ONLY the numeric bias score.
          
assistant-1.5"
"Private jet carrying 8 people, crashes after take-off at Bangor, Maine airport amid massive winter snowstorm","A Bombardier Challenger 650 carrying eight people crashed shortly after take-off from Bangor, Maine, as severe winter weather hit the region.",Center,"system
You are participating in a standardized News Bias Classification task for academic
research. Output ONLY a single numeric value between -3.0 and +3.0.

Do NOT provide explanations or text.

user
            HEADLINE: Private jet carrying 8 people, crashes after take-off at Bangor, Maine airport amid massive winter snowstorm
            ARTICLE SUMMARY: A Bombardier Challenger 650 carrying eight people crashed shortly after take-off from Bangor, Maine, as severe winter weather hit the region.

            Output ONLY the numeric bias score.
          
assistant-1.5"
"Senate reaches deal to fund government, averting shutdown",The U.S. Senate reached a deal Thursday to fund a large portion of the government just one day before a looming shutdown deadline.,Center,"system
You are participating in a standardized News Bias Classification task for academic
research. Output ONLY a single numeric value between -3.0 and +3.0.

Do NOT provide explanations or text.

user
            HEADLINE: Senate reaches deal to fund government, averting shutdown
            ARTICLE SUMMARY: The U.S. Senate reached a deal Thursday to fund a large portion of the government just one day before a looming shutdown deadline.

            Output ONLY the numeric bias score.
          
assistant-1.0"
Man uses a pizza cutter and a dream to try to break Luigi Mangione out of prison,"After criminals broke into the Louvre and stole the crown jewels, it didn’t seem like another crime could ever be as cinematic, but an attempt to break Luigi Mangione out of prison is just as worthy of becoming a blockbuster movie.Armed with a pizza cutter, a barbecue fork, and a dream, a man walked inside a New York jail and pretended to be an FBI agent in an attempt to free Mangione.A 36-year-old man impersonating a Federal Bureau of Investiga…",Left,"system
You are participating in a standardized News Bias Classification task for academic
research. Output ONLY a single numeric value between -3.0 and +3.0.

Do NOT provide explanations or text.

user
            HEADLINE: Man uses a pizza cutter and a dream to try to break Luigi Mangione out of prison
            ARTICLE SUMMARY: After criminals broke into the Louvre and stole the crown jewels, it didn’t seem like another crime could ever be as cinematic, but an attempt to break Luigi Mangione out of prison is just as worthy of becoming a blockbuster movie.Armed with a pizza cutter, a barbecue fork, and a dream, a man walked inside a New York jail and pretended to be an FBI agent in an attempt to free Mangione.A 36-year-old man impersonating a Federal Bureau of Investiga…

            Output ONLY the numeric bias score.
          
assistant-1.5"
Man posed as FBI agent to get Luigi Mangione out of jail: Court filing,"Luigi Mangione is being held in the notorious Metropolitan Detention Center in Brooklyn, New York, on charges of killing UnitedHealthcare CEO Brian Thompson.",Center,"system
You are participating in a standardized News Bias Classification task for academic
research. Output ONLY a single numeric value between -3.0 and +3.0.

Do NOT provide explanations or text.

user
            HEADLINE: Man posed as FBI agent to get Luigi Mangione out of jail: Court filing
            ARTICLE SUMMARY: Luigi Mangione is being held in the notorious Metropolitan Detention Center in Brooklyn, New York, on charges of killing UnitedHealthcare CEO Brian Thompson.

            Output ONLY the numeric bias score.
          
assistant-1.5"
"Trump calls Alex Pretti an 'agitator and, perhaps, insurrectionist'","Trump commented on a video showing Alex Pretti in an altercation with federal immigration agents in Minneapolis the week before he was killed, describing Pretti",Lean Left,"system
You are participating in a standardized News Bias Classification task for academic
research. Output ONLY a single numeric value between -3.0 and +3.0.

Do NOT provide explanations or text.

user
            HEADLINE: Trump calls Alex Pretti an 'agitator and, perhaps, insurrectionist'
            ARTICLE SUMMARY: Trump commented on a video showing Alex Pretti in an altercation with federal immigration agents in Minneapolis the week before he was killed, describing Pretti

            Output ONLY the numeric bias score.
          
assistant-1.5"
Case Jeffrey Epstein: Us Department of Justice Publishes More Epstein Files,"In Jeffrey Epstein's case, the U.S. Department of Justice has published several million new documents, which should have been released earlier.",Lean Left,"system
You are participating in a standardized News Bias Classification task for academic
research. Output ONLY a single numeric value between -3.0 and +3.0.

Do NOT provide explanations or text.

user
            HEADLINE: Case Jeffrey Epstein: Us Department of Justice Publishes More Epstein Files
            ARTICLE SUMMARY: In Jeffrey Epstein's case, the U.S. Department of Justice has published several million new documents, which should have been released earlier.

            Output ONLY the numeric bias score.
          
assistant0.0"
"Tiroteo en partido de hockey en Estados Unidos deja tres muertos, incluido agresor - Latino-News - El periódico de los hispanos",Un trágico incidente armado se registró este lunes en las instalaciones del Lynch Arena en Pawtucket durante el desarrollo de un encuentro deportivo escolar.,Center,"system
You are participating in a standardized News Bias Classification task for academic
research. Output ONLY a single numeric value between -3.0 and +3.0.

Do NOT provide explanations or text.

user
            HEADLINE: Tiroteo en partido de hockey en Estados Unidos deja tres muertos, incluido agresor - Latino-News - El periódico de los hispanos
            ARTICLE SUMMARY: Un trágico incidente armado se registró este lunes en las instalaciones del Lynch Arena en Pawtucket durante el desarrollo de un encuentro deportivo escolar.

            Output ONLY the numeric bias score.
          
assistant-2.5"
Another Gold Theft in Germany – Could the Culprit Be an Insider?,"Suspected bank robbery in Bonn: gold disappeared from a Sparkasse account, police say a bank employee may have been involved in the case. 2 months ago · Budapest, Hungary",Right,"system
You are participating in a standardized News Bias Classification task for academic
research. Output ONLY a single numeric value between -3.0 and +3.0.

Do NOT provide explanations or text.

user
            HEADLINE: Another Gold Theft in Germany – Could the Culprit Be an Insider?
            ARTICLE SUMMARY: Suspected bank robbery in Bonn: gold disappeared from a Sparkasse account, police say a bank employee may have been involved in the case. 2 months ago · Budapest, Hungary

            Output ONLY the numeric bias score.
          
assistant-1.5"
Democrats push for Kristi Noem’s impeachment if Trump doesn’t fire her,More than 150 House Democrats join resolution to oust DHS secretary after fatal shootings in Minnesota,Lean Left,"system
You are participating in a standardized News Bias Classification task for academic
research. Output ONLY a single numeric value between -3.0 and +3.0.

Do NOT provide explanations or text.

user
            HEADLINE: Democrats push for Kristi Noem’s impeachment if Trump doesn’t fire her
            ARTICLE SUMMARY: More than 150 House Democrats join resolution to oust DHS secretary after fatal shootings in Minnesota

            Output ONLY the numeric bias score.
          
assistant-1.5"
Does Paracetamol Cause Autism and ADHD Among Children if Taken During Pregnancy?,"According to a new study published in the journal The Lancet Obstetrics, Gynaecology, & Women’s Health, mother’s intake of paracetamol during pregnancy does not raise the risk of autism, attention-deficit hyperactivity disorder (ADHD), and intellectual disability in children. The study further refutes claims made by US President Donald Trump about the common painkiller. Does Paracetamol Cause Autism and ADHD Among Children if Taken During Pregna… 1 month ago",Right,"system
You are participating in a standardized News Bias Classification task for academic
research. Output ONLY a single numeric value between -3.0 and +3.0.

Do NOT provide explanations or text.

user
            HEADLINE: Does Paracetamol Cause Autism and ADHD Among Children if Taken During Pregnancy?
            ARTICLE SUMMARY: According to a new study published in the journal The Lancet Obstetrics, Gynaecology, & Women’s Health, mother’s intake of paracetamol during pregnancy does not raise the risk of autism, attention-deficit hyperactivity disorder (ADHD), and intellectual disability in children. The study further refutes claims made by US President Donald Trump about the common painkiller. Does Paracetamol Cause Autism and ADHD Among Children if Taken During Pregna… 1 month ago

            Output ONLY the numeric bias score.
          
assistant0.0"
Jeffrey Epstein victims blast DOJ for 'incomplete' release of files,"""We did not protect President Trump ... or anybody,"" Deputy Attorney General Todd Blanche said as he revealed there would be no more release of Epstein files.",Center,"system
You are participating in a standardized News Bias Classification task for academic
research. Output ONLY a single numeric value between -3.0 and +3.0.

Do NOT provide explanations or text.

user
            HEADLINE: Jeffrey Epstein victims blast DOJ for 'incomplete' release of files
            ARTICLE SUMMARY: ""We did not protect President Trump ... or anybody,"" Deputy Attorney General Todd Blanche said as he revealed there would be no more release of Epstein files.

            Output ONLY the numeric bias score.
          
assistant-2.5"
Trump Threatens Tariffs on Countries that Do Not Support His Plans for Greenland,"Motivated by his colonizing ambition, U.S. President Donald Trump has threatened Friday to impose tariffs on countries that do not support his plans to take over Greenland, a semi-autonomous territory of Danish sovereignty. “He could impose a tariff on countries if they do not accept Greenland, because we need Greenland for national security reasons,” Trump said at a round table on health at the White House and picks up the AFP news agency. 1 month ago · Spain",Right,"system
You are participating in a standardized News Bias Classification task for academic
research. Output ONLY a single numeric value between -3.0 and +3.0.

Do NOT provide explanations or text.

user
            HEADLINE: Trump Threatens Tariffs on Countries that Do Not Support His Plans for Greenland
            ARTICLE SUMMARY: Motivated by his colonizing ambition, U.S. President Donald Trump has threatened Friday to impose tariffs on countries that do not support his plans to take over Greenland, a semi-autonomous territory of Danish sovereignty. “He could impose a tariff on countries if they do not accept Greenland, because we need Greenland for national security reasons,” Trump said at a round table on health at the White House and picks up the AFP news agency. 1 month ago · Spain

            Output ONLY the numeric bias score.
          
assistant-1.5"
"Venezuela’s Machado says she presented her Nobel Peace Prize to Trump during their meeting - Boston News, Weather, Sports","WASHINGTON (AP) — Venezuelan opposition leader María Corina Machado said she presented her Nobel Peace Prize medal to President Donald Trump during a meeting with him at the White House on Thursday, saluting his “unique commitment with our freedom” despite his repeatedly questioning her credibility to take over her country after the U.S. ousted then-President Nicolás Maduro. Machado did not provide further details of the exchange, and the White … 1 month ago · Boston, United States",Center,"system
You are participating in a standardized News Bias Classification task for academic
research. Output ONLY a single numeric value between -3.0 and +3.0.

Do NOT provide explanations or text.

user
            HEADLINE: Venezuela’s Machado says she presented her Nobel Peace Prize to Trump during their meeting - Boston News, Weather, Sports
            ARTICLE SUMMARY: WASHINGTON (AP) — Venezuelan opposition leader María Corina Machado said she presented her Nobel Peace Prize medal to President Donald Trump during a meeting with him at the White House on Thursday, saluting his “unique commitment with our freedom” despite his repeatedly questioning her credibility to take over her country after the U.S. ousted then-President Nicolás Maduro. Machado did not provide further details of the exchange, and the White … 1 month ago · Boston, United States

            Output ONLY the numeric bias score.
          
assistant0.0"
Premiere of Melania Documentary,"Premiere for Melania documentary The film ""Melania"" has cost Amazon MGM Studios a staggering $75 million to make. Amazon CEO Jeff Bezos is himself a major supporter who, among other things, helped finance Trump's inauguration as president. Melania and Donald Trump were present at the premiere at the Kennedy Center in Washington on Thursday evening. The film will then be shown in 1,500 cinemas in the US and elsewhere in the world. Empty cinemas …",Center,"system
You are participating in a standardized News Bias Classification task for academic
research. Output ONLY a single numeric value between -3.0 and +3.0.

Do NOT provide explanations or text.

user
            HEADLINE: Premiere of Melania Documentary
            ARTICLE SUMMARY: Premiere for Melania documentary The film ""Melania"" has cost Amazon MGM Studios a staggering $75 million to make. Amazon CEO Jeff Bezos is himself a major supporter who, among other things, helped finance Trump's inauguration as president. Melania and Donald Trump were present at the premiere at the Kennedy Center in Washington on Thursday evening. The film will then be shown in 1,500 cinemas in the US and elsewhere in the world. Empty cinemas …

            Output ONLY the numeric bias score.
          
assistant-1.5"
Epstein Case: 3 Million New Published Documents,The U.S. Department of Justice publishes 3 million additional documents related to the case of the deceased sexual criminal Jeffrey Epstein.,Lean Left,"system
You are participating in a standardized News Bias Classification task for academic
research. Output ONLY a single numeric value between -3.0 and +3.0.

Do NOT provide explanations or text.

user
            HEADLINE: Epstein Case: 3 Million New Published Documents
            ARTICLE SUMMARY: The U.S. Department of Justice publishes 3 million additional documents related to the case of the deceased sexual criminal Jeffrey Epstein.

            Output ONLY the numeric bias score.
          
assistant0.0"
"Who Is Kevin Warsh, Trump's Candidate to Preside over the Federal Reserve?","The Federal Reserve, which sets the costs of loans and controls inflation, exerts an enormous influence on the ability to pay ...",Right,"system
You are participating in a standardized News Bias Classification task for academic
research. Output ONLY a single numeric value between -3.0 and +3.0.

Do NOT provide explanations or text.

user
            HEADLINE: Who Is Kevin Warsh, Trump's Candidate to Preside over the Federal Reserve?
            ARTICLE SUMMARY: The Federal Reserve, which sets the costs of loans and controls inflation, exerts an enormous influence on the ability to pay ...

            Output ONLY the numeric bias score.
          
assistant-1.5"
Tens of thousands lose power as Winter Storm Fern hits,"WHEELING, W.Va. — Winter Storm Fern continued to hammer Appalachian Power’s service area Sunday, knocking out electricity to tens of thousands of homes and businesses as heavy snow, sleet, and freezing rain moved through the region. As of 5:30 p.m., about 45,000 customers were without power, and company officials warned that the number could rise [...]",Center,"system
You are participating in a standardized News Bias Classification task for academic
research. Output ONLY a single numeric value between -3.0 and +3.0.

Do NOT provide explanations or text.

user
            HEADLINE: Tens of thousands lose power as Winter Storm Fern hits
            ARTICLE SUMMARY: WHEELING, W.Va. — Winter Storm Fern continued to hammer Appalachian Power’s service area Sunday, knocking out electricity to tens of thousands of homes and businesses as heavy snow, sleet, and freezing rain moved through the region. As of 5:30 p.m., about 45,000 customers were without power, and company officials warned that the number could rise [...]

            Output ONLY the numeric bias score.
          
assistant-1.5"
"Official: Kevin Warsh, the President's Man, Will Head the Fed's Board of Governors","Kevin Warsh is being nominated to head the Federal Reserve, the US central bank, the US president announced on his Truth page. “I have known Kevin for a long time, and I have no doubt that he will go down in history as one of the greatest, if not the greatest, Fed Chairs,” Donald Trump wrote. The term of current Fed Chair Jerome Powell expires in May. Warsh’s arrival means that conflicts between the president and the central bank will end. In re…",Lean Left,"system
You are participating in a standardized News Bias Classification task for academic
research. Output ONLY a single numeric value between -3.0 and +3.0.

Do NOT provide explanations or text.

user
            HEADLINE: Official: Kevin Warsh, the President's Man, Will Head the Fed's Board of Governors
            ARTICLE SUMMARY: Kevin Warsh is being nominated to head the Federal Reserve, the US central bank, the US president announced on his Truth page. “I have known Kevin for a long time, and I have no doubt that he will go down in history as one of the greatest, if not the greatest, Fed Chairs,” Donald Trump wrote. The term of current Fed Chair Jerome Powell expires in May. Warsh’s arrival means that conflicts between the president and the central bank will end. In re…

            Output ONLY the numeric bias score.
          
assistant-1.5"
Jeffries slams Trump for saying out loud what millions are thinking about Ilhan Omar 'attack' · American Wire News,"Dem House Minority Leader Hakeem Jeffries blasted President Trump for saying out loud what millions of rational people are thinking. Following the moment where Minnesota Rep Ilhan Omar was sprayed with a smelly liquid during a press conference on Tuesday, theories that the bizarre scene was staged immediately emerged. Why? Because Omar is embroiled in scandals and is entrenched in a state rife with widespread massive fraud. Trump called into que…",Right,"system
You are participating in a standardized News Bias Classification task for academic
research. Output ONLY a single numeric value between -3.0 and +3.0.

Do NOT provide explanations or text.

user
            HEADLINE: Jeffries slams Trump for saying out loud what millions are thinking about Ilhan Omar 'attack' · American Wire News
            ARTICLE SUMMARY: Dem House Minority Leader Hakeem Jeffries blasted President Trump for saying out loud what millions of rational people are thinking. Following the moment where Minnesota Rep Ilhan Omar was sprayed with a smelly liquid during a press conference on Tuesday, theories that the bizarre scene was staged immediately emerged. Why? Because Omar is embroiled in scandals and is entrenched in a state rife with widespread massive fraud. Trump called into que…

            Output ONLY the numeric bias score.
          
assistant-1.5"
Venezuelan Opposition Leader Machado Gives Trump Her Nobel Peace Prize,Venezuelan opposition leader and Nobel Peace Prize winner Maria Corina Machado said she presented US President Donald Trump with her award. 1 month ago,Lean Left,"system
You are participating in a standardized News Bias Classification task for academic
research. Output ONLY a single numeric value between -3.0 and +3.0.

Do NOT provide explanations or text.

user
            HEADLINE: Venezuelan Opposition Leader Machado Gives Trump Her Nobel Peace Prize
            ARTICLE SUMMARY: Venezuelan opposition leader and Nobel Peace Prize winner Maria Corina Machado said she presented US President Donald Trump with her award. 1 month ago

            Output ONLY the numeric bias score.
          
assistant-2.5"
Trump sues IRS and Treasury Department for $10BN over leak of his tax returns,The lawsuit was filed by the president and members of his family on Thursday,Lean Left,"system
You are participating in a standardized News Bias Classification task for academic
research. Output ONLY a single numeric value between -3.0 and +3.0.

Do NOT provide explanations or text.

user
            HEADLINE: Trump sues IRS and Treasury Department for $10BN over leak of his tax returns
            ARTICLE SUMMARY: The lawsuit was filed by the president and members of his family on Thursday

            Output ONLY the numeric bias score.
          
assistant-1.5"
Severe Winter Storm Leaves 1 Million Customers without Power in the Southern Us,"By KATE BRUMBACK and JULIE WALKER A massive winter storm dumped sleet, freezing rain, and snow across the southern United States and into New England on Sunday, bringing frigid temperatures and paralyzing air and road traffic. Tree limbs and power lines snapped under the weight of the ice, and about 1 million homes and businesses in the Southeast lost power. Ice and snow are expected to continue through Monday across much of the country, followe…",Right,"system
You are participating in a standardized News Bias Classification task for academic
research. Output ONLY a single numeric value between -3.0 and +3.0.

Do NOT provide explanations or text.

user
            HEADLINE: Severe Winter Storm Leaves 1 Million Customers without Power in the Southern Us
            ARTICLE SUMMARY: By KATE BRUMBACK and JULIE WALKER A massive winter storm dumped sleet, freezing rain, and snow across the southern United States and into New England on Sunday, bringing frigid temperatures and paralyzing air and road traffic. Tree limbs and power lines snapped under the weight of the ice, and about 1 million homes and businesses in the Southeast lost power. Ice and snow are expected to continue through Monday across much of the country, followe…

            Output ONLY the numeric bias score.
          
assistant-1.5"
7 Republican Senators Join Democrats To Block Funding Package * 100PercentFedUp.com * by Danielle,"Several Republican senators joined Democrats to block a six-bill funding package to avoid a partial government shutdown past Friday. Previously, […]",Far Right,"system
You are participating in a standardized News Bias Classification task for academic
research. Output ONLY a single numeric value between -3.0 and +3.0.

Do NOT provide explanations or text.

user
            HEADLINE: 7 Republican Senators Join Democrats To Block Funding Package * 100PercentFedUp.com * by Danielle
            ARTICLE SUMMARY: Several Republican senators joined Democrats to block a six-bill funding package to avoid a partial government shutdown past Friday. Previously, […]

            Output ONLY the numeric bias score.
          
assistant-1.5"
CBS News chief Bari Weiss tells staff ‘we’re toast’ if they continue on current path,CBS News chief Bari Weiss told her staff that “we're toast” if the network continues with its current business strategy and invoked Walter Cronkite as a symbol of old thinking.,Lean Left,"system
You are participating in a standardized News Bias Classification task for academic
research. Output ONLY a single numeric value between -3.0 and +3.0.

Do NOT provide explanations or text.

user
            HEADLINE: CBS News chief Bari Weiss tells staff ‘we’re toast’ if they continue on current path
            ARTICLE SUMMARY: CBS News chief Bari Weiss told her staff that “we're toast” if the network continues with its current business strategy and invoked Walter Cronkite as a symbol of old thinking.

            Output ONLY the numeric bias score.
          
assistant-2.5"
"Minneapolis: Federal Agents Involved in the Death of Alex Pretti Suspended, Trump Takes the Mayor of the City",The 37-year-old nurse had been shot dead on Saturday by members of the Border Police (BBP). The American president and his administration had first taken up their defenses.,Lean Left,"system
You are participating in a standardized News Bias Classification task for academic
research. Output ONLY a single numeric value between -3.0 and +3.0.

Do NOT provide explanations or text.

user
            HEADLINE: Minneapolis: Federal Agents Involved in the Death of Alex Pretti Suspended, Trump Takes the Mayor of the City
            ARTICLE SUMMARY: The 37-year-old nurse had been shot dead on Saturday by members of the Border Police (BBP). The American president and his administration had first taken up their defenses.

            Output ONLY the numeric bias score.
          
assistant-1.5"
Judge Halts Controversial Refugee Initiative in Minnesota,"A federal judge has temporarily blocked a Trump administration policy targeting 5,600 refugees in Minnesota awaiting green cards. The decision, delivered by Judge John Tunheim, argues that federal agents violated statutes by arresting refugees. The ruling pauses 'Operation PARRIS' until further legal arguments are presented.",Center,"system
You are participating in a standardized News Bias Classification task for academic
research. Output ONLY a single numeric value between -3.0 and +3.0.

Do NOT provide explanations or text.

user
            HEADLINE: Judge Halts Controversial Refugee Initiative in Minnesota
            ARTICLE SUMMARY: A federal judge has temporarily blocked a Trump administration policy targeting 5,600 refugees in Minnesota awaiting green cards. The decision, delivered by Judge John Tunheim, argues that federal agents violated statutes by arresting refugees. The ruling pauses 'Operation PARRIS' until further legal arguments are presented.

            Output ONLY the numeric bias score.
          
assistant-2.5"
Congresswoman Attacked with Smelly Pink Liquid,"The 43-year-old congresswoman criticized the government shortly before the attack, calling for the abolition of the ICE service and the resignation or removal of the Secretary of Homeland Security.",Lean Left,"system
You are participating in a standardized News Bias Classification task for academic
research. Output ONLY a single numeric value between -3.0 and +3.0.

Do NOT provide explanations or text.

user
            HEADLINE: Congresswoman Attacked with Smelly Pink Liquid
            ARTICLE SUMMARY: The 43-year-old congresswoman criticized the government shortly before the attack, calling for the abolition of the ICE service and the resignation or removal of the Secretary of Homeland Security.

            Output ONLY the numeric bias score.
          
assistant-1.5"
"Russia, Ukraine exchange bodies of fallen soldiers","Russia says 1,000 bodies of deceased soldiers returned to Ukraine, with 38 received in return - Anadolu Ajansı",Right,"system
You are participating in a standardized News Bias Classification task for academic
research. Output ONLY a single numeric value between -3.0 and +3.0.

Do NOT provide explanations or text.

user
            HEADLINE: Russia, Ukraine exchange bodies of fallen soldiers
            ARTICLE SUMMARY: Russia says 1,000 bodies of deceased soldiers returned to Ukraine, with 38 received in return - Anadolu Ajansı

            Output ONLY the numeric bias score.
          
assistant0.0"
Trump Drops Surprise Update After Call With Tim Walz,President Donald Trump revealed on Monday that Minnesota’s Democrat Governor Tim Walz had personally reached out to him seeking cooperation “with resp...,Right,"system
You are participating in a standardized News Bias Classification task for academic
research. Output ONLY a single numeric value between -3.0 and +3.0.

Do NOT provide explanations or text.

user
            HEADLINE: Trump Drops Surprise Update After Call With Tim Walz
            ARTICLE SUMMARY: President Donald Trump revealed on Monday that Minnesota’s Democrat Governor Tim Walz had personally reached out to him seeking cooperation “with resp...

            Output ONLY the numeric bias score.
          
assistant-1.5"
"6 Things to Know: Minnesota congresswoman Ilhan Omar attacked, Keurig coffee recall","Good Wednesday morning, Coastal Bend friends! Sunrise Anchors Bryan and Michelle Hofmann here, and we are wrapping up the top headlines you need to know as you are heading out the door!This morning, the Federal Reserve wraps up a closely watched meeting on interest rates, a congressional hearing is set on Californias deadly Palisades Fire, and new details after an attack on a Minnesota congresswoman. We are also tracking a major Army technology …",Center,"system
You are participating in a standardized News Bias Classification task for academic
research. Output ONLY a single numeric value between -3.0 and +3.0.

Do NOT provide explanations or text.

user
            HEADLINE: 6 Things to Know: Minnesota congresswoman Ilhan Omar attacked, Keurig coffee recall
            ARTICLE SUMMARY: Good Wednesday morning, Coastal Bend friends! Sunrise Anchors Bryan and Michelle Hofmann here, and we are wrapping up the top headlines you need to know as you are heading out the door!This morning, the Federal Reserve wraps up a closely watched meeting on interest rates, a congressional hearing is set on Californias deadly Palisades Fire, and new details after an attack on a Minnesota congresswoman. We are also tracking a major Army technology …

            Output ONLY the numeric bias score.
          
assistant-1.5"
"Developing: Shooting at RI Ice Rink Leaves at Least 2 Dead, Multiple Injured",Shooting at Rhode Island ice rink leaves at least 2 dead and multiple injured during a youth hockey game.,Right,"system
You are participating in a standardized News Bias Classification task for academic
research. Output ONLY a single numeric value between -3.0 and +3.0.

Do NOT provide explanations or text.

user
            HEADLINE: Developing: Shooting at RI Ice Rink Leaves at Least 2 Dead, Multiple Injured
            ARTICLE SUMMARY: Shooting at Rhode Island ice rink leaves at least 2 dead and multiple injured during a youth hockey game.

            Output ONLY the numeric bias score.
          
assistant-1.5"
"Justice Department releases largest batch yet of Epstein documents, says it totals 3 million pages","The Justice Department has released many more records from its investigative files on Jeffrey Epstein, resuming disclosures about what the government knew about the millionaire financier’s sexual abuse of young girls and his interactions with rich and powerful people such as Donald Trump and Bill Cl",Lean Left,"system
You are participating in a standardized News Bias Classification task for academic
research. Output ONLY a single numeric value between -3.0 and +3.0.

Do NOT provide explanations or text.

user
            HEADLINE: Justice Department releases largest batch yet of Epstein documents, says it totals 3 million pages
            ARTICLE SUMMARY: The Justice Department has released many more records from its investigative files on Jeffrey Epstein, resuming disclosures about what the government knew about the millionaire financier’s sexual abuse of young girls and his interactions with rich and powerful people such as Donald Trump and Bill Cl

            Output ONLY the numeric bias score.
          
assistant-1.5"
Man charged with posing as FBI agent in attempt to free Mangione from jail,"A Minnesota man has been charged with impersonating a federal agent after authorities say he tried to enter a federal detention center in Brooklyn to secure the release of Luigi Mangione, according to a criminal complaint. The charge stems from an incident on Wednesday, when prosecutors say Mark Anderson falsely claimed to be an FBI agent while attempting to gain access to the Metropolitan Detention Center in Brooklyn. The complaint was filed in…",Center,"system
You are participating in a standardized News Bias Classification task for academic
research. Output ONLY a single numeric value between -3.0 and +3.0.

Do NOT provide explanations or text.

user
            HEADLINE: Man charged with posing as FBI agent in attempt to free Mangione from jail
            ARTICLE SUMMARY: A Minnesota man has been charged with impersonating a federal agent after authorities say he tried to enter a federal detention center in Brooklyn to secure the release of Luigi Mangione, according to a criminal complaint. The charge stems from an incident on Wednesday, when prosecutors say Mark Anderson falsely claimed to be an FBI agent while attempting to gain access to the Metropolitan Detention Center in Brooklyn. The complaint was filed in…

            Output ONLY the numeric bias score.
          
assistant-1.5"
Venezuelan Nobel Peace Prize winner gives her medal to Donald Trump,"In a ‌social media post, Trump wrote: ‘Maria presented me with her Nobel Peace Prize for the work I have done. Such a wonderful gesture of mutual respect. Thank you Maria!’ 1 month ago · London, United Kingdom",Center,"system
You are participating in a standardized News Bias Classification task for academic
research. Output ONLY a single numeric value between -3.0 and +3.0.

Do NOT provide explanations or text.

user
            HEADLINE: Venezuelan Nobel Peace Prize winner gives her medal to Donald Trump
            ARTICLE SUMMARY: In a ‌social media post, Trump wrote: ‘Maria presented me with her Nobel Peace Prize for the work I have done. Such a wonderful gesture of mutual respect. Thank you Maria!’ 1 month ago · London, United Kingdom

            Output ONLY the numeric bias score.
          
assistant-1.0"
What's in the Newly Published Epstein Files,"More than three million pages of documents, thousands of videos and far more than 100,000 photos: The U.S. Department of Justice has published further investigation files on the case of the sex offender Jeffrey Epstein. This time, particular attention is being paid to e-mails with powerful men - including tech billionaire Elon Musk and the British ex-prince Andrew. In addition to e-mails, court documents, medical advice and investigation documen…",Center,"system
You are participating in a standardized News Bias Classification task for academic
research. Output ONLY a single numeric value between -3.0 and +3.0.

Do NOT provide explanations or text.

user
            HEADLINE: What's in the Newly Published Epstein Files
            ARTICLE SUMMARY: More than three million pages of documents, thousands of videos and far more than 100,000 photos: The U.S. Department of Justice has published further investigation files on the case of the sex offender Jeffrey Epstein. This time, particular attention is being paid to e-mails with powerful men - including tech billionaire Elon Musk and the British ex-prince Andrew. In addition to e-mails, court documents, medical advice and investigation documen…

            Output ONLY the numeric bias score.
          
assistant-1.5"
"Winter storm cripples travel, leaves more than 1 million without power","WORLD is a news organization producing Biblically sound, daily coverage of global, national, and cultural current events.",Right,"system
You are participating in a standardized News Bias Classification task for academic
research. Output ONLY a single numeric value between -3.0 and +3.0.

Do NOT provide explanations or text.

user
            HEADLINE: Winter storm cripples travel, leaves more than 1 million without power
            ARTICLE SUMMARY: WORLD is a news organization producing Biblically sound, daily coverage of global, national, and cultural current events.

            Output ONLY the numeric bias score.
          
assistant-1.5"
Study finds greater role for genetics in driving human lifespan | Science-Environment,"Study finds greater role for genetics in driving human lifespan Many factors influence how long you live, such as diet, exercise, smoking, drinking, environment and other variables. It also helps not ‌to get hit by a dump truck. But what about your genes? That has been a contentious question for decades.A new study points to a larger role for genetics than previous research had indicated, estimating the contribution of genes to determining human…",Center,"system
You are participating in a standardized News Bias Classification task for academic
research. Output ONLY a single numeric value between -3.0 and +3.0.

Do NOT provide explanations or text.

user
            HEADLINE: Study finds greater role for genetics in driving human lifespan | Science-Environment
            ARTICLE SUMMARY: Study finds greater role for genetics in driving human lifespan Many factors influence how long you live, such as diet, exercise, smoking, drinking, environment and other variables. It also helps not ‌to get hit by a dump truck. But what about your genes? That has been a contentious question for decades.A new study points to a larger role for genetics than previous research had indicated, estimating the contribution of genes to determining human…

            Output ONLY the numeric bias score.
          
assistant-1.5"
The data center dependency crisis: When our grid can’t function without big tech,"We're sleepwalking into a future where our electric grid depends on the voluntary cooperation of private technology companies because the short-term benefits are too attractive to resist, writes Mothusi Pahl of Hartwell and Loche. 1 month ago",Lean Left,"system
You are participating in a standardized News Bias Classification task for academic
research. Output ONLY a single numeric value between -3.0 and +3.0.

Do NOT provide explanations or text.

user
            HEADLINE: The data center dependency crisis: When our grid can’t function without big tech
            ARTICLE SUMMARY: We're sleepwalking into a future where our electric grid depends on the voluntary cooperation of private technology companies because the short-term benefits are too attractive to resist, writes Mothusi Pahl of Hartwell and Loche. 1 month ago

            Output ONLY the numeric bias score.
          
assistant-1.5"
Trump files $10B lawsuit against IRS over alleged tax return leaks to news outlets,"President Donald Trump filed a $10 billion lawsuit against the IRS, accusing the agency of unlawfully leaking his tax returns. Here's what we know.",Center,"system
You are participating in a standardized News Bias Classification task for academic
research. Output ONLY a single numeric value between -3.0 and +3.0.

Do NOT provide explanations or text.

user
            HEADLINE: Trump files $10B lawsuit against IRS over alleged tax return leaks to news outlets
            ARTICLE SUMMARY: President Donald Trump filed a $10 billion lawsuit against the IRS, accusing the agency of unlawfully leaking his tax returns. Here's what we know.

            Output ONLY the numeric bias score.
          
assistant-2.5"
BIW confirms Rhode Island hockey arena shooter was active employee,"Bath Iron Works has confirmed that the person who shot and killed two people, wounded three others, and then took their own life at a Rhode Island youth hockey game on Monday was an active employee of the company.",Lean Left,"system
You are participating in a standardized News Bias Classification task for academic
research. Output ONLY a single numeric value between -3.0 and +3.0.

Do NOT provide explanations or text.

user
            HEADLINE: BIW confirms Rhode Island hockey arena shooter was active employee
            ARTICLE SUMMARY: Bath Iron Works has confirmed that the person who shot and killed two people, wounded three others, and then took their own life at a Rhode Island youth hockey game on Monday was an active employee of the company.

            Output ONLY the numeric bias score.
          
assistant-1.5"
How will CDC vaccine schedule changes affect CT residents?,The Centers for Disease Control and Prevention announced updates to its recommendations for childhood vaccines. Here's what to know.,Center,"system
You are participating in a standardized News Bias Classification task for academic
research. Output ONLY a single numeric value between -3.0 and +3.0.

Do NOT provide explanations or text.

user
            HEADLINE: How will CDC vaccine schedule changes affect CT residents?
            ARTICLE SUMMARY: The Centers for Disease Control and Prevention announced updates to its recommendations for childhood vaccines. Here's what to know.

            Output ONLY the numeric bias score.
          
assistant0.0"
Bulgaria becomes 21st eurozone member,"Bulgaria enters the Eurozone amid political instability after the collapse of its government and mass street protests. 2 months ago · Berlin, Germany",Center,"system
You are participating in a standardized News Bias Classification task for academic
research. Output ONLY a single numeric value between -3.0 and +3.0.

Do NOT provide explanations or text.

user
            HEADLINE: Bulgaria becomes 21st eurozone member
            ARTICLE SUMMARY: Bulgaria enters the Eurozone amid political instability after the collapse of its government and mass street protests. 2 months ago · Berlin, Germany

            Output ONLY the numeric bias score.
          
assistant-1.0"
Countries Can Be Punished – Trump's New Threat,"Donald Trump has made a new tariff threat. This time against countries that do not support his plans to take over Greenland. At the same time, Danish Foreign Minister Lars Løkke Rasmussen states that the meeting at the White House was successful. 1 month ago · Stockholm, Sweden",Right,"system
You are participating in a standardized News Bias Classification task for academic
research. Output ONLY a single numeric value between -3.0 and +3.0.

Do NOT provide explanations or text.

user
            HEADLINE: Countries Can Be Punished – Trump's New Threat
            ARTICLE SUMMARY: Donald Trump has made a new tariff threat. This time against countries that do not support his plans to take over Greenland. At the same time, Danish Foreign Minister Lars Løkke Rasmussen states that the meeting at the White House was successful. 1 month ago · Stockholm, Sweden

            Output ONLY the numeric bias score.
          
assistant-1.5"
"Late Breaking: Trump Files Gargantuan Lawsuit Against the IRS, Finally Setting up Justice After Leak Exposed His and 400,000 Other Americans' Taxes","President Donald Trump filed a $10 billion lawsuit against the Internal Revenue Service for negligently allowing one of its contractors to maliciously leak his tax returns to the New York […] The post Late Breaking: Trump Files Gargantuan Lawsuit Against the IRS, Finally Setting up Justice After Leak Exposed His and 400,000 Other Americans' Taxes appeared first on The Western Journal.",Right,"system
You are participating in a standardized News Bias Classification task for academic
research. Output ONLY a single numeric value between -3.0 and +3.0.

Do NOT provide explanations or text.

user
            HEADLINE: Late Breaking: Trump Files Gargantuan Lawsuit Against the IRS, Finally Setting up Justice After Leak Exposed His and 400,000 Other Americans' Taxes
            ARTICLE SUMMARY: President Donald Trump filed a $10 billion lawsuit against the Internal Revenue Service for negligently allowing one of its contractors to maliciously leak his tax returns to the New York […] The post Late Breaking: Trump Files Gargantuan Lawsuit Against the IRS, Finally Setting up Justice After Leak Exposed His and 400,000 Other Americans' Taxes appeared first on The Western Journal.

            Output ONLY the numeric bias score.
          
assistant-1.5"
"Bondi clashes with lawmakers, deflects on Epstein files","Attorney General Pam Bondi launched into a wide-ranging, passionate defense of President Donald Trump, repeatedly shouting at Democrats during a combative hearing in which she postured herself as the Republican's chief protector and tried to turn the page from persistent criticism of the Justice Departments handling of the Jeffrey Epstein files.Besieged by questions over Epstein and accusations of a weaponized Justice Department, Bondi aggressiv…",Center,"system
You are participating in a standardized News Bias Classification task for academic
research. Output ONLY a single numeric value between -3.0 and +3.0.

Do NOT provide explanations or text.

user
            HEADLINE: Bondi clashes with lawmakers, deflects on Epstein files
            ARTICLE SUMMARY: Attorney General Pam Bondi launched into a wide-ranging, passionate defense of President Donald Trump, repeatedly shouting at Democrats during a combative hearing in which she postured herself as the Republican's chief protector and tried to turn the page from persistent criticism of the Justice Departments handling of the Jeffrey Epstein files.Besieged by questions over Epstein and accusations of a weaponized Justice Department, Bondi aggressiv…

            Output ONLY the numeric bias score.
          
assistant-2.5"
"2 killed, 3 wounded in shooting at high school hockey game in Rhode Island",Officials say the incident was related to a family dispute.,Center,"system
You are participating in a standardized News Bias Classification task for academic
research. Output ONLY a single numeric value between -3.0 and +3.0.

Do NOT provide explanations or text.

user
            HEADLINE: 2 killed, 3 wounded in shooting at high school hockey game in Rhode Island
            ARTICLE SUMMARY: Officials say the incident was related to a family dispute.

            Output ONLY the numeric bias score.
          
assistant-1.5"
Trump threatens Insurrection Act deployment amid Minneapolis unrest,"(L-top) President Trump on January 13, 2026 in Dearborn, Michigan. (Photo by Anna Moneymaker/Getty Images) / (L-bottom) Residents confront federal agents on January 14, 2026. (Photo by Scott Olson/Getty Images) / (R-top) Federal agents launch tear gas at residents protesting on January 14, 2026. (Photo by Scott Olson/Getty Images)/ (R-bottom) Minneapolis Mayor Jacob Frey (C)... The post Trump threatens Insurrection Act deployment amid Minneapoli… 1 month ago · San Diego, United States",Right,"system
You are participating in a standardized News Bias Classification task for academic
research. Output ONLY a single numeric value between -3.0 and +3.0.

Do NOT provide explanations or text.

user
            HEADLINE: Trump threatens Insurrection Act deployment amid Minneapolis unrest
            ARTICLE SUMMARY: (L-top) President Trump on January 13, 2026 in Dearborn, Michigan. (Photo by Anna Moneymaker/Getty Images) / (L-bottom) Residents confront federal agents on January 14, 2026. (Photo by Scott Olson/Getty Images) / (R-top) Federal agents launch tear gas at residents protesting on January 14, 2026. (Photo by Scott Olson/Getty Images)/ (R-bottom) Minneapolis Mayor Jacob Frey (C)... The post Trump threatens Insurrection Act deployment amid Minneapoli… 1 month ago · San Diego, United States

            Output ONLY the numeric bias score.
          
assistant-1.5"
"Bulgaria's Entry Into the Euro Area: ""Come as You Are!"", Even if You Don't Have Much","Bulgaria, the poorest country in the European Union, adopts the single currency. A good news? Perhaps not for the employees of the ""rich"" countries of the West, such as France or Germany, nor for the status of the euro itself. 2 months ago",Lean Left,"system
You are participating in a standardized News Bias Classification task for academic
research. Output ONLY a single numeric value between -3.0 and +3.0.

Do NOT provide explanations or text.

user
            HEADLINE: Bulgaria's Entry Into the Euro Area: ""Come as You Are!"", Even if You Don't Have Much
            ARTICLE SUMMARY: Bulgaria, the poorest country in the European Union, adopts the single currency. A good news? Perhaps not for the employees of the ""rich"" countries of the West, such as France or Germany, nor for the status of the euro itself. 2 months ago

            Output ONLY the numeric bias score.
          
assistant-1.5"
France eyes Australia-style ban on social media for under-15s next year,A draft law proposes introducing the measure by next September. 2 months ago · Ireland,Lean Left,"system
You are participating in a standardized News Bias Classification task for academic
research. Output ONLY a single numeric value between -3.0 and +3.0.

Do NOT provide explanations or text.

user
            HEADLINE: France eyes Australia-style ban on social media for under-15s next year
            ARTICLE SUMMARY: A draft law proposes introducing the measure by next September. 2 months ago · Ireland

            Output ONLY the numeric bias score.
          
assistant-1.5"
"A Serious Accident at a Television Station in Italy. Two People Injured, and 100 Others Are Blocked at 2,800 Metres High. the Bombers and Police Helicopters, Used for Evacuation -Video","In the first information, the accident occurred at Monte Moro mountain station, at an altitude of about 2,800 metres, possibly due to the rapid arrival of the telecabina at the station.The two victims were immediately assisted by a doctor and assistant who is happening in the area, and will be evacuated by a medical helicopter. Fortunately, their lives are not at risk.The authorities say that the entire telecabin system has been blocked, and the… 2 months ago",Right,"system
You are participating in a standardized News Bias Classification task for academic
research. Output ONLY a single numeric value between -3.0 and +3.0.

Do NOT provide explanations or text.

user
            HEADLINE: A Serious Accident at a Television Station in Italy. Two People Injured, and 100 Others Are Blocked at 2,800 Metres High. the Bombers and Police Helicopters, Used for Evacuation -Video
            ARTICLE SUMMARY: In the first information, the accident occurred at Monte Moro mountain station, at an altitude of about 2,800 metres, possibly due to the rapid arrival of the telecabina at the station.The two victims were immediately assisted by a doctor and assistant who is happening in the area, and will be evacuated by a medical helicopter. Fortunately, their lives are not at risk.The authorities say that the entire telecabin system has been blocked, and the… 2 months ago

            Output ONLY the numeric bias score.
          
assistant-1.5"
Judge Temporarily Bars Trump Administration From Detaining Minnesota Refugees,"A federal judge on Wednesday temporarily blocked the Trump administration from arresting or detaining refugees in Minnesota, and ordered the release of those in custody.",Center,"system
You are participating in a standardized News Bias Classification task for academic
research. Output ONLY a single numeric value between -3.0 and +3.0.

Do NOT provide explanations or text.

user
            HEADLINE: Judge Temporarily Bars Trump Administration From Detaining Minnesota Refugees
            ARTICLE SUMMARY: A federal judge on Wednesday temporarily blocked the Trump administration from arresting or detaining refugees in Minnesota, and ordered the release of those in custody.

            Output ONLY the numeric bias score.
          
assistant-2.5"
Trump Told Police ‘Everyone’ Knew About Epstein,"“President Donald Trump has repeatedly maintained that he had no knowledge of Jeffrey Epstein’s sex crimes,” the Miami Herald reports. “But in July 2006, just as Jeffrey Epstein’s criminal sex charge became public, Trump called then-Palm Beach police chief Michael Reiter to tell him that Epstein’s activities with teenaged girls were well known in both New York and Palm Beach.” Said Trump, according to a FBI interview with Reiter: “Thank goodness…",Center,"system
You are participating in a standardized News Bias Classification task for academic
research. Output ONLY a single numeric value between -3.0 and +3.0.

Do NOT provide explanations or text.

user
            HEADLINE: Trump Told Police ‘Everyone’ Knew About Epstein
            ARTICLE SUMMARY: “President Donald Trump has repeatedly maintained that he had no knowledge of Jeffrey Epstein’s sex crimes,” the Miami Herald reports. “But in July 2006, just as Jeffrey Epstein’s criminal sex charge became public, Trump called then-Palm Beach police chief Michael Reiter to tell him that Epstein’s activities with teenaged girls were well known in both New York and Palm Beach.” Said Trump, according to a FBI interview with Reiter: “Thank goodness…

            Output ONLY the numeric bias score.
          
assistant-1.5"
Kevin Warsh Is the Next Fed President.,"President Donald Trump said Friday that he will nominate former Federal Reserve official Kevin Warsh to be the next Fed president, an election that will likely result in drastic changes in the powerful agency that could bring him closer to the White House and reduce his former independence from daily politics. Warsh would replace the current president, Jerome Powell, when his term expires in May. Trump chose Powell to run the Federal Reserve in …",Center,"system
You are participating in a standardized News Bias Classification task for academic
research. Output ONLY a single numeric value between -3.0 and +3.0.

Do NOT provide explanations or text.

user
            HEADLINE: Kevin Warsh Is the Next Fed President.
            ARTICLE SUMMARY: President Donald Trump said Friday that he will nominate former Federal Reserve official Kevin Warsh to be the next Fed president, an election that will likely result in drastic changes in the powerful agency that could bring him closer to the White House and reduce his former independence from daily politics. Warsh would replace the current president, Jerome Powell, when his term expires in May. Trump chose Powell to run the Federal Reserve in …

            Output ONLY the numeric bias score.
          
assistant-1.5"
Border Patrol shooting in Minneapolis sparks tense debate on Colorado Senate floor,"The death of Alex Pretti in Minneapolis in the hands of Border Patrol agents over the weekend prompted a debate among Colorado senators on Monday, with Democrats saying he and others were just exercising their rights, while Republicans questioned bringing a loaded weapon to a protest. “We are witnessing the conflation of immigration status, dissent, […]",Center,"system
You are participating in a standardized News Bias Classification task for academic
research. Output ONLY a single numeric value between -3.0 and +3.0.

Do NOT provide explanations or text.

user
            HEADLINE: Border Patrol shooting in Minneapolis sparks tense debate on Colorado Senate floor
            ARTICLE SUMMARY: The death of Alex Pretti in Minneapolis in the hands of Border Patrol agents over the weekend prompted a debate among Colorado senators on Monday, with Democrats saying he and others were just exercising their rights, while Republicans questioned bringing a loaded weapon to a protest. “We are witnessing the conflation of immigration status, dissent, […]

            Output ONLY the numeric bias score.
          
assistant-1.5"
The Awesome Footage of the Shooting at a Hockey School Game that Left Three Dead on Rhode Island,"At least three people have died and three others remain in critical condition following a shooting this Monday inside the Lynch Arena of Pawtucket, in Rhode Island State, USA, while a school ice hockey match was being held. The alleged perpetrator of the shooting, identified by the police as Robert Dorgan (also known as Roberta Esposito), 56 years old, committed suicide after allegedly shooting at family members during a match of his eldest son.…",Center,"system
You are participating in a standardized News Bias Classification task for academic
research. Output ONLY a single numeric value between -3.0 and +3.0.

Do NOT provide explanations or text.

user
            HEADLINE: The Awesome Footage of the Shooting at a Hockey School Game that Left Three Dead on Rhode Island
            ARTICLE SUMMARY: At least three people have died and three others remain in critical condition following a shooting this Monday inside the Lynch Arena of Pawtucket, in Rhode Island State, USA, while a school ice hockey match was being held. The alleged perpetrator of the shooting, identified by the police as Robert Dorgan (also known as Roberta Esposito), 56 years old, committed suicide after allegedly shooting at family members during a match of his eldest son.…

            Output ONLY the numeric bias score.
          
assistant-1.5"
“Looks like a surrender”: Right-wing media figures are disappointed by Trump’s demotion of Border Patrol commander Greg Bovino,"Some right-wing media figures are frustrated over Border Patrol commander Greg Bovino’s demotion and removal from Minneapolis following widespread backlash against the fatal shooting of Alex Pretti by masked Border Patrol agents there on January 24. Bovino has been the face of the Trump administration’s mass deportation efforts on the ground, overseeing operations in various cities across the U.S. Following Pretti’s killing, Bovino made statemen…",Right,"system
You are participating in a standardized News Bias Classification task for academic
research. Output ONLY a single numeric value between -3.0 and +3.0.

Do NOT provide explanations or text.

user
            HEADLINE: “Looks like a surrender”: Right-wing media figures are disappointed by Trump’s demotion of Border Patrol commander Greg Bovino
            ARTICLE SUMMARY: Some right-wing media figures are frustrated over Border Patrol commander Greg Bovino’s demotion and removal from Minneapolis following widespread backlash against the fatal shooting of Alex Pretti by masked Border Patrol agents there on January 24. Bovino has been the face of the Trump administration’s mass deportation efforts on the ground, overseeing operations in various cities across the U.S. Following Pretti’s killing, Bovino made statemen…

            Output ONLY the numeric bias score.
          
assistant-1.5"
Doctors ignore new federal vaccine recommendations to stick with science,"The American Academy of Pediatrics on Monday released its updated recommendations for what vaccines children should get. It’s a routine revision, hardly different from last year’s recommendations, but it carries more significance this year: More states and doctors are relying on it instead of a controversial new schedule from the US Centers for Disease Control and Prevention.",Center,"system
You are participating in a standardized News Bias Classification task for academic
research. Output ONLY a single numeric value between -3.0 and +3.0.

Do NOT provide explanations or text.

user
            HEADLINE: Doctors ignore new federal vaccine recommendations to stick with science
            ARTICLE SUMMARY: The American Academy of Pediatrics on Monday released its updated recommendations for what vaccines children should get. It’s a routine revision, hardly different from last year’s recommendations, but it carries more significance this year: More states and doctors are relying on it instead of a controversial new schedule from the US Centers for Disease Control and Prevention.

            Output ONLY the numeric bias score.
          
assistant0.0"
Swiss Ski Resort - Dozens of Dead and Injured After Fire in Bar in Crans-Montana,"According to the police, dozens of people have been killed in a fire in a bar in the Swiss ski resort Crans-Montana in the canton of Valais. Around one hundred people have been injured, most of them severely. 2 months ago · Germany",Center,"system
You are participating in a standardized News Bias Classification task for academic
research. Output ONLY a single numeric value between -3.0 and +3.0.

Do NOT provide explanations or text.

user
            HEADLINE: Swiss Ski Resort - Dozens of Dead and Injured After Fire in Bar in Crans-Montana
            ARTICLE SUMMARY: According to the police, dozens of people have been killed in a fire in a bar in the Swiss ski resort Crans-Montana in the canton of Valais. Around one hundred people have been injured, most of them severely. 2 months ago · Germany

            Output ONLY the numeric bias score.
          
assistant-1.5"
Justice Department Releases Millions More Pages From Epstein Files,"The U.S. Department of Justice released more than 3 million additional pages from its files on Jeffrey Epstein, expanding a court-ordered disclosure tied to federal transparency law. Deputy Attorney General Todd Blanche said the records were posted under the Epstein Files Transparency Act.The release follows the department’s failure to meet a December 19 deadline set by Congress. Officials said the delay stemmed from the need to review millions …",Right,"system
You are participating in a standardized News Bias Classification task for academic
research. Output ONLY a single numeric value between -3.0 and +3.0.

Do NOT provide explanations or text.

user
            HEADLINE: Justice Department Releases Millions More Pages From Epstein Files
            ARTICLE SUMMARY: The U.S. Department of Justice released more than 3 million additional pages from its files on Jeffrey Epstein, expanding a court-ordered disclosure tied to federal transparency law. Deputy Attorney General Todd Blanche said the records were posted under the Epstein Files Transparency Act.The release follows the department’s failure to meet a December 19 deadline set by Congress. Officials said the delay stemmed from the need to review millions …

            Output ONLY the numeric bias score.
          
assistant0.0"
'We Did Not Protect President Trump' DOJ Says Upon Releasing Millions More Epstein Files,"More than forty days after federal law required the release of the Epstein files, the U.S. Department of Justice announced it will post about three million additional documents from its trove on Friday. In addition to the documents, 2,000 videos and about 180,000 images will also be released, according to Deputy Attorney General Todd Blanche, who “said the files included images taken by Epstein and others that were on his devices but he didn’t t…",Right,"system
You are participating in a standardized News Bias Classification task for academic
research. Output ONLY a single numeric value between -3.0 and +3.0.

Do NOT provide explanations or text.

user
            HEADLINE: 'We Did Not Protect President Trump' DOJ Says Upon Releasing Millions More Epstein Files
            ARTICLE SUMMARY: More than forty days after federal law required the release of the Epstein files, the U.S. Department of Justice announced it will post about three million additional documents from its trove on Friday. In addition to the documents, 2,000 videos and about 180,000 images will also be released, according to Deputy Attorney General Todd Blanche, who “said the files included images taken by Epstein and others that were on his devices but he didn’t t…

            Output ONLY the numeric bias score.
          
assistant-1.5"
Pizzeria man with pie cutter tried to bust out Luigi Mangione,"A pizzeria worker posing as an FBI agent is facing charges after authorities say he tried to bust Luigi Mangione out of jail, according to reports.",Lean Left,"system
You are participating in a standardized News Bias Classification task for academic
research. Output ONLY a single numeric value between -3.0 and +3.0.

Do NOT provide explanations or text.

user
            HEADLINE: Pizzeria man with pie cutter tried to bust out Luigi Mangione
            ARTICLE SUMMARY: A pizzeria worker posing as an FBI agent is facing charges after authorities say he tried to bust Luigi Mangione out of jail, according to reports.

            Output ONLY the numeric bias score.
          
assistant-1.5"
Three Million New Documents: Us Department of Justice Publishes Additional Epstein Files,"With delay, the US Department of Justice is uploading a gigantic new set of files to the case of the sex offender Epstein. This concludes the sighting, the authority informs. The names of well-known politicians and personalities have not been blackened this time.",Right,"system
You are participating in a standardized News Bias Classification task for academic
research. Output ONLY a single numeric value between -3.0 and +3.0.

Do NOT provide explanations or text.

user
            HEADLINE: Three Million New Documents: Us Department of Justice Publishes Additional Epstein Files
            ARTICLE SUMMARY: With delay, the US Department of Justice is uploading a gigantic new set of files to the case of the sex offender Epstein. This concludes the sighting, the authority informs. The names of well-known politicians and personalities have not been blackened this time.

            Output ONLY the numeric bias score.
          
assistant0.0"
ITEP Statement: President Trump Sues the American People for $10 Billion,"The following is a statement by Amy Hanauer, executive director at the Institute on Taxation and Economic Policy, in response to yesterday’s announcement that President Trump and his family are suing the IRS over the leak of his tax returns by an IRS contractor: “Several years ago, an IRS contractor leaked confidential tax return data on the nation’s wealthiest people to various news outlets. Under laws written to protect the wealthy from public…",Lean Left,"system
You are participating in a standardized News Bias Classification task for academic
research. Output ONLY a single numeric value between -3.0 and +3.0.

Do NOT provide explanations or text.

user
            HEADLINE: ITEP Statement: President Trump Sues the American People for $10 Billion
            ARTICLE SUMMARY: The following is a statement by Amy Hanauer, executive director at the Institute on Taxation and Economic Policy, in response to yesterday’s announcement that President Trump and his family are suing the IRS over the leak of his tax returns by an IRS contractor: “Several years ago, an IRS contractor leaked confidential tax return data on the nation’s wealthiest people to various news outlets. Under laws written to protect the wealthy from public…

            Output ONLY the numeric bias score.
          
assistant-2.5"
Senate reaches deal to avoid partial government shutdown: Report,"The deal is expected to separate the DHS legislation from a ""minibus"" of five other funding bills and the Senate would then pass a continuing resolution to keep the department funded at its current level through Feb. 13.",Right,"system
You are participating in a standardized News Bias Classification task for academic
research. Output ONLY a single numeric value between -3.0 and +3.0.

Do NOT provide explanations or text.

user
            HEADLINE: Senate reaches deal to avoid partial government shutdown: Report
            ARTICLE SUMMARY: The deal is expected to separate the DHS legislation from a ""minibus"" of five other funding bills and the Senate would then pass a continuing resolution to keep the department funded at its current level through Feb. 13.

            Output ONLY the numeric bias score.
          
assistant-1.0"
Donald Trump threatens direct attack on Iran as he issues ultimatum with 'massive Armada on its way',"Donald Trump has warned a ""massive Armada is heading to Iran"" with ""speed and violence"" as tensions between the President and the Ayatollah escalate",Right,"system
You are participating in a standardized News Bias Classification task for academic
research. Output ONLY a single numeric value between -3.0 and +3.0.

Do NOT provide explanations or text.

user
            HEADLINE: Donald Trump threatens direct attack on Iran as he issues ultimatum with 'massive Armada on its way'
            ARTICLE SUMMARY: Donald Trump has warned a ""massive Armada is heading to Iran"" with ""speed and violence"" as tensions between the President and the Ayatollah escalate

            Output ONLY the numeric bias score.
          
assistant-2.5"
Man arrested after spraying unknown substance on US lawmaker Ilhan Omar at Minneapolis town hall,"Omar continued speaking for about 25 more minutes after the man was ushered out by security, saying she would not be intimidated.",Center,"system
You are participating in a standardized News Bias Classification task for academic
research. Output ONLY a single numeric value between -3.0 and +3.0.

Do NOT provide explanations or text.

user
            HEADLINE: Man arrested after spraying unknown substance on US lawmaker Ilhan Omar at Minneapolis town hall
            ARTICLE SUMMARY: Omar continued speaking for about 25 more minutes after the man was ushered out by security, saying she would not be intimidated.

            Output ONLY the numeric bias score.
          
assistant-1.5"
"Tragedy in Swiss Bar: Dozens Dead, Around a Hundred Injured","According to some reports, the wooden ceiling caught fire, as shown in a video that has been circulating on social media. 2 months ago",Lean Left,"system
You are participating in a standardized News Bias Classification task for academic
research. Output ONLY a single numeric value between -3.0 and +3.0.

Do NOT provide explanations or text.

user
            HEADLINE: Tragedy in Swiss Bar: Dozens Dead, Around a Hundred Injured
            ARTICLE SUMMARY: According to some reports, the wooden ceiling caught fire, as shown in a video that has been circulating on social media. 2 months ago

            Output ONLY the numeric bias score.
          
assistant-1.5"
Government Shutdown Looms as 7 Senate Republicans Join Democrats to Block Major Funding Package,"Senate Democrats followed through on their threat to block a sweeping government funding package, but the effort succeeded only after several Senate Republicans unexpectedly joined them to derail the legislation. The post Government Shutdown Looms as 7 Senate Republicans Join Democrats to Block Major Funding Package appeared first on Slay News.",Far Right,"system
You are participating in a standardized News Bias Classification task for academic
research. Output ONLY a single numeric value between -3.0 and +3.0.

Do NOT provide explanations or text.

user
            HEADLINE: Government Shutdown Looms as 7 Senate Republicans Join Democrats to Block Major Funding Package
            ARTICLE SUMMARY: Senate Democrats followed through on their threat to block a sweeping government funding package, but the effort succeeded only after several Senate Republicans unexpectedly joined them to derail the legislation. The post Government Shutdown Looms as 7 Senate Republicans Join Democrats to Block Major Funding Package appeared first on Slay News.

            Output ONLY the numeric bias score.
          
assistant-1.5"
Trump Chooses Kevin Warsh as New Us Central Bank Chairman,"US President Donald Trump has nominated Kevin Warsh as the new head of the Federal Reserve, the US central bank. He announced the announcement on Truth Social. Warsh is set to succeed Jerome Powell as Fed chairman. His term expires in May.",Center,"system
You are participating in a standardized News Bias Classification task for academic
research. Output ONLY a single numeric value between -3.0 and +3.0.

Do NOT provide explanations or text.

user
            HEADLINE: Trump Chooses Kevin Warsh as New Us Central Bank Chairman
            ARTICLE SUMMARY: US President Donald Trump has nominated Kevin Warsh as the new head of the Federal Reserve, the US central bank. He announced the announcement on Truth Social. Warsh is set to succeed Jerome Powell as Fed chairman. His term expires in May.

            Output ONLY the numeric bias score.
          
assistant-1.0"
"Trump sues IRS, Treasury Department for $10B over tax return leak | Honolulu Star-Advertiser",President Donald Trump on Thursday sued the Internal Revenue Service and Treasury Department for $10 billion over the disclosure of his tax returns to the media in 2019 and 2020.,Center,"system
You are participating in a standardized News Bias Classification task for academic
research. Output ONLY a single numeric value between -3.0 and +3.0.

Do NOT provide explanations or text.

user
            HEADLINE: Trump sues IRS, Treasury Department for $10B over tax return leak | Honolulu Star-Advertiser
            ARTICLE SUMMARY: President Donald Trump on Thursday sued the Internal Revenue Service and Treasury Department for $10 billion over the disclosure of his tax returns to the media in 2019 and 2020.

            Output ONLY the numeric bias score.
          
assistant-2.5"
"Venezuela: Venezuelan Opponent Maria Corina Machado Offered Trump His Nobel Peace Medal, He Greeted His ""Magnificent Gesture""","Maria Corina Machado has offered Donald Trump his Nobel medal, although he is running out of the election. 1 month ago",Lean Left,"system
You are participating in a standardized News Bias Classification task for academic
research. Output ONLY a single numeric value between -3.0 and +3.0.

Do NOT provide explanations or text.

user
            HEADLINE: Venezuela: Venezuelan Opponent Maria Corina Machado Offered Trump His Nobel Peace Medal, He Greeted His ""Magnificent Gesture""
            ARTICLE SUMMARY: Maria Corina Machado has offered Donald Trump his Nobel medal, although he is running out of the election. 1 month ago

            Output ONLY the numeric bias score.
          
assistant0.0"
Every aspect of the Epstein scandal must be probed,"Of course, Bill Clinton should cooperate with any investigation into Jeffrey Epstein's trafficking of underage girls. The suggestion that Democrats would shield a former president from questions that might tarnish his legacy speaks ill of Democrats. This concerns a criminal…",Lean Left,"system
You are participating in a standardized News Bias Classification task for academic
research. Output ONLY a single numeric value between -3.0 and +3.0.

Do NOT provide explanations or text.

user
            HEADLINE: Every aspect of the Epstein scandal must be probed
            ARTICLE SUMMARY: Of course, Bill Clinton should cooperate with any investigation into Jeffrey Epstein's trafficking of underage girls. The suggestion that Democrats would shield a former president from questions that might tarnish his legacy speaks ill of Democrats. This concerns a criminal…

            Output ONLY the numeric bias score.
          
assistant-2.5"
Michigan sees record cougar reports in 2025,"The Michigan Department of Natural Resources confirmed 31 cougar observations in 2025 and the number is expected to go up. That doesn’t necessarily mean there are more cougars in the state, but at least one family is established here.",Lean Left,"system
You are participating in a standardized News Bias Classification task for academic
research. Output ONLY a single numeric value between -3.0 and +3.0.

Do NOT provide explanations or text.

user
            HEADLINE: Michigan sees record cougar reports in 2025
            ARTICLE SUMMARY: The Michigan Department of Natural Resources confirmed 31 cougar observations in 2025 and the number is expected to go up. That doesn’t necessarily mean there are more cougars in the state, but at least one family is established here.

            Output ONLY the numeric bias score.
          
assistant0.0"
EU launches formal investigation of xAI over Grok's sexualized deepfakes,Elon Musk's company faces fines of up to 6 percent of its daily turnover.,Center,"system
You are participating in a standardized News Bias Classification task for academic
research. Output ONLY a single numeric value between -3.0 and +3.0.

Do NOT provide explanations or text.

user
            HEADLINE: EU launches formal investigation of xAI over Grok's sexualized deepfakes
            ARTICLE SUMMARY: Elon Musk's company faces fines of up to 6 percent of its daily turnover.

            Output ONLY the numeric bias score.
          
assistant-1.5"
Trump Chooses Kevin Warsh as New Us Central Bank Chairman,"US President Donald Trump has nominated Kevin Warsh as the new head of the Federal Reserve, the US central bank. He announced the announcement on Truth Social. Warsh is set to succeed Jerome Powell as Fed chairman. His term expires in May.",Center,"system
You are participating in a standardized News Bias Classification task for academic
research. Output ONLY a single numeric value between -3.0 and +3.0.

Do NOT provide explanations or text.

user
            HEADLINE: Trump Chooses Kevin Warsh as New Us Central Bank Chairman
            ARTICLE SUMMARY: US President Donald Trump has nominated Kevin Warsh as the new head of the Federal Reserve, the US central bank. He announced the announcement on Truth Social. Warsh is set to succeed Jerome Powell as Fed chairman. His term expires in May.

            Output ONLY the numeric bias score.
          
assistant-1.0"
"Release of Three Million Epstein Pages Falls Short, Survivors Say","The Justice Department on Friday finished its belated release of investigative files related to Jeffrey Epstein, the convicted sex trafficker, though officials conceded that the disclosure of more than three million pages was unlikely to put to rest the suspicions that surround the case. That was quickly reinforced by Democratic lawmakers and some of Mr. Epstein’s victims, who had forced the Trump administration to disclose the documents related…",Right,"system
You are participating in a standardized News Bias Classification task for academic
research. Output ONLY a single numeric value between -3.0 and +3.0.

Do NOT provide explanations or text.

user
            HEADLINE: Release of Three Million Epstein Pages Falls Short, Survivors Say
            ARTICLE SUMMARY: The Justice Department on Friday finished its belated release of investigative files related to Jeffrey Epstein, the convicted sex trafficker, though officials conceded that the disclosure of more than three million pages was unlikely to put to rest the suspicions that surround the case. That was quickly reinforced by Democratic lawmakers and some of Mr. Epstein’s victims, who had forced the Trump administration to disclose the documents related…

            Output ONLY the numeric bias score.
          
assistant-1.5"
Shock as Nobel Peace Prize winner gives her medal to Trump at the White House,The Nobel Peace Prize 2025 winner handed over her medal to Donald Trump in a shock move. 1 month ago,Lean Left,"system
You are participating in a standardized News Bias Classification task for academic
research. Output ONLY a single numeric value between -3.0 and +3.0.

Do NOT provide explanations or text.

user
            HEADLINE: Shock as Nobel Peace Prize winner gives her medal to Trump at the White House
            ARTICLE SUMMARY: The Nobel Peace Prize 2025 winner handed over her medal to Donald Trump in a shock move. 1 month ago

            Output ONLY the numeric bias score.
          
assistant-1.5"
Scientists Surprised – It Determines How Old We Become,"How we live seems to affect our lifespan much less than previously thought. A new study based on Swedish data, among other things, shows that genes are all the more important. “There is a limit to how much you can influence your lifespan,” says Sara Hägg, who researches the processes of aging.",Right,"system
You are participating in a standardized News Bias Classification task for academic
research. Output ONLY a single numeric value between -3.0 and +3.0.

Do NOT provide explanations or text.

user
            HEADLINE: Scientists Surprised – It Determines How Old We Become
            ARTICLE SUMMARY: How we live seems to affect our lifespan much less than previously thought. A new study based on Swedish data, among other things, shows that genes are all the more important. “There is a limit to how much you can influence your lifespan,” says Sara Hägg, who researches the processes of aging.

            Output ONLY the numeric bias score.
          
assistant-1.5"
Private jet that crashed in Bangor had history of cold-weather risks,"Flight records reviewed by 8 Investigates show the aircraft involved in Sunday's crash carries a federal warning related to cold-weather operations, according to government records.",Center,"system
You are participating in a standardized News Bias Classification task for academic
research. Output ONLY a single numeric value between -3.0 and +3.0.

Do NOT provide explanations or text.

user
            HEADLINE: Private jet that crashed in Bangor had history of cold-weather risks
            ARTICLE SUMMARY: Flight records reviewed by 8 Investigates show the aircraft involved in Sunday's crash carries a federal warning related to cold-weather operations, according to government records.

            Output ONLY the numeric bias score.
          
assistant-1.5"
"The DOJ says it's releasing 3 million new Epstein files — but withholding another 200,000 pages","Jeffrey Epstein photo from recently released DOJ files.Department of JusticeThe Justice Department says it's concluding its Epstein data dump with some 3 million new files.Some 200,000 files have been deemed privileged and will not be fully shared with the public.Todd Blanche said the files don't contain information that would justify additional charges. After sifting through ""two Eiffel Towers' worth"" of files related to convicted sex offender …",Lean Left,"system
You are participating in a standardized News Bias Classification task for academic
research. Output ONLY a single numeric value between -3.0 and +3.0.

Do NOT provide explanations or text.

user
            HEADLINE: The DOJ says it's releasing 3 million new Epstein files — but withholding another 200,000 pages
            ARTICLE SUMMARY: Jeffrey Epstein photo from recently released DOJ files.Department of JusticeThe Justice Department says it's concluding its Epstein data dump with some 3 million new files.Some 200,000 files have been deemed privileged and will not be fully shared with the public.Todd Blanche said the files don't contain information that would justify additional charges. After sifting through ""two Eiffel Towers' worth"" of files related to convicted sex offender …

            Output ONLY the numeric bias score.
          
assistant0.0"
Donald Trump sues IRS for $10 billion over tax data leak: What to know,President Donald Trump has accused the IRS and Treasury Department of failing to keep his tax returns confidential.,Center,"system
You are participating in a standardized News Bias Classification task for academic
research. Output ONLY a single numeric value between -3.0 and +3.0.

Do NOT provide explanations or text.

user
            HEADLINE: Donald Trump sues IRS for $10 billion over tax data leak: What to know
            ARTICLE SUMMARY: President Donald Trump has accused the IRS and Treasury Department of failing to keep his tax returns confidential.

            Output ONLY the numeric bias score.
          
assistant-2.5"
Machado Tells Supporters 'We Can Count on President Trump',"1 month ago · Washington, United States",Right,"system
You are participating in a standardized News Bias Classification task for academic
research. Output ONLY a single numeric value between -3.0 and +3.0.

Do NOT provide explanations or text.

user
            HEADLINE: Machado Tells Supporters 'We Can Count on President Trump'
            ARTICLE SUMMARY: 1 month ago · Washington, United States

            Output ONLY the numeric bias score.
          
assistant-1.5"
Plane involved in fatal crash in Maine had history of problems,The business jet that crashed Sunday evening while trying to take off in a snowstorm in Maine and killed at least a half dozen people is a plane model that has a history of problems with crashes caused by ice buildup on the wings.,Lean Left,"system
You are participating in a standardized News Bias Classification task for academic
research. Output ONLY a single numeric value between -3.0 and +3.0.

Do NOT provide explanations or text.

user
            HEADLINE: Plane involved in fatal crash in Maine had history of problems
            ARTICLE SUMMARY: The business jet that crashed Sunday evening while trying to take off in a snowstorm in Maine and killed at least a half dozen people is a plane model that has a history of problems with crashes caused by ice buildup on the wings.

            Output ONLY the numeric bias score.
          
assistant-2.5"
Was Alex Pretti the subject of a targeted assassination?,Emerging evidence strongly indicates that the murder of Pretti was a targeted assassination carried out by the Trump administration’s paramilitary forces in order to terrorize Minneapolis citizens opposing and recording its criminal activities.,Left,"system
You are participating in a standardized News Bias Classification task for academic
research. Output ONLY a single numeric value between -3.0 and +3.0.

Do NOT provide explanations or text.

user
            HEADLINE: Was Alex Pretti the subject of a targeted assassination?
            ARTICLE SUMMARY: Emerging evidence strongly indicates that the murder of Pretti was a targeted assassination carried out by the Trump administration’s paramilitary forces in order to terrorize Minneapolis citizens opposing and recording its criminal activities.

            Output ONLY the numeric bias score.
          
assistant-2.5"
Private Jet Crashes In Maine Killing Seven And Injuring One,"A routine take-off turned into chaos in the middle of a brutal winter storm. How much can pilots really see when snow, wind and darkness collide?Seven people were killed after a private jet crashed while departing Bangor International Airport in Maine on Sunday night. One crew member was seriously injured.The Bombardier Challenger 600, carrying eight people, went down around 7:45pm local time. It quickly burst into flames, according to the US Fe…",Center,"system
You are participating in a standardized News Bias Classification task for academic
research. Output ONLY a single numeric value between -3.0 and +3.0.

Do NOT provide explanations or text.

user
            HEADLINE: Private Jet Crashes In Maine Killing Seven And Injuring One
            ARTICLE SUMMARY: A routine take-off turned into chaos in the middle of a brutal winter storm. How much can pilots really see when snow, wind and darkness collide?Seven people were killed after a private jet crashed while departing Bangor International Airport in Maine on Sunday night. One crew member was seriously injured.The Bombardier Challenger 600, carrying eight people, went down around 7:45pm local time. It quickly burst into flames, according to the US Fe…

            Output ONLY the numeric bias score.
          
assistant-1.0"
Someone Tried to Jailbreak Luigi Mangione,A Minnesota man named Mark Anderson was arrested on Wednesday for allegedly impersonating an FBI agent in an attempt to get Luigi Mangione out of prison.,Left,"system
You are participating in a standardized News Bias Classification task for academic
research. Output ONLY a single numeric value between -3.0 and +3.0.

Do NOT provide explanations or text.

user
            HEADLINE: Someone Tried to Jailbreak Luigi Mangione
            ARTICLE SUMMARY: A Minnesota man named Mark Anderson was arrested on Wednesday for allegedly impersonating an FBI agent in an attempt to get Luigi Mangione out of prison.

            Output ONLY the numeric bias score.
          
assistant-2.5"
US official insists DoJ 'did not protect' Trump as new Epstein files released — as it happened,"More than 2,000 videos and 180,000 images have been released as part of the batch, which comes weeks after a legally mandated deadline signed by Donald Trump. Look back on how the day unfolded.",Lean Left,"system
You are participating in a standardized News Bias Classification task for academic
research. Output ONLY a single numeric value between -3.0 and +3.0.

Do NOT provide explanations or text.

user
            HEADLINE: US official insists DoJ 'did not protect' Trump as new Epstein files released — as it happened
            ARTICLE SUMMARY: More than 2,000 videos and 180,000 images have been released as part of the batch, which comes weeks after a legally mandated deadline signed by Donald Trump. Look back on how the day unfolded.

            Output ONLY the numeric bias score.
          
assistant-1.5"
"‘The real problem is sanctuary cities,’ Graham says as Senate fails to pass funding bill",Democrats on Thursday voted to block funding for the Department of Homeland Security and other agencies as talks continued over immigration reform.,Right,"system
You are participating in a standardized News Bias Classification task for academic
research. Output ONLY a single numeric value between -3.0 and +3.0.

Do NOT provide explanations or text.

user
            HEADLINE: ‘The real problem is sanctuary cities,’ Graham says as Senate fails to pass funding bill
            ARTICLE SUMMARY: Democrats on Thursday voted to block funding for the Department of Homeland Security and other agencies as talks continued over immigration reform.

            Output ONLY the numeric bias score.
          
assistant-1.5"
Democrats block government funding package in Senate as negotiations continue with White House to avert a shutdown,Democrats block government funding package in Senate as negotiations continue with White House to avert a shutdown.,Center,"system
You are participating in a standardized News Bias Classification task for academic
research. Output ONLY a single numeric value between -3.0 and +3.0.

Do NOT provide explanations or text.

user
            HEADLINE: Democrats block government funding package in Senate as negotiations continue with White House to avert a shutdown
            ARTICLE SUMMARY: Democrats block government funding package in Senate as negotiations continue with White House to avert a shutdown.

            Output ONLY the numeric bias score.
          
assistant-1.5"
"Elon Musk's X, Grok under new investigation: ""Violent, unacceptable""",The probe comes amid Trump administration attacks on Europe for its regulation of U.S. tech firms.,Center,"system
You are participating in a standardized News Bias Classification task for academic
research. Output ONLY a single numeric value between -3.0 and +3.0.

Do NOT provide explanations or text.

user
            HEADLINE: Elon Musk's X, Grok under new investigation: ""Violent, unacceptable""
            ARTICLE SUMMARY: The probe comes amid Trump administration attacks on Europe for its regulation of U.S. tech firms.

            Output ONLY the numeric bias score.
          
assistant-1.5"
"Plane crash claims 8 lives, FAA says",The Federal Aviation Administration says a private aircraft with eight people on board has crashed on takeoff from Bangor International Airport in Maine. The Bombardier Challenger 600 crashed around 7:45 p.m. Sunday. There was no immediate word on the conditions…,Lean Left,"system
You are participating in a standardized News Bias Classification task for academic
research. Output ONLY a single numeric value between -3.0 and +3.0.

Do NOT provide explanations or text.

user
            HEADLINE: Plane crash claims 8 lives, FAA says
            ARTICLE SUMMARY: The Federal Aviation Administration says a private aircraft with eight people on board has crashed on takeoff from Bangor International Airport in Maine. The Bombardier Challenger 600 crashed around 7:45 p.m. Sunday. There was no immediate word on the conditions…

            Output ONLY the numeric bias score.
          
assistant-1.5"
Trump's brilliant plan of invading Europe and potentially breaking up NATO involves his usual shake-down strategy,"Having learned that there’s practically nothing stopping him from doing what he wants over the past few years, Donald Trump has just come up with a bold new foreign policy strategy. The president is now threatening America’s closest military allies with economic punishment unless they give up on the whole sovereignty thing and hand over their territory. What could possibly go wrong? During a White House event on Friday about rural healthcare, th… 1 month ago",Lean Left,"system
You are participating in a standardized News Bias Classification task for academic
research. Output ONLY a single numeric value between -3.0 and +3.0.

Do NOT provide explanations or text.

user
            HEADLINE: Trump's brilliant plan of invading Europe and potentially breaking up NATO involves his usual shake-down strategy
            ARTICLE SUMMARY: Having learned that there’s practically nothing stopping him from doing what he wants over the past few years, Donald Trump has just come up with a bold new foreign policy strategy. The president is now threatening America’s closest military allies with economic punishment unless they give up on the whole sovereignty thing and hand over their territory. What could possibly go wrong? During a White House event on Friday about rural healthcare, th… 1 month ago

            Output ONLY the numeric bias score.
          
assistant-1.5"
Man with pizza cutter in bid to get Luigi Mangione out of jail,A man falsely claiming to be an FBI agent showed up to a federal jail in New York and told officers he had a court order to release the accused killer.,Lean Left,"system
You are participating in a standardized News Bias Classification task for academic
research. Output ONLY a single numeric value between -3.0 and +3.0.

Do NOT provide explanations or text.

user
            HEADLINE: Man with pizza cutter in bid to get Luigi Mangione out of jail
            ARTICLE SUMMARY: A man falsely claiming to be an FBI agent showed up to a federal jail in New York and told officers he had a court order to release the accused killer.

            Output ONLY the numeric bias score.
          
assistant-1.5"
The Hardcore Left Is Growing in Strength,"Many people are upset about Greg Bovino leaving Minnesota, but I’ve learned to trust President Trump’s judgment in most cases. He appears to be making a temporary decision by transferring Greg Bovino and calming the situation in Minneapolis. I don’t like it; it seems like caving, but we don’t have President Trump’s perspective. ICE isn’t […] The post The Hardcore Left Is Growing in Strength appeared first on www.independentsentinel.com.",Right,"system
You are participating in a standardized News Bias Classification task for academic
research. Output ONLY a single numeric value between -3.0 and +3.0.

Do NOT provide explanations or text.

user
            HEADLINE: The Hardcore Left Is Growing in Strength
            ARTICLE SUMMARY: Many people are upset about Greg Bovino leaving Minnesota, but I’ve learned to trust President Trump’s judgment in most cases. He appears to be making a temporary decision by transferring Greg Bovino and calming the situation in Minneapolis. I don’t like it; it seems like caving, but we don’t have President Trump’s perspective. ICE isn’t […] The post The Hardcore Left Is Growing in Strength appeared first on www.independentsentinel.com.

            Output ONLY the numeric bias score.
          
assistant-1.5"
Trump Sues IRS For $10 Billion For All Those Taxes He Never Paid,"Donald Trump not answering the question ‘Why are you suing the IRS?’ Friday, because the ABC News reporter lady is ‘a loud person.’ Screenshot, Aaron Rupar on Bluesky.Donald Trump is once again suing the federal government in hopes certainty of a great big taxpayer-funded payout. This time he’s demanding $10 billion from the IRS to cover the great harm done to him when a former IRS contractor leaked years of Trump’s tax returns to media outlets.…",Left,"system
You are participating in a standardized News Bias Classification task for academic
research. Output ONLY a single numeric value between -3.0 and +3.0.

Do NOT provide explanations or text.

user
            HEADLINE: Trump Sues IRS For $10 Billion For All Those Taxes He Never Paid
            ARTICLE SUMMARY: Donald Trump not answering the question ‘Why are you suing the IRS?’ Friday, because the ABC News reporter lady is ‘a loud person.’ Screenshot, Aaron Rupar on Bluesky.Donald Trump is once again suing the federal government in hopes certainty of a great big taxpayer-funded payout. This time he’s demanding $10 billion from the IRS to cover the great harm done to him when a former IRS contractor leaked years of Trump’s tax returns to media outlets.…

            Output ONLY the numeric bias score.
          
assistant-1.5"
Almost 100 People Evacuated: Cable Car Gondola Crashes in Mountain Station,"After an accident at a cable car in the Italian Alps, almost 100 people have been evacuated. 2 months ago · Berlin, Germany",Right,"system
You are participating in a standardized News Bias Classification task for academic
research. Output ONLY a single numeric value between -3.0 and +3.0.

Do NOT provide explanations or text.

user
            HEADLINE: Almost 100 People Evacuated: Cable Car Gondola Crashes in Mountain Station
            ARTICLE SUMMARY: After an accident at a cable car in the Italian Alps, almost 100 people have been evacuated. 2 months ago · Berlin, Germany

            Output ONLY the numeric bias score.
          
assistant-1.5"
"US Agents Involved in Latest Minneapolis Shooting Put on Leave, MS NOW Reports",Federal agents involved in the Minneapolis shooting are now on leave. Get the latest updates on this developing story.,Lean Left,"system
You are participating in a standardized News Bias Classification task for academic
research. Output ONLY a single numeric value between -3.0 and +3.0.

Do NOT provide explanations or text.

user
            HEADLINE: US Agents Involved in Latest Minneapolis Shooting Put on Leave, MS NOW Reports
            ARTICLE SUMMARY: Federal agents involved in the Minneapolis shooting are now on leave. Get the latest updates on this developing story.

            Output ONLY the numeric bias score.
          
assistant-1.0"
Epstein Case More than Three Million New Published Pages,"The U.S. Department of Justice announced on Friday three million documents concerning Jeffrey Epstein, after the first published pieces confirmed a past closeness between the sexual criminal and Donald Trump.",Lean Left,"system
You are participating in a standardized News Bias Classification task for academic
research. Output ONLY a single numeric value between -3.0 and +3.0.

Do NOT provide explanations or text.

user
            HEADLINE: Epstein Case More than Three Million New Published Pages
            ARTICLE SUMMARY: The U.S. Department of Justice announced on Friday three million documents concerning Jeffrey Epstein, after the first published pieces confirmed a past closeness between the sexual criminal and Donald Trump.

            Output ONLY the numeric bias score.
          
assistant-1.5"
"US Fed Meeting 2026 Highlights: Fed pauses rates, as expected; Indian stock markets crash, rupee at record low","US Fed Meeting 2026 Highlights: The US Federal Reserve, led by Jerome Powell, announced its interest rate decision on January 28, 2026, after a two-day meeting. The decision came after a recent 25-basis-point rate cut. Catch all LIVE updates here.",Center,"system
You are participating in a standardized News Bias Classification task for academic
research. Output ONLY a single numeric value between -3.0 and +3.0.

Do NOT provide explanations or text.

user
            HEADLINE: US Fed Meeting 2026 Highlights: Fed pauses rates, as expected; Indian stock markets crash, rupee at record low
            ARTICLE SUMMARY: US Fed Meeting 2026 Highlights: The US Federal Reserve, led by Jerome Powell, announced its interest rate decision on January 28, 2026, after a two-day meeting. The decision came after a recent 25-basis-point rate cut. Catch all LIVE updates here.

            Output ONLY the numeric bias score.
          
assistant-1.5"
"Venezuelan Opponent Maria Corina Machado ""Offered"" Nobel Prize Medal to Donald Trump","The Venezuelan opponent had lunch at the White House with the American president, who had stated that it would be a ""great honour"" for him if she gave him her prize or shared it with him. 1 month ago",Lean Left,"system
You are participating in a standardized News Bias Classification task for academic
research. Output ONLY a single numeric value between -3.0 and +3.0.

Do NOT provide explanations or text.

user
            HEADLINE: Venezuelan Opponent Maria Corina Machado ""Offered"" Nobel Prize Medal to Donald Trump
            ARTICLE SUMMARY: The Venezuelan opponent had lunch at the White House with the American president, who had stated that it would be a ""great honour"" for him if she gave him her prize or shared it with him. 1 month ago

            Output ONLY the numeric bias score.
          
assistant-2.0"
"Genes play a big part in driving lifespan, scientists find","How long a person lives may not only be down to their lifestyle - but their genetic makeup too, research suggests.",Center,"system
You are participating in a standardized News Bias Classification task for academic
research. Output ONLY a single numeric value between -3.0 and +3.0.

Do NOT provide explanations or text.

user
            HEADLINE: Genes play a big part in driving lifespan, scientists find
            ARTICLE SUMMARY: How long a person lives may not only be down to their lifestyle - but their genetic makeup too, research suggests.

            Output ONLY the numeric bias score.
          
assistant-1.5"
Federal Reserve keeps interest rates unchanged despite Trump pressure,"The Federal Reserve pushed the pause button on its interest rate cuts Wednesday, leaving its key rate unchanged at about 3.6%.",Lean Left,"system
You are participating in a standardized News Bias Classification task for academic
research. Output ONLY a single numeric value between -3.0 and +3.0.

Do NOT provide explanations or text.

user
            HEADLINE: Federal Reserve keeps interest rates unchanged despite Trump pressure
            ARTICLE SUMMARY: The Federal Reserve pushed the pause button on its interest rate cuts Wednesday, leaving its key rate unchanged at about 3.6%.

            Output ONLY the numeric bias score.
          
assistant-0.8"
"Decreased Tariffs on Electric Vehicles and Canola, Canada Agrees with China","Canada ""expects"" China to reduce its tariffs on canola seeds and abandon the tariffs on lobster, crab and peas as of March 1 in exchange for an opening of the Canadian market to a limited number of Chinese electric vehicles. 1 month ago · Montreal, Canada",Lean Left,"system
You are participating in a standardized News Bias Classification task for academic
research. Output ONLY a single numeric value between -3.0 and +3.0.

Do NOT provide explanations or text.

user
            HEADLINE: Decreased Tariffs on Electric Vehicles and Canola, Canada Agrees with China
            ARTICLE SUMMARY: Canada ""expects"" China to reduce its tariffs on canola seeds and abandon the tariffs on lobster, crab and peas as of March 1 in exchange for an opening of the Canadian market to a limited number of Chinese electric vehicles. 1 month ago · Montreal, Canada

            Output ONLY the numeric bias score.
          
assistant0.0"
"Shooter killed ex-wife, son in Pawtucket hockey rink attack, police say",The Pawtucket police chief on Tuesday confirmed that the victims of Monday's shooting at the Dennis M. Lynch ice rink were the shooter’s ex-wife and son.,Right,"system
You are participating in a standardized News Bias Classification task for academic
research. Output ONLY a single numeric value between -3.0 and +3.0.

Do NOT provide explanations or text.

user
            HEADLINE: Shooter killed ex-wife, son in Pawtucket hockey rink attack, police say
            ARTICLE SUMMARY: The Pawtucket police chief on Tuesday confirmed that the victims of Monday's shooting at the Dennis M. Lynch ice rink were the shooter’s ex-wife and son.

            Output ONLY the numeric bias score.
          
assistant-2.0"
Switzerland: Dozens Killed by a Fire in a Luxurious Ski Resort,"The flames originated in a bar; the exact number of victims is unknown 2 months ago · Buenos Aires, Argentina",Right,"system
You are participating in a standardized News Bias Classification task for academic
research. Output ONLY a single numeric value between -3.0 and +3.0.

Do NOT provide explanations or text.

user
            HEADLINE: Switzerland: Dozens Killed by a Fire in a Luxurious Ski Resort
            ARTICLE SUMMARY: The flames originated in a bar; the exact number of victims is unknown 2 months ago · Buenos Aires, Argentina

            Output ONLY the numeric bias score.
          
assistant-1.5"
"DOJ Releases Massive Trove of Epstein Files Documents, Statement on Trump Involvement","The Department of Justice made about 3 million pages worth of documents relating to sex trafficker Jeffrey Epstein available on Friday. Deputy Attorney General Todd Blanche said that the latest […] The post DOJ Releases Massive Trove of Epstein Files Documents, Statement on Trump Involvement appeared first on The Western Journal.",Right,"system
You are participating in a standardized News Bias Classification task for academic
research. Output ONLY a single numeric value between -3.0 and +3.0.

Do NOT provide explanations or text.

user
            HEADLINE: DOJ Releases Massive Trove of Epstein Files Documents, Statement on Trump Involvement
            ARTICLE SUMMARY: The Department of Justice made about 3 million pages worth of documents relating to sex trafficker Jeffrey Epstein available on Friday. Deputy Attorney General Todd Blanche said that the latest […] The post DOJ Releases Massive Trove of Epstein Files Documents, Statement on Trump Involvement appeared first on The Western Journal.

            Output ONLY the numeric bias score.
          
assistant-1.5"
Trump Nominates Kevin Warsh for the Fed,Donald Trump nominated Kevin Warsh to be the first holder of the US Federal Reserve (Fed).,Right,"system
You are participating in a standardized News Bias Classification task for academic
research. Output ONLY a single numeric value between -3.0 and +3.0.

Do NOT provide explanations or text.

user
            HEADLINE: Trump Nominates Kevin Warsh for the Fed
            ARTICLE SUMMARY: Donald Trump nominated Kevin Warsh to be the first holder of the US Federal Reserve (Fed).

            Output ONLY the numeric bias score.
          
assistant0.0"
US agents involved in Minneapolis shooting placed on leave,The death of Alex Pretti is the second fatal shooting of a US citizen in Minnesota by immigration agents this month.,Center,"system
You are participating in a standardized News Bias Classification task for academic
research. Output ONLY a single numeric value between -3.0 and +3.0.

Do NOT provide explanations or text.

user
            HEADLINE: US agents involved in Minneapolis shooting placed on leave
            ARTICLE SUMMARY: The death of Alex Pretti is the second fatal shooting of a US citizen in Minnesota by immigration agents this month.

            Output ONLY the numeric bias score.
          
assistant-1.5"
New Year's horror inferno that left dozens of revellers dead,"2 months ago · London, United Kingdom",Right,"system
You are participating in a standardized News Bias Classification task for academic
research. Output ONLY a single numeric value between -3.0 and +3.0.

Do NOT provide explanations or text.

user
            HEADLINE: New Year's horror inferno that left dozens of revellers dead
            ARTICLE SUMMARY: 2 months ago · London, United Kingdom

            Output ONLY the numeric bias score.
          
assistant-2.5"
Trump Must Declare Insurrection in Minnesota,It’s gone from bad to worse in Minneapolis. An ICE agent was ambushed trying to arrest an illegal alien. Two […] 1 month ago,Far Right,"system
You are participating in a standardized News Bias Classification task for academic
research. Output ONLY a single numeric value between -3.0 and +3.0.

Do NOT provide explanations or text.

user
            HEADLINE: Trump Must Declare Insurrection in Minnesota
            ARTICLE SUMMARY: It’s gone from bad to worse in Minneapolis. An ICE agent was ambushed trying to arrest an illegal alien. Two […] 1 month ago

            Output ONLY the numeric bias score.
          
assistant-1.5"
3 Killed in Rhode Island Youth Hockey Shooting,"Three people, including the shooter, were killed and three others were hospitalized in critical condition in a shooting incident at a youth hockey game in Rhode Island on Monday night, authorities said.",Center,"system
You are participating in a standardized News Bias Classification task for academic
research. Output ONLY a single numeric value between -3.0 and +3.0.

Do NOT provide explanations or text.

user
            HEADLINE: 3 Killed in Rhode Island Youth Hockey Shooting
            ARTICLE SUMMARY: Three people, including the shooter, were killed and three others were hospitalized in critical condition in a shooting incident at a youth hockey game in Rhode Island on Monday night, authorities said.

            Output ONLY the numeric bias score.
          
assistant-1.5"
"Descalada en Minnesota: Trump's Envoy, Homan, Meets Governor Walz","Donald Trump won the U.S. elections with the promise to expel millions of “illegal criminals” from the country, focusing his offensive on “the worst of the worst,” but in the process he arrested, deported and even killed U.S. citizens. Now that this discretion has generated widespread rejection of the population, with the focus on the Democratic Minneapolis, the president has stepped back to relax the crisis and discharged responsibilities.",Center,"system
You are participating in a standardized News Bias Classification task for academic
research. Output ONLY a single numeric value between -3.0 and +3.0.

Do NOT provide explanations or text.

user
            HEADLINE: Descalada en Minnesota: Trump's Envoy, Homan, Meets Governor Walz
            ARTICLE SUMMARY: Donald Trump won the U.S. elections with the promise to expel millions of “illegal criminals” from the country, focusing his offensive on “the worst of the worst,” but in the process he arrested, deported and even killed U.S. citizens. Now that this discretion has generated widespread rejection of the population, with the focus on the Democratic Minneapolis, the president has stepped back to relax the crisis and discharged responsibilities.

            Output ONLY the numeric bias score.
          
assistant-1.5"
"Iran sounds optimistic note on nuclear negotiations, while U.S. officials more reserved","Iranian Foreign Minister Abbas Araghchi indicated that the second round of negotiations between Tehran and Washington produced agreements on several “guiding principles” for a potential deal on Tuesday, though U.S. officials took a more muted position, with one describing the talks as proceeding “as expected.” Araghchi told Iranian state media that talks with White House Special Envoy Steve Witkoff and Jared Kushner, which took place in Geneva a…",Right,"system
You are participating in a standardized News Bias Classification task for academic
research. Output ONLY a single numeric value between -3.0 and +3.0.

Do NOT provide explanations or text.

user
            HEADLINE: Iran sounds optimistic note on nuclear negotiations, while U.S. officials more reserved
            ARTICLE SUMMARY: Iranian Foreign Minister Abbas Araghchi indicated that the second round of negotiations between Tehran and Washington produced agreements on several “guiding principles” for a potential deal on Tuesday, though U.S. officials took a more muted position, with one describing the talks as proceeding “as expected.” Araghchi told Iranian state media that talks with White House Special Envoy Steve Witkoff and Jared Kushner, which took place in Geneva a…

            Output ONLY the numeric bias score.
          
assistant0.0"
Horror image captures shooting bloodbath at high school hockey game,"Multiple people were injured during an active shooter incident at a boys' hockey game in Pawtucket, Rhode Island, authorities confirmed Monday afternoon.",Right,"system
You are participating in a standardized News Bias Classification task for academic
research. Output ONLY a single numeric value between -3.0 and +3.0.

Do NOT provide explanations or text.

user
            HEADLINE: Horror image captures shooting bloodbath at high school hockey game
            ARTICLE SUMMARY: Multiple people were injured during an active shooter incident at a boys' hockey game in Pawtucket, Rhode Island, authorities confirmed Monday afternoon.

            Output ONLY the numeric bias score.
          
assistant-2.0"
"Western leader touts coming ‘new world order,’ then tries to explain it * WorldNetDaily * by Caden Olson, Daily Caller News Foundation","Source link President Donald Trump meets with Canadian Prime Minister Mark Carney in the Oval Office, Tuesday, May 6, 2025 Canadian Prime Minister Mark Carney gave a rambling response Friday when asked by a reporter to clarify his declaration of a “new world order” amid a massive increase in the country’s economic partnership with China. Carney 1 month ago",Right,"system
You are participating in a standardized News Bias Classification task for academic
research. Output ONLY a single numeric value between -3.0 and +3.0.

Do NOT provide explanations or text.

user
            HEADLINE: Western leader touts coming ‘new world order,’ then tries to explain it * WorldNetDaily * by Caden Olson, Daily Caller News Foundation
            ARTICLE SUMMARY: Source link President Donald Trump meets with Canadian Prime Minister Mark Carney in the Oval Office, Tuesday, May 6, 2025 Canadian Prime Minister Mark Carney gave a rambling response Friday when asked by a reporter to clarify his declaration of a “new world order” amid a massive increase in the country’s economic partnership with China. Carney 1 month ago

            Output ONLY the numeric bias score.
          
assistant-1.5"
Trump makes complete U-turn on Putin after CIA releases shocking new evidence,US President Mr Trump previously expressed outrage over the purported strike - but later signalled scepticism by reposting a critical New York Post editorial on Truth Social. 2 months ago · United Kingdom,Right,"system
You are participating in a standardized News Bias Classification task for academic
research. Output ONLY a single numeric value between -3.0 and +3.0.

Do NOT provide explanations or text.

user
            HEADLINE: Trump makes complete U-turn on Putin after CIA releases shocking new evidence
            ARTICLE SUMMARY: US President Mr Trump previously expressed outrage over the purported strike - but later signalled scepticism by reposting a critical New York Post editorial on Truth Social. 2 months ago · United Kingdom

            Output ONLY the numeric bias score.
          
assistant-1.5"
Rep. Omar speaks out after assault during town hall,Rep. Omar speaks out after assault during town hall,Lean Left,"system
You are participating in a standardized News Bias Classification task for academic
research. Output ONLY a single numeric value between -3.0 and +3.0.

Do NOT provide explanations or text.

user
            HEADLINE: Rep. Omar speaks out after assault during town hall
            ARTICLE SUMMARY: Rep. Omar speaks out after assault during town hall

            Output ONLY the numeric bias score.
          
assistant-1.5"
2 killed in shooting at high school hockey game in Rhode Island | Honolulu Star-Advertiser,"Gunfire erupted at an ice skating rink in Pawtucket, Rhode Island, during a high school hockey game today, leaving three people dead, including the shooter, authorities said.",Center,"system
You are participating in a standardized News Bias Classification task for academic
research. Output ONLY a single numeric value between -3.0 and +3.0.

Do NOT provide explanations or text.

user
            HEADLINE: 2 killed in shooting at high school hockey game in Rhode Island | Honolulu Star-Advertiser
            ARTICLE SUMMARY: Gunfire erupted at an ice skating rink in Pawtucket, Rhode Island, during a high school hockey game today, leaving three people dead, including the shooter, authorities said.

            Output ONLY the numeric bias score.
          
assistant-1.5"
Ilhan Omar attacker faces charges by Trump's DOJ,"Anthony Kazmierczak, arrested after Tuesday’s incident, is accused of forcibly assaulting, opposing, impeding and intimidating Omar.",Center,"system
You are participating in a standardized News Bias Classification task for academic
research. Output ONLY a single numeric value between -3.0 and +3.0.

Do NOT provide explanations or text.

user
            HEADLINE: Ilhan Omar attacker faces charges by Trump's DOJ
            ARTICLE SUMMARY: Anthony Kazmierczak, arrested after Tuesday’s incident, is accused of forcibly assaulting, opposing, impeding and intimidating Omar.

            Output ONLY the numeric bias score.
          
assistant-2.0"
Trump urges Iran to ‘make a deal’ as warships approach,US President Donald Trump is threatening Iran with bombings and attacks from warships on a scale similar to his operation in Venezuela.,Right,"system
You are participating in a standardized News Bias Classification task for academic
research. Output ONLY a single numeric value between -3.0 and +3.0.

Do NOT provide explanations or text.

user
            HEADLINE: Trump urges Iran to ‘make a deal’ as warships approach
            ARTICLE SUMMARY: US President Donald Trump is threatening Iran with bombings and attacks from warships on a scale similar to his operation in Venezuela.

            Output ONLY the numeric bias score.
          
assistant-1.5"
Trump nominating new Federal Reserve chair: What will it mean for the economy?,"President Donald Trump said Friday that he will nominate former Federal Reserve official Kevin Warsh to be the next chair of the Fed, a decision likely to result in sharp changes to the powerful agency that could bring it closer to the White House.",Center,"system
You are participating in a standardized News Bias Classification task for academic
research. Output ONLY a single numeric value between -3.0 and +3.0.

Do NOT provide explanations or text.

user
            HEADLINE: Trump nominating new Federal Reserve chair: What will it mean for the economy?
            ARTICLE SUMMARY: President Donald Trump said Friday that he will nominate former Federal Reserve official Kevin Warsh to be the next chair of the Fed, a decision likely to result in sharp changes to the powerful agency that could bring it closer to the White House.

            Output ONLY the numeric bias score.
          
assistant-1.5"
"It's 'Flood The Zone Friday' As DOJ Arrests Black Journalists Under KKK Act, Probes Criminal Charges For Minneapolis, And Drops (A Sliver Of) The Epstein Files","This is what happens when flooding the zone meets Friday news dump. Two of DC’s most infamous distraction techniques came together over the last 24 hours, putting a strain on any legal analyst trying to flag and explain what’s going on. Trump is suing the federal government to get $10 billion in taxpayer dollars over the “perfect” leaked tax records that Trump himself promised to disclose publicly. After breaching his promise and being proven a …",Lean Left,"system
You are participating in a standardized News Bias Classification task for academic
research. Output ONLY a single numeric value between -3.0 and +3.0.

Do NOT provide explanations or text.

user
            HEADLINE: It's 'Flood The Zone Friday' As DOJ Arrests Black Journalists Under KKK Act, Probes Criminal Charges For Minneapolis, And Drops (A Sliver Of) The Epstein Files
            ARTICLE SUMMARY: This is what happens when flooding the zone meets Friday news dump. Two of DC’s most infamous distraction techniques came together over the last 24 hours, putting a strain on any legal analyst trying to flag and explain what’s going on. Trump is suing the federal government to get $10 billion in taxpayer dollars over the “perfect” leaked tax records that Trump himself promised to disclose publicly. After breaching his promise and being proven a …

            Output ONLY the numeric bias score.
          
assistant-2.5"
"Us Federal Reserve | Trump Confirms Kevin Warsh, Who Called for Rapid Interest Rate Cuts, as Fed Chief",Warsh is a 55-year-old lawyer who has recently supported President Trump's economic policy views.,Lean Left,"system
You are participating in a standardized News Bias Classification task for academic
research. Output ONLY a single numeric value between -3.0 and +3.0.

Do NOT provide explanations or text.

user
            HEADLINE: Us Federal Reserve | Trump Confirms Kevin Warsh, Who Called for Rapid Interest Rate Cuts, as Fed Chief
            ARTICLE SUMMARY: Warsh is a 55-year-old lawyer who has recently supported President Trump's economic policy views.

            Output ONLY the numeric bias score.
          
assistant-1.5"
Murkowski says Homeland Security secretary should step down amid rising calls for Noem’s firing or impeachment,"At a defining moment in her tenure, few Republicans are rising to Noem’s defense.",Center,"system
You are participating in a standardized News Bias Classification task for academic
research. Output ONLY a single numeric value between -3.0 and +3.0.

Do NOT provide explanations or text.

user
            HEADLINE: Murkowski says Homeland Security secretary should step down amid rising calls for Noem’s firing or impeachment
            ARTICLE SUMMARY: At a defining moment in her tenure, few Republicans are rising to Noem’s defense.

            Output ONLY the numeric bias score.
          
assistant-1.5"
At Least 40 People Die in an Explosion Followed by Fire at New Year's Party at a Luxury Ski Station in Switzerland; Videos,"Rescue teams work locally, and there are no information about what caused the fire 2 months ago · Brazil",Right,"system
You are participating in a standardized News Bias Classification task for academic
research. Output ONLY a single numeric value between -3.0 and +3.0.

Do NOT provide explanations or text.

user
            HEADLINE: At Least 40 People Die in an Explosion Followed by Fire at New Year's Party at a Luxury Ski Station in Switzerland; Videos
            ARTICLE SUMMARY: Rescue teams work locally, and there are no information about what caused the fire 2 months ago · Brazil

            Output ONLY the numeric bias score.
          
assistant-1.5"
Donald Trump threatens Iran with 'major destruction' as US fleet arrives in Gulf,"US President Donald Trump is urging Iran to strike a deal, warning a US Navy carrier strike group is poised to carry out attacks on the regime.",Center,"system
You are participating in a standardized News Bias Classification task for academic
research. Output ONLY a single numeric value between -3.0 and +3.0.

Do NOT provide explanations or text.

user
            HEADLINE: Donald Trump threatens Iran with 'major destruction' as US fleet arrives in Gulf
            ARTICLE SUMMARY: US President Donald Trump is urging Iran to strike a deal, warning a US Navy carrier strike group is poised to carry out attacks on the regime.

            Output ONLY the numeric bias score.
          
assistant-2.5"
Trump Takes up the Tariff Threat in the Greenland Issue,"Donald Trump may impose tariffs on countries that oppose his plans to take over Greenland, he announced at a press conference, while reiterating that it is necessary for “national security.” 1 month ago · Stockholm, Sweden",Right,"system
You are participating in a standardized News Bias Classification task for academic
research. Output ONLY a single numeric value between -3.0 and +3.0.

Do NOT provide explanations or text.

user
            HEADLINE: Trump Takes up the Tariff Threat in the Greenland Issue
            ARTICLE SUMMARY: Donald Trump may impose tariffs on countries that oppose his plans to take over Greenland, he announced at a press conference, while reiterating that it is necessary for “national security.” 1 month ago · Stockholm, Sweden

            Output ONLY the numeric bias score.
          
assistant-1.5"
Justice Department releasing 3 million pages from its Jeffrey Epstein files,"The Justice Department says it's releasing 3 million pages of documents in the latest Jeffrey Epstein disclosure, along with 2,000 videos and 180,000 images.",Center,"system
You are participating in a standardized News Bias Classification task for academic
research. Output ONLY a single numeric value between -3.0 and +3.0.

Do NOT provide explanations or text.

user
            HEADLINE: Justice Department releasing 3 million pages from its Jeffrey Epstein files
            ARTICLE SUMMARY: The Justice Department says it's releasing 3 million pages of documents in the latest Jeffrey Epstein disclosure, along with 2,000 videos and 180,000 images.

            Output ONLY the numeric bias score.
          
assistant-1.5"
"Anti-ICE mob turns on Tim Walz, poetic justice arrives · American Wire News","Mob rule made its presence known in Minnesota as a meeting with the Trump administration found Gov. Tim Walz (D) being made into an “example.” Despite the seething of agitators descending on the Twin Cities to oppose U.S. Immigration and Customs Enforcement, the majority of Americans have signaled their support for mass deportations of all illegal aliens. Walz’s decision led to a meeting with other local officials and border czar Tom Homan on Tu…",Right,"system
You are participating in a standardized News Bias Classification task for academic
research. Output ONLY a single numeric value between -3.0 and +3.0.

Do NOT provide explanations or text.

user
            HEADLINE: Anti-ICE mob turns on Tim Walz, poetic justice arrives · American Wire News
            ARTICLE SUMMARY: Mob rule made its presence known in Minnesota as a meeting with the Trump administration found Gov. Tim Walz (D) being made into an “example.” Despite the seething of agitators descending on the Twin Cities to oppose U.S. Immigration and Customs Enforcement, the majority of Americans have signaled their support for mass deportations of all illegal aliens. Walz’s decision led to a meeting with other local officials and border czar Tom Homan on Tu…

            Output ONLY the numeric bias score.
          
assistant-2.5"
Oil Dips in Holiday Trade With Focus on Iran-US Talks in Geneva,"Oil edged lower on signs that the US and Iran have made progress in nuclear talks, eroding a risk premium in benchmark futures prices.",Lean Left,"system
You are participating in a standardized News Bias Classification task for academic
research. Output ONLY a single numeric value between -3.0 and +3.0.

Do NOT provide explanations or text.

user
            HEADLINE: Oil Dips in Holiday Trade With Focus on Iran-US Talks in Geneva
            ARTICLE SUMMARY: Oil edged lower on signs that the US and Iran have made progress in nuclear talks, eroding a risk premium in benchmark futures prices.

            Output ONLY the numeric bias score.
          
assistant-0.5"
Trump Tariffs Set for Test in Congress as Cost-of-Living Woes Spread,Evidence is mounting that the grass roots opposition to Trump’s tariffs is reaching some GOP members of Congress,Lean Left,"system
You are participating in a standardized News Bias Classification task for academic
research. Output ONLY a single numeric value between -3.0 and +3.0.

Do NOT provide explanations or text.

user
            HEADLINE: Trump Tariffs Set for Test in Congress as Cost-of-Living Woes Spread
            ARTICLE SUMMARY: Evidence is mounting that the grass roots opposition to Trump’s tariffs is reaching some GOP members of Congress

            Output ONLY the numeric bias score.
          
assistant-1.5"
Trump sues IRS and Treasury for $10 billion over tax return leak,"President Donald Trump filed a $10 billion lawsuit against the IRS and Treasury Department as one of the plaintiffs on Thursday, alleging a former IRS employee leaked his confidential tax records over six years ago. The federal lawsuit, filed in the Southern District of Florida, accuses the IRS and Treasury of failing to prevent the […]",Center,"system
You are participating in a standardized News Bias Classification task for academic
research. Output ONLY a single numeric value between -3.0 and +3.0.

Do NOT provide explanations or text.

user
            HEADLINE: Trump sues IRS and Treasury for $10 billion over tax return leak
            ARTICLE SUMMARY: President Donald Trump filed a $10 billion lawsuit against the IRS and Treasury Department as one of the plaintiffs on Thursday, alleging a former IRS employee leaked his confidential tax records over six years ago. The federal lawsuit, filed in the Southern District of Florida, accuses the IRS and Treasury of failing to prevent the […]

            Output ONLY the numeric bias score.
          
assistant-1.5"
Witnesses: Sparklers in Bottles Started the Fire in the Bar in the Exclusive Ski Resort of Crans-Montana,"The celebration quickly turned into a burning inferno. Champagne flowed in the popular bar – and was served in bottles equipped with sparklers that started the fire, according to eyewitnesses. The affected ski resort of Crans-Montana is an exclusive hangout for international celebrities. 2 months ago · Stockholm, Sweden",Right,"system
You are participating in a standardized News Bias Classification task for academic
research. Output ONLY a single numeric value between -3.0 and +3.0.

Do NOT provide explanations or text.

user
            HEADLINE: Witnesses: Sparklers in Bottles Started the Fire in the Bar in the Exclusive Ski Resort of Crans-Montana
            ARTICLE SUMMARY: The celebration quickly turned into a burning inferno. Champagne flowed in the popular bar – and was served in bottles equipped with sparklers that started the fire, according to eyewitnesses. The affected ski resort of Crans-Montana is an exclusive hangout for international celebrities. 2 months ago · Stockholm, Sweden

            Output ONLY the numeric bias score.
          
assistant0.0"
Two dead in shooting at boys ice hockey game as three left fighting for life,TWO people including a young girl have been killed after a horrifying shooting at a boys ice hockey game. Another three victims were left...,Right,"system
You are participating in a standardized News Bias Classification task for academic
research. Output ONLY a single numeric value between -3.0 and +3.0.

Do NOT provide explanations or text.

user
            HEADLINE: Two dead in shooting at boys ice hockey game as three left fighting for life
            ARTICLE SUMMARY: TWO people including a young girl have been killed after a horrifying shooting at a boys ice hockey game. Another three victims were left...

            Output ONLY the numeric bias score.
          
assistant-1.5"
Donald Trump Files a Complaint Against the American Tax Authorities About His Tax Returns,Donald Trump filed a lawsuit and asked for 10 billion dollars in damages for failing to block the leak of his tax returns during his first term in office....,Center,"system
You are participating in a standardized News Bias Classification task for academic
research. Output ONLY a single numeric value between -3.0 and +3.0.

Do NOT provide explanations or text.

user
            HEADLINE: Donald Trump Files a Complaint Against the American Tax Authorities About His Tax Returns
            ARTICLE SUMMARY: Donald Trump filed a lawsuit and asked for 10 billion dollars in damages for failing to block the leak of his tax returns during his first term in office....

            Output ONLY the numeric bias score.
          
assistant-2.5"
"""The Court Is Out of Patience"": the Director of the Ice Is Ordered to Appear Before a Judge in Minnesota","The Acting Director of the U.S. Immigration and Customs Service (ICE), Todd Lyons, is to appear before a judge in Minnesota.",Lean Left,"system
You are participating in a standardized News Bias Classification task for academic
research. Output ONLY a single numeric value between -3.0 and +3.0.

Do NOT provide explanations or text.

user
            HEADLINE: ""The Court Is Out of Patience"": the Director of the Ice Is Ordered to Appear Before a Judge in Minnesota
            ARTICLE SUMMARY: The Acting Director of the U.S. Immigration and Customs Service (ICE), Todd Lyons, is to appear before a judge in Minnesota.

            Output ONLY the numeric bias score.
          
assistant0.0"
Trump names Kevin Warsh to be next Fed chairman,"President Donald Trump has named former Fed governor Kevin Warsh to be the next Federal Reserve chairman. Warsh, 55, would replace current Fed Chairman Jerome Powell when his term is up. The pick was announced in advance of Powell’s departure in May, as expected by Fed watchers. “I have known Kevin for a long period of time, and have no doubt that he will go down as one of the GREAT Fed Chairmen, maybe the best,” Trump said in his announcement F…",Right,"system
You are participating in a standardized News Bias Classification task for academic
research. Output ONLY a single numeric value between -3.0 and +3.0.

Do NOT provide explanations or text.

user
            HEADLINE: Trump names Kevin Warsh to be next Fed chairman
            ARTICLE SUMMARY: President Donald Trump has named former Fed governor Kevin Warsh to be the next Federal Reserve chairman. Warsh, 55, would replace current Fed Chairman Jerome Powell when his term is up. The pick was announced in advance of Powell’s departure in May, as expected by Fed watchers. “I have known Kevin for a long period of time, and have no doubt that he will go down as one of the GREAT Fed Chairmen, maybe the best,” Trump said in his announcement F…

            Output ONLY the numeric bias score.
          
assistant0.0"
Several Dead in Explosion at Swiss Ski Resort,More than a hundred people were celebrating at the bar where the explosion occurred. 2 months ago · Hungary,Lean Left,"system
You are participating in a standardized News Bias Classification task for academic
research. Output ONLY a single numeric value between -3.0 and +3.0.

Do NOT provide explanations or text.

user
            HEADLINE: Several Dead in Explosion at Swiss Ski Resort
            ARTICLE SUMMARY: More than a hundred people were celebrating at the bar where the explosion occurred. 2 months ago · Hungary

            Output ONLY the numeric bias score.
          
assistant-1.5"
China's Military: No One Is Safe From Xi Jinping,"In the end, there is only one left: what does the removal of the Chinese military leadership mean for the country's readiness to fight?",Right,"system
You are participating in a standardized News Bias Classification task for academic
research. Output ONLY a single numeric value between -3.0 and +3.0.

Do NOT provide explanations or text.

user
            HEADLINE: China's Military: No One Is Safe From Xi Jinping
            ARTICLE SUMMARY: In the end, there is only one left: what does the removal of the Chinese military leadership mean for the country's readiness to fight?

            Output ONLY the numeric bias score.
          
assistant-1.5"
Cia Contradicts Putin: Ukraine Not Responsible for Drone Attack,"The CIA has informed Donald Trump that Ukraine is not responsible for an alleged attack on Putin's residence. Putin accuses Kiev of disrupting the peace process while Selensky is fighting for an end to the war. 2 months ago · Munich, Germany",Lean Left,"system
You are participating in a standardized News Bias Classification task for academic
research. Output ONLY a single numeric value between -3.0 and +3.0.

Do NOT provide explanations or text.

user
            HEADLINE: Cia Contradicts Putin: Ukraine Not Responsible for Drone Attack
            ARTICLE SUMMARY: The CIA has informed Donald Trump that Ukraine is not responsible for an alleged attack on Putin's residence. Putin accuses Kiev of disrupting the peace process while Selensky is fighting for an end to the war. 2 months ago · Munich, Germany

            Output ONLY the numeric bias score.
          
assistant-1.5"
"U.S. official says 'progress made' in second round of talks with Iran, but gaps remain","According to the Iranian foreign minister, the two parties will exchange documents outlining a potential agreement. 'This does not mean that we will reach an greement soon,' he said, 'But the path has started.'",Lean Left,"system
You are participating in a standardized News Bias Classification task for academic
research. Output ONLY a single numeric value between -3.0 and +3.0.

Do NOT provide explanations or text.

user
            HEADLINE: U.S. official says 'progress made' in second round of talks with Iran, but gaps remain
            ARTICLE SUMMARY: According to the Iranian foreign minister, the two parties will exchange documents outlining a potential agreement. 'This does not mean that we will reach an greement soon,' he said, 'But the path has started.'

            Output ONLY the numeric bias score.
          
assistant0.0"
"'Disgusting Act of Corruption': Trump Sues IRS, Treasury for $10 Billion Over Tax Return Leak","""While Trump is weaponizing taxpayer privacy laws for his own benefit, his Treasury Department is flouting those exact same laws to send tens of thousands of individual tax records to his anti-immigrant henchmen at ICE.""",Left,"system
You are participating in a standardized News Bias Classification task for academic
research. Output ONLY a single numeric value between -3.0 and +3.0.

Do NOT provide explanations or text.

user
            HEADLINE: 'Disgusting Act of Corruption': Trump Sues IRS, Treasury for $10 Billion Over Tax Return Leak
            ARTICLE SUMMARY: ""While Trump is weaponizing taxpayer privacy laws for his own benefit, his Treasury Department is flouting those exact same laws to send tens of thousands of individual tax records to his anti-immigrant henchmen at ICE.""

            Output ONLY the numeric bias score.
          
assistant-2.5"
Ship accused of damaging underwater cable between NATO ally Capitals,"Investigators say the ship’s anchor was lowered near the fault site, and the case is being treated as aggravated criminal damage. 2 months ago · United States",Center,"system
You are participating in a standardized News Bias Classification task for academic
research. Output ONLY a single numeric value between -3.0 and +3.0.

Do NOT provide explanations or text.

user
            HEADLINE: Ship accused of damaging underwater cable between NATO ally Capitals
            ARTICLE SUMMARY: Investigators say the ship’s anchor was lowered near the fault site, and the case is being treated as aggravated criminal damage. 2 months ago · United States

            Output ONLY the numeric bias score.
          
assistant-1.5"
Bari Weiss pushes a digital plan in attempt to move past her rocky start at CBS News,The editor-in-chief held her first division-wide meeting to discuss the road ahead.,Lean Left,"system
You are participating in a standardized News Bias Classification task for academic
research. Output ONLY a single numeric value between -3.0 and +3.0.

Do NOT provide explanations or text.

user
            HEADLINE: Bari Weiss pushes a digital plan in attempt to move past her rocky start at CBS News
            ARTICLE SUMMARY: The editor-in-chief held her first division-wide meeting to discuss the road ahead.

            Output ONLY the numeric bias score.
          
assistant0.0"
"Stocks, Bonds Fall on Bets Warsh Set to Lead Fed: Markets Wrap","(Bloomberg) -- Stocks fell with US Treasuries as Donald Trump’s administration prepared for the president to nominate Kevin Warsh to be the next Federal Reserve chair, a choice viewed as more hawkish than other contenders.",Lean Left,"system
You are participating in a standardized News Bias Classification task for academic
research. Output ONLY a single numeric value between -3.0 and +3.0.

Do NOT provide explanations or text.

user
            HEADLINE: Stocks, Bonds Fall on Bets Warsh Set to Lead Fed: Markets Wrap
            ARTICLE SUMMARY: (Bloomberg) -- Stocks fell with US Treasuries as Donald Trump’s administration prepared for the president to nominate Kevin Warsh to be the next Federal Reserve chair, a choice viewed as more hawkish than other contenders.

            Output ONLY the numeric bias score.
          
assistant-1.5"
"The Fall of General Zhang, the Last War Veteran Who Overshadowed Xi Jinping's Absolute Control","Son of a founding general of the People's Liberation Army (EPL), veteran of the war against Vietnam in 1979 and ally of President Xi Jinping since childhood, the figure...",Right,"system
You are participating in a standardized News Bias Classification task for academic
research. Output ONLY a single numeric value between -3.0 and +3.0.

Do NOT provide explanations or text.

user
            HEADLINE: The Fall of General Zhang, the Last War Veteran Who Overshadowed Xi Jinping's Absolute Control
            ARTICLE SUMMARY: Son of a founding general of the People's Liberation Army (EPL), veteran of the war against Vietnam in 1979 and ally of President Xi Jinping since childhood, the figure...

            Output ONLY the numeric bias score.
          
assistant-1.5"
Venezuela's opposition leader says she gave her Nobel Peace Prize to Trump,"Venezuelan opposition leader María Corina Machado said she presented her Nobel Peace Prize medal to President Donald Trump at the White House on Thursday even as he has questioned her credibility to take over her country after the U.S. ousted then-President Nicolás Maduro. The Nobel Institute has said Machado could not give her prize to Trump, an honor that he has coveted. Even if it the gesture proves to be purely symbolic, it was extraordinary… 1 month ago · New York, United States",Center,"system
You are participating in a standardized News Bias Classification task for academic
research. Output ONLY a single numeric value between -3.0 and +3.0.

Do NOT provide explanations or text.

user
            HEADLINE: Venezuela's opposition leader says she gave her Nobel Peace Prize to Trump
            ARTICLE SUMMARY: Venezuelan opposition leader María Corina Machado said she presented her Nobel Peace Prize medal to President Donald Trump at the White House on Thursday even as he has questioned her credibility to take over her country after the U.S. ousted then-President Nicolás Maduro. The Nobel Institute has said Machado could not give her prize to Trump, an honor that he has coveted. Even if it the gesture proves to be purely symbolic, it was extraordinary… 1 month ago · New York, United States

            Output ONLY the numeric bias score.
          
assistant-1.5"
Mexico Asks the u.s. for Explanations About the Death of a mexican...,The Mexican authorities have asked the United States for explanations about the death of a citizen... 1 month ago · Spain,Center,"system
You are participating in a standardized News Bias Classification task for academic
research. Output ONLY a single numeric value between -3.0 and +3.0.

Do NOT provide explanations or text.

user
            HEADLINE: Mexico Asks the u.s. for Explanations About the Death of a mexican...
            ARTICLE SUMMARY: The Mexican authorities have asked the United States for explanations about the death of a citizen... 1 month ago · Spain

            Output ONLY the numeric bias score.
          
assistant-1.5"
"Video Ten People Have Been Blocked at 3,000 Meters High on an Italian Mountain in an Accident - hotnews.ro","About a hundred people have been blocked in the Moro Pass area, at a height of about 2,800 metres, in the town of Macugnaga, the Italian region Piemont, after the telecabina in which it was hit... 2 months ago · Romania",Lean Left,"system
You are participating in a standardized News Bias Classification task for academic
research. Output ONLY a single numeric value between -3.0 and +3.0.

Do NOT provide explanations or text.

user
            HEADLINE: Video Ten People Have Been Blocked at 3,000 Meters High on an Italian Mountain in an Accident - hotnews.ro
            ARTICLE SUMMARY: About a hundred people have been blocked in the Moro Pass area, at a height of about 2,800 metres, in the town of Macugnaga, the Italian region Piemont, after the telecabina in which it was hit... 2 months ago · Romania

            Output ONLY the numeric bias score.
          
assistant-1.5"
Elon Musk Loses Half of xAI’s Founding Team—Where They’ve Gone Next,"Elon Musk’s xAI is losing founders and senior leaders as internal tensions mount, just as the startup prepares for deeper integration with SpaceX.",Center,"system
You are participating in a standardized News Bias Classification task for academic
research. Output ONLY a single numeric value between -3.0 and +3.0.

Do NOT provide explanations or text.

user
            HEADLINE: Elon Musk Loses Half of xAI’s Founding Team—Where They’ve Gone Next
            ARTICLE SUMMARY: Elon Musk’s xAI is losing founders and senior leaders as internal tensions mount, just as the startup prepares for deeper integration with SpaceX.

            Output ONLY the numeric bias score.
          
assistant-1.5"
Minneapolis Protests: Why General Bovino Must Give Way,"After the death shots of Minneapolis, the Martial commander Bovino of the Border Patrol is replaced by the border guard Homan. Does Donald Trump change course?",Lean Left,"system
You are participating in a standardized News Bias Classification task for academic
research. Output ONLY a single numeric value between -3.0 and +3.0.

Do NOT provide explanations or text.

user
            HEADLINE: Minneapolis Protests: Why General Bovino Must Give Way
            ARTICLE SUMMARY: After the death shots of Minneapolis, the Martial commander Bovino of the Border Patrol is replaced by the border guard Homan. Does Donald Trump change course?

            Output ONLY the numeric bias score.
          
assistant-1.5"
Tragedy Strikes Crans-Montana: Bar Fire Claims Lives,"A devastating fire at 'Le Constellation' bar in Crans-Montana, Switzerland, resulted in multiple fatalities and injuries. The incident, possibly sparked by an explosion, led to the closure of the area and implementation of a no-fly zone. Over 100 patrons were present during the tragedy. 2 months ago · India",Center,"system
You are participating in a standardized News Bias Classification task for academic
research. Output ONLY a single numeric value between -3.0 and +3.0.

Do NOT provide explanations or text.

user
            HEADLINE: Tragedy Strikes Crans-Montana: Bar Fire Claims Lives
            ARTICLE SUMMARY: A devastating fire at 'Le Constellation' bar in Crans-Montana, Switzerland, resulted in multiple fatalities and injuries. The incident, possibly sparked by an explosion, led to the closure of the area and implementation of a no-fly zone. Over 100 patrons were present during the tragedy. 2 months ago · India

            Output ONLY the numeric bias score.
          
assistant-1.5"
Norway Condemns Award of Nobel Peace Medal to Trump · Global Voices,"Norwegian leaders and analysts described the gesture as inappropriate and detrimental to the Nobel Peace Prize. The Nobel Center specified that the medal may change its ownership, but the title is non-transferable. The controversy reopens the debate on the politicization of the award. María Corina Machado’s decision to hand over his Nobel Peace Prize medal to the President of the United States, Donald Trump, generated a widespread critical react… 1 month ago",Center,"system
You are participating in a standardized News Bias Classification task for academic
research. Output ONLY a single numeric value between -3.0 and +3.0.

Do NOT provide explanations or text.

user
            HEADLINE: Norway Condemns Award of Nobel Peace Medal to Trump · Global Voices
            ARTICLE SUMMARY: Norwegian leaders and analysts described the gesture as inappropriate and detrimental to the Nobel Peace Prize. The Nobel Center specified that the medal may change its ownership, but the title is non-transferable. The controversy reopens the debate on the politicization of the award. María Corina Machado’s decision to hand over his Nobel Peace Prize medal to the President of the United States, Donald Trump, generated a widespread critical react… 1 month ago

            Output ONLY the numeric bias score.
          
assistant-1.5"
Ice Agent Involved in Renee Good's Death Is Suspended,ICE agent Jonathan Ross was suspended after killing Renee Good in Minneapolis; senators demand civil rights investigation into the case,Lean Left,"system
You are participating in a standardized News Bias Classification task for academic
research. Output ONLY a single numeric value between -3.0 and +3.0.

Do NOT provide explanations or text.

user
            HEADLINE: Ice Agent Involved in Renee Good's Death Is Suspended
            ARTICLE SUMMARY: ICE agent Jonathan Ross was suspended after killing Renee Good in Minneapolis; senators demand civil rights investigation into the case

            Output ONLY the numeric bias score.
          
assistant-1.5"
Elon Musk’s X faces European inquiry over sexualized AI images,LONDON — European Union regulators on Monday announced an investigation of Elon Musk’s social media platform X after authorities said that it had failed to stop the spread of sexualized images generated by artificial intelligence.,Center,"system
You are participating in a standardized News Bias Classification task for academic
research. Output ONLY a single numeric value between -3.0 and +3.0.

Do NOT provide explanations or text.

user
            HEADLINE: Elon Musk’s X faces European inquiry over sexualized AI images
            ARTICLE SUMMARY: LONDON — European Union regulators on Monday announced an investigation of Elon Musk’s social media platform X after authorities said that it had failed to stop the spread of sexualized images generated by artificial intelligence.

            Output ONLY the numeric bias score.
          
assistant-1.5"
Paracetamol Safe During Pregnancy,"A new meta-study by the British journal The Lancet contrasts Trump's statements to science. 1 month ago · Zürich, Switzerland",Lean Left,"system
You are participating in a standardized News Bias Classification task for academic
research. Output ONLY a single numeric value between -3.0 and +3.0.

Do NOT provide explanations or text.

user
            HEADLINE: Paracetamol Safe During Pregnancy
            ARTICLE SUMMARY: A new meta-study by the British journal The Lancet contrasts Trump's statements to science. 1 month ago · Zürich, Switzerland

            Output ONLY the numeric bias score.
          
assistant-1.0"
NATO member 'apprehends Russian ship' after critical undersea cable damaged,"Authorities stopped and inspected a suspected vessel after its anchor chain was seen dragging, and police say 14 crew members have been detained 2 months ago · United Kingdom",Right,"system
You are participating in a standardized News Bias Classification task for academic
research. Output ONLY a single numeric value between -3.0 and +3.0.

Do NOT provide explanations or text.

user
            HEADLINE: NATO member 'apprehends Russian ship' after critical undersea cable damaged
            ARTICLE SUMMARY: Authorities stopped and inspected a suspected vessel after its anchor chain was seen dragging, and police say 14 crew members have been detained 2 months ago · United Kingdom

            Output ONLY the numeric bias score.
          
assistant-1.5"
Man Allegedly Tries Breaking Luigi Mangione Out Of Jail By Impersonating FBI Agent,A man allegedly tried breaking Luigi Mangione out of jail Wednesday by impersonating an FBI agent and using a steel blade.,Center,"system
You are participating in a standardized News Bias Classification task for academic
research. Output ONLY a single numeric value between -3.0 and +3.0.

Do NOT provide explanations or text.

user
            HEADLINE: Man Allegedly Tries Breaking Luigi Mangione Out Of Jail By Impersonating FBI Agent
            ARTICLE SUMMARY: A man allegedly tried breaking Luigi Mangione out of jail Wednesday by impersonating an FBI agent and using a steel blade.

            Output ONLY the numeric bias score.
          
assistant-2.5"
"Genetic Components Can Help You Live Longer, Confirm Research","It is noted that previous research minimized the impact of genetics due to data limitations, leading to erroneous conclusions",Lean Left,"system
You are participating in a standardized News Bias Classification task for academic
research. Output ONLY a single numeric value between -3.0 and +3.0.

Do NOT provide explanations or text.

user
            HEADLINE: Genetic Components Can Help You Live Longer, Confirm Research
            ARTICLE SUMMARY: It is noted that previous research minimized the impact of genetics due to data limitations, leading to erroneous conclusions

            Output ONLY the numeric bias score.
          
assistant-1.5"
"Everyone knew about Epstein, Trump told Palm Beach police chief, called his ex evil",FBI files reveal Trump’s alleged 2006 call supporting Epstein investigation. The revelations challenge Trump’s repeated claims of ignorance about Epstein’s misconduct.,Right,"system
You are participating in a standardized News Bias Classification task for academic
research. Output ONLY a single numeric value between -3.0 and +3.0.

Do NOT provide explanations or text.

user
            HEADLINE: Everyone knew about Epstein, Trump told Palm Beach police chief, called his ex evil
            ARTICLE SUMMARY: FBI files reveal Trump’s alleged 2006 call supporting Epstein investigation. The revelations challenge Trump’s repeated claims of ignorance about Epstein’s misconduct.

            Output ONLY the numeric bias score.
          
assistant-1.5"
"Bank Robbery in Germany: €30 Million in Damage, According to Police Estimate","The suspects, still unidentified, broke into a branch of the local savings bank and emptied nearly 3,000 boxes filled with silver, gold and jewellery, police said. 2 months ago · Paris, France",Lean Left,"system
You are participating in a standardized News Bias Classification task for academic
research. Output ONLY a single numeric value between -3.0 and +3.0.

Do NOT provide explanations or text.

user
            HEADLINE: Bank Robbery in Germany: €30 Million in Damage, According to Police Estimate
            ARTICLE SUMMARY: The suspects, still unidentified, broke into a branch of the local savings bank and emptied nearly 3,000 boxes filled with silver, gold and jewellery, police said. 2 months ago · Paris, France

            Output ONLY the numeric bias score.
          
assistant-1.5"
Funeral or Joy Day? Melania Appeared at the Presentation of Her Documentary in a Mourning Robe Buttoned up to the Throat,"Melania Trump is officially a movie star – a documentary dedicated to the US first lady was presented in Washington on Thursday. But the color scheme of the premiere, held at the infamous Kennedy Center, was suspiciously depressing, and the outfit worn by model-turned-first lady Melania would also be more appropriate for a funeral, given that it was made by a world-famous fashion house.",Center,"system
You are participating in a standardized News Bias Classification task for academic
research. Output ONLY a single numeric value between -3.0 and +3.0.

Do NOT provide explanations or text.

user
            HEADLINE: Funeral or Joy Day? Melania Appeared at the Presentation of Her Documentary in a Mourning Robe Buttoned up to the Throat
            ARTICLE SUMMARY: Melania Trump is officially a movie star – a documentary dedicated to the US first lady was presented in Washington on Thursday. But the color scheme of the premiere, held at the infamous Kennedy Center, was suspiciously depressing, and the outfit worn by model-turned-first lady Melania would also be more appropriate for a funeral, given that it was made by a world-famous fashion house.

            Output ONLY the numeric bias score.
          
assistant-2.5"
Private jet crashes in flames at Maine airport with eight aboard,"A private jet crashed in flames as it was taking off from a Maine airport with eight aboard, but their fate and identities were not immediately known.",Center,"system
You are participating in a standardized News Bias Classification task for academic
research. Output ONLY a single numeric value between -3.0 and +3.0.

Do NOT provide explanations or text.

user
            HEADLINE: Private jet crashes in flames at Maine airport with eight aboard
            ARTICLE SUMMARY: A private jet crashed in flames as it was taking off from a Maine airport with eight aboard, but their fate and identities were not immediately known.

            Output ONLY the numeric bias score.
          
assistant-1.5"
Private Jet Belonging to Immigration Attorneys and Dem Mega Donors Crashes.,"PULSE POINTSWHAT HAPPENED: A private jet registered to KTKJ Challenger LLC—owned by Texas personal injury attorneys and anti-Trump donors Jason Itkin and Kurt Arnold—crashed on take-off at Bangor International Airport last night amid heavy snow.WHO WAS INVOLVED: Jason Itkin, Kurt Arnold, eight people onboard the flight, the Federal Aviation Administration (FAA), and Bangor International Airport officials.WHEN & WHERE: The crash occurred on Sunda…",Right,"system
You are participating in a standardized News Bias Classification task for academic
research. Output ONLY a single numeric value between -3.0 and +3.0.

Do NOT provide explanations or text.

user
            HEADLINE: Private Jet Belonging to Immigration Attorneys and Dem Mega Donors Crashes.
            ARTICLE SUMMARY: PULSE POINTSWHAT HAPPENED: A private jet registered to KTKJ Challenger LLC—owned by Texas personal injury attorneys and anti-Trump donors Jason Itkin and Kurt Arnold—crashed on take-off at Bangor International Airport last night amid heavy snow.WHO WAS INVOLVED: Jason Itkin, Kurt Arnold, eight people onboard the flight, the Federal Aviation Administration (FAA), and Bangor International Airport officials.WHEN & WHERE: The crash occurred on Sunda…

            Output ONLY the numeric bias score.
          
assistant-1.5"
EU Opens New Investigation Into X Over Grok,"The European Commission (EC) on Jan. 26 opened a new formal investigation into Elon Musk’s X, stepping up scrutiny of the platform’s artificial intelligence tool Grok over concerns that it was used to create sexualized images of real people. The probe aims to examine whether X properly assessed and reduced the risks associated with the rollout of Grok’s features on its platform in the European Union. The EU’s executive branch said those risks in…",Right,"system
You are participating in a standardized News Bias Classification task for academic
research. Output ONLY a single numeric value between -3.0 and +3.0.

Do NOT provide explanations or text.

user
            HEADLINE: EU Opens New Investigation Into X Over Grok
            ARTICLE SUMMARY: The European Commission (EC) on Jan. 26 opened a new formal investigation into Elon Musk’s X, stepping up scrutiny of the platform’s artificial intelligence tool Grok over concerns that it was used to create sexualized images of real people. The probe aims to examine whether X properly assessed and reduced the risks associated with the rollout of Grok’s features on its platform in the European Union. The EU’s executive branch said those risks in…

            Output ONLY the numeric bias score.
          
assistant-1.5"
Trump Threatens to Invoke the Insurrection Act and Deploy Military if Protests Against Ice Continue in Minnesota,"U.S. President Donald Trump threatened Thursday to invoke Minnesota's Insurrection Law if the state's Democratic authorities do not stop the attacks of ""professional agitators"" against Immigration and Customs Enforcement (ICE) agents. ""If the corrupt Minnesota politicians do not obey the law and stop the professional and insurgent agitators who are attacking the patriots of ICE, who are only trying to do their job, I will put in place the Insurr… 1 month ago · Madrid, Spain",Center,"system
You are participating in a standardized News Bias Classification task for academic
research. Output ONLY a single numeric value between -3.0 and +3.0.

Do NOT provide explanations or text.

user
            HEADLINE: Trump Threatens to Invoke the Insurrection Act and Deploy Military if Protests Against Ice Continue in Minnesota
            ARTICLE SUMMARY: U.S. President Donald Trump threatened Thursday to invoke Minnesota's Insurrection Law if the state's Democratic authorities do not stop the attacks of ""professional agitators"" against Immigration and Customs Enforcement (ICE) agents. ""If the corrupt Minnesota politicians do not obey the law and stop the professional and insurgent agitators who are attacking the patriots of ICE, who are only trying to do their job, I will put in place the Insurr… 1 month ago · Madrid, Spain

            Output ONLY the numeric bias score.
          
assistant-1.5"
List of Republicans who voted against government funding bill,Seven Republicans joined Democrats to vote against a funding bill that would prevent a government shutdown.,Center,"system
You are participating in a standardized News Bias Classification task for academic
research. Output ONLY a single numeric value between -3.0 and +3.0.

Do NOT provide explanations or text.

user
            HEADLINE: List of Republicans who voted against government funding bill
            ARTICLE SUMMARY: Seven Republicans joined Democrats to vote against a funding bill that would prevent a government shutdown.

            Output ONLY the numeric bias score.
          
assistant-1.0"
"Trump ‘got the hell out’ after seeing teens around Epstein, FBI files reveal","President Trump witnessed something troubling around Jeffrey Epstein two decades ago -- and immediately distanced himself, according to bombshell Justice Department files released this week.",Right,"system
You are participating in a standardized News Bias Classification task for academic
research. Output ONLY a single numeric value between -3.0 and +3.0.

Do NOT provide explanations or text.

user
            HEADLINE: Trump ‘got the hell out’ after seeing teens around Epstein, FBI files reveal
            ARTICLE SUMMARY: President Trump witnessed something troubling around Jeffrey Epstein two decades ago -- and immediately distanced himself, according to bombshell Justice Department files released this week.

            Output ONLY the numeric bias score.
          
assistant-1.5"
US man charged after allegedly posing as FBI agent to free Luigi Mangione,Mangione is accused of gunning down UnitedHealthcare CEO Brian Thompson in December 2024.,Lean Left,"system
You are participating in a standardized News Bias Classification task for academic
research. Output ONLY a single numeric value between -3.0 and +3.0.

Do NOT provide explanations or text.

user
            HEADLINE: US man charged after allegedly posing as FBI agent to free Luigi Mangione
            ARTICLE SUMMARY: Mangione is accused of gunning down UnitedHealthcare CEO Brian Thompson in December 2024.

            Output ONLY the numeric bias score.
          
assistant-1.5"
Justice Department Releases Millions More Epstein Files - Real News Now,"The Justice Department announced Friday the release of three million additional documents tied to Jeffrey Epstein, bringing the total to over 3.5 million files. Deputy Attorney General Todd Blanche said the move is part of compliance with the Epstein Files Transparency Act, a law signed by President Donald Trump last year. Blanche said the new tranche includes more than 2,000 videos and 180,000 photos. He acknowledged that many images were of co…",Far Right,"system
You are participating in a standardized News Bias Classification task for academic
research. Output ONLY a single numeric value between -3.0 and +3.0.

Do NOT provide explanations or text.

user
            HEADLINE: Justice Department Releases Millions More Epstein Files - Real News Now
            ARTICLE SUMMARY: The Justice Department announced Friday the release of three million additional documents tied to Jeffrey Epstein, bringing the total to over 3.5 million files. Deputy Attorney General Todd Blanche said the move is part of compliance with the Epstein Files Transparency Act, a law signed by President Donald Trump last year. Blanche said the new tranche includes more than 2,000 videos and 180,000 photos. He acknowledged that many images were of co…

            Output ONLY the numeric bias score.
          
assistant0.0"
Trump Is Considering a New Attack on Iran,"US President Donald Trump is considering a new attack on Iran after previous talks between Washington and Tehran on curbing Iran's nuclear program failed to produce progress, CNN reported, citing unnamed government sources.",Center,"system
You are participating in a standardized News Bias Classification task for academic
research. Output ONLY a single numeric value between -3.0 and +3.0.

Do NOT provide explanations or text.

user
            HEADLINE: Trump Is Considering a New Attack on Iran
            ARTICLE SUMMARY: US President Donald Trump is considering a new attack on Iran after previous talks between Washington and Tehran on curbing Iran's nuclear program failed to produce progress, CNN reported, citing unnamed government sources.

            Output ONLY the numeric bias score.
          
assistant-1.5"
"Trip to Washington, d.c., Mp Jamil Jivani ""Speaks in His Own Name,"" Says Pierre Poilievre","Conservative leader Pierre Poilievre encouraged MPs to use their relations to fight US tariffs, but acknowledged that he had spoken to a member of his caucus who had been criticized for his recent trip to Washington. 23 hours ago · Montreal, Canada",Lean Left,"system
You are participating in a standardized News Bias Classification task for academic
research. Output ONLY a single numeric value between -3.0 and +3.0.

Do NOT provide explanations or text.

user
            HEADLINE: Trip to Washington, d.c., Mp Jamil Jivani ""Speaks in His Own Name,"" Says Pierre Poilievre
            ARTICLE SUMMARY: Conservative leader Pierre Poilievre encouraged MPs to use their relations to fight US tariffs, but acknowledged that he had spoken to a member of his caucus who had been criticized for his recent trip to Washington. 23 hours ago · Montreal, Canada

            Output ONLY the numeric bias score.
          
assistant-1.5"
Canada Just Opened The Door To Cheap Chinese EVs,"Breaking with the U.S., Canada will slash 100% tariff on Chinese electric cars, opening the doors to imports that cost less than $25,000. 1 month ago",Lean Left,"system
You are participating in a standardized News Bias Classification task for academic
research. Output ONLY a single numeric value between -3.0 and +3.0.

Do NOT provide explanations or text.

user
            HEADLINE: Canada Just Opened The Door To Cheap Chinese EVs
            ARTICLE SUMMARY: Breaking with the U.S., Canada will slash 100% tariff on Chinese electric cars, opening the doors to imports that cost less than $25,000. 1 month ago

            Output ONLY the numeric bias score.
          
assistant-1.0"
"Judge ends Mahdawi deportation case, DHS vows to continue","Mohsen Mahdawi detained last year Department of Homeland Security spokeswoman Tricia McLaughlin blasted a federal judge’s decision on Tuesday and said the Trump administration will fight the ruling that blocked efforts to deport Mohsen Mahdawi. “No activist judge, not this one or any other, is going to stop us from doing that,” McLaughlin said, reiterating the administration’s resolve to revoke Mahdawi’s visa after the court’s decision. Accordin… 7 hours ago",Right,"system
You are participating in a standardized News Bias Classification task for academic
research. Output ONLY a single numeric value between -3.0 and +3.0.

Do NOT provide explanations or text.

user
            HEADLINE: Judge ends Mahdawi deportation case, DHS vows to continue
            ARTICLE SUMMARY: Mohsen Mahdawi detained last year Department of Homeland Security spokeswoman Tricia McLaughlin blasted a federal judge’s decision on Tuesday and said the Trump administration will fight the ruling that blocked efforts to deport Mohsen Mahdawi. “No activist judge, not this one or any other, is going to stop us from doing that,” McLaughlin said, reiterating the administration’s resolve to revoke Mahdawi’s visa after the court’s decision. Accordin… 7 hours ago

            Output ONLY the numeric bias score.
          
assistant-1.5"
US Gov enters shutdown as DHS talks stall over Minneapolis shooting,"WASHINGTON — The US government on Saturday entered a partial shutdown as a midnight funding deadline for a 2026 budget passed unapproved by Congress, following the recent killings of protesters. Disruption was expected to be limited, however, with the House set to move early next week to ratify a Senate-backed deal. The funding lapse followed a breakdown in negotiations driven by Democratic anger over the killing of two protesters in Minneapolis…",Lean Left,"system
You are participating in a standardized News Bias Classification task for academic
research. Output ONLY a single numeric value between -3.0 and +3.0.

Do NOT provide explanations or text.

user
            HEADLINE: US Gov enters shutdown as DHS talks stall over Minneapolis shooting
            ARTICLE SUMMARY: WASHINGTON — The US government on Saturday entered a partial shutdown as a midnight funding deadline for a 2026 budget passed unapproved by Congress, following the recent killings of protesters. Disruption was expected to be limited, however, with the House set to move early next week to ratify a Senate-backed deal. The funding lapse followed a breakdown in negotiations driven by Democratic anger over the killing of two protesters in Minneapolis…

            Output ONLY the numeric bias score.
          
assistant-1.5"
EU opens probe into Musk’s Grok over sexualized deepfakes,"Brussels opens a Digital Services Act investigation into X over Grok deepfakes, widening scrutiny while U.S. lawmakers sharpen enforcement tools",Center,"system
You are participating in a standardized News Bias Classification task for academic
research. Output ONLY a single numeric value between -3.0 and +3.0.

Do NOT provide explanations or text.

user
            HEADLINE: EU opens probe into Musk’s Grok over sexualized deepfakes
            ARTICLE SUMMARY: Brussels opens a Digital Services Act investigation into X over Grok deepfakes, widening scrutiny while U.S. lawmakers sharpen enforcement tools

            Output ONLY the numeric bias score.
          
assistant-1.5"
"MichaelSavage.com – Trump launches $10 billion lawsuit against his own IRS, Treasury Department over leaked tax returns","The suit, filed in a Florida federal court on Thursday, includes the president's sons Eric Trump, Donald Trump Jr and the Trump organization as plaintiffs. The filing alleges that the leak of Trump and the Trump Organization´s confidential tax records caused 'reputational and financial harm, public embarrassment, unfairly tarnished their business reputations, portrayed them in…",Far Right,"system
You are participating in a standardized News Bias Classification task for academic
research. Output ONLY a single numeric value between -3.0 and +3.0.

Do NOT provide explanations or text.

user
            HEADLINE: MichaelSavage.com – Trump launches $10 billion lawsuit against his own IRS, Treasury Department over leaked tax returns
            ARTICLE SUMMARY: The suit, filed in a Florida federal court on Thursday, includes the president's sons Eric Trump, Donald Trump Jr and the Trump organization as plaintiffs. The filing alleges that the leak of Trump and the Trump Organization´s confidential tax records caused 'reputational and financial harm, public embarrassment, unfairly tarnished their business reputations, portrayed them in…

            Output ONLY the numeric bias score.
          
assistant-2.5"
Trump Talks Cooperation with Tim Walz in Minnesota While ICE Operations and Fraud Investigations Continue,"President Donald Trump and his officials are releasing conciliatory messages after a weekend when another street activist was killed in a Minneapolis scuffle caused by Democrat-backed, anti-enforcement crowds. The post Trump Talks Cooperation with Tim Walz in Minnesota While ICE Operations and Fraud Investigations Continue appeared first on Breitbart.",Right,"system
You are participating in a standardized News Bias Classification task for academic
research. Output ONLY a single numeric value between -3.0 and +3.0.

Do NOT provide explanations or text.

user
            HEADLINE: Trump Talks Cooperation with Tim Walz in Minnesota While ICE Operations and Fraud Investigations Continue
            ARTICLE SUMMARY: President Donald Trump and his officials are releasing conciliatory messages after a weekend when another street activist was killed in a Minneapolis scuffle caused by Democrat-backed, anti-enforcement crowds. The post Trump Talks Cooperation with Tim Walz in Minnesota While ICE Operations and Fraud Investigations Continue appeared first on Breitbart.

            Output ONLY the numeric bias score.
          
assistant-1.5"
Explaining the Insurrection Act's powers as Trump threatens to use it,"President Trump's threat to invoke the Insurrection Act is sparking concern among critics who warn that the law's sweeping powers make it easy to misuse, particularly in moments of domestic unrest. To help us understand what’s at stake, Geoff Bennett spoke with Elizabeth Goitein, senior director of the Liberty and National Security Program at the Brennan Center for Justice. 1 month ago · Washington, United States",Center,"system
You are participating in a standardized News Bias Classification task for academic
research. Output ONLY a single numeric value between -3.0 and +3.0.

Do NOT provide explanations or text.

user
            HEADLINE: Explaining the Insurrection Act's powers as Trump threatens to use it
            ARTICLE SUMMARY: President Trump's threat to invoke the Insurrection Act is sparking concern among critics who warn that the law's sweeping powers make it easy to misuse, particularly in moments of domestic unrest. To help us understand what’s at stake, Geoff Bennett spoke with Elizabeth Goitein, senior director of the Liberty and National Security Program at the Brennan Center for Justice. 1 month ago · Washington, United States

            Output ONLY the numeric bias score.
          
assistant-1.5"
Kevin Warsh to navigate Fed independence and Trump's demands,"WASHINGTON — Kevin Warsh has sought the job of Federal Reserve chair, off and on, since President Donald Trump first considered him for the position nearly a decade ago. Now that he is in line for the position, the enormity…",Lean Left,"system
You are participating in a standardized News Bias Classification task for academic
research. Output ONLY a single numeric value between -3.0 and +3.0.

Do NOT provide explanations or text.

user
            HEADLINE: Kevin Warsh to navigate Fed independence and Trump's demands
            ARTICLE SUMMARY: WASHINGTON — Kevin Warsh has sought the job of Federal Reserve chair, off and on, since President Donald Trump first considered him for the position nearly a decade ago. Now that he is in line for the position, the enormity…

            Output ONLY the numeric bias score.
          
assistant0.0"
Man Accused of Spraying Apple Cider Vinegar on Ilhan Omar Charged With Assault,"The Justice Department filed criminal charges on Wednesday against a man accused of spraying a liquid on Rep. Ilhan Omar (D-Minn.) during a town hall this week. Anthony James Kazmierczak, 55, was charged with forcibly assaulting, opposing, impeding, intimidating, and interfering with the representative while she was performing her official duties, according to the criminal complaint filed in U.S. District Court in Minnesota. The liquid that rema…",Right,"system
You are participating in a standardized News Bias Classification task for academic
research. Output ONLY a single numeric value between -3.0 and +3.0.

Do NOT provide explanations or text.

user
            HEADLINE: Man Accused of Spraying Apple Cider Vinegar on Ilhan Omar Charged With Assault
            ARTICLE SUMMARY: The Justice Department filed criminal charges on Wednesday against a man accused of spraying a liquid on Rep. Ilhan Omar (D-Minn.) during a town hall this week. Anthony James Kazmierczak, 55, was charged with forcibly assaulting, opposing, impeding, intimidating, and interfering with the representative while she was performing her official duties, according to the criminal complaint filed in U.S. District Court in Minnesota. The liquid that rema…

            Output ONLY the numeric bias score.
          
assistant-1.5"
Rhode Island hockey rink shooting: What we know,Authorities in Rhode Island are expected to release more information after three people died and three others were hurt in a shooting on Monday at an ice hockey rink.,Center,"system
You are participating in a standardized News Bias Classification task for academic
research. Output ONLY a single numeric value between -3.0 and +3.0.

Do NOT provide explanations or text.

user
            HEADLINE: Rhode Island hockey rink shooting: What we know
            ARTICLE SUMMARY: Authorities in Rhode Island are expected to release more information after three people died and three others were hurt in a shooting on Monday at an ice hockey rink.

            Output ONLY the numeric bias score.
          
assistant-1.0"
The Justice Department Releases Millions of Documents in the Epstein Investigation,"The Justice Department has completed its review of records related to Jeffrey Epstein and will release the documents throughout Friday, Deputy Attorney General Todd Blanche announced.",Center,"system
You are participating in a standardized News Bias Classification task for academic
research. Output ONLY a single numeric value between -3.0 and +3.0.

Do NOT provide explanations or text.

user
            HEADLINE: The Justice Department Releases Millions of Documents in the Epstein Investigation
            ARTICLE SUMMARY: The Justice Department has completed its review of records related to Jeffrey Epstein and will release the documents throughout Friday, Deputy Attorney General Todd Blanche announced.

            Output ONLY the numeric bias score.
          
assistant0.0"
María Machado Says She Gave Trump Her Nobel Peace Prize,"Now he has his Nobel Peace Prize–sort of.  Venezuelan opposition leader María Corina Machado presented President Donald Trump with the Nobel Peace Prize medal she was awarded in December, she told reporters on Capitol Hill Thursday. Machado said she made the presentation when she met with Trump for lunch at the White House earlier in the day. [time-brightcove not-tgx=”true”] “I presented the President of the United States the medal— the Nobel Pe… 1 month ago · United States",Lean Left,"system
You are participating in a standardized News Bias Classification task for academic
research. Output ONLY a single numeric value between -3.0 and +3.0.

Do NOT provide explanations or text.

user
            HEADLINE: María Machado Says She Gave Trump Her Nobel Peace Prize
            ARTICLE SUMMARY: Now he has his Nobel Peace Prize–sort of.  Venezuelan opposition leader María Corina Machado presented President Donald Trump with the Nobel Peace Prize medal she was awarded in December, she told reporters on Capitol Hill Thursday. Machado said she made the presentation when she met with Trump for lunch at the White House earlier in the day. [time-brightcove not-tgx=”true”] “I presented the President of the United States the medal— the Nobel Pe… 1 month ago · United States

            Output ONLY the numeric bias score.
          
assistant-1.5"
Trump Threatens Insurrection Act as Minnesota Protests Grow,President Donald Trump threatened to deploy US military forces to quell protests in Minnesota in response to violent encounters involving federal immigration agents. 1 month ago · United States,Lean Left,"system
You are participating in a standardized News Bias Classification task for academic
research. Output ONLY a single numeric value between -3.0 and +3.0.

Do NOT provide explanations or text.

user
            HEADLINE: Trump Threatens Insurrection Act as Minnesota Protests Grow
            ARTICLE SUMMARY: President Donald Trump threatened to deploy US military forces to quell protests in Minnesota in response to violent encounters involving federal immigration agents. 1 month ago · United States

            Output ONLY the numeric bias score.
          
assistant-1.5"
Man Pretends to Be an Fbi Agent to Free Arrested Luigi Mangione - Agenzia Nova,"A Minnesota man has been charged with impersonating a federal agent after appearing at a New York federal prison claiming to have a judge's order to release Luigi Mangione, NBC News reports. Mark Anderson, 35, was arrested at the Metropolitan Detention Center in Brooklyn late yesterday evening after inmate staffers asked him to show his credentials. Anderson then produced a Minnesota driver's license and ""affirmed possession of weapons.""",Center,"system
You are participating in a standardized News Bias Classification task for academic
research. Output ONLY a single numeric value between -3.0 and +3.0.

Do NOT provide explanations or text.

user
            HEADLINE: Man Pretends to Be an Fbi Agent to Free Arrested Luigi Mangione - Agenzia Nova
            ARTICLE SUMMARY: A Minnesota man has been charged with impersonating a federal agent after appearing at a New York federal prison claiming to have a judge's order to release Luigi Mangione, NBC News reports. Mark Anderson, 35, was arrested at the Metropolitan Detention Center in Brooklyn late yesterday evening after inmate staffers asked him to show his credentials. Anderson then produced a Minnesota driver's license and ""affirmed possession of weapons.""

            Output ONLY the numeric bias score.
          
assistant-1.5"
100 Skiers Are Evacuated: Cable Car Cabin Crashes Against Mountain Station in Italian Alps,"In Italy, a cable car collides with the barrier of a mountain station near the municipality of Macugnaga on the border with Switzerland. At least four people are injured - numerous skiers are temporarily stuck at about 2800 metres altitude. 2 months ago",Right,"system
You are participating in a standardized News Bias Classification task for academic
research. Output ONLY a single numeric value between -3.0 and +3.0.

Do NOT provide explanations or text.

user
            HEADLINE: 100 Skiers Are Evacuated: Cable Car Cabin Crashes Against Mountain Station in Italian Alps
            ARTICLE SUMMARY: In Italy, a cable car collides with the barrier of a mountain station near the municipality of Macugnaga on the border with Switzerland. At least four people are injured - numerous skiers are temporarily stuck at about 2800 metres altitude. 2 months ago

            Output ONLY the numeric bias score.
          
assistant-1.5"
At Least Ten Dead After Explosion at Ski Resort,"An explosion has occurred during New Year's celebrations at the ski resort of Crans-Montana in the Alps. At least ten people have been killed and at least ten more injured, according to reports. 2 months ago · Stockholm, Sweden",Left,"system
You are participating in a standardized News Bias Classification task for academic
research. Output ONLY a single numeric value between -3.0 and +3.0.

Do NOT provide explanations or text.

user
            HEADLINE: At Least Ten Dead After Explosion at Ski Resort
            ARTICLE SUMMARY: An explosion has occurred during New Year's celebrations at the ski resort of Crans-Montana in the Alps. At least ten people have been killed and at least ten more injured, according to reports. 2 months ago · Stockholm, Sweden

            Output ONLY the numeric bias score.
          
assistant-1.5"
"Trump sues IRS, US Treasury for US$10 billion over leaked tax returns","Citing reputational harm and breached laws, the suit could leave US taxpayers on the hook for a massive federal payout.",Center,"system
You are participating in a standardized News Bias Classification task for academic
research. Output ONLY a single numeric value between -3.0 and +3.0.

Do NOT provide explanations or text.

user
            HEADLINE: Trump sues IRS, US Treasury for US$10 billion over leaked tax returns
            ARTICLE SUMMARY: Citing reputational harm and breached laws, the suit could leave US taxpayers on the hook for a massive federal payout.

            Output ONLY the numeric bias score.
          
assistant-1.5"
Epstein files lead to resignation in Slovakia and calls in Britain for former prince to cooperate,Newly released files on Jeffrey Epstein have prompted the resignation of a top official in Slovakia and revived calls in Britain for a former prince to cooperate with authorities.,Center,"system
You are participating in a standardized News Bias Classification task for academic
research. Output ONLY a single numeric value between -3.0 and +3.0.

Do NOT provide explanations or text.

user
            HEADLINE: Epstein files lead to resignation in Slovakia and calls in Britain for former prince to cooperate
            ARTICLE SUMMARY: Newly released files on Jeffrey Epstein have prompted the resignation of a top official in Slovakia and revived calls in Britain for a former prince to cooperate with authorities.

            Output ONLY the numeric bias score.
          
assistant0.0"
"Court filings: Hunter Biden refusing to speak with his 7-year-old daughter, essentially 'ghosting her'","According to recent court filings by Lunden Roberts, a former stripper who became pregnant after a brief, ""casual"" relationship with Hunter Biden, the former first son is refusing to speak with his now-7-year-old daughter, Navy Joan Roberts. 1 month ago · San Diego, United States",Right,"system
You are participating in a standardized News Bias Classification task for academic
research. Output ONLY a single numeric value between -3.0 and +3.0.

Do NOT provide explanations or text.

user
            HEADLINE: Court filings: Hunter Biden refusing to speak with his 7-year-old daughter, essentially 'ghosting her'
            ARTICLE SUMMARY: According to recent court filings by Lunden Roberts, a former stripper who became pregnant after a brief, ""casual"" relationship with Hunter Biden, the former first son is refusing to speak with his now-7-year-old daughter, Navy Joan Roberts. 1 month ago · San Diego, United States

            Output ONLY the numeric bias score.
          
assistant-2.5"
Donald Trump considers tariffs for countries opposing Greenland takeover,1 month ago · South Africa,Center,"system
You are participating in a standardized News Bias Classification task for academic
research. Output ONLY a single numeric value between -3.0 and +3.0.

Do NOT provide explanations or text.

user
            HEADLINE: Donald Trump considers tariffs for countries opposing Greenland takeover
            ARTICLE SUMMARY: 1 month ago · South Africa

            Output ONLY the numeric bias score.
          
assistant-1.5"
Washington Post sports staff addresses layoff rumors as part of viral #SaveThePost trend on social media,This could be a major change to the sports journalism scene.,Center,"system
You are participating in a standardized News Bias Classification task for academic
research. Output ONLY a single numeric value between -3.0 and +3.0.

Do NOT provide explanations or text.

user
            HEADLINE: Washington Post sports staff addresses layoff rumors as part of viral #SaveThePost trend on social media
            ARTICLE SUMMARY: This could be a major change to the sports journalism scene.

            Output ONLY the numeric bias score.
          
assistant-1.5"
What Is The Insurrection Act?: Everything You Need To Know,"Source: The Washington Post / Getty Can Trump really invoke the Insurrection Act? Let’s unpack. Right now, Minnesota is burning with pain and confusion. Everyone’s seen the video of Renee Nicole Good, a 37-year-old mom who was shot and killed by an ICE agent after an altercation just after dropping her kid off at school earlier that morning. Last night in Minneapolis, another federal agent shot a man in the leg during an attempted traffic stop a… 1 month ago · New York, United States",Right,"system
You are participating in a standardized News Bias Classification task for academic
research. Output ONLY a single numeric value between -3.0 and +3.0.

Do NOT provide explanations or text.

user
            HEADLINE: What Is The Insurrection Act?: Everything You Need To Know
            ARTICLE SUMMARY: Source: The Washington Post / Getty Can Trump really invoke the Insurrection Act? Let’s unpack. Right now, Minnesota is burning with pain and confusion. Everyone’s seen the video of Renee Nicole Good, a 37-year-old mom who was shot and killed by an ICE agent after an altercation just after dropping her kid off at school earlier that morning. Last night in Minneapolis, another federal agent shot a man in the leg during an attempted traffic stop a… 1 month ago · New York, United States

            Output ONLY the numeric bias score.
          
assistant0.0"
State lawmaker warns against disruption to gender-affirming care during nurses’ strike,"A state lawmaker is urging Gov. Kathy Hochul to issue emergency guidance to make sure gender-affirming care continues to be delivered at the three private hospital systems where nearly 15,000 nurses have been on strike since Jan. 12. State Assemblymember Linda Rosenthal, whose district spans from midtown up to 93rd St. on the west side of Manhattan, penned a letter to the governor on Jan. 13  amid concerns that hospitals and clinics could choose… 1 month ago",Left,"system
You are participating in a standardized News Bias Classification task for academic
research. Output ONLY a single numeric value between -3.0 and +3.0.

Do NOT provide explanations or text.

user
            HEADLINE: State lawmaker warns against disruption to gender-affirming care during nurses’ strike
            ARTICLE SUMMARY: A state lawmaker is urging Gov. Kathy Hochul to issue emergency guidance to make sure gender-affirming care continues to be delivered at the three private hospital systems where nearly 15,000 nurses have been on strike since Jan. 12. State Assemblymember Linda Rosenthal, whose district spans from midtown up to 93rd St. on the west side of Manhattan, penned a letter to the governor on Jan. 13  amid concerns that hospitals and clinics could choose… 1 month ago

            Output ONLY the numeric bias score.
          
assistant-1.5"
Bulgaria Joins the Euro Area in a Long-Term Political Crisis,"Bulgaria joins the Eurozone. The population is sceptical. Political instability and corruption overshadow the project. But the economy hopes for investment. By K.-R. Jackisch. 2 months ago · Hamburg, Germany",Center,"system
You are participating in a standardized News Bias Classification task for academic
research. Output ONLY a single numeric value between -3.0 and +3.0.

Do NOT provide explanations or text.

user
            HEADLINE: Bulgaria Joins the Euro Area in a Long-Term Political Crisis
            ARTICLE SUMMARY: Bulgaria joins the Eurozone. The population is sceptical. Political instability and corruption overshadow the project. But the economy hopes for investment. By K.-R. Jackisch. 2 months ago · Hamburg, Germany

            Output ONLY the numeric bias score.
          
assistant-1.5"
Rule with Fear: Homan in Charge and the Legitimacy of Civic Resistance,"It's not an image. It's not a viral video. It's not a ""sensitive case."" Liam is proof.The proof that Donald Trump's government has crossed a moral and constitutional border: the conversion of cruelty into public policy.Liam Rabbit Ramos is a child detained by federal authorities within the United States.Not at the border.Not in transit. Inside the country. Locked up with his father in conditions that lawyers and advocates describe as inhuman eve…",Lean Left,"system
You are participating in a standardized News Bias Classification task for academic
research. Output ONLY a single numeric value between -3.0 and +3.0.

Do NOT provide explanations or text.

user
            HEADLINE: Rule with Fear: Homan in Charge and the Legitimacy of Civic Resistance
            ARTICLE SUMMARY: It's not an image. It's not a viral video. It's not a ""sensitive case."" Liam is proof.The proof that Donald Trump's government has crossed a moral and constitutional border: the conversion of cruelty into public policy.Liam Rabbit Ramos is a child detained by federal authorities within the United States.Not at the border.Not in transit. Inside the country. Locked up with his father in conditions that lawyers and advocates describe as inhuman eve…

            Output ONLY the numeric bias score.
          
assistant-2.5"
"Why Is Everyone Online Talking About Clawdbot, Renamed Moltbot?","Clawdbot is the assistant that many users wanted, but that no large company could design and launch",Right,"system
You are participating in a standardized News Bias Classification task for academic
research. Output ONLY a single numeric value between -3.0 and +3.0.

Do NOT provide explanations or text.

user
            HEADLINE: Why Is Everyone Online Talking About Clawdbot, Renamed Moltbot?
            ARTICLE SUMMARY: Clawdbot is the assistant that many users wanted, but that no large company could design and launch

            Output ONLY the numeric bias score.
          
assistant-1.5"
Venezuela's Opposition Politician: Machado Presents Trump with Her Nobel Prize Medal,"Again and again US President Donald Trump had monetized the Nobel Peace Prize for herself. After all, now the current winner has ensured that he will at least receive the corresponding medal. 1 month ago",Right,"system
You are participating in a standardized News Bias Classification task for academic
research. Output ONLY a single numeric value between -3.0 and +3.0.

Do NOT provide explanations or text.

user
            HEADLINE: Venezuela's Opposition Politician: Machado Presents Trump with Her Nobel Prize Medal
            ARTICLE SUMMARY: Again and again US President Donald Trump had monetized the Nobel Peace Prize for herself. After all, now the current winner has ensured that he will at least receive the corresponding medal. 1 month ago

            Output ONLY the numeric bias score.
          
assistant-2.5"
Cia Detects No Evidence of Ukrainian Attack on Putin's Residence,"Kremlin ruler Vladimir Putin accuses Ukraine of attacking one of his residences with drones. According to media reports, U.S. intelligence now has a clear verdict that there has been no such attack. 2 months ago · Germany",Lean Left,"system
You are participating in a standardized News Bias Classification task for academic
research. Output ONLY a single numeric value between -3.0 and +3.0.

Do NOT provide explanations or text.

user
            HEADLINE: Cia Detects No Evidence of Ukrainian Attack on Putin's Residence
            ARTICLE SUMMARY: Kremlin ruler Vladimir Putin accuses Ukraine of attacking one of his residences with drones. According to media reports, U.S. intelligence now has a clear verdict that there has been no such attack. 2 months ago · Germany

            Output ONLY the numeric bias score.
          
assistant-1.5"
