outlet,bias,headline,summary,ground_news_interest_url
The Week,Lean Left,"Fed holds rates steady, bucking Trump pressure","What happenedThe Federal Reserve Wednesday voted to keep its benchmark interest rate unchanged at 3.5% to 3.75%, resisting pressure from the White House for further cuts. It was the central bank’s first rate pause since July.Who said what“The economy has once again surprised us with its strength,” Fed Chair Jerome Powell said at a news conference. The outlook “has clearly improved since the last meeting,” and while consumer spending is “uneven a…",https://ground.news/interest/the-week_fd0add
stern.de,Center,These Etfs and Shares Benefit From Continued High Interest Rates in the Us,"US Federal Reserve Fed keeps interest rates at the same level – and it should stay that way for a longer time. Although President Trump is annoyed, some companies and their shareholders are pleased.",https://ground.news/interest/sternde
tippinsights,Right,Why The Federal Reserve Paused Rate Cuts,"The Federal Reserve held its benchmark interest rate steady on Wednesday, pausing a recent series of cuts as officials cited stronger economic growth and easing labor market risks. The Federal Open Market Committee voted to keep rates in a 3.5 percent to 3.75 percent range, ending three consecutive quarter-point reductions. Policymakers raised their outlook for economic growth and signaled greater confidence that employment conditions are stabil…",https://ground.news/interest/tippinsights
supplychaindive.com,Center,"Fed holds main rate steady, highlighting signs of job market stability",Federal Reserve Chair Jerome Powell said Wednesday he expects the inflationary effects of tariffs to recede midway through 2026.,https://ground.news/interest/supplychaindivecom
Le Monde,Lean Left,Fed halts rate cuts amid dollar plunge and pressure from Trump,"On Wednesday, the US Federal Reserve kept its key interest rates steady between 3.5% and 3.75%. The dollar hit its lowest point since 2022.",https://ground.news/interest/le-monde
El Vocero de Puerto Rico,Right,Federal Reserve Keeps Rates Unchanged,"The Federal Reserve paused its interest rate cuts yesterday, leaving its key rate unchanged at approximately 3.6%, after cutting it three times last year.",https://ground.news/interest/el-vocero-de-puerto-rico
Eesti Rahvusringhääling,Center,The Us Federal Reserve Left Interest Rates Unchanged,"The US Federal Reserve decided to leave interest rates unchanged on Wednesday, as central bank Chairman Jerome Powell said the economy is strong and risks to inflation and employment have diminished. This could indicate that interest rates will not be cut anytime soon, meaning that borrowing costs for Americans will not fall.",https://ground.news/interest/eesti-rahvusringhaaling
kctv5,Center,Federal Reserve Holds Rates Steady as Powell Faces Political Scrutiny,"Wednesday, the Federal Reserve announced it would maintain current interest rates following a series of recent cuts.",https://ground.news/interest/kctv5
Montana Standard,Center,Federal Reserve keeps interest rates unchanged even as Trump insists they be lowered,"The central bank said there are signs the job market stabilized and growth was ""solid,"" an upgrade from last month's characterization.",https://ground.news/interest/montana-standard
Radio-Canada,Lean Left,Fed Freezes Its Rates and Reaffirms Its Independence,"The President of the Federal Reserve promised not to be intimidated by Donald Trump, who wants to have a very flexible monetary policy.",https://ground.news/interest/radio-canada
Koco News5,Center,Federal Reserve holds interest rates steady amid political scrutiny,"The Federal Reserve kept rates unchanged amid political pressure and criticism from Trump, while the administration promoted new government-backed savings accounts for children.",https://ground.news/interest/koco-news5
voz.us,Right,"After Three Consecutive Losses, the Edf Decided to Maintain Current Interest Rates","The Federal Reserve (FED) decided to maintain current interest rates. After three consecutive casualties, the organization led by Jerome Powell voted not to change the rates the tension with the Trump administration continues to escalate.Read more",https://ground.news/interest/vozus
The Tribune-Democrat,Lean Left,Federal Reserve keeps interest rates unchanged,"The Federal Reserve pushed the pause button on its interest rate cuts Wednesday, leaving its key rate unchanged at about 3.6% after lowering it three times last year.",https://ground.news/interest/the-tribune-democrat
Quartz,Center,The Fed holds interest rates steady despite unprecedented pressure from Trump,"The move was widely expected by markets and observers, but is still likely to draw White House ire. Fed Chair Jerome Powell will speak shortly",https://ground.news/interest/quartz
Sky News UK,Center,Federal Reserve opts against interest rate cut despite Donald Trump pressure on Jerome Powell,The decision comes amid calls from the US president to lower borrowing costs.,https://ground.news/interest/sky-news
KAKE News,Center,"US stocks move sideways, shruggging off low-key Fed meeting","Wall Street stocks finished little changed Wednesday after the Federal Reserve kept interest rates unchanged, while the dollar rebounded somewhat from the prior session's slide.",https://ground.news/interest/kakecom
France24,Center,Fed defies Trump to hold interest rates steady,"The US Federal Reserve has defied pressure from President Donald Trump, by holding interest rates steady. The policy announcement was partly overshadowed by ongoing tensions with the administration. Fed Chairman Jerome Powell - who is facing a criminal probe he describes as politically motivated - insisted the central bank would maintain its independence. Also in the show - the US dollar slides to its lowest level in four years, and Paris Fashio…",https://ground.news/interest/france24
Deutschlandfunk,Center,Federal Reserve - Despite Trump's Pressure: Us Central Rate Remains Unchanged,"Despite President Trump's pressure, the US Federal Reserve has left the key rate unchanged.",https://ground.news/interest/deutschlandfunk
연합뉴스-Yonhap News Agency,Right,"The Fed Keeps Interest Rates Steady Despite Pressure From Trump to Cut rates... ""Inflation Is Somewhat High"" (Comprehensive Report, Part 2)","(Washington/New York=Yonhap News) Correspondents Park Sung-min, Kim Dong-hyun, and Lee Ji-heon = The Federal Reserve, the central bank of the United States, is responding to President Donald Trump's continued interest rate cuts...",https://ground.news/interest/_ae7d36
telex.hu,Lean Left,"As Much as Donald Trump Would Like, the Us Central Bank Has Not Cut Interest Rates Further","The central bank's decision is also politically sensitive, as Trump wants to see lower interest rates and stronger growth ahead of the midterm elections.",https://ground.news/interest/telexhu
The Star Kuala Lumpur,Right,2nd LD Writethru: U.S. Fed keeps interest rate unchanged at 3.5-3.75 pct,"WASHINGTON, Jan. 28 (Xinhua) -- The U.S. Federal Reserve on Wednesday kept the target range for the federal funds interest rate unchanged at 3.5 percent to 3.75 percent at its first policy meeting of 2026. Read full story",https://ground.news/interest/the-star-kuala-lumpur
Frankfurter Allgemeine,Right,Fed: the Series of Small Interest Rate Cuts Ends,The US Federal Reserve is leaving the key rate unchanged for the first time after three cuts. Fed boss Powell sees solid economic growth and believes that the central bank remains independent – despite the White House campaign.,https://ground.news/interest/frankfurter-allgemeine
il Giornale,Right,Rates Unchanged at 3.50%-3.75%: the Fed Reports High Uncertainty but Divides on Powell,"Unemployment in stabilization but still high prices: the FOMC votes 10-2, with Miran and Waller against",https://ground.news/interest/ilgiornaleit
NBC News,Lean Left,Federal Reserve decides to keep interest rates steady,Federal Reserve decides to keep interest rates steady,https://ground.news/interest/nbc-news
Corriere Della Sera,Center,The Fed Leaves Unchanged Rates Between 3.50 and 3.75%: for Other Intervention on Rates We Will Evaluate the Data.,"Of the twelve voting members of the Federal Reserve, two opposed the decision, preferring to reduce the rates by a quarter of a point.",https://ground.news/interest/corriere-della-sera
CTV News,Center,"U.S. Fed leaves rates unchanged, sees ‘elevated’ inflation and stabilizing job market","The U.S. Federal Reserve held interest rates steady, citing still-elevated inflation alongside solid economic growth. Next Fed Chair contenders dissented.",https://ground.news/interest/ctv-news
saarbruecker-zeitung.de,Center,Us Federal Reserve: Us Federal Reserve Enters the Brake: Key Interest Rate Remains Stable,"Gradually, the Federal Reserve had gradually lowered the US key interest rate, so that's the end.",https://ground.news/interest/saarbruecker-zeitungde
Jyllands-Posten,Right,"Despite Pressure From Trump, the Us Central Bank Maintains Interest Rates","The US Federal Reserve (Fed) is keeping interest rates unchanged, as expected. The central bank announced this in a press release after its first monetary policy meeting in 2026. The announcement comes after ...",https://ground.news/interest/jyllands-posten
Spiegel,Lean Left,Us Federal Reserve: Fed Leaves Key Interest Rate Stable,"Because U.S. Federal Reserve Chief Jerome Powell doesn't sprint as Donald Trump wants, attacks on the Fed and its leadership piled up most recently. Now she has announced a new key interest rate decision – which Trump should not like.",https://ground.news/interest/spiegel
Neue Zürcher Zeitung,Right,Powell Doesn't Give in to Trump's Urges: the Fed Keeps the Key Rate Stable,The American central bank leaves the important interest rate between 3.5 and 3.75 percent. It thus underpins its independence in the conflict with the White House.,https://ground.news/interest/neue-zurcher-zeitung
Il Sole 24 Ore,Right,"The Fed Leaves Interest Rates at 3.50%-3.75%, in Line with Estimates","The Federal Open Market Committee (Fomc), the Monetary Policy Committee of the Federal Reserve, has decided to keep the interest rates of the Federal Reserve.",https://ground.news/interest/il-sole-24-ore
CNN,Lean Left,The Fed just paused its rate cuts. Here’s the best way to make that work for your money,"After weighing a slightly lower unemployment rate with small increases in inflation in December, the Federal Reserve on Wednesday decided to leave its key overnight lending rate untouched. That decision follows the three cuts the Fed made last year, for a total of six cuts since September 2024.",https://ground.news/interest/cnn
Semafor,Lean Left,US Federal Reserve holds interest rates steady,"The US Federal Reserve on Wednesday held interest rates steady, taking a breather after three straight cuts last year. Despite intensifying pressure from US President Donald Trump to lower borrowing costs, the Fed signaled it isn’t in a rush to trim rates given low layoffs and steady economic growth. The widely expected decision followed “a very boring meeting during very interesting times,” one analyst said. Tuesday marked Fed Chair Jerome Powe…",https://ground.news/interest/semaforcom
NRC Handelsblad,Lean Left,Federal Reserve Leaves Interest Rates Unchanged Despite Trump's Pressure to Cut,"The Federal Reserve, the US central bank, has left interest rates unchanged at around 3.6 percent. This was revealed Wednesday in…",https://ground.news/interest/nrc-handelsblad
DR,Lean Left,Central Bank Defies Trump and Maintains Interest Rates,"As most economists expected, the US Federal Reserve is keeping interest rates unchanged.",https://ground.news/interest/dr
Reuters,Center,"VIEW Fed holds rates steady as expected, but sees elevated inflation","The Federal Reserve held interest rates steady on Wednesday, as was widely expected, citing still-elevated inflation alongside solid economic growth, and giving little indication in its latest policy statement of when borrowing costs might fall again.",https://ground.news/interest/reuters_fa2539
Dallas News,Center,"Fed holds rates steady, sees ‘elevated’ inflation and stabilizing job market","The U.S. Federal Reserve held interest rates steady on Wednesday, citing still-elevated inflation alongside solid economic growth, and giving little...",https://ground.news/interest/dallas-news
Breitbart,Right,Fed Holds Rates Steady as Unemployment Stabilizes,"The Federal Reserve held interest rates unchanged on Wednesday in a 10-2 vote, with officials pointing to signs of stabilization in the labor market as they signaled a pause in monetary easing. The post Fed Holds Rates Steady as Unemployment Stabilizes appeared first on Breitbart.",https://ground.news/interest/breitbart
Schweizer Radio und Fernsehen (SRF),Lean Left,Us Federal Reserve - Us Federal Reserve Keeps the Us Federal Reserve Stable,"After three successive reductions, the US Federal Reserve leaves the key interest rate at a range of 3.5 to 3.75 percent.",https://ground.news/interest/schweizer-radio-und-fernsehen-srf
Euronews,Center,US Federal Reserve keeps interest rates unchanged at around 3.6%,"When the Fed reduces its key rate, it tends to lower borrowing costs for things like mortgages, car loans and business borrowing, though those rates are also influenced by market forces.",https://ground.news/interest/euronews
Politiken,Lean Left,Us Central Bank Defies Trump and Keeps Interest Rates Unchanged,"According to the stock manager, the Fed's decision to keep interest rates unchanged will hardly be received with joy by Trump.",https://ground.news/interest/politiken
Firstpost News,Center,"Fed holds interest rates steady, resists Trump’s pressure for cuts","Central bank keeps rates at 3.50–3.75%, citing solid economic growth and stabilising labour market despite calls from President Trump for lower borrowing costs",https://ground.news/interest/firstpost-news
South China Morning Post,Center,"US Federal Reserve holds interest rates steady, defying Trump pressure",The US president had been pushing for cuts at the central bank’s first policy gathering this year.,https://ground.news/interest/south-china-morning-post
Al Jazeera,Lean Left,US Federal Reserve holds interest rates steady despite political pressure,The central bank will maintain rates at 3.5 to 3.75 percent and warned of ‘elevated’ economic uncertainty.,https://ground.news/interest/al-jazeera_1a2e2c
20minutos,Center,The Fed Freezes Rates Due to Weak Employment and High Inflation,"The Federal Reserve (Fed) meets market expectations and keeps interest rates at a range of 3.5%-3.75 per cent after three consecutive downs. The US central bank stands up and leaves the price of money at a minimum since the end of 2022. Labour market stability offers some consensus in the central bank after months of split-up among members who integrate the Federal Open Market Committee (FOMC). The employment, consumption and manufacturing figur…",https://ground.news/interest/20minutos
Deutsche Welle,Center,US Fed keeps rates unchanged despite Trump pressure,"The Federal Reserve has decided to keep interest rates between 3.5% and 3.75%. Two Fed governors voted against the move, and instead backed a rate cut, while 10 officials were in favor of leaving rates the same.",https://ground.news/interest/deutsche-welle
Hindustan Times,Center,Jerome Powell speech today: Fed chair explains why interest rates are unchanged despite Trump criticism,"The Federal Reserve on Wednesday announced that it is leaving its key rate unchanged, at about 3.6%, after lowering it three times last year.",https://ground.news/interest/hindustan-times
Bulletin-Review,Center,Federal Reserve keeps interest rates unchanged as Trump continues to press for lower rates,"The central bank said there are signs the job market stabilized and growth was ""solid,"" an upgrade from last month's characterization.",https://ground.news/interest/denison-bulletin-and-review-dbrnewscom
The Straits Times,Right,"Fed holds rates steady, sees ‘elevated’ inflation and stabilising job market",Fed policymakers voted 10-2 to hold the US central bank’s benchmark rate steady. Read more at straitstimes.com.,https://ground.news/interest/the-straits-times_9bb9e6
Globo,Right,Ibovespa High Discount and Dollar Strengthens After Fed Keep Unchanged Juries,"The U.S. NCB communication is interpreted as slightly more conservative because of references to a more “strong” activity, unemployment with “stable signals” and even “high” inflation in the United States.",https://ground.news/interest/globo
Sydney Morning Herald,Lean Left,‘Strongly committed’: Federal Reserve keeps rates on hold despite Trump pressure,"Two officials with strong ties to Trump voted to cut rates, but the central bank stayed on hold.",https://ground.news/interest/sydney-morning-herald
The Thinking Conservative,Far Right,Federal Reserve Leaves Interest Rates Unchanged in First Policy Decision of 2026 - The Thinking Conservative News,The Federal Reserve hit the brakes on its easing cycle and left interest rates unchanged in the central bank’s first policy decision of the year. The post Federal Reserve Leaves Interest Rates Unchanged in First Policy Decision of 2026 appeared first on The Thinking Conservative News.,https://ground.news/interest/the-thinking-conservative
notus.org,Lean Left,"The Fed Keeps Interest Rates Steady, Despite Pressure From Trump","Samuel Corum/Sipa USA via APFederal Reserve Chair Jerome Powell held interest rates steady on Wednesday, defying intense pressure from President Donald Trump to cut rates and stimulate a tough economy ahead of the 2026 midterms.“Available indicators suggest that economic activity has been expanding at a solid pace,” the Fed wrote in a statement announcing its decision Wednesday.The Fed did, however, cite low jobs gains and high inflation, as wel…",https://ground.news/interest/notusorg
Zeit Online,Lean Left,Federal Reserve: Us Federal Reserve Holds Key Interest Rate Stable,"The Federal Reserve has recently gradually lowered the key interest rate in the US. However, after three reductions, it is now unchanged. Experts had expected to do so.",https://ground.news/interest/zeit-online
The Independent,Lean Left,Fed holds interest rates steady despite Trump’s mounting pressure for lower rates,The Fed's statement provided no indication of when further reductions in borrowing costs might occur,https://ground.news/interest/the-independent_ff73a6
Global News,Lean Left,U.S. Federal Reserve holds interest rates as pressure from Trump mounts - National,"The Federal Reserve pushed the pause button on its interest rate cuts Wednesday, leaving its key rate unchanged at about 3.6 per cent after lowering it three times last year.",https://ground.news/interest/global-news
ANSA,Center,"The Fed Takes a Break, Challenges Trump and Leaves the Rates Firm","Powell: ""Cook's case is one of the most important in history"" (ANSA)",https://ground.news/interest/ansa
WFLD,Center,2026 Federal Reserve look ahead: 1st rate unchanged,The Federal Reserve kept interest rates unchanged even as it's facing mounting pressure from President Trump to be lowered. Here's a look at what's ahead for the central bank in 2026.,https://ground.news/interest/wfld
TVA Nouvelles,Lean Left,Fed Freezes Its Rates Against the Advice of Two Officials,The US Federal Reserve (Fed) decided on Wednesday to leave its interest rates unchanged.,https://ground.news/interest/tva-nouvelles
OKDIARIO,Right,The Fed Maintains Interest Rates Despite Trump’s Pressure at One of Powell’s Last Meetings,"The Federal Reserve (Fed), led by Jerome Powell, has again challenged the president of the United States (USA), Donald Trump, and has decided not to lower interest rates. This has been one of the last meetings of the president of the US central bank before his office expires in May. Thus, the Federal Open Market Committee (FOMC) has decided on Wednesday to leave the rates intact in the target range of 3.50% to 3.75%, at least at the end of 2022.",https://ground.news/interest/okdiario
The Globe & Mail,Center,"Federal Reserve holds rates steady, citing still-high inflation and solid growth",U.S. central bank keeps benchmark interest rate in 3.50% to 3.75% range,https://ground.news/interest/the-globe-and-mail
ABC FOX Montana,Center,"US Fed holds interest rates steady, defying Trump pressure","The US Federal Reserve held interest rates steady Wednesday at its first policy gathering this year, citing robust economic growth, as the central bank resists President Donald Trump's mounting pressure for cuts.",https://ground.news/interest/abc-fox-montana
Le Figaro,Right,"The Fed Unsurprisingly Leaves Its Interest Rates Unchanged, Evokes a ""Robust"" Us Growth","Investors were massively expecting policy rates to remain in the range of 3.50% to 3.75%, after three successive declines in as many meetings at the end of 2025.",https://ground.news/interest/le-figaro
WXOW,Center,The Fed Keeps Interest Rates Unchanged While Its Independence Is Under Threat,"The Federal Reserve kept interest rates unchanged on Wednesday, as the U.S. central bank struggles to preserve its ability to set them without political interference.",https://ground.news/interest/wxow
GB News,Right,Interest rate cuts PAUSED for US economy as inflation 'remains elevated' in blow to Donald Trump,"The US Federal Reserve has announced the country's base rate will remain at its current level in a blow to President Donald Trump's economic agenda amid his ongoing feud with the financial institution's chairman, Jerome Powell.Interest rates have been hiked globally by central banks, including the Bank of England, in an effort to ease inflation; however, the cost of borrowing has begun to be come down over the past year.After three consecutive c…",https://ground.news/interest/gbnewscom
La Libre,Center,The Fed Chooses the Status Quo on Rates and Ensures that It Can Work Independently of Political Pressures,The Fed's decision has fallen. The U.S. Federal Reserve (Fed) left its interest rates unchanged on Wednesday and defended its independence from...,https://ground.news/interest/la-libre
La Repubblica,Lean Left,The Fed Leaves the Rates Unchanged Between 3.5% and 3.75%: for Other Interventions We Will Wait for the Data.,"Divided Board, two members vote against",https://ground.news/interest/la-repubblica
sherwood.news,Lean Left,Federal Reserve keeps rates unchanged; Waller joins Miran in dissenting in favor of rate cut,The US central bank held its policy rate steady at its January meeting....,https://ground.news/interest/sherwoodnews
2 News KTVN,Center,Federal Reserve keeps interest rates unchanged even as Trump presses for lower rates,"The Federal Reserve pushed the pause button on its interest rate cuts, leaving its key rate unchanged after lowering it three times last year.",https://ground.news/interest/2-news-ktvn
BBC News,Center,US Fed holds interest rates and defends central bank independence,"Two Fed officials voted for a cut, including the former head of Donald Trump's Council of Economic Advisers.",https://ground.news/interest/bbc-news_bf95f4
Devdiscourse,Center,Federal Reserve Holds Steady Amid Inflation and Economic Growth,"The U.S. Federal Reserve decided to keep interest rates steady, acknowledging continued elevated inflation and robust economic growth. The decision shows division among Fed members, with some advocating for a rate cut. The job market shows signs of stability, though inflation is a concern.",https://ground.news/interest/devdiscourse
Australian Financial Review,Right,Fed policymakers vote to hold rates steady,"Voting against this action were Stephen Miran and Christopher Waller, who preferred to lower the target range for the federal funds rate by 25 basis points.",https://ground.news/interest/australian-financial-review
Bloomberg,Lean Left,"Fed Holds Rates Steady, Nods to ‘Stabilization’ in Jobless Rate",Federal Reserve officials left interest rates unchanged and pointed to improvements in the US economy as they signaled a more cautious approach to potential future adjustments.,https://ground.news/interest/bloomberg
The National,Center,Federal Reserve keeps US interest rates steady,Jerome Powell says inflation remains sticky while labour market stabilises,https://ground.news/interest/the-national_7f9810
abc,Right,Federal Reserve Stops Type and Plant Drops Face Trump Threats · Global Voices,"In the midst of unprecedented pressure from Donald Trump against Federal Reserve President Jerome Powell, the agency decided on Wednesday to keep interest rates at current levels, in a range of between 3.5% and 3.7%. It is a determination that goes against the repeated demands of the US President, who wants lower rates to encourage the economy of the first potential. But also highly expected, after three consecutive drop rates at the last three …",https://ground.news/interest/abc_0c202e
CBS News,Center,Federal Reserve holds interest rates steady at its first FOMC meeting of 2026,"The Federal Open Market Committee kept the federal funds rate steady, following three rate cuts last year.",https://ground.news/interest/cbs-news
Kyodo News+,Center,BREAKING NEWS: U.S. Fed keeps key rate steady following 3 straight cuts,BREAKING NEWS: U.S. Fed keeps key rate steady following 3 straight cuts Read full story here,https://ground.news/interest/kyodo-news
The Washington Post,Lean Left,"Fed holds rates steady, signaling patience despite Trump pressure","The central bank opted for its first pause after three rate cuts last year, as officials wait for clearer signs that inflation is cooling.",https://ground.news/interest/the-washington-post
The Hill,Center,"Fed keeps rates steady amid Trump backlash, criminal probe","The Federal Reserve holds interest rates steady despite political pressure from President Trump. Economic factors stabilize, but challenges remain.",https://ground.news/interest/the-hill
Gulf News,Right,US Federal Reserve keeps key interest rate unchanged in first decision of 2026,"The US Federal Reserve holds interest rates steady in early 2026, defying President Trump's calls for cuts. Discover how this decision impacts the global economy and UAE residents.",https://ground.news/interest/gulf-news
Fox Business,Right,"Fed holds interest rates steady, pausing rate cuts amid economic uncertainty",The Federal Reserve left interest rates unchanged at its January meeting after cutting rates at its three prior meetings amid uncertainty over the labor market and inflation.,https://ground.news/interest/fox-business
New York Post,Right,"Fed holds interest rates steady despite Trump pressure, DOJ probe into Powell","The Fed on Wednesday kept interest rates in the current range, a move that was widely expected in spite of intensifying pressure from President Trump and the criminal probe into Fed Chair Jerome Powell.",https://ground.news/interest/new-york-post
CNBC,Center,Fed holds key interest rate steady as economic view improves,The Federal Reserve on Wednesday released its decision on interest rates.,https://ground.news/interest/cnbc
Star Advertiser,Center,Fed holds rates steady amid ‘elevated’ inflation | Honolulu Star-Advertiser,"WASHINGTON >> The Federal Reserve held interest rates steady today, citing still-elevated inflation alongside solid economic growth, and giving little indication in its latest policy statement of when borrowing costs might fall again.",https://ground.news/interest/star-advertiser
Coin Desk,Center,"FOMC keeps rates on hold, as expected","The January Fed rate decision capped a sharp reversal in easing expectations, likely among the reasons for crypto's poor price performance.",https://ground.news/interest/coin-desk
KPVI,Center,Fed keeps interest rates steady in first meeting of 2026,"(The Center Square) - The Federal Reserve kept interest rates steady in its first meeting of 2026, as economists expected.",https://ground.news/interest/kpvi
Il Post,Lean Left,The Federal Reserve Has Decided to Keep Interest Rates Firm After Three Consecutive Reductions,,https://ground.news/interest/il-post
multifamilydive.com,Center,Federal Reserve holds rates steady,"Multifamily leaders anticipated a limited impact from the announcement, though they still expect rate cuts later in the year.",https://ground.news/interest/multifamilydivecom
NBC Montana,Center,Fed keeps interest rates unchanged as Trump promises big cuts with new chair pick,"The Federal Reserve held interest rates steady on Wednesday, keeping its benchmark rate at about 3.6% after three cuts in 2025.",https://ground.news/interest/nbc-montana
UPI,Center,Federal Reserve holds steady on interest rates after 3 straight cuts,"The Federal Reserve voted against lowering the benchmark interest rate Wednesday, marking the first time it has chosen to hold steady since July.",https://ground.news/interest/upi_0b956e
La Presse,Lean Left,u.s.a. the Fed Leaves Its Rates Unchanged,"The U.S. Federal Reserve (Fed) decided on Wednesday to leave its interest rates unchanged, a decision that interrupted the series of declines initiated in September and was disapproved by two senior officials appointed by Trump.",https://ground.news/interest/la-presse_39d7a8
Just the News,Right,"With two dissenters, Fed keeps interest rates steady in first meeting of 2026","Two governors on the board, Stephen Miran and Christopher Waller, voted against keeping the rates steady, instead suggesting lowering rates by 0.25%.",https://ground.news/interest/justthenewscom
Political Wire,Center,Fed Holds Rates Steady,"“The Federal Reserve on Wednesday voted to take a break from a recent run of interest rate cuts, as the central bank navigates questions about its independence and awaits a new leader,” CNBC reports.",https://ground.news/interest/political-wire
RTÉ,Center,US Fed expected to keep interest rates steady,"The US Federal Reserve opened its two-day policy meeting yesterday, poised to keep interest rates unchanged as officials gauge the health of the jobs market and try to manage stubborn inflation.",https://ground.news/interest/rte
Benzinga,Center,Fed Hits Pause Button At 3.75% After Three Straight Rate Cuts,"The Federal Reserve held the federal funds rate steady at 3.50%–3.75% on Wednesday, pausing its easing cycle after three rate cuts last year.",https://ground.news/interest/benzinga
Spectrum Local News,Center,Federal Reserve holds interest rates steady at first meeting of 2026,The decision to leave the current rate unchanged at 3.5%-3.75% came despite pressure from President Donald Trump.,https://ground.news/interest/spectrum-local-news
npr,Lean Left,"Fed holds interest rates steady, taking a pause from rate cuts to assess the economy","The central bank cut rates at its three previous meetings in an effort to support the job market. But with inflation still elevated, the Fed is cautious about additional rate cuts.",https://ground.news/interest/npr
The Morning Call,Lean Left,The Federal Reserve Appears Poised to Keep Interest Rates Unchanged.,"By CHRISTOPHER RUGABER The Federal Reserve is likely to leave its short-term interest rate unchanged on Wednesday, after three cuts last year, ignoring enormous pressure from the White House to lower borrowing costs in favor of waiting to see how the economy develops. Last year's rate cuts were aimed at supporting the economy and preventing a sharper deterioration in the labor market after hiring slowed almost entirely following President Donald…",https://ground.news/interest/the-morning-call
Oil Price,Center,Oil Inches Higher as U.S. Federal Reserve Keeps Rates Unchanged,"In its first monetary policy decision of 2026, the Federal Reserve elected to hold the federal funds rate steady at 3.50%–3.75%, pausing further cuts after three reductions late last year. The decision, made at the January 27–28 Federal Open Market Committee meeting, reflects a cautious stance amid mixed economic signals and persistent inflation above target. The FOMC statement shows that while economic activity “has been expanding at a solid mo…",https://ground.news/interest/oil-price
LA Daily News,Center,Federal Reserve keeps interest rates unchanged even as Trump continues to press for lower rates,"The Federal Reserve pushed the pause button on its interest rate cuts Wednesday, leaving its key rate unchanged at about 3.6% after lowering it three times last year.",https://ground.news/interest/la-daily-news
Live Mint,Center,"US Fed Meeting 2026 Highlights: Fed pauses rates, as expected; Indian stock markets crash, rupee at record low","US Fed Meeting 2026 Highlights: The US Federal Reserve, led by Jerome Powell, announced its interest rate decision on January 28, 2026, after a two-day meeting. The decision came after a recent 25-basis-point rate cut. Catch all LIVE updates here.",https://ground.news/interest/live-mint
Forbes,Center,Fed Holds Interest Rates Steady As Trump Pressures Central Bank,Some Fed officials have forecast interest rate cuts later this year.,https://ground.news/interest/forbes
One News Page,Center,Powell's defiance of White House pressure campaign is center stage at Fed meeting,The Fed and chair Jerome Powell are likely to hold interest rates steady as he faces a criminal investigation launched by President Donald Trump's close ally.,https://ground.news/interest/one-news-page
NBC San Diego,Lean Left,Federal Reserve keeps interest rates unchanged despite Trump pressure,"The Federal Reserve pushed the pause button on its interest rate cuts Wednesday, leaving its key rate unchanged at about 3.6%.",https://ground.news/interest/nbc-san-diego
abc12/WJRT,Center,Fed holds interest rates steady as with independence under threat,The Federal Reserve on Wednesday kept interest rates unchanged as the US central bank fights to maintain its ability to set interest rates without political interference.,https://ground.news/interest/abc12-wjrt
El Financiero,Right,Trump Gets Angry Though: Analysts Foresee Pause in Fed Cuts to the Interest Rate Until June,"The market discards a rate cut by the Federal Reserve (Fed) at the meeting on Wednesday, January 28, and is expected to adjust until June, in the face of lower pressures in the labor market and inflationary levels.According to the FedWatch tool, from Chicago Mercantile Exchange (CME), the probability that the anchoring rate will remain at its current range, from 3.5 to 3.75 percent, for this Wednesday, is 95.6 percent. The figures point to a 25 …",https://ground.news/interest/el-financiero
Associated Press News,Lean Left,Federal Reserve keeps interest rates unchanged even as Trump continues to insist they be lowered,"The Federal Reserve pushed the pause button on its interest rate cuts Wednesday, leaving its key rate unchanged at about 3.6% after lowering it three times last year.",https://ground.news/interest/associated-press-news
Barron's,Center,Fed Meeting Today: FOMC Likely to Hold Interest Rates Steady in January; What Time Is the Decision; Powell to Deliver Press Conference; What Else to Watch,Follow live coverage of the January FOMC meeting.,https://ground.news/interest/barrons
OC Register,Right,Fed expected to keep rates unchanged,"The central bank’s interest rate-setting committee is almost certain to keep its key short-term rate unchanged at about 3.6%, after three straight quarter-point cuts last year.",https://ground.news/interest/oc-register
larepublica.co,Left,The u.s. Federal Reserve Curbed the Cut in Fees and Left Them at 3.75 per Cent.,The US Federal Reserve noted that US inflation remains “something high” to what is expected and the fiscal perspective is still very limited.,https://ground.news/interest/larepublicaco
The Korea Times,Lean Left,Who shot Alex Pretti? Federal officials won't say,Not even the Minnesota Bureau of Criminal Apprehension knows the names of the federal immigration agents who wrestled Alex Pretti to the ground and...,https://ground.news/interest/the-korea-times
Alternet,Left,Trump 'learning the hard way' that his smears no longer work: conservative,"Conservative columnist Michael Warren says President Donald Trump has one response to most things that bother him, but it’s not saving him this time.“The Trump administration may be learning the hard way that its de facto policy of shooting your mouth off first and asking investigatory questions later is providing diminishing returns,” Warren said in the Dispatch. “Tricia McLaughlin, the ubiquitous spokeswoman for the Department of Homeland Secu…",https://ground.news/interest/alternet
Time Magazine,Lean Left,Minnesota and the Threat of American Authoritarianism,"In the span of three weeks, federal ICE agents have killed two American citizens on the streets of Minneapolis. Renee Good, a 37-year-old mother and poet, was shot three times through her windshield on Jan. 7. Alex Pretti, a 37-year-old nurse who cared for veterans in intensive care, was shot ten times on Jan. 24—video shows border patrol agents pinning him down before killing him. Neither had a criminal record. Neither was the target of any imm…",https://ground.news/interest/time-magazine
Times Free Press,Center,Times Opinion: Who shot Alex Pretti? Federal officials won’t say | Chattanooga Times Free Press,Not even the Minnesota Bureau of Criminal Apprehension knows the names of the federal immigration agents who wrestled Alex Pretti to the ground and fired 10 times at him on Jan. 24.,https://ground.news/interest/timesfreepresscom
Reason,Right,DHS retreats from the claim that the agents who killed Alex Pretti faced a 'violent riot',"The claim is inconsistent with bystander videos of the incident, photographs of the scene, and eyewitness accounts.",https://ground.news/interest/reason
Mass Live,Center,"Alex Pretti killing prompts Worcester mayor, councilors to criticize ICE",Worcester Mayor Joseph Petty on Wednesday expressed his belief that 37-year-old Alex Pretti of Minnesota was murdered by federal officers.,https://ground.news/interest/mass-live
Jewish Telegraphic Agency,Center,"After Alex Pretti killing in Minneapolis, Jewish gun owners confront Second Amendment tensions","Roberta Tarnove was horrified last week when she learned that a man protesting ICE was shot and killed in Minneapolis. And it wasn’t just because someone was dead. The 65-year-old Jewish resident of Los Angeles was also distressed that federal officials said the agents were justified in shooting Alex Pretti because they believed he was armed. Pretti, 37, was a licensed gun owner in a state where carrying a gun openly is legal. “I’m very sad. He …",https://ground.news/interest/jewish-telegraphic-agency
Arizona Mirror,Lean Left,Don't trust your eyes: Trump's government knows who the real terrorists are,"Pictures of Alex Pretti sit in front of his home on Jan. 26, 2026 in Minneapolis, Minnesota. Pretti, an ICU nurse at a VA medical center, died Jan. 25, after being shot multiple times during a brief altercation with Border Patrol agents in Minneapolis. (Photo by Scott Olson/Getty Images)Last Saturday morning, Alex Pretti was executed in broad daylight on the streets of Minneapolis. As at least five masked federal agents in tactical gear held him…",https://ground.news/interest/arizona-mirror
Michigan Live,Center,Vigil tonight in Muskegon for man killed by border agents,"Alex Pretti, 37, was shot and killed by U.S. Customs and Border Protection agents in Minneapolis on Jan. 24 during immigration enforcement.",https://ground.news/interest/michigan-live
timcast,Right,"Agents Involved In Alex Pretti Shooting PLACED ON LEAVE, Leftists Cheer",SUPPORT THE SHOW BUY CAST BREW COFFEE NOW - https://castbrew.com/ Join ...,https://ground.news/interest/timcast
Black America Web,Left,Le[e]gal Brief Episode 3: How To ‘Melt The ICE’,"✕ Welcome to Episode 3 of Le[e]gal Brief with Lee Merritt, Esq. In the wake of the fatal shootings of Renee Good and Alex Pretti by ICE agents in Minnesota, there have been growing questions about how to hold ICE accountable. This week’s episode focuses on ways the American court system can be utilized by the American public to “melt the ICE.”  Concerns about how ICE and Border Patrol were conducting themselves during their widespread immigratio…",https://ground.news/interest/black-america-web
News One,Left,Federal Agents Who Killed Alex Pretti Placed On Leave,"Source: Scott Olson / Getty As the Trump administration continues to grapple with the fallout from its unhinged and easily debunked smear campaign against Alex Pretti, who was fatally shot by federal agents in Minnesota, a U.S. Customs and Border Protection spokesperson has confirmed that the two federal agents who shot and killed the 37-year-old have been placed on administrative leave. This will likely offer little comfort to Pretti’s family a…",https://ground.news/interest/news-one
Grand Rapids Herald-Review,Lean Left,"After Alex Pretti killing, Minnesota politicians are inching (definitely not bounding) toward bipartisan solutions","It feels like seven years but it was just seven weeks ago that state Sen. Jim Abeler, R-Anoka, wrote to President Trump asking him not to demonize Minnesota’s Somali immigrant population.",https://ground.news/interest/grand-rapids-herald-review
DCReport.org,Lean Left,Alex Pretti Died As He Lived: Taking Care of Others,A 37-year-old ICU nurse was fatally shot by federal immigration agents in Minneapolis after helping a bystander. Videos contradict official claims.,https://ground.news/interest/dcreportorg
Star Tribune,Lean Left,Editorial | Who shot Alex Pretti? Federal officials won’t say.,Accountability and trust cannot be restored through secrecy.,https://ground.news/interest/star-tribune
East Bay Times,Lean Left,ICE agents who killed Alex Pretti placed on administrative leave,"The two federal agents who fatally shot Alex Pretti in Minneapolis have been placed on leave, officials said Wednesday. While paid administrative leave is standard for law enforcement officers who shoot someone throughout the country, Border Patrol boss Gregory Bovino previously said the agents who killed Pretti were still on the job, just transferred to a different location. However, Department of Homeland Security Secretary Kristi Noem said We…",https://ground.news/interest/east-bay-times
The New Republic,Left,DOJ in Uproar Over Official Response to Alex Pretti,Federal prosecutors threatened to quit en masse.,https://ground.news/interest/the-new-republic
Africa News,Lean Left,Minneapolis mourns nurse Alex Pretti fatally shot by federal immigration officers,"Holding candles and flowers, hundreds of people in Minneapolis came out to grieve Alex Pretti on Wednesday at the spot where he died. The intensive care nurse fatally shot by federal agents last weekend.",https://ground.news/interest/africa-news
LancasterOnline,Center,President Trump’s ‘three amigos’ ride roughshod again,"Another sordid thuggery chapter unfolded Saturday, in my view, as we became video witnesses to a few U.S. Customs and Border Protection agents performing Gestapo tactics on fellow citizens, which resulted in the unfortunate death of a good Samaritan, Alex…",https://ground.news/interest/lancasteronline
Hot Air,Right,Pretti Shooting: It Is ALWAYS About The Narrative™,Exploring how narratives shape perceptions in political discourse and activism.,https://ground.news/interest/hot-air
Conservative Firing Line,Far Right,Liberals: Site Of Pretti Shooting Now 'Holy Ground' ⋆ Conservative Firing Line,"The following article, Liberals: Site Of Pretti Shooting Now ‘Holy Ground’ , was first published on Conservative Firing Line. It seems that liberals have found a new “saint” to worship — Alex Pretti, the armed man shot by federal agents who feared for their lives during the Minneapolis Insurrection.  On Tuesday, Sen. Raphael Warnock, D-Ga., said the site where Pretti was shot feels like “holy ground.” Seriously. Warnock: Being at Pretti vigil si…",https://ground.news/interest/conservative-firing-line
heimildin.is,Left,Minneapolis Witness: 'I Watched Him Die',"""I watched him die,"" Stella Carlson says tearfully in an interview with CNN's Anderson Cooper. She witnessed the shooting of Alex Pretti by ICE agents in Minneapolis last Saturday. Carlson says Pretti was not a threat to ICE agents' safety. ""It was a murder in front of everyone, out in the middle of the street,"" she says. Pretti was 37 years old...",https://ground.news/interest/heimildinis
n-tv.de,Right,Us Border Guard Agency Responds: Two Force Suspensed After Killing Pretti,"The pressure seems to be too great: First, the US Department of Domestic Protection still justifies the fatal shots at Alex Pretti and represents the shooters as ""victims"". Now there is another response from the authorities.",https://ground.news/interest/n-tvde
Responsible Statecraft,Lean Left,Why Israeli counterterrorism tactics are showing up in Minnesota,"In the past few weeks, thousands of federal law enforcement officials have descended on Minneapolis. Videos show immigration officers jumping out of unmarked vans, tackling and pepper-spraying protesters, and breaking windows in order to drag people from their cars. Prominent figures in the Trump administration have defended this approach despite fierce local backlash. When federal agents killed a protester named Alex Pretti on Saturday, for exa…",https://ground.news/interest/responsible-statecraft
The Daily Star,Right,Minnesota murders shoot a hole in the Overton Window,"‘Alex Pretti was murdered, in public and on camera, by thugs. Period. If you’re lying to others about that, shame on you. If you’re lying to yourself about it, seek help.”",https://ground.news/interest/the-daily-star_5fa8a9
Le Parisien,Right,"In Minneapolis, the Two Policemen Who Shot Alex Pretti Were Suspended, While Donald Trump Maintains the Pressure","The metropolis of the north of the United States, now the emblem of Donald Trump's anti-immigration policy, remains under the shock of the death of two Americans in the hands of federal agents: Alex Pretti, 37-year-old protestor, killed on Saturday by border police officers (BCP), who...",https://ground.news/interest/le-parisien
The Express Tribune,Center,Agents on leave after Minneapolis shooting,Agents on leave after Minneapolis shooting,https://ground.news/interest/the-express-tribune
BBC News,Center,Border agents involved in fatal shooting of Alex Pretti in Minneapolis placed on leave,"As Trump and the Minneapolis Mayor spar over social media on immigration law enforcement, the US continues to be roiled by the killing of nurse Alex Pretti.",https://ground.news/interest/bbc-news_bf95f4
Al Jazeera,Lean Left,US agents involved in Alex Pretti’s killing in Minneapolis placed on leave,Two agents placed on administrative leave as outrage continues over killing of intensive care nurse Alex Pretti.,https://ground.news/interest/al-jazeera_1a2e2c
cascadepbs.org,Lean Left,News Wrap: DHS says agents in Alex Pretti shooting on leave,"In our news wrap Wednesday, Homeland Security officials say the two federal agents who fired shots in the death of Alex Pretti have been on administrative leave since Saturday, Secretary of State Marco Rubio defended the Trump administration's military operation to seize then-Venezuelan President Nicolas Maduro and the Federal Reserve hit the brakes on interest rates after three cuts last year.",https://ground.news/interest/cascadepbsorg
SDPnoticias.com,Lean Left,Two Ice Agents Suspended for Alex Pretti's Death in Minneapolis,Two officers of the Immigration and Customs Control Service (ICE) were suspended from their posts because of their alleged responsibility for Alex Pretti’s death in Minneapolis. Reports indicate that at least two ICE officers were placed on administrative leave for the nurse’s murder and investigations are under way into whether more elements participated in the attack. ICE suspends two officers for Alex Pretti’s death in MinneapolisOn Wednesday…,https://ground.news/interest/sdpnoticiascom
DNyuz,Right,Expert flags suspicious detail Trump admin has not released about nurse’s DHS killing,"A legal expert on CNN flagged a suspicious new detail that emerged on Wednesday about the death of ICU nurse Alex Prettiover the weekend, one that President Donald Trump’s administration should have released by now. John Miller, CNN’s chief law enforcement and intelligence analyst, reviewed a new video that shows a confrontation between Pretti and ICE officers in Minneapolis about 11 days before the nurse was gunned down at a protest. In the vid…",https://ground.news/interest/dnyuz
The Blaze,Right,Federal cops in Pretti shooting placed on leave; Pretti's family retains attorneys from George Floyd case,"One Border Patrol agent and one Customs and Border Protection officer were placed on leave for their involvement in the lethal shooting of anti-ICE activist Alex Pretti, according to ABC News.Also on Wednesday, Pretti's family retained attorneys who had helped prosecute an officer in the death of George Floyd.'It's just amateurish. It's terrible; it's making the president look bad on policy.'The developments come after President Donald Trump and…",https://ground.news/interest/the-blaze
Malay Mail,Right,US places two immigration agents on leave after fatal Minneapolis shooting as Trump attacks mayor,"MINNEAPOLIS, Jan 29 — The Trump administration said yesterday that two immigration agents involved in the fatal shooting of a civilian in Minneapolis had been placed on leave, as the president slammed the city’s mayor despite a promise to de-escalate the situation.The officers have been on leave—a move US officials said was “standard protocol”—since Saturday, when Alex Pretti was shot multiple times after being forced to the ground by camouflage…",https://ground.news/interest/malay-mail
workers.org,Left,Eyewitness testimony of shooting of Alex Pretti,The following is the transcript of the reading of a written eyewitness sworn testimony regarding the Immigration and Customs Enforcement gangsters’ shooting of Veterans Administration nurse Alex Pretti on Jan. 24 in Minneapolis. It was read Jan. 26 on a broadcast of Democracy Now! radio program. The,https://ground.news/interest/workersorg
The Washington Hispanic,Center,Agents Involved in Shooting Pretti's Mortal Are Placed on Administrative Leave,"Federal agents who participated in Saturday’s deadly shooting of a U.S. citizen in Minneapolis have been put on administrative leave, according to FOX, citing the Department of Homeland Security (DHS) this Wednesday. Border Patrol agents involved in the death of Alex Pretti, 37, were placed on administrative leave as part of the DHS regular protocol following a shooting, FOX reporter Bill Melugin confirmed in his X account. It is unclear how man…",https://ground.news/interest/washington-hispanic
CatholicVote org,Right,2 agents placed on administrative leave over Minneapolis shooting,"Federal authorities have placed two federal immigration agents involved in the fatal shooting of 37-year-old Alex Pretti on administrative leave, FOX News reported Jan. 28.  The… The post 2 agents placed on administrative leave over Minneapolis shooting  appeared first on CatholicVote org.",https://ground.news/interest/catholicvote-org
WLTReport,Far Right,Border Patrol Agents Involved in Alex Pretti Sh**ting Placed on Leave,"Two Border Patrol agents who were involved in the fatal shooting of Alex Pretti on Saturday have been placed on administrative leave. Bill Melugin of Fox News confirmed: NEW: DHS confirms to @FoxNews that the Border Patrol agents involved in the deadly shooting of Alex Pretti in Minnesota have now been placed on administrative leave as part of standard protocol after a shooting. — Bill Melugin (@BillMelugin_) January 28, 2026 The DHS says that …",https://ground.news/interest/wltreportcom
La Opinion,Lean Left,Ice Agent Involved in Renee Good's Death Is Suspended,ICE agent Jonathan Ross was suspended after killing Renee Good in Minneapolis; senators demand civil rights investigation into the case,https://ground.news/interest/laopinioncom
Breitbart,Right,Border Patrol Agents in Minneapolis Shooting Placed on Standard Administrative Leave per CBP Firearms Policy,"Two Border Patrol agents involved in Saturday’s shooting of Alex Pretti in Minneapolis have been placed on administrative leave as required by the agency’s firearms regulations. According to a source within the Department of Homeland Security (DHS), the move is required under U.S. Customs and Border Protection policy, which provides agents with three days of administrative leave and requires the pair to contact the agency’s mental wellness Emplo…",https://ground.news/interest/breitbart
The Hindu,Lean Left,U.S. agents involved in fatal Minneapolis shooting placed on leave,Donald Trump has called for an “honourable and honest investigation” into Pretti’s death and suggested he would “de-escalate a little bit”,https://ground.news/interest/the-hindu
The Daily News of Newburyport,Lean Left,As I See It: Congress complicit in ICE killings,"If Alex Pretti was a domestic terrorist, may we all be so accused. His last act on this Earth before he was shot and killed on Jan. 24 by federal agents in Minneapolis was to aid and protect a woman.…",https://ground.news/interest/the-daily-news-of-newburyport
The Toronto Star,Lean Left,Two federal agents involved in killing of Alex Pretti are placed on administrative leave,The decision comes as federal authorities face growing scrutiny after two people were fatally shot by ICE agents in Minneapolis within weeks of each other.,https://ground.news/interest/the-toronto-star
El Financiero,Right,Death of Alex Pretti: Two Border Patrol Agents Suspended After Fatal Shooting in Minnesota,"Two U.S. Border Patrol agents involved in Alex Pretti's fatal shooting were placed under administrative license, Customs and Border Protection said, as scrutiny of the Trump administration's immigration control operations intensified in Minnesota. The move is a ""standard protocol"" after a shooting involving an officer, a CBP spokesman said without providing additional details about the state of the investigation.This event occurred as the White …",https://ground.news/interest/el-financiero
The Virgin Islands Daily News,Center,"2 Agents Who Shot Pretti Are on Leave, Trump Official Says","The two federal agents who opened fire on a Veterans Affairs nurse in Minneapolis have been on leave since the shooting, an official with the Department of Homeland Security said for the first time Wednesday.",https://ground.news/interest/the-virgin-islands-daily-news
Spectrum Local News,Center,DC Wrap: Federal agents placed on leave after Alex Pretti shooting,A look at the day's biggest stories in national politics.,https://ground.news/interest/spectrum-local-news
Deutschlandfunk,Center,Usa - Border Officials Suspended After Fatal Shots in Minneapolis,"After the fatal shots at an operation by the U.S. border guard CBP in Minneapolis, the agents involved have been suspended for the time being. A CBP representative confirmed media reports late in the evening. He said it was a standard procedure.",https://ground.news/interest/deutschlandfunk
Welt,Right,Minneapolis: Us Border Guard Suspends Two Officers After Fatal Shots,"After Alex Pretti's death, the U.S. Department of Homeland Security had called the border officials ""victims."" Now, the shots still have consequences: two of the participants were suspended for the time being.",https://ground.news/interest/welt
Dagens Nyheter.,Right,Border Police Officers Removed From Duty After Fatal Shooting,"Two Border Patrol agents involved in the weekend shooting death of 37-year-old Alex Pretti in Minneapolis have been temporarily removed from duty. Meanwhile, an initial review of the incident does not mention anything about Pretti drawing his firearm.",https://ground.news/interest/dagens-nyheter
fightbacknews.org,Left,"Bozeman, MT rallies to demand justice for Alex Pretti","Bozeman, MT – On January 25 at 3 p.m., over 1500 people gathered on Main Street in Bozeman to protest in response to the killing of Alex Pretti by ICE, expressing solidarity with Minnesota and demanding that ICE stay out of their town. Among protesters of all ages, many students attended the rally, some of whom had been participating in Bozeman’s new Students Against Genocide campaign, with even more being newly interested and seeking ways to ge…",https://ground.news/interest/fightbacknewsorg
PBS NewsHour,Lean Left,"2 federal agents involved in Alex Pretti shooting have been on administrative leave since Saturday, DHS says",The announcement came as President Donald Trump seemed to signal a willingness to ease tensions in Minneapolis.,https://ground.news/interest/pbs-newshour
teleSUR,Left,Ice Agents Are Suspended After the Death of Protestant Alex Pretti in Minneapolis,The Department of Homeland Security confirmed that two officers who shot Pretti were placed under administrative leave as part of standard procedures.,https://ground.news/interest/telesurtvnet
Pennsylvania Capital-Star,Lean Left,"Sen. McCormick talks immigration enforcement, shooting death, ICE funding during telephone town hall","A woman kneels and prays as hundreds gather around a growing memorial site at 26th Street and Nicollet Avenue, where federal agents shot and killed a 37-year-old Alex Pretti Saturday, Jan. 24, 2026 earlier in the day. (Photo by Nicole Neri/Minnesota Reformer)Two separate investigations are underway into the Saturday shooting death of 37-year-old Alex Pretti at the hands of Border Patrol agents in Minneapolis, according to U.S. Sen. Dave McCormic…",https://ground.news/interest/pennsylvania-capital-star
Gloucester Daily Times,Lean Left,Commentary: Congress complicit in ICE killings,"If Alex Pretti was a domestic terrorist, may we all be so accused. His last act on this Earth before he was shot and killed on Jan. 24 by federal agents in Minneapolis was to aid and protect a woman.…",https://ground.news/interest/gloucester-daily-times
Evening Standard,Center,Federal agents involved in fatal shooting of Alex Pretti placed on leave,The ICE agents have not been publicly identified,https://ground.news/interest/evening-standard
The New York Sun,Right,Trump Administration Says Agents Who Shot Alex Pretti Placed on Administrative Leave,Bondi says arrests of ‘Minnesota rioters’ will continue.,https://ground.news/interest/the-new-york-sun
City News,Center,2 federal agents involved in shooting of Alex Pretti placed on leave,"Two federal agents who were involved in the shooting of Alex Pretti have been on administrative leave since Saturday, the U.S. Customs and Border Protection confirmed.",https://ground.news/interest/city-news
WHDH,Center,"Two federal agents involved in shooting of Alex Pretti have been on administrative leave since Saturday, DHS says - Boston News, Weather, Sports","MINNEAPOLIS (AP) — Two federal agents involved in shooting of Alex Pretti have been on administrative leave since Saturday, DHS says.",https://ground.news/interest/whdh
ANSA,Center,"In Minneapolis 16 Arrests, 'the Officers Attacked'","In administrative leave, the two Feds involved in the shooting in which Alex Pretti was killed. Attacked a member of parliament dem (ANSA)",https://ground.news/interest/ansa
WBAL,Center,Two federal agents involved in shooting of Alex Pretti have been on ad,"MINNEAPOLIS (AP) — Two federal agents involved in shooting of Alex Pretti have been on administrative leave since Saturday, DHS says.",https://ground.news/interest/wbal
Idaho Press,Center,"Two federal agents involved in shooting of Alex Pretti have been on administrative leave since Saturday, DHS says","Two federal agents involved in shooting of Alex Pretti have been on administrative leave since Saturday, DHS says.",https://ground.news/interest/idaho-press
Deutsche Welle,Center,Minnesota: Agents in Pretti shooting placed on leave,"Two agents involved in the shooting of Alex Pretti have reportedly been placed on leave. Meanwhile, a suspect who targeted Democratic congresswoman Ilhan Omar has a criminal history and made pro-Trump posts, police say.",https://ground.news/interest/deutsche-welle
The Epoch Times,Right,2 Border Patrol Agents in Alex Pretti Shooting Put on Leave,"Two federal agents involved in the shooting death of Minneapolis protester Alex Pretti over the past weekend were placed on administrative leave on Jan. 24 after the incident, a Customs and Border Protection (CBP) spokesperson said on Jan. 28. This was “standard protocol,” the spokesperson told The Epoch Times. CBP and the Department of Homeland Security (DHS), which oversees both CBP and Immigration and Customs Enforcement (ICE), did not provid…",https://ground.news/interest/the-epoch-times
voz.us,Right,The Agents Involved in the Protestant's Death in Minneapolis Are Suspended,"Federal immigration agents linked to Alex Pretti's deadly shooting in Minneapolis were removed from their responsibilities, at a time when tensions between the Trump administration and local authorities in Minnesota increased. Read more",https://ground.news/interest/vozus
tz.de,Center,Doubts About Official Presentation: Trump Ministry Suspends Shooters After Alex Pretti's Death,After the death of 37-year-old Alex Pretti in Minneapolis the doubts about the official presentation grow. Now two of the participants were suspended.,https://ground.news/interest/tzde
9News,Right,Agents involved in Alex Pretti shooting placed on administrative leave,"T﻿wo US immigration officers involved in the deadly shooting of a protester in the country's Midwest have been placed on leave, officials say.Alex Pretti, an ICU nurse, was shot and killed in Minneapolis, Minnesota, on Sunday morning (AEDT) when he approached federal officers who were allegedly targeting a woman on a street.His death, which followed the fatal shooting of another female demonstrator by an Immigration and Customs Enforcement (ICE)…",https://ground.news/interest/9news
Observador,Right,Federal Anti-Immigrance Agents Who Killed Alex Pretti Suspended Administratively. Department Says It Is a Normal Procedure,"The two members of the Frontier Guard and the Alfandhega and Frontiers Protection Agency were removed from the ground, without a scheduled date for their return.",https://ground.news/interest/observador
KVRR Local News,Center,Two federal officers who fired shots placed on administrative leave,"MINNEAPOLIS, Minn. (KVRR/FOX 9) — The Department of Homeland Security has confirmed two federal officials fired shots that killed Alex Pretti last weekend. DHS says two officers, a Border Patrol officer and a Customs and Border Protection officer, each fired Glock pistols during Pretti’s shooting. The notice, which is required by law, states federal officials were reviewing body camera video of the shooting. At least four Border Patrol officers …",https://ground.news/interest/kvrr-local-news
NZ Herald,Center,Two agents involved in Alex Pretti shooting placed on leave,"The two federal immigration agents involved in the shooting of Alex Pretti have been placed on administrative leave, per standard agency protocol, according...",https://ground.news/interest/nz-herald
Le Monde,Lean Left,Trump battles Minneapolis shooting fallout as agents put on leave,"Two immigration agents involved in the fatal shooting of Alex Pretti, an intensive care nurse, have been placed on leave. Outrage has continued to mount in Minneapolis following the killings of two civilians at point-blank range this month, as masked, heavily armed men have been snatching people from streets, homes and workplaces.",https://ground.news/interest/le-monde
Meduza,Left,Two Agents Who Shot Nurse Alex Pretty in Minneapolis Were Suspended From Work,"Two U.S. Border and Customs officers who shot a resident of Minneapolis, Alex Pretty, were suspended from work during the investigation into his murder, reporting to NBC News, citing a U.S. Homeland Security agent.",https://ground.news/interest/meduza
KAKE News,Center,DHS: Agents linked to death of Pretti placed on leave,(The Center Square) – Two federal agents accused of firing the shots in Saturday’s death of Alex Pretti in Minnesota are on administrative leave.,https://ground.news/interest/kakecom
notus.org,Lean Left,CBP Says Agents Who Fatally Shot Alex Pretti Were Put on Leave Saturday,"A photo of 37-year-old Alex Pretti, who was fatally shot by federal agents over the weekend, is displayed at the scene in Minneapolis. Adam Gray/APTwo Border Patrol agents who fatally shot Alex Pretti in Minneapolis on Saturday are on administrative leave, a Customs and Border Protection spokesperson said on Wednesday.The agents have been on leave since Saturday per standard protocol, the spokesperson said, confirming a development first reporte…",https://ground.news/interest/notusorg
Media Matters for America,Left,"Matt Walsh on Alex Pretti: ""You deserved it. You quite literally had it coming.""",,https://ground.news/interest/media-matters-for-america
OpsLens,Right,Trump’s DHS places federal agents involved in Alex Pretti shooting death on administrative leave,"Source link Alex Pretti (Courtesy Michael Pretti) The Department of Homeland Security has taken two federal immigration agents involved in a deadly shooting off field duty as an investigation into the incident moves forward. Two Customs and Border Protection (CBP) officers involved in a deadly Minnesota shooting on Saturday have been placed on administrative leave, a",https://ground.news/interest/opslens
Channel 4,Lean Left,ICE agents involved in Alex Pretti shooting placed on leave,"The federal agents involved in shooting dead the nurse Alex Pretti in Minnesota during an anti-ICE protest at the weekend have been placed on administrative leave, according to officials - who claimed it was ""standard procedure"".",https://ground.news/interest/channel-4
HuffPost,Left,"Federal Agents Who Killed Alex Pretti, Renee Good Have Been Placed On Leave",Finally.,https://ground.news/interest/huffpost
WND,Far Right,"Trump's DHS places federal agents involved in Alex Pretti shooting death on administrative leave * WorldNetDaily * by Jason Hopkins, Daily Caller News Foundation",CBP spokesperson: 'This is standard protocol',https://ground.news/interest/wnd
Sky News UK,Center,ICE agents involved in fatal Minneapolis shooting of Alex Pretti 'placed on administrative leave',"US President Donald Trump wants to ""de-escalate"" the situation in Minnesota following talks with the Democratic mayor and state governor.",https://ground.news/interest/sky-news
World Socialist Web Site,Left,Was Alex Pretti the subject of a targeted assassination?,Emerging evidence strongly indicates that the murder of Pretti was a targeted assassination carried out by the Trump administration’s paramilitary forces in order to terrorize Minneapolis citizens opposing and recording its criminal activities.,https://ground.news/interest/world-socialist-web-site
Chicago Tribune,Center,Report: 2 federal agents placed on leave after deadly shooting of Alex Pretti in Minnesota,Two federal agents were reportedly placed on leave after the deadly shooting of Alex Pretti in Minneapolis.,https://ground.news/interest/chicago-tribune
Anchorage Daily News,Center,Two federal agents involved in Alex Pretti shooting placed on administrative leave,"The development comes a day after DHS provided the first official timeline of the deadly encounter, stating that two federal officers had fired at Pretti.",https://ground.news/interest/anchorage-daily-news
Irish Independent,Right,Agents involved in Alex Pretti killing in Minnesota put on leave; Springsteen releases protest song,"Two Border Patrol agents who opened fire following the altercation with Alex Pretti in Minneapolis have been placed on administrative leave, according to reports.",https://ground.news/interest/independentie
France24,Center,US agents involved in fatal shooting of Alex Pretti in Minneapolis placed on leave,"Two federal agents involved in the fatal shooting of Minneapolis protester Alex Pretti have been placed on administrative leave, a spokesperson for Customs and Border Patrol confirmed on Wednesday, describing the move as ""standard protocol"". US President Donald Trump earlier suggested he would ""de-escalate a little bit"" his administration's immigration crackdown in the city amid public outrage.",https://ground.news/interest/france24
Sueddeutsche Zeitung,Lean Left,Usa News: Minnesota: u.s. Border Protection Agency Employees on Leave After Fatal Shots,"According to the US media, the preliminary investigation report does not mention that nurse Alex Pretti had reached for his weapon.",https://ground.news/interest/sueddeutsche-zeitung
NOS,Right,Officers Placed on Leave After Shooting Death of Man in Minneapolis,37-year-old Alex Pretti was shot and killed on Saturday as Border Patrol agents were attempting to detain him.,https://ground.news/interest/nos_4ae905
sta.si,Center,Agents Who Shot Protester in Minneapolis on Administrative Leave,"The two federal agents of US President Donald Trump who shot and killed protester Alex Pretti in Minneapolis on Saturday have been placed on administrative leave, US media reported. This is said to be standard procedure in the event of a shooting incident involving federal agents, according to ABC television.",https://ground.news/interest/stasi
ABC Australia,Lean Left,Minnesota agents put on leave as Trump says mayor is 'playing with fire',"The Trump administration is trying to manage a national uproar over Alex Pretti's killing and officials' subsequent comments about the 37-year-old nurse, who they accused of ""domestic terrorism"".",https://ground.news/interest/abc-australia
The Hill,Center,Agents in Pretti shooting on administrative leave,"The federal agents who fatally shot Alex Pretti were placed on administrative leave Saturday, a Department of Homeland Security (DHS) official told NewsNation, the Hill’s sister network.  A Border Patrol agent and a Customs and Border Protection (CBP) officer shot and killed Pretti in Minneapolis on Saturday. He was the second person killed by federal…",https://ground.news/interest/the-hill
Le Huffington Post,Left,The Two Agents Involved in Alex Pretti's Death in Minneapolis Were Suspended,"These two officers opened fire ten times on Alex Pretti, while several agents tried to control him on the ground.",https://ground.news/interest/le-huffington-post
politika.rs,Right,Federal Agents Implicated in Alex Pretty's Murder in Absentia,They were placed on three-day administrative leave over the weekend.,https://ground.news/interest/politikars
El Pais,Lean Left,The Two Border Patrol Agents Who Killed Alex Pretti in Minneapolis Were Suspended From Employment.,"The two federal agents, members of the Border Patrol, who repeatedly shot Alex Pretti, an intensive care nurse at a veterans’ hospital, in the back, have been removed from their jobs, according to an official from the Department of Homeland Security on Wednesday. The decision comes after days in which the Donald Trump administration defended their actions, also resorting to lies, although the videos of the incident did not leave much doubt. Mean…",https://ground.news/interest/el-pais
europapress.es,Center,Suspended From Their Duties the Border Patrol agents...,The U.S. Department of Homeland Security confirmed this Wednesday that U.S. agents...,https://ground.news/interest/europapresses
The Journal,Lean Left,Two US immigration agents involved in fatal Minneapolis shooting placed on leave,Intensive care unit nurse Alex Pretti was shot multiple times on Saturday after being forced to the ground by camouflaged officers.,https://ground.news/interest/the-journal_0d766b
444.hu,Lean Left,Agents Involved in Pretti's Shooting Released,"The ICE agents involved in the shooting death of Alex Pretti in Minnesota on Saturday have been placed on paid administrative leave, a senior Department of Homeland Security official confirmed to CNN. This is standard procedure in all cases involving law enforcement officers using firearms, pending an internal investigation. Alex Pretti was shot and killed during an anti-ICE protest in Minneapolis on Saturday, Jan. 24. The 37-year-old man worked…",https://ground.news/interest/444hu
Liberation,Lean Left,"Minneapolis: Federal Agents Involved in the Death of Alex Pretti Suspended, Trump Takes the Mayor of the City",The 37-year-old nurse had been shot dead on Saturday by members of the Border Police (BBP). The American president and his administration had first taken up their defenses.,https://ground.news/interest/liberation
The Baltimore Sun,Center,Report: 2 federal agents placed on leave after deadly shooting in Minnesota,Open the article to view the coverage from The Baltimore Sun,https://ground.news/interest/the-baltimore-sun
Zeit Online,Lean Left,Alex Pretti's Shooting: Officials Involved in Deadly Operation in Minneapolis Probably Suspended,"According to several U.S. media, federal officials involved in the shooting of Alex Pretti have been suspended. They are said to be the shooters.",https://ground.news/interest/zeit-online
Independent Sentinel,Right,Federal Agents Involved in Alex Pretti Shooting Are on Leave,"The federal agents who were involved in Saturday’s deadly shooting of Alex Pretti in Minneapolis have been placed on administrative leave, a federal law enforcement official confirmed to CBS News. It is unclear exactly when the personnel were placed on leave. Typically, the protocol is for federal law enforcement agents who have been involved in a […] The post Federal Agents Involved in Alex Pretti Shooting Are on Leave appeared first on www.ind…",https://ground.news/interest/wwwindependentsentinelcom
Anadolu Ajansı,Right,Federal agents involved in fatal Minnesota shooting placed on administrative leave,Homeland Security confirms move as preliminary review shows officers fired at Alex Pretti; no indication he brandished weapon - Anadolu Ajansı,https://ground.news/interest/anadolu-ajans
CLG News,Right,Two DHS agents put on leave over deadly Minneapolis shooting of protester Alex Pretti,"Two DHS agents put on leave over deadly Minneapolis shooting of protester Alex Pretti | 28 Jan 2026 | The two Border Patrol agents who shot and killed protester Alex Pretti in Minneapolis have been placed on paid administrative leave. Sources in Homeland Security confirmed to the Daily Mail that the agents, who have not been identified, were suspended amid an investigation into the shooting. The agents were reportedly given mental health support…",https://ground.news/interest/clg-news
Reforma,Right,Agents Involved in Minneapolis Shooting Are Suspended,At least two ICE agents who were involved in the shooting of an American citizen in Minneapolis were suspended.,https://ground.news/interest/reformacom
Globo,Right,Agents Who Shot a Nurse in the Usa Are Removed,"The U.S. Department of Homeland Security has placed two agents on administrative leave while the case is being reviewed internally, according to local media. Nurse Alex Pretti was shot and killed by officers. Trump accused Minneapolis mayor of 'playing with fire' by denying helping operations.",https://ground.news/interest/globo
KTVZ,Center,Two federal agents involved in Alex Pretti shooting have been placed on administrative leave,"Two Border Patrol agents involved in the shooting of Alex Pretti in Minnesota have been placed on administrative leave, according to Tricia McLaughlin, a spokesperson for the Department of Homeland Security.",https://ground.news/interest/ktvz
Die Presse,Right,Suspensions of Ice Officials After Fatal Use in Minneapolis,"After the fatal shots at the protesters Alex Pretti, the ICE officials involved are said to have been suspended.",https://ground.news/interest/die-presse
CBS News,Center,"Federal agents involved in Minneapolis shooting placed on administrative leave, source says","The federal agents who were involved in Saturday&#039;s deadly shooting of Alex Pretti in Minneapolis have been placed on administrative leave, a federal law enforcement official confirmed to CBS News.",https://ground.news/interest/cbs-news
Daily Mirror,Lean Left,ICE agents involved in Alex Pretti shooting 'placed on leave' - The Mirror,"Two US Border Patrol agents have been placed on administrative leave following the fatal shooting of nurse Alex Pretti in Minneapolis, according to a Department of Homeland Security spokesperson",https://ground.news/interest/daily-mirror
Dawn,Lean Left,US agents involved in latest Minneapolis shooting put on leave: reports,Immigration agents had fired multiple shots at an ICU nurse at a hospital for veterans.,https://ground.news/interest/dawn_a02aa2
India Today,Right,Federal agents placed on leave after Alex Pretti killing in Minneapolis: Report,"Immigration agents fired multiple shots at Pretti, a 37-year-old intensive care unit nurse at a veterans’ hospital, during protests near his home. His death marked the second fatal encounter between federal immigration officers and US citizens in Minnesota this month.",https://ground.news/interest/india-today
EFE,Center,Ice Agents Involved in the Death of a Man in Minneapolis Are Placed on Administrative Leave,Federal ICE agents who participated in the deadly shooting of Alex Pretti in Minneapolis are placed on administrative leave.,https://ground.news/interest/efe
The LADbible,Center,Two Border Patrol agents placed on leave over Alex Pretti killing,"Alex Pretti, a US citizen, was shot and killed on Saturday (24 January)",https://ground.news/interest/the-ladbible
KPTV,Center,"Federal agents involved in deadly shooting of Alex Pretti placed on leave, reports say",The federal agents who shot and killed ICU nurse Alex Pretti in Minnesota have been placed on administrative leave.,https://ground.news/interest/kptvcom
UNILAD,Center,Major update in Alex Pretti shooting as federal agents placed on leave,The federal agents involved in the Alex Pretti shooting have been placed on leave.,https://ground.news/interest/uniladcom
Live Mint,Center,"Minneapolis shooting: ICE agents involved in Alex Pretti's killing put on administrative leave amid outrage, says report","Federal immigration agents involved in the fatal shooting of US citizen Alex Pretti in Minneapolis have been placed on administrative leave following public backlash. His death came less than three weeks after Renee Good, a 37-year-old mother of three, was also killed on January 7 by an ICE agent.",https://ground.news/interest/live-mint
Irish Times,Lean Left,Federal agents who shot Alex Pretti in Minneapolis placed on leave,Donald Trump says he will ‘de-escalate’ immigration crackdown even as raids continue,https://ground.news/interest/irish-times
El Mundo,Right,Temporary Departures From Service Us Agents Who Participated in the Deadly Shooting of Alex Pretti in Minneapolis,"Federal agents who participated in Saturday's deadly shooting of a U.S. citizen in Minneapolis have been temporarily discontinued, according to this...",https://ground.news/interest/el-mundo
The Independent (US),Lean Left,Border Patrol agents who fired at Alex Pretti placed on leave,,https://ground.news/interest/the-independentcom
The Globe & Mail,Center,"Federal agents involved in killing of Alex Pretti in Minneapolis put on leave, media reports say",DHS says two immigration agents who discharged weapons in shooting were put on leave as part of standard procedures,https://ground.news/interest/the-globe-and-mail
Daily Express,Right,Two Border Patrol agents placed on leave over shooting of nurse Alex Pretti,The two agents have not been publicly identified.,https://ground.news/interest/daily-express
The Seattle Times,Lean Left,2 federal agents who shot Alex Pretti placed on leave,"The two federal agents who opened fire on a Veterans Affairs nurse in Minneapolis have been placed on leave, an official with the Department of Homeland Security said Wednesday.",https://ground.news/interest/the-seattle-times
www.t-online.de,Lean Left,After the Killing of Alex Pretti: Trump Ministry Suspends Ice Agents,"In Minneapolis, ICE agents shoot nurse Alex Pretti. Now the agents involved were suspended.",https://ground.news/interest/wwwt-onlinede
La Repubblica,Lean Left,"Minneapolis, Suspended the Officers Involved in the Shooting Against Alex Pretti","The two, unidentified, had killed the American nurse last Saturday.",https://ground.news/interest/la-repubblica
Le Télégramme,Center,"After Alex Pretti's Death in Minneapolis, the Federal Agents Involved in His Suspended Death","According to the American media, the agents involved in the death of 37-year-old nurse Alex Pretti in Minneapolis.",https://ground.news/interest/le-telegramme
KYMA,Center,Border Patrol agents involved in the shooting of Alex Pretti placed on administrative leave,"(NBC, KYMA) - The Border Patrol agents involved in the shooting of Alex Pretti are on administrative leave. Department of Homeland Security (DHS) spokesperson Tricia McLaughlin confirmed they were placed on leave Wednesday. The agents have not been publicly identified. The announcement came the same day the department distanced itself from its initial statement on the shooting. According to a department spokesperson, the initial statement was ba…",https://ground.news/interest/kyma
WATE,Center,Lawyer compares video of second deadly Minneapolis shooting involving federal agents and federal policy,"EDITOR'S NOTE: This week's Ask Isaacs contains video and images of the incident between U.S. Border Patrol agents and 37-year-old ICU nurse Alex Pretti that may be disturbing for some viewers. For viewers who may wish to avoid such video, the segment containing that video footage airs between 1:50-3:09 during the episode. KNOXVILLE, Tenn. (WATE) [...]",https://ground.news/interest/wate
KESQ,Center,Minnesota Residents describe daily life in Minneapolis amid unrest following deadly shooting,"THOUSAND PALMS, Calif. (KESQ) As investigations continue into the shooting death of Alex Pretti in Minneapolis, residents say daily life in parts of the city has been marked by anxiety, exhaustion, and disruption. Officials confirmed today that two of the officers involved in the incident have been placed on administrative leave as the investigation continues. No additional details were released. In interviews with News Channel 3, Minneapolis re…",https://ground.news/interest/kesq
TrendingPolitics,Right,BREAKING: CBP Agents Placed On Leave After Fatal Shooting Of Alex Pretti,"Two U.S. Customs and Border Protection (CBP) Border Patrol agents involved in the fatal shooting of 37-year-old Minneapolis resident Alex Pretti have been placed on administrative leave, the Department of Homeland Security (DHS) confirmed Wednesday. Pretti, an intensive care unit nurse and U.S. citizen, was shot and killed by federal agents on January 24 during a federal immigration enforcement operation. The administrative leave for the two age…",https://ground.news/interest/trendingpoliticsnewscom
The Daily Caller,Right,Trump Admin Places Agents In Alex Pretti Shooting On Administrative Leave,DHS has taken two Customs and Border Protection agents involved in a deadly shooting off field duty as an investigation into the incident moves forward.,https://ground.news/interest/the-daily-caller
Radio-Canada,Lean Left,Death of Alex Pretti: Two Officers Placed on Administrative Leave,,https://ground.news/interest/radio-canada
actu.fr,Center,Alex Pretti's Death in Minneapolis: Police Officers Temporarily Suspended,The agents involved in Alex Pretti's gunshot death in Minneapolis were temporarily suspended from their duties.,https://ground.news/interest/actufr
La Vanguardia,Center,Border Patrol Suspends Two Agents Involved in Alex Pretti's Shooting in Minneapolis,"The two immigration agents who fired during the deadly shooting of U.S. Alex Pretti in Minneapolis last Saturday have been temporarily suspended from employment by Border Patrol, as MS Now has advanced and confirmed other U.S. media. According to officials of the Department of Homeland Security consulted by Fox News, the move to remove them from their posts is a standard procedure and “must not be interpreted as a suspicion of misconduct.”Contin…",https://ground.news/interest/la-vanguardia
Raw Story,Left,Two Border Patrol officers who shot Alex Pretti put on leave: Fox News,"The two Border Patrol officers thought to have shot 37-year-old Alex Pretti have reportedly been placed on administrative leave.Almost five days after Pretti's killing in Minneapolis, Fox News correspondent Bill Melugin reported on Wednesday that the officers who shot the former VA nurse had been pl...",https://ground.news/interest/raw-story
CTV News,Center,"U.S. agents involved in latest Minneapolis shooting put on leave, media reports say","At least two federal agents who were involved in Saturday’s fatal shooting of a U.S. citizen in Minneapolis have been placed on administrative leave, two U.S. media outlets said on Wednesday.",https://ground.news/interest/ctv-news
NDTV,Right,US Agents Involved In Minneapolis Shooting Placed On Leave: Report,I was not immediately clear how many agents had been placed on leave since intensive care unit nurse Alex Pretti was shot multiple times after being forced to the ground by camouflaged officers on...,https://ground.news/interest/ndtv
Straight Arrow News,Center,ICE agents involved in Alex Pretti’s killing placed on administrative leave,Federal officials placed the two ICE agents involved in the fatal shooting of Alex Pretti on administrative leave.,https://ground.news/interest/straight-arrow-news
La Libre,Center,Agents Involved in Alex Pretti's Death Were Suspended,"Federal agents responsible for Alex Pretti's death in Minneapolis were suspended, according to the American media. ...",https://ground.news/interest/la-libre
NBC News,Lean Left,DHS: Agents in Alex Pretti shooting put on administrative leave,"The U.S. Border Patrol agents involved in the fatal shooting of Alex Pretti have been placed on administrative leave, according to a Department of Homeland Security spokesperson. NBC News’ Julia Ainsley reports on the details of the agency’s reaction following the shooting.",https://ground.news/interest/nbc-news
Berliner Morgenpost,Center,Shots Fired at Alex Pretti in Minneapolis: Participating Ice Officials on Leave,The pressure on the U.S. government is rising after the death shots of Minneapolis. Now President Trump is making milder sounds. The news on the blog.,https://ground.news/interest/berliner-morgenpost
KATU,Center,2 federal agents placed on leave following Alex Pretti's deadly shooting: report,Two federal agents were reportedly placed on leave following Alex Pretti's deadly shooting.,https://ground.news/interest/katu
RNZ,Center,US agents involved in Minneapolis shooting placed on leave,The death of Alex Pretti is the second fatal shooting of a US citizen in Minnesota by immigration agents this month.,https://ground.news/interest/rnz
El Debate,Right,The Two Immigration Agents Who Shot Nurse Alex Pretti in Minnesota Are Suspended,"The measure is a standard procedure and should not be considered suspected of misconduct, according to the Department of Homeland Security.",https://ground.news/interest/el-debate
yle,Center,The Agents Who Shot Alex Pretti Have Been Suspended From Duty,U.S. Border Patrol agents shot and killed 37-year-old Prett last Saturday.,https://ground.news/interest/yle
New York Post,Right,Border Patrol agents who fatally shot Alex Pretti during Minneapolis anti-ICE protest placed on administrative leave,"The Border Patrol agents involved in the fatal shooting of nurse Alex Pretti have been placed on administrative leave, according to the Department of Homeland Security.",https://ground.news/interest/new-york-post
Mirror US,Lean Left,ICE agents in Alex Pretti shooting put on 'paid leave',"The two agents who shot at Alex Pretti, a protester, have been placed on administrative leave after investigators conducted a new analysis on camera footage",https://ground.news/interest/themirrorcom
Fox News,Right,CBP/Border Patrol agents placed on administrative leave after deadly confrontation with Alex Pretti,CBP agents who fired during a deadly confrontation with Alex Pretti have been taken off field duty pending review; check back for updates.,https://ground.news/interest/fox-news_a44aba
WABC,Right,Agents Involved in Alex Pretti Shooting Placed on Leave,"(Minneapolis, Minnesota) – The two CBP/Border Patrol agents who fired their weapons during the fatal encounter with Alex Pretti have been placed on administrative leave, according to reports. The move is a standard procedure following officer-involved shootings and comes as investigations into the incident continue. Authorities have not released the names of the agents or additional details about the circumstances surrounding the use of force. P…",https://ground.news/interest/wabc
GV Wire,Lean Left,"US Agents Involved in Latest Minneapolis Shooting Put on Leave, MS NOW Reports",Federal agents involved in the Minneapolis shooting are now on leave. Get the latest updates on this developing story.,https://ground.news/interest/gv-wire
Staten Island Advance,Center,‘Wake up!’: Former MLB star won’t stay silent anymore after Alex Pretti killing,"Former MLB outfielder Kole Calhoun condemned the Trump administration on Monday following the fatal, ICE-involved shooting of Alex Pretti in Minneapolis.",https://ground.news/interest/staten-island-advance
UPI,Center,Border Patrol places agents who shot Alex Pretti on leave,"The two Border Patrol agents who fired shots in the shooting of Alex Pretti in Minneapolis have been placed on leave, a DHS spokesperson said.",https://ground.news/interest/upi_0b956e
Mediaite,Lean Left,Two Border Patrol Agents in Alex Pretti Shooting Placed on Administrative Leave,"Two Border Patrol officers who were involved in the shooting death of Alex Pretti have been placed on administrative leave, according to multiple reports",https://ground.news/interest/mediaite
Just the News,Right,Agents involved in death of Alex Pretti placed on leave: DHS,"Pretti, an ICU nurse, was the second fatality of the current deployment, following Renee Good, whom an agent shot in her vehicle during an unrelated incident.",https://ground.news/interest/justthenewscom
Spiegel,Lean Left,Minneapolis: Melania Trump Calls for Peace in the Ice Crisis,"Melania Trump calls for peace after the shots in Minnesota – a rare appearance of Trump's wife. The US President calls the killing of Alex Pretti a ""deplorable incident"".",https://ground.news/interest/spiegel
WTOL 11,Center,Border Patrol agents involved in fatal shooting of Alex Pretti placed on leave,Department of Homeland Security spokesperson Tricia McLaughlin confirmed Wednesday that the agents were placed on administrative leave.,https://ground.news/interest/http-wwwwtolcom
Political Wire,Center,Federal Agents Who Shot Alex Pretti Are Placed on Leave,"“The two federal agents who opened fire on a Veterans Affairs nurse in Minneapolis have been placed on leave, as more voices, including some in the Republican Party, broke with the White House over its handling of the fatal shooting,” the New York Times reports.",https://ground.news/interest/political-wire
MPR News,Lean Left,2 federal agents who shot Alex Pretti put on leave,"The announcement comes after an initial review by U.S. Customs and Border Protection, NPR is reporting.",https://ground.news/interest/mpr-news
The Daily Wire,Right,Border Patrol Agents Involved In Alex Pretti Fatal Shooting Placed On Administrative Leave,"Two Border Patrol agents who were involved in the fatal shooting of Alex Pretti in Minneapolis on Saturday have been placed on administrative leave, a Customs and Border Protection spokesperson told The Daily Wire.The agents initially continued working but were assigned to different operations. Preliminary findings from a federal investigation determined that two Border Patrol agents fired their weapons during their confrontation with Pretti.The…",https://ground.news/interest/the-daily-wire
Cincinnati Enquirer,Center,Agents in Alex Pretti shooting on leave. Ilhan Omar attack. Live updates.,U.S. Customs and Border protection said the two agents who fired on Alex Pretti in Minneapolis have been on leave since Saturday.,https://ground.news/interest/cincinnati-enquirer
The Washington Post,Lean Left,"VA leaders have barely acknowledged Alex Pretti’s death, workers say",,https://ground.news/interest/the-washington-post
Politico,Lean Left,Border Patrol agents involved in Minnesota shooting of Alex Pretti placed on administrative leave,,https://ground.news/interest/politico
KARE,Center,Border Patrol agents on leave after fatal shooting of Alex Pretti,"The news is a departure from what former Border Patrol Commander at Large Greg Bovino told reporters on Sunday, the day after the shooting.",https://ground.news/interest/kare
Denver Post,Center,"After the killing of ICU nurse in Minneapolis, readers share outrage and determination (Letters)","Killing of ICU nurse in Minneapolis: Readers share outrage and determination Re: “Federal agents shoot, kill ICU nurse,” Jan. 25 news story I know you are all quite aware of how this quotation is not only relevant to today’s horrors, but exists because autocrats exist: “That’s what the terrorists want. Not the deaths of a few hundred, or even a few thousand. They want us to turn on each other. To do to each other what they cannot. They want anar…",https://ground.news/interest/denver-post
Forbes,Center,Border Patrol Agents Involved In Alex Pretti Shooting Put On Administrative Leave,Customs and Border Patrol commander Greg Bovino said Sunday the agents continued work in another city after Alex Pretti’s fatal shooting.,https://ground.news/interest/forbes
La Presse,Lean Left,"Death of Alex Pretti, the Agents Involved Have Been Suspended, Trump Attacks the Mayor of Minneapolis","Two border police officers (BCPs) involved in the shooting of Alex Pretti in Minneapolis were temporarily suspended from their duties, which was reported to the Federal Agency.",https://ground.news/interest/la-presse_39d7a8
Fast Company,Lean Left,"‘Don’t worry, I’ve got you’: 3 artists channel the outrage of Minneapolis","Artists Edel Rodriguez, James Herriot, and Topsy release new works following an ICE agent's fatal shooting of ICU nurse Alex Pretti.",https://ground.news/interest/fast-company
Snopes,Lean Left,Don't fall for Trump post claiming he's 'proud' of his 'ICE boys',"The fictional post spread online after federal agents fatally shot Alex Pretti in Minneapolis on Jan. 24, 2026.",https://ground.news/interest/snopescom
abc10 News,Center,Federal agents placed on standard leave following fatal shooting of Alex Pretti,"cThe Department of Homeland Security confirmed Wednesday that two agents have been placed on standard administrative leave following the fatal shooting of Alex Pretti by Customs and Border Protection agents in Minneapolis on Saturday.DHS had previously stated that two officers fired their weapons during the incident.In the immediate aftermath of the shooting, officials said Pretti had brandished a weapon, but video evidence showed agents had alr…",https://ground.news/interest/abc10-news
lavendermagazine.com,Left,Feds Peppersprayed This Award-Winning Out Journalist While She Reported On Alex Pretti’s Death,LGBTQNation reports that an Emmy-winning queer journalist says she was shoved and pepper-sprayed by federal agents in Minneapolis on Saturday while reporting on the aftermath of Alex Pretti’s death. Read more at LGBTQNation,https://ground.news/interest/lavendermagazinecom
Crooks and Liars,Left,DOJ Cites J6 Rioter's Conspiracy As Excuse To Bury Alex Pretti Shooting Evidence,The Department of Justice (DOJ) moved to seal FBI evidence concerning the killing of 37-year-old Alex Pretti by citing an unrelated Jan. 6 rioter who had threatened agents.,https://ground.news/interest/crooksandliarscom
Reuters,Center,"US agents involved in latest Minneapolis shooting put on leave, media reports say","At least two federal agents who were involved in Saturday's fatal shooting of a U.S. citizen in Minneapolis have been placed on administrative leave, two U.S. media outlets said on Wednesday.",https://ground.news/interest/reuters_fa2539
CheckCryptoNews,Center,DHS: Agents Linked to Death of Pretti Placed on Leave | Headline USA,"(Elyse S. Apel, The Center Square) ​​Two federal agents accused of firing the shots in Saturday’s death of Alex Pretti in Minnesota are on administrative leave. The Department of Homeland Security confirmed that and told TCS it is “standard protocol.” In the wake of the shooting of Renee Good by a U.S. Immigration and Customs Enforcement officer earlier this month, Homeland Security Secretary Kristi Noem explained that a three-day administrative…",https://ground.news/interest/checkcryptonews
Herald Net,Center,Stephens: Thousands dead in Iran must be more than a statistic,"HeraldNet.com HeraldNet.com - Everett and Snohomish County news from The Daily Herald in Everett, Washington A joint U.S.-Israel military strike might not achieve much, but who else can support Iran’s protesters? Stephens: Thousands dead in Iran must be more than a statistic Wire Service",https://ground.news/interest/herald-net
Military Times,Center,Iran puts ‘fingers on trigger’ as US armada arrives in Middle East,Iranian officials asserted that the nation's armed forces stand ready “to immediately and powerfully” counter any aggression by U.S. forces.,https://ground.news/interest/military-times
Financial Post,Right,Trump's Options for Strike on Iran Grow Even With Goals Unclear,"(Bloomberg) — The arrival of a US aircraft-carrier strike group in the region has given President Donald Trump new, more forceful options to carry out his threats to attack Iran, but the choices carry serious risks of retaliation from Tehran.",https://ground.news/interest/financial-post
charter97.org,Lean Left,Why Would an American Armada Crash an Iranian Fleet?,The multi-level anti-submarine defence system of the air carrier group does not stand a chance.,https://ground.news/interest/charter97org
News.de,Lean Left,"Donald Trump: ""Time Is Running Out"" - Us President Appalled with Martial Iran Threat","Donald Trump is messing with Iran. In an angry social media post, the US president threatens the Mullahs with a massive military strike if the country continues to advance its nuclear program. ""The next attack will be much worse,"" Trump says.",https://ground.news/interest/newsde
The National,Lean Left,Donald Trump deploys naval armada to Middle East and threatens Iran,DONALD Trump has deployed a naval armada and warned time is running out for Iran to do a deal,https://ground.news/interest/the-national_de7c84
CBC News,Lean Left,Middle East worries about possible U.S. strike on Iran as Trump makes threats,"Iranian officials reached out to the wider Middle East on Wednesday over the threat of a possible U.S. military strike on the country, while the value of Iran's currency reached a new low a month since the start of protests that soon spread nationwide and sparked a bloody crackdown.",https://ground.news/interest/cbc-news
World Tribune: Window on the Real World,Right,Trump issues fresh warning as USS Abraham Lincoln nears Iran,"by WorldTribune Staff, January 28, 2026 Real World News President Donald Trump has warned Iran to make a deal confirming that it will not seek nuclear weapons or face “violence” on an even larger scale than the “Midnight Hammer” operation which devastated the country’s nuclear sites. Trump issued the warning in a post to Truth […]",https://ground.news/interest/world-tribune-window-on-the-real-world
美国之音,Center,"Voice of America Chinese Radio (January 29, 2026)",Today's key news items include: 1) President Trump warned of new military action against Iran if it does not quickly negotiate with the United States; 2) US Secretary of State Rubio stated that the use of force is not ruled out if the interim leadership of Venezuela does not cooperate with Washington; 3) Taiwan's F-16 fighter jets practiced scrambling for six minutes; 4) NATO Secretary General warned of the increasingly close cooperation between…,https://ground.news/interest/_6977f3
St Helens Star,Center,Worry over ‘US military strike’ on Iran as Trump warns ‘time is running out’,"The US has moved the USS Abraham Lincoln and several guided missile destroyers into the region, which can be used to launch attacks from the sea.",https://ground.news/interest/st-helens-star
Novara Media,Left,Trump Warns Iran “Time Is Running Out”,"Trump warns Iran that he is ready to attack Plus: Starmer visits China - a first for a UK PM since 2018, and the reality of workers being replaced by AI…  With Michael Walker & Aaron Bastani…",https://ground.news/interest/novara-media
il Giornale,Right,"Hunting, Pilots and Attack Group: How Trump's Armada Is Composed of the Lincoln Aircraft Carrier",The aircraft carrier Uss Lincoln his group are in the Gulf: F-35 fighters and aircraft for electronic war and Tomahawk missiles ready to hit Iran,https://ground.news/interest/ilgiornaleit
Sydney Morning Herald,Lean Left,‘Next attack will be far worse’: Trump says massive US armada is ready to strike Iran,"A strike group led by the USS Abraham Lincoln aircraft carrier has arrived in the Middle East. It was ready to act “with speed and violence if necessary”, the US president warned.",https://ground.news/interest/sydney-morning-herald
Il Post,Lean Left,Trump Has Returned to Threaten Iran,This time it's not about protests against the regime but about its nuclear program.,https://ground.news/interest/il-post
Irish Times,Lean Left,Trump warns Iran ‘time is running out’ for deal to avert US military action,US president urges Islamic Republic to reach agreement that would include ‘no nuclear weapons’,https://ground.news/interest/irish-times
World Socialist Web Site,Left,US strike on Iran appears imminent as aircraft carrier task force arrives in Arabian Sea and Trump makes new threats,"On Wednesday, Trump underscored the imminence of a possible military strike on Iran, saying the fleet headed by the USS Abraham Lincoln is larger than that Washington deployed off Venezuela before kidnapping its president, and stands “prepared to rapidly fulfill its missions with speed and violence if necessary.”",https://ground.news/interest/world-socialist-web-site
Le·gal In·sur·rec·tion,Right,Trump Tells Iran 'Time is Running Out' as U.S. Carrier Fleet Arrives in Gulf,“Heroes fell”: Netanyahu says IDF soldiers died because of Biden's arms embargo.,https://ground.news/interest/le-gal-in-sur-rec-tion
voz.us,Right,"Trump Warns the Mullahs that Their Time Is Running Out: ""a Massive Army Is Going to Iran""","President Donald Trump warned Iran this Wednesday in a post by Truth Social that ""a massive army"" is heading for the region and advised him to negotiate an agreement on his nuclear program, as ""time is running out.""Read more",https://ground.news/interest/vozus
Stars and Stripes,Center,Trump warns Iran that time is running out as ships enter region,,https://ground.news/interest/stars-and-stripes
RNZ,Center,Donald Trump threatens Iran with 'major destruction' as US fleet arrives in Gulf,"US President Donald Trump is urging Iran to strike a deal, warning a US Navy carrier strike group is poised to carry out attacks on the regime.",https://ground.news/interest/rnz
9News,Right,'Time is running out': Trump sending 'massive armada' to Iran,"Iranian officials have reached out to the wider Middle East over the threat of a possible US military strike on the country, as the value of Iran's currency reaches a new low a month since the start of protests that spread nationwide and sparked a bloody crackdown.Two nations, Saudi Arabia and the United Arab Emirates, have signalled they won't allow their airspace to be used for any attack. But America has moved the USS Abraham Lincoln and seve…",https://ground.news/interest/9news
tz.de,Center,"""Massive Armada on the Way: Trump Threatens Iran with Violence – the Mullah Regime Is Under Pressure",Trump threatens Iran with an armada. USS Abraham Lincoln quickly moves towards Tehran. The Mullah regime is to conclude an agreement.,https://ground.news/interest/tzde
Atlantic Council,Right,The expert conversation: Should Trump strike Iran? What happens next if he does?,"As the USS Abraham Lincoln arrives in the Middle East, two experts debate the opportunities, uncertainties, and risks of a US strike on Iran.",https://ground.news/interest/atlantic-council
The Korea Times,Lean Left,Iran will 'respond like never before' if US attacks: Iranian mission to UN,"UNITED NATIONS, United States — Iran will deliver an unprecedented retaliation to any U.S. attack, its mission to the United Nations said Wednesday...",https://ground.news/interest/the-korea-times
El Mundo,Right,"Trump Threatens Iran Again and Claims His Fleet Is Ready to Act as in Venezuela: ""Time Is Running Out""","Tensions between the U.S. and Iran are on the rise in the last few hours, while President Donald Trump has threatened a new attack if Iran does not reach an agreement on...",https://ground.news/interest/el-mundo
www.t-online.de,Lean Left,"Attack on Iran? This Time, Trump Could Be Out of His Mind","After the massacres of demonstrators, the US President threatens Iran with new attacks. But this time, the Mullah regime would fight for its existence.",https://ground.news/interest/wwwt-onlinede
ilmessaggero.it,Center,Us-Iran War at the Gates? Trump Threatens Armed Attack and American Aircraft Carrier Lincoln Disappears From Radar,"The threat of an increasingly concrete conflict between Iran and the United States. The state of alarm arose when Donald Trump, with a place on social media,...",https://ground.news/interest/ilmessaggeroit
USA Today,Lean Left,"Trump threatens Iran with 'massive armada,' urging nuclear deal","The president threatened Iran with an approaching warship used in the U.S. military's Venezuela operation, urging them to make a nuclear deal.",https://ground.news/interest/usa-today
The Journal,Lean Left,Trump warns Iran that 'time is running out' as US deploys 'massive armada' to Middle East,Trump stated in a post on social media this morning that he hopes Iran will “quickly come to the table” for negotiations.,https://ground.news/interest/the-journal_0d766b
The New Arab,Lean Left,Trump again threatens Iran with armada as region seeks diplomatic resolution,Iran said it would respond 'like never before' to a US attack after Donald Trump threatened the country with an 'armada',https://ground.news/interest/newarabcom
IBTimes UK,Lean Left,'Come to the table': Trump pressures Iran to negotiate as massive warship USS Abraham Lincoln nears,"Donald Trump has intensified an aggressive new pressure campaign against Tehran, declaring on Wednesday that a 'massive armada' led by the USS Abraham Lincoln is moving toward Iran with 'speed and violence' if necessary.In a series of high-stakes Truth Social posts on 28 January 2026, the US President warned that the naval force is significantly larger than the fleet he deployed to oust Nicolás Maduro in Venezuela earlier this month.As the carri…",https://ground.news/interest/ibtimes-uk
abc News,Lean Left,"Trump says 'massive Armada' heading to Iran, warns time is running out for nuclear deal","President Trump said a ""massive Armada"" was heading toward Iran and warned Tehran to make a nuclear deal or the attack would be ""far worse.""",https://ground.news/interest/abc-news_409efb
The Print,Right,"Invoking aircraft carrier USS Lincoln, Trump warns Iran—‘Massive armada heading to you, make a deal’","In Truth Social post, US President says he hopes Iran will ‘come to the table’ and negotiate a deal that would ensure Tehran never develops nuclear weapons.",https://ground.news/interest/the-print
RTV Slovenija,Lean Left,"Trump Threatens Iran that His ""Time Is Running Out""","US President Donald Trump has warned Tehran that ""time is running out"" for negotiations on a deal on Iran's nuclear program. Iran has stressed that there will be no negotiations if the US continues its threats.",https://ground.news/interest/rtv-slovenija
Newser,Lean Left,Trump Doubles Down on His 'Armada' Warning,"Last week President Trump warned Iran that an ""armada"" was heading its way, said the same on Monday , and recycled the warning on Wednesday. In a Truth Social post, Trump cautioned that a ""massive Armada"" led by the aircraft carrier USS Abraham Lincoln is speeding toward Iran ""with great power,...",https://ground.news/interest/newsercom
The Killeen Daily Herald,Center,Trump says 'time running out' as Iran threatens tough response,"President Donald Trump on Wednesday warned time is running out for Iran to come to the table and avoid US military action, provoking Tehran to retort that it would respond to any attack ""like never before"".",https://ground.news/interest/the-killeen-daily-herald
Zeit Online,Lean Left,Iran: Donald Trump Threatens Iran with Another Military Strike,"US President Trump calls on the Iranian regime to agree to a nuclear deal that excludes Iranian nuclear weapons. Otherwise, the US would attack Iran.",https://ground.news/interest/zeit-online
TrendingPolitics,Right,Trump Sends Massive US Armada To Iran With Ominous Warning: 'Speed And Violence',"President Donald Trump warned Iran to “come to the table” Wednesday as the United States moves a powerful naval force into the region, signaling that military action remains firmly on the table if Tehran refuses to negotiate. Trump confirmed the deployment of the USS Abraham Lincoln and its strike group, describing the move as a direct message to Iran’s leadership and a demonstration of American resolve. “A massive Armada is heading to Iran. It …",https://ground.news/interest/trendingpoliticsnewscom
The European Conservative,Right,Trump Warns “Time Is Running Out” After Tehran Rejects Nuclear Talks,"Wednesday January 28th saw U.S. president Donald Trump warn Iran that “time is running out” to reach a nuclear agreement, renewing threats of military action—after Tehran rejected negotiations conducted under pressure. In a social media post, Trump urged Iran to “come to the table” and negotiate a “fair and equitable deal—NO NUCLEAR WEAPONS.” Trump has repeatedly left open the option of new military action against Iran after Washington backed an…",https://ground.news/interest/the-european-conservative
El Universo,Right,"“Time Is Running Out,” Donald Trump Warns Iran","U.S. President Donald Trump said Wednesday to Iran that “the time is running out” to negotiate on his nuclear program, but the Islamic Republic refuses to engage in dialogue under threat.",https://ground.news/interest/el-universo
The Epoch Times,Right,"Trump Says ‘Massive Armada’ Headed to Iran, Urges Nuclear Deal","U.S. President Donald Trump said on Jan. 28 that a “massive armada” is heading to Iran and urged Tehran to come to the table to make a deal on nuclear weapons. A U.S. military fleet headed by the USS Abraham Lincoln aircraft carrier is moving toward Iran, Trump said in a Truth Social post, adding that “it is moving quickly, with great power, enthusiasm, and purpose.” “Hopefully Iran will quickly ‘Come to the Table’ and negotiate a fair and equit…",https://ground.news/interest/the-epoch-times
Novinky.cz,Lean Left,"Time Is Running Out, Trump Warns Iran, Threatening a Bigger Attack than the Last One","US President Donald Trump on Wednesday urged Iran to come to the negotiating table and make a nuclear weapons deal. If it does not, Trump said the next US attack will be much worse than the previous ones, referring to the US bombing of Iranian nuclear facilities last June.",https://ground.news/interest/novinkycz
Eesti Rahvusringhääling,Center,Trump Threatened Iran Again,US President Donald Trump renewed threats to attack Iran on Wednesday and said time was running out to reach a nuclear weapons deal.,https://ground.news/interest/eesti-rahvusringhaaling
Politico,Lean Left,"Trump threatens Iran with ‘massive Armada,’ ‘able to rapidly fulfill its mission, with speed and violence’","President Donald Trump amped up pressure on Iran on Wednesday, highlighting a “massive Armada” recently deployed to the region to force Tehran to the bargaining table over a deal that would end its nuclear weapons program. The president’s social media post is the latest show of force in the international arena for a White House emboldened by a successful military operation in Caracas, Venezuela. “It is a larger fleet, headed by the great Aircraf…",https://ground.news/interest/politico
Hola News,Center,"Iran Says It Seeks Dialogue but Will Defend Itself ""as Never Before"" if It Is Cornered","New York, Jan 28 (EFE).- Iran said this Wednesday that it is “ready for dialogue” with the United States, but warned that if it is cornered “it will defend itself and respond as never before,” according to a brief message through the X account of the country’s Permanent Mission to the United Nations. “Iran is ready for a dialogue based on mutual respect and interests, but if it is cornered, it will defend itself and respond as never before!”, sa…",https://ground.news/interest/hola-news
आज तक,Right,Donald Trump Warns Iran Again,"Donald Trump once again warned Iran, know what he said",https://ground.news/interest/_421d90
KATU,Center,Trump warns of a 'massive Armada' headed towards Iran,President Donald Trump on Wednesday morning warned that a massive armada is headed towards Iran.,https://ground.news/interest/katu
The Daily Signal,Right,Trump Threatens Iran: ‘Next Attack Will Be Far Worse’,"President Donald Trump issued a warning to the Iranian regime, reminding the leaders of past U.S. strikes on Iran and threatening the “next attack will be far worse” if the regime refuses negotiations over its nuclear program.  Trump reiterated his desire to strike a deal with Iran in a Truth Social post Wednesday, calling on the regime to ‘quickly ‘Come to the Table’ and negotiate a fair and equitable deal – NO NUCLEAR WEAPONS – one that is goo…",https://ground.news/interest/the-daily-signal
RTÉ,Center,"Make deal or 'worse' attack to come, Trump tells Iran",US President Donald Trump has urged Iran to come to the table and make a deal on nuclear weapons or the next attack by the United States could be far worse.,https://ground.news/interest/rte
News24,Center,Trump warns Iran ‘time running out’ to negotiate nuclear deal or face military strikes,US President Donald Trump on Wednesday warned Iran that time was running out for the Islamic Republic to prevent American military intervention as Tehran rejected holding negotiations against a backdrop of threats.,https://ground.news/interest/news24
Time Magazine,Lean Left,"Trump Says 'Massive Armada' Heading to Iran, Compares to Venezuela","President Donald Trump on Wednesday revived the threat of military action against Iran, declaring on social media that a “massive armada” of American forces was moving toward the country and warning “time is running out” for Tehran to agree to a deal limiting its nuclear program. In a lengthy post on Truth Social early Wednesday, Trump said the show of force was intended to pressure Iran back to negotiations. “Hopefully Iran will quickly ‘Come t…",https://ground.news/interest/time-magazine
telex.hu,Lean Left,"Trump Warns Iran that Time Is Running Out, a Huge Us Fleet Is Heading Towards Them","The fleet is larger than the one sent to Venezuela, led by the aircraft carrier Abraham Lincoln.",https://ground.news/interest/telexhu
Firstpost News,Center,"'Time is running out': Trump threatens Iran with ‘far worse’ attack, pushes for nuclear deal","US President Donald Trump on Wednesday renewed threats to attack Iran, saying ""time is running out"" to make a deal on nuclear weapons, after Tehran rejected talks.",https://ground.news/interest/firstpost-news
National Review,Right,Trump Warns Iran Anew: ‘The Next Attack Will Be Far Worse’,"Trump again threatens Iran with military force, but weeks after promising protesters “help,” the regime’s crackdown continues and U.S. credibility erodes.",https://ground.news/interest/national-review
The Citizen,Right,"Trump threatens Iran over nuclear talks, says 'time is running out'","President Donald Trump on Wednesday warned Iran that time was running out for the Islamic republic to prevent American military intervention as Tehran rejected holding negotiations against a backdrop of threats. Trump has never ruled out a new attack on Iran in the wake of its deadly crackdown on protests this month, to follow the 12-day June war between the Islamic republic and Israel which the US backed and joined. US military posture in the r…",https://ground.news/interest/the-citizen_8f4e4d
Sueddeutsche Zeitung,Lean Left,Iran: They Count the Dead – and Wait for Trump's Aircraft Carrier,"A month ago the protests began in Iran. More than 30,000 people have probably lost their lives. Does Donald Trump now still command the attack on the Mullah regime? The signs are increasing.",https://ground.news/interest/sueddeutsche-zeitung
Australian Financial Review,Right,Trump urges Iran to ‘make a deal’ as warships approach,US President Donald Trump is threatening Iran with bombings and attacks from warships on a scale similar to his operation in Venezuela.,https://ground.news/interest/australian-financial-review
Daily Star,Right,WW3 on the brink as Trump sends 'massive Armada' to Iran that will 'use violence',"Donald Trump says a ""massive armada"" of US ships is heading to Iran, issuing a chilling warning to Tehran that it must come to the table to negotiate a nuclear deal or risk further attack",https://ground.news/interest/daily-star
Deutsche Welle,Center,Trump makes new threats against Iran over nuclear deal,Iran is back in US President Donald Trump's focus after he appears to have rolled back his threats over Greenland.,https://ground.news/interest/deutsche-welle
ABC Australia,Lean Left,Trump threatens Iran with 'major destruction' as US fleet arrives in Gulf,The US president says Tehran should make a deal or face military strikes as tensions between the two countries escalate.,https://ground.news/interest/abc-australia
BBC News,Center,Iran: Trump warns 'time is running out' for nuclear deal as US military builds up in Gulf,"Tehran says its armed forces are ready ""with their fingers on the trigger"" to respond to any aggression.",https://ground.news/interest/bbc-news_bf95f4
El Financiero,Right,Trump Threatens Iran: ‘Flota of Ships Sent Is Ready to Attack with Violence as in Venezuela’,"U.S. President Donald Trump said on Wednesday, January 28, that the fleet of ships he sent to Iran is ready “to carry out its mission quickly and violently,” as in Venezuela. “As in Venezuela, (the fleet) is ready, ready and able to carry out its mission quickly,” and with “violence if necessary,” Trump warned in a social network publication Truth Social, where he also said he expected Iran to feel “soon” to the negotiating table to reach a “fai…",https://ground.news/interest/el-financiero
Gulf News,Right,Trump warns Iran: Time running out for nuclear deal; next strike will be worse,US launches major air exercises amid military buildup and rising tensions,https://ground.news/interest/gulf-news
Le Monde,Lean Left,"For Donald Trump, ""Time Is Short"" Before an American Attack if Iran Does Not Accept a Nuclear Agreement","Washington strengthened its presence in the Gulf by sending there the aircraft carrier ""Abraham-Lincoln"" and its escort, whose arrival on the spot was announced by the US Army on Monday.",https://ground.news/interest/le-monde
Spiegel,Lean Left,Donald Trump Threatens Iran with Attack,"US President Donald Trump wants to urge Tehran to negotiate the nuclear agreement and threatens: Otherwise, he could use the military.",https://ground.news/interest/spiegel
El Pais,Lean Left,"Trump Threatens Iran with a Military Attack Similar to the One He Launched in Venezuela: “Violence, if Necessary”","U.S. President Donald Trump has threatened this Wednesday to launch a military attack against Iran, similar to the one that killed Nicolás Maduro in Venezuela, if the Islamic regime does not feel “quickly” to negotiate. “A huge Navy is headed to Iran. It moves quickly, with great power, enthusiasm and determination. It is a larger fleet than it sent to Venezuela, led by the great aircraft carrier Abraham Lincoln. As with Venezuela, it is ready, …",https://ground.news/interest/el-pais
Bild,Right,"Trump Threatens Mullahs: ""Time Is Running Out – Us President Wants an Iran Deal",U.S. military fleet on its way to Iran. Trump calls for agreements and threatens with severe attack.,https://ground.news/interest/bild
OKDIARIO,Right,"Trump Threatens a ""Much Worse"" Attack on Iran and Sends a Larger Fleet than the One Used Against Maduro","The President of the United States, Donald Trump, has once again raised international tension with a new military threat. The man>Iran, led by the USS aircraft carrier Abraham Lincoln, has warned of a ""far worse"" attack than the Operation Night Hammer executed last June against three Iranian nuclear facilities, if the Shia regime does not sit down to negotiate on its nuclear program. ""A huge navy is going to Iran. It advances quickly, with great…",https://ground.news/interest/okdiario
Greek Reporter,Right,Trump Warns Iran of 'Massive Armada' Closing In,"Trump warned that a future offensive would be “far worse” than the destruction witnessed last summer. Credit: White House President Donald Trump issued a chilling warning to Tehran on Wednesday, stating that a “massive armada” is steaming toward Iran, “ready, willing, and able” to execute its mission with “speed and violence” if necessary. In a post on Truth Social, Trump highlighted the deployment of the USS Abraham Lincoln Carrier Strike Group…",https://ground.news/interest/greek-reporter
New York Post,Right,"Trump says ‘massive Armada heading to Iran’ and warns mullahs, ‘time is running out’","President Trump said Wednesday he has dispatched a ""massive armada"" toward Iran as the theocratic regime continues its bloody crackdown on its own people -- with Trump warning that Middle Eastern leaders could face the same fate as Venezuela.",https://ground.news/interest/new-york-post
Sud Ouest,Center,"""Time Is Running Out"" Before a Possible Attack: Donald Trump Puts Pressure on Iran","With the arrival of the aircraft carrier Abraham Lincoln and his escort in the Gulf, the American fleet is ""more important [...] than the one sent to Venezuela,"" says US President Donald",https://ground.news/interest/sud-ouest
Washington Examiner,Right,Trump threatens attack on Iran worse than 'Midnight Hammer',"President Donald Trump warned Iran on Wednesday that the United States will launch a huge attack against the country if it does not negotiate a nuclear weapons deal swiftly.  The president said the Pentagon is preparing to launch a “massive” military operation against Iran with a naval fleet comparable to the one used earlier this month in Venezuela, when special forces toppled former dictator Nicolas Maduro. Trump said that such an attack would…",https://ground.news/interest/washington-examiner
la Nacion,Right,Trump Warns Iran that “Time Is Running Out” and Launches a Threat: “the Next Attack Will Be Much Worse!”,"On a pole in Truth, he let the possibility of a new attack be glimpsed if he doesn't reach an agreement on nuclear weapons.",https://ground.news/interest/la-nacion_7042bc
Daily Mirror,Lean Left,'Middle East on knife-edge over war in Iran as US ships wait for Trump's attack order' - The Mirror,"""The entire Middle East is on a knife-edge awaiting a crucial US next military move, as Iran's regime is at its weakest point in decades and senior US hawks call for strikes on the tyrannical regime""",https://ground.news/interest/daily-mirror
Cleveland Jewish News,Right,‘Armada heading to Iran’: Trump warns mullahs time running out,"U.S. President Donald Trump cautioned Tehran that if it didn't make a deal, the next attack would be far worse than ""Operation Midnight Hammer.""The post ‘Armada heading to Iran’: Trump warns mullahs time running out appeared first on JNS.org.",https://ground.news/interest/cleveland-jewish-news
Reforma,Right,Trump Threatens Iran with Attack if He Doesn't Sit Down to Negotiate,Trump said an 'enormous armed' goes to Go n to fulfill a mission if that country does not sit down to negotiate a 'fair deal'.,https://ground.news/interest/reformacom
Anadolu Ajansı,Right,"Trump says ‘massive armada’ headed to Iran, urges Tehran to make deal","'The next attack will be far worse! Don’t make that happen again,' warns US president - Anadolu Ajansı",https://ground.news/interest/anadolu-ajans
realnewsnow.com,Far Right,Trump Warns Iran To Make Nuclear Deal Or Face Another U.S. Attack - Real News Now,"President Donald Trump delivered a direct warning to Iran early Wednesday morning, urging the regime to agree to a nuclear deal or face the consequences of another U.S. military operation. The statement, posted to Truth Social, comes as tensions escalate and American forces shift toward the region. Trump revealed that a massive U.S. naval fleet, led by the aircraft carrier Abraham Lincoln, is heading toward Iran with orders to be ready for comba…",https://ground.news/interest/realnewsnowcom
ledauphine.com,Center,"Iran. ""Time Is Running Out"" Before a Possible Us Attack, Warns Donald Trump",Washington has strengthened its military presence in the Gulf and the US President threatens Tehran with a much worse attack than last June's US strikes on Iranian nuclear sites.,https://ground.news/interest/ledauphinecom
franceinfo.fr,Lean Left,"Donald Trump Warns Iran that ""Time Is Short"" Before a Possible American Attack, Tehran Assures that It ""Will Answer as Never Before""","Washington strengthened its presence in the Gulf by sending there the aircraft carrier ""USS Abraham Lincoln"" and his escort.",https://ground.news/interest/franceinfofr
Lietuvos Radijas ir Televizija,Center,Trump Threatens Iran over Nuclear Talks: Says 'Time Is Running Out',"US President Donald Trump threatened another attack on Iran on Wednesday if it does not reach a nuclear weapons deal, after Tehran rejected talks.",https://ground.news/interest/lietuvos-radijas-ir-televizija
Die Presse,Right,"""The Next Attack Will Be Far Worse!"" trump...","The US President calls on Iran to negotiate its nuclear program. Trump pointed out that his last warning to Iran had been followed by a military strike, and that another ""armada"" was on its way.",https://ground.news/interest/die-presse
CBS News,Center,"Trump threatens Iran with ""far worse"" attack than June strikes if it doesn't negotiate a nuclear deal","Suggesting Iran could suffer the same fate as Venezuela, Trump warns Tehran to negotiate a new nuclear agreement, or face &quot;major destruction.&quot;",https://ground.news/interest/cbs-news
iNews,Center,Iranians flee capital city amid fears a Trump attack could be worse than the last,Impartial news & intelligent debate,https://ground.news/interest/inews
Euronews,Center,Trump says 'massive armada' headed to Iran as carrier group approaches,"The wave of protests in Iran, which broke out on 28 December over the collapse of the rial currency and the rising cost of living, saw between 6,000 and as many as 30,000 people feared killed by the Tehran regime.",https://ground.news/interest/euronews
HuffPost UK,Left,Trump Warns 'Massive Armada' Heading To Iran: 'Time Is Running Out',"""As I told Iran once before, MAKE A DEAL!"" The president said.",https://ground.news/interest/huffpost-uk
examinerlive.co.uk,Center,Trump warns Iran 'massive armada' approaching as he threatens military action - Yorkshire Live,"US President Donald Trump has posted on social media warning Iran to negotiate or face consequences ""far worse"" than previous military action over its nuclear programme",https://ground.news/interest/examinerlivecouk
20minutos,Center,"Trump Claims that ""a Larger Fleet"" that the One Sent to Venezuela Goes to Iran and Threatens an Attack on the Country","U.S. President Donald Trump has announced that a ""massive weapon"" is going to Iran, ""advance quickly, great power, enthusiasm and determination"" and is ready to ""do its mission quickly and violently if necessary,"" while urging Iranians to sit down to negotiate a nuclear-weapons agreement.""I wish Iran would quickly sit down at the table and negotiate a fair and equitable agreement — WITHOUT NUCLEAR WEAPONS — that would benefit all parties.Time is…",https://ground.news/interest/20minutos
Live Mint,Center,'NO NUCLEAR WEAPONS': Trump warns Iran 'time is running out' for fair deal - 'Massive armada coming',"Donald Trump also sought to recall the ‘Operation Midnight Hammer,’ warning that the ‘next attack will be far worse’ if Iran does not negotiate a fair deal",https://ground.news/interest/live-mint
The Herald Scotland,Lean Left,"'Time is running out' for Iran to make deal as US Navy approaches, Trump says","Trump said that the carrier group was “ready, willing, and able to rapidly fulfill its mission, with speed and violence, if necessary”.",https://ground.news/interest/the-herald-scotland
abc,Right,"Trump Claims that He Is Going to Iran ""a Larger Fleet"" than the One Sent to Venezuela and Threatens an Attack on the Country","The president of the United States, Donald Trump, has assured this Wednesday that ""a larger fleet"" than the one sent to Venezuela before the attack in which the Venezuelan president, Nicolás Maduro, was captured is heading towards Iran . Thus, he has threatened a ""much worse"" attack than the one executed in June 2025 if there is no agreement on the Iranian nuclear program. ""A huge army is going to Iran. It advances quickly, great power, enthusia…",https://ground.news/interest/abc_0c202e
Le Figaro,Right,"""Time Is Running Out"": Donald Trump Threatens Iran with a Much Worse Attack than the Previous One, Tehran Ensures that It Is Prepared","""Let's hope that Iran will quickly agree to sit at the table and negotiate a fair and equitable agreement,"" the US President wrote on Wednesday on his social network.",https://ground.news/interest/le-figaro
Liverpool Echo,Center,Trump warns Iran 'massive Armada' approaching as he threatens 'far worse' attack,Donald Trump has warned Iran that a 'massive Armada' is heading to the region and 'time is running out' for the regime,https://ground.news/interest/liverpool-echo
BFM TV,Center,"""Time Is Running Out"": Donald Trump Urges Iran to Conclude an Agreement on Nuclear Power and Threatens the Regime with a ""Worse"" Attack that the Previous One","The US President threatened the regime with a ""worse"" attack on Iranian nuclear sites last summer.",https://ground.news/interest/bfm-tv
Just Jared,Center,"Trump Threatens Another Country with Military Action, Says ‘Time Is Running Out’ for Them to Reach a Deal with US | Just Jared: Celebrity News and Gossip","Trump Threatens Another Country with Military Action, Says ‘Time Is Running Out’ for Them to Reach a Deal with US Donald Trump is seemingly threatening military action in Iran. On Wednesday (January 28), the 79-year-old president took to his social media platform, Truth…",https://ground.news/interest/just-jared
La Libre,Center,"Trump Warns Iran that ""Time Is Short"" Before a Possible Us Attack","Donald Trump urged Iran on Wednesday to conclude a nuclear agreement, claiming on its Truth Social platform that ""time was running out"" before an American attack on Tehran. ...",https://ground.news/interest/la-libre
Globo,Right,Trump Threatens Iran with a New Attack if the Countries Fail to Reach a Nuclear Agreement,"""We hope that Iran will sit at the negotiating table as soon as possible and reach a fair and equitable agreement — without nuclear weapons. Time is running out ... and the next attack will be much worse.""",https://ground.news/interest/globo
The Independent,Lean Left,Trump threatens Iran with ‘massive armada’ in Gulf,US president has said a ‘massive armada’ is on its way to the country in preparation for a possible military strike,https://ground.news/interest/the-independent_ff73a6
The Times of Israel,Center,"Trump to Iran: Time is running out, the next strike will be ‘far worse’",* * *,https://ground.news/interest/the-times-of-israel
CNBC,Center,"Trump warns Iran an 'armada' is heading its way and to agree a nuclear deal, or else","U.S. President Donald Trump warned Iran on Wednesday it should ""make a deal"" with the U.S. on its nuclear program or face a large-scale U.S. military attack.",https://ground.news/interest/cnbc
Al Arabiya,Right,Trump warns Iran that next attack ‘will be far worse’,,https://ground.news/interest/al-arabiya
Expressen,Right,"Trump Threatens: ""Massive Armada"" Is Heading Towards Iran","A “massive armada” is heading towards Iran, writes US President Donald Trump in a post on Truth Social. It is larger than the one sent against Venezuela, according to him. Iran responds that it “will defend itself and respond like never before” if the country is pressured.",https://ground.news/interest/expressen
Reuters,Center,Trump tells Iran to make nuclear deal or next attack will be 'far worse',,https://ground.news/interest/reuters_fa2539
Eldiario.es,Lean Left,Trump Announces Sending a Huge “Float” to Iran and Threatens to Attack if He Doesn’t “Sit Down to the Negotiating Table”,"The U.S. president threatens Tehran, with him maintaining a pulse for his nuclear program in the midst of the country's political crisis, with a wave of demonstrations and protests being repressed by the Iranian government: """"As with Venezuela,"" the fleet ""is ready to carry out its mission quickly, with speed and forcefulness, if necessary.""A man attacks Ilhan Omar in Minneapolis, Trump's most insulted and hated congresswoman ""A huge fleet is go…",https://ground.news/interest/eldiarioes
El Debate,Right,Trump Threatens Iran with an Attack Like Venezuela: “Time Is Running Out”,"On Thursday, the President of the United States urged the Ayatollás regime to ""quickly"" negotiate a ""fair and equitable"" nuclear agreement.",https://ground.news/interest/el-debate
Al Jazeera,Lean Left,"Iran rejects Trump’s threats, says ready to respond to any US attack",Iranian foreign minister says armed forces have ‘fingers on the trigger’ to counter possible attack by Washington.,https://ground.news/interest/al-jazeera_1a2e2c
GB News,Right,Donald Trump threatens direct attack on Iran as he issues ultimatum with 'massive Armada on its way',"Donald Trump has warned a ""massive Armada is heading to Iran"" with ""speed and violence"" as tensions between the President and the Ayatollah escalate",https://ground.news/interest/gbnewscom
Svenska Dagbladet,Right,Trump's Iran Threat: Fleet on the Way - Negotiate Now,"A “massive war fleet” is heading towards Iran, US President Donald Trump writes on social media. He urges Iran to quickly come to the negotiating table and make a deal, otherwise attacks await.",https://ground.news/interest/svenska-dagbladet
Sky News UK,Center,Iran latest: Tehran condemns EU after Revolutionary Guards designated terrorists,The European Union has designed Iran's Revolutionary Guard Corps a terrorist organisation after the deadly crackdown against protester. The UK does not plan to follow suit. Follow the latest.,https://ground.news/interest/sky-news
Business Standard,Right,"Massive armada heading to Iran, says Trump; urges Tehran to 'make a deal'","In a post on Truth Social, Trump said a ""massive armada"" was heading towards Iran, led by the aircraft carrier Abraham Lincoln",https://ground.news/interest/business-standard
Foreign Policy,Center,Iran Escalates Protest Crackdown but Says Open to U.S. Talks,"“We are not looking for war, but we are prepared for war,” Iran’s foreign minister warned.",https://ground.news/interest/foreign-policy
ANSA,Center,"Trump: 'Time Is Ticking, Iran Sits at the Table and Shops'","""We hope that Iran will quickly sit down at the negotiating table and shops a fair and fair agreement - NO NUCLEAR ARMS - that will be beneficial to all parties. (ANSA)",https://ground.news/interest/ansa
Protothema,Right,"Trump: Large Us Naval Force Moving Towards Iran, Time Is Running Out",The US president reiterated his call for Iran to pursue a deal,https://ground.news/interest/protothema
TVA Nouvelles,Lean Left,"""Time Is Pressing"": an American ""Imposing Armada"" on Its Way to Iran, Trump Warns","US President Donald Trump warned Wednesday that an ""imposing armada"" that is ""ready to complete its mission"" is heading towards Iran.",https://ground.news/interest/tva-nouvelles
Fox News,Right,Trump pressures Iran to 'come to the table' as 'massive' US armada draws near,"President Donald Trump threatened a ""major"" attack against Iran on Wednesday, noting the deployment of the USS Abraham Lincoln to the region.",https://ground.news/interest/fox-news_a44aba
World,Right,Trump urges Iran to make nuclear deal or face naval armada,"WORLD is a news organization producing Biblically sound, daily coverage of global, national, and cultural current events.",https://ground.news/interest/wngorg
Ynet News,Lean Left,"Trump threatens Iran: 'Time is running out, next attack will be worse'",,https://ground.news/interest/ynet-news
Channel News Asia,Center,Trump says 'time running out' as Iran rejects talks amid 'threats',PARIS: President Donald Trump on Wednesday (Jan 28) warned Iran that time was running out for the Islamic republic to prevent American military intervention as Tehran rejected holding negotiations against a backdrop of threats.Trump has never ruled out a new attack on Iran in the wake of its deadly crackdown,https://ground.news/interest/channel-news-asia
India Today,Right,"Massive armada coming to Iran, hope Tehran reaches nuke deal: Trump's fresh warning","US President Donald Trump has warned Iran to negotiate a nuclear deal, claiming a “massive armada” led by the USS Abraham Lincoln is moving towards the region and is ready for action if needed.",https://ground.news/interest/india-today
Newsweek,Center,"Donald Trump issues stark new threat to Iran: ""Major destruction""","The U.S. president said he has sent a ""massive Armada"" to Iran in his latest warning.",https://ground.news/interest/newsweek
Hot News,Lean Left,"The Latest Donald Trump Threatens Iran with a Military Intervention, ""as in the Case of Venezuela"": ""Time Is Running Out"" - hotnews.ro","US President Donald Trump threatened Iran after breakfast with a military intervention and reminded the U.S. Tehran regime of action in Venezuela. ""A massive army is heading towards Iran. It moves fast,...",https://ground.news/interest/hot-news
Meduza,Left,Trump Said He Had Sent a “Large Armada” to Iran's Shores. How Big Is It? so What Is She Going to Do?,"Since January 26, a US aircraft carrier group led by the Abraham Lincoln aircraft carrier has been deployed in the Middle East. The US Central Command officially announced the arrival of the group “to ensure regional security and stability”.",https://ground.news/interest/meduza
The Savage Nation,Far Right,MichaelSavage.com – Trump threatens to hit Iran with ‘major destruction’ and says his ‘massive armada’ is ready to strike ‘with speed and violence’ if the regime does not ditch its nuclear ambitions,"Donald Trump has threatened to hit Iran with 'major destruction' and says his nation's 'massive armada' is ready to strike with 'speed and violence' is the regime does not drop its nuclear ambitions. Writing on Truth Social today, the US president said: 'A massive Armada is heading to Iran. It is moving quickly, with great…",https://ground.news/interest/the-savage-nation
NewsNation,Center,Trump urges Iran to 'make a deal' as US fleet moves in,"The U.S. has moved the USS Abraham Lincoln and several guided missile destroyers into the region, which can be used to launch sea-based attacks.",https://ground.news/interest/wgn-america_663347
Forbes,Center,Trump Tells Iran ‘Massive Armada’ Is Heading Its Way As He Urges Nuclear Deal,The president said a large fleet was headed towards Iran.,https://ground.news/interest/forbes
RedState,Right,Trump's Armada Advances: Iran Now on Notice for Nuclear Deal,Trump warns Iran about nuclear weapons and offers a chance for a new deal.,https://ground.news/interest/redstate
France24,Center,Gulf states try to de-escalate tension as US threatens Iran with military action,"US President Donald Trump has warned that an ""armada"" is heading towards Tehran, warning the Iranian regime to make a deal. Gulf States are trying to de-escalate tensions, saying they will not allow their territory to be used to strike Iran. According to Iran's government, the death toll from recent protests is around 3000 people, while estimates from human rights groups are much higher, ranging from 6000 to in the tens of thousands.",https://ground.news/interest/france24
Asharq AL-awsat,Right,Trump Says ‘Time Running Out’ as Iran Threatens Tough Response,"President Donald Trump on Wednesday warned time is running out for Iran to come to the table and avoid US military action, provoking Tehran to retort that it would respond to any attack ""like never before"".  Trump has not ruled out an attack after this month's deadly crackdown on protests. Last June, the US carried out a night of strikes on Iranian nuclear sites during Israel's 12-day war against the country.  A US naval strike group that Trump …",https://ground.news/interest/asharq-al-awsat
Zero Hedge,Right,"War Drums In Gulf: US Armada Arrives As Saudi Arabia, UAE Deny Airspace Access","ZeroHedge - On a long enough timeline, the survival rate for everyone drops to zero",https://ground.news/interest/zero-hedge
Hot Air,Right,Trump to Iran: Tick. Tock.,Trump warns Iran of military action if no deal is reached. Time is running out for negotiations.,https://ground.news/interest/hot-air
Oil Price,Center,Pressure Mounts on Iran as U.S. Warships Enter Region,"A US aircraft carrier group arrived in the Middle East on January 27 as tensions mount over a possible strike against Iran after a brutal crackdown on protests that rights groups say killed thousands of people. Amid the turmoil, the Iranian currency, the rial, fell to a record low against the dollar, trading at 1.5 million on January 27. US President Donald Trump has said he ""hopes"" military action against Tehran won't be needed, but he has also…",https://ground.news/interest/oil-price
Benzinga,Center,Trump Warns Iran As 'Massive Armada' Heads Toward Region: 'Come To The Table...',"President Donald Trump issued a fresh warning to Iran on Wednesday, saying a &quot;massive Armada&quot; led by the aircraft carrier Abraham Lincoln is moving towards the country.",https://ground.news/interest/benzinga
The Statesman,Center,US-Iran tensions: Donald Trump points to armada while keeping door open to talks,Trump points to a growing US military presence near Iran while signalling conditional talks as tensions over protests and security persist.,https://ground.news/interest/the-statesman_fb6331
Mediaite,Lean Left,"Trump Reveals He’s Sending ‘Massive Armada’ to Iran, Warns Regime ‘Next Attack Will Be Far Worse’","President Trump has revealed he’s sending a “massive Armada” to Iran in an ominous Truth Social post as he urged the regime to ‘MAKE A DEAL!’ In the post on Wednesday morning, Trump warned, “A massive Armada is heading to Iran. It is moving quickly, with great power, enthusiasm, and purpose.” He added: “Hopefully Iran will quickly “Come to the Table” and negotiate a fair and equitable deal – NO NUCLEAR WEAPONS – one that is good for all parties.…",https://ground.news/interest/mediaite
Political Wire,Center,Trump Warns Iran Is Running Out of Time,"Donald Trump has warned Iran that “time is running out” to reach a deal to avert U.S. military action as he said a fleet of ships was ready to undertake a mission he compared to Washington’s recent operation in Venezuela, the Financial Times reports.",https://ground.news/interest/political-wire
lindependant.fr,Center,"Iran: “Another Magnificent American Armada” Is on the Way, Donald Trump Sounds the Alarm","The rise in American military power in the Persian Gulf is worrisome. The USS Abraham Lincoln is already there, and an “armada” could follow. Tensions with Iran are growing, but is a deal...",https://ground.news/interest/lindependantfr
PerthNow,Center,'Another beautiful armada' is heading to Iran: Trump,"A day after a fleet of US warships arrived in the Middle East, US President Donald Trump says another ""armada"" is heading to Iran.",https://ground.news/interest/perthnow
Irish Independent,Right,Trump says Iran ‘ready to make a deal’ after US ‘armada’ arrives,"US president Donald Trump has claimed that Iran is willing to make a deal with the US after his “big armada” arrived in the Middle East, amid growing fears that Washington could order an attack.",https://ground.news/interest/independentie
Handelsblatt,Right,Middle East: Us Military Fleet Sails Towards Iran According to Trump,Hamas apparently wants to include its own members in administration +++ Trump: Iran wants to secure a deal +++ Mortal remains of the last Israeli hostage +++ The Newsblog.,https://ground.news/interest/handelsblattcom
Deccan Chronicle,Right,"Trump Warns Iran as Armada Moves In, Urges Tehran to Make Deal","By the way, there's another beautiful armada floating beautifully toward Iran right now. So we'll see. I hope they make a deal. Trump said",https://ground.news/interest/deccan-chronicle
Arutz Sheva,Right,"Trump: A beautiful armada is headed towards Iran, I hope they make a deal",Trump urges Iran to make a deal while highlighting a major US military buildup in the region as the death toll in the Iranian protests continues to climb.,https://ground.news/interest/arutz-sheva
CGTN,Lean Left,TRUMP: AN ARMADA IS FLOATING TOWARDS IRAN RIGHT NOW,,https://ground.news/interest/cgtncom
intellinews.com,Center,Israel warns Iran of unprecedented response if attacked,Israel's Netanyahu warns Iran of unprecedented military response if attacked as US deploys carrier strike group and Trump says Tehran seeking negotiations.,https://ground.news/interest/intellinewscom
valeursactuelles.com,Right,"Iran: Trump on the Verge of Strategic Changeover, and Then?","With the arrival of the USS aircraft carrier Abraham Lincoln in the Gulf, Washington deploys a demonstration of unprecedented force against Tehran. But behind the intimidation is a more subtle strategy: to coerce without fighting, to use the regime without overthrowing it. A risky bet for a president who built his legitimacy on the refusal of the ""unending wars"".",https://ground.news/interest/valeursactuellescom
The Hindu,Lean Left,Trump says Iran wants talks as U.S. aircraft carrier deploys,"Washington has not ruled out new military intervention against Tehran over its crackdown on protests, which according to rights groups saw thousands of people killed within days",https://ground.news/interest/the-hindu
KTVH,Center,Trump says Iran wants talks as US carrier group deploys to the region,"The full extent of the Iranian regime's crackdown on protesters is still coming to light. Thousands, if not tens of thousands of people have been massacred using chemical and military-grade weapons.As the bodies are counted, the threat of American intervention looms.President Donald Trump has increased military presence near Iran, deploying a US aircraft carrier and several warships into the region.The Iranian regime posted a large mural in Tehr…",https://ground.news/interest/ktvh
Le Parisien,Right,One of the Largest Warships in the World: What Is the Aircraft Carrier Abraham Lincoln Sent by Donald Trump Near Iran?,"The U.S. president warned that the U.S. had a ""great armada near Iran,"" including the aircraft carrier Abraham Lincoln, who arrived on Monday in the area.",https://ground.news/interest/le-parisien
der Standard AT,Lean Left,Worrying About Us Attack on Iran Increases,"US President Trump speaks of Tehran's interest in a ""deal"". US aircraft carrier ""USS Abraham Lincoln"" has arrived in the region",https://ground.news/interest/der-standard_389fff
Radio Free Europe/ RadioLiberty,Center,Trump Says Iran Wants To Talk As US Warships Arrive In Middle East Waters,A US aircraft carrier group arrived in the Middle East on January 27 as tensions mount over a possible strike against Iran after a brutal crackdown on protests that rights groups say killed thousands of people.,https://ground.news/interest/radio-free-europe-radioliberty
Bangkok Post,Right,Trump says Iran wants talks as US strike force deploys,A US naval strike force led by an aircraft carrier was in Middle Eastern waters on Tuesday as Iran vowed to hit back against any strike and President Donald Trump said he believed the Islamic republic still wanted talks.,https://ground.news/interest/bangkok-post
UNO Radio Group,Center,"Trump: ""We Have a Large Navy Near Iran""","President Donald Trump claimed yesterday that he already has a ""great armada"" deployed near Iran that is even larger than the one he sent to Venezuela before the military intervention in which Venezuelan President Nicolás Maduro was arrested.",https://ground.news/interest/uno-radio-group
NDTV,Right,"""They Want To Make A Deal, I Know So"": Trump Says Iran Wants Talks",AUSnaval strike force led by anaircraftcarrierwas in Middle Eastern waters on TuesdayasIranvowed to hit back against any strike and President DonaldTrumpsaid he believed the Islamic republic still wantedtalks.,https://ground.news/interest/ndtv
Pakistan Today,Right,Trump says Iran open to dialogue as US carrier moves into region,,https://ground.news/interest/pakistan-today
Daily Express,Right,Iran nuclear site rocked by 'explosion' as Trump sparks WW3 fears in Middle East,A military complex in Iran has reportedly been rocked by a huge blast.,https://ground.news/interest/daily-express
Al-Monitor,Lean Left,"As Trump weighs Iran diplomacy, Israel uneasy but could accept deal","Despite the United States deploying significant naval forces to the region, Israel regrets a strike against Iran was not carried out two weeks ago.",https://ground.news/interest/al-monitor
Khaleej Times,Right,Trump says Iran 'wants to make a deal' as US aircraft carrier in Middle East,"Since Iran earlier this month launched the crackdown on protests accompanied by a blanket internet blackout, Trump has given mixed signals on intervention",https://ground.news/interest/khaleej-times
American Faith,Right,Trump Says Iran Calling to Deal as Carrier Deploys,"President Trump said Iran has reached out to the United States on “numerous occasions” seeking to negotiate a deal, even as the U.S. military strengthens its posture in the Middle East. In a Monday interview with Axios, Trump said Tehran “wants to make a deal” and “wants to talk,” underscoring a mix of diplomatic and strategic pressure. Trump described the situation with Iran as “in flux,” pointing to the deployment of a U.S. aircraft carrier st…",https://ground.news/interest/american-faith
Tioga Publishing,Center,Trump says Iran wants talks as US aircraft carrier deploys,A US naval strike force led by an aircraft carrier was in Middle Eastern waters on Tuesday as Iran vowed to hit back against any strike and President Donald Trump said he believed the Islamic republic still wanted talks.,https://ground.news/interest/tioga-publishing
La Jornada,Left,"Iran Seeks Agreement with the Us, Says Trump; Deploys “Great Armada”","Dubai. President Donald Trump said yesterday that Iran sought an agreement with the United States in the midst of the deployment of a naval “great navy” in the region, which he declared to be “greater than that of Venezuela,” said Axios.",https://ground.news/interest/la-jornada
The Daily Boulder,Left,Appeals Court Rules Kristi Noem Broke the Law by Ending Protections for Venezuelan and Haitian Immigrants,"A federal appeals court just shouted down Homeland Security Secretary Kristi Noem for revoking temporary legal status for hundreds of thousands of Venezuelans and Haitians living in the United States, ruling she exceeded her authority and acted illegally in terminating protections intended to keep people from being deported or stripped of work authorization. A three‑judge panel of the U.S. 9th Circuit Court of Appeals upheld a lower court’s deci…",https://ground.news/interest/the-daily-boulder
West Hawaii Today,Lean Left,Appeals court rules in favor of protections for Venezuelans,"A federal appeals court in California has ruled that Homeland Security Secretary Kristi Noem exceeded her authority when she sought to end temporary immigration protections that had allowed hundreds of thousands of people, many of them Venezuelans, to legally live and work in the United States.",https://ground.news/interest/west-hawaii-today
EFE,Center,"Venezuelans with Tps in Danger of Deportation, Despite a Court Ruling in Their Favour","The fate of some 600,000 Venezuelans residing in the United States remains in the hands of President Donald Trump's government, despite the fact that an appeals court declared that the Executive acted illegally in terminating the Temporary Protection Status (TPS).",https://ground.news/interest/efe
PBS NewsHour,Lean Left,Appeals court rules Noem's decision to end protections for Venezuelans in U.S. was illegal,A federal appeals court ruled late Wednesday that the Trump administration acted illegally when it ended legal protections that gave hundreds of thousands of people from Venezuela permission to live and work in the United States.,https://ground.news/interest/pbs-newshour
Our Sunday Visitor,Right,"Noem unlawfully ended Venezuelan, Haitian deportation protections, says appeals court","WASHINGTON (OSV News) -- A federal appeals court ruled late Jan. 28 that the Trump administration acted illegally when it ended legal protections for hundreds of thousands of people from Venezuela and Haiti, both predominantly Catholic countries, to remain in the United States without risk of deportation due to dangerous conditions in their respective homelands.",https://ground.news/interest/our-sunday-visitor_7a5c97
American Faith,Right,Court Says DHS Can't End Venezuelan Protections,"A U.S. appeals court ruled on January 28 that the Department of Homeland Security (DHS) cannot terminate protections for Venezuelan nationals. “Congress created [Temporary Protected Status] to provide stability, predictability, and a brief reprieve from deportation to qualifying citizens of designated countries. The catch: that reprieve is guaranteed for no more than 18 months at a time,” the Ninth U.S. Circuit Court of Appeals ruled, adding tha…",https://ground.news/interest/american-faith
UPI,Center,"Appeals court rules DHS Secretary Kristi Noem unlawfully ended TPS for Venezuela, Haiti",An appeals court ruled that Homeland Security Secretary Kristi Noem unlawfully ended TPS immigration protections for Haiti and Venezuela.,https://ground.news/interest/upi_0b956e
The Thinking Conservative,Far Right,Appeals Court Says DHS Order to End Protections for Venezuelans in US Was Illegal - The Thinking Conservative News,A U.S. appeals court ruled that the DHS’s move to end deportation protection for tens of thousands of Venezuelan nationals was illegal. The post Appeals Court Says DHS Order to End Protections for Venezuelans in US Was Illegal appeared first on The Thinking Conservative News.,https://ground.news/interest/the-thinking-conservative
The Epoch Times,Right,Appeals Court Says DHS Order to End Protections for Venezuelans in US Was Illegal,A U.S. appeals court on Jan. 28 ruled that the Department of Homeland Security’s (DHS’s) move to end deportation protection for tens of thousands of Venezuelan nationals was illegal. A three-judge panel of the San Francisco-based Ninth U.S. Circuit Court of Appeals upheld a lower court ruling that found Homeland Security Secretary Kristi Noem overstepped her authority when she ended the temporary protected status (TPS) for Venezuelan nationals w…,https://ground.news/interest/the-epoch-times
NBC News,Lean Left,U.S. appeals court says Noem’s decision to end protections for Venezuelans was illegal,A federal appeals court ruled late Wednesday that the Trump administration acted illegally when it ended legal protections that gave hundreds of thousands of people from Venezuela permission to live and work in the United States,https://ground.news/interest/nbc-news
Fox News,Right,Federal court rules Noem terminating temporary protected status for Venezuelans in US was illegal,"Homeland Security Secretary Kristi Noem acted unlawfully when ending legal protections for Venezuelans, according to a new federal appeals court ruling.",https://ground.news/interest/fox-news_a44aba
Spectrum Local News,Center,Court says decision to end protections for Venezuelans in U.S. was illegal,The 9th Circuit panel also upheld a lower court's finding that Noem exceeded her authority by ending TPS early for people from Haiti.,https://ground.news/interest/spectrum-local-news
The Virginian Pilot,Center,US appeals court says Noem’s decision to end protections for Venezuelans in US was illegal,"By SUDHIN THANAWALA, Associated Press A federal appeals court ruled late Wednesday that the Trump administration acted illegally when it ended legal protections that gave hundreds of thousands of people from Venezuela permission to live and work in the United States. Related Articles Today in History: January 29, Bush warns of ‘axis of evil’ TikTok star Shirley Raines, known for bringing meals and respect to people…",https://ground.news/interest/the-virginian-pilot
KIFI,Center,Appeals Court Rules that Trump Administration's Decision to End Tps for Thousands of Venezuelans Was Illegal,"By Chris Lau, CNN. A federal appeals court ruled Wednesday that the Trump administration acted illegally in ending legal protections for hundreds of thousands of Venezuelans and Haitians working and living in the United States, citing “real and significant consequences.” Three judges of the U.S. Court of Appeals for the 9th Circuit ruled that Homeland Security Secretary Kristi Noem exceeded her authority when she ended Temporary Protected Status…",https://ground.news/interest/kifi
CBS News,Center,"Noem ending protected status for Venezuelans in U.S. was illegal, federal appeals court rules",A federal appeals court said DHS Secretary Kristi Noem acted illegally when she ended legal protections giving hundreds of thousands of people from Venezuela permission to live and work in the U.S.,https://ground.news/interest/cbs-news
NBC Miami,Lean Left,U.S. appeals court says Noem's decision to end protections for Venezuelans in U.S. was illegal,A federal appeals court ruled late Wednesday that the Trump administration acted illegally when it ended legal protections that gave hundreds of thousands of people from Venezuela permission to live and work in the United States.,https://ground.news/interest/nbc-miami
readingeagle,Center,u.s. Court of Appeals Declares Illegal Decision to Eliminate Venezuelan Protections · Global Voices,By SUDHIN THANAWALA A federal appeals court ruled Wednesday night that the White House acted illegally by putting an end to legal protections that granted hundreds of thousands of people from Venezuela permission to live and work in the United States. A panel of three judges of the Ninth Circuit Court of Appeals of the United States confirmed a lower court ruling that ruled that National Security Secretary Kristi Noem exceeded her authority by e…,https://ground.news/interest/readingeagle
Indian Express,Lean Left,US appeals court says Kristi Noem’s decision to end protections for Venezuelans in US was illegal,A three-judge panel of the 9th US Circuit Court of Appeals upheld a lower court ruling that found Homeland Security Secretary Kristi Noem exceeded her authority when she ended temporary protected status for Venezuelans.,https://ground.news/interest/indian-express
The Washington Post,Lean Left,US appeals court says Noem's decision to end protections for ...,,https://ground.news/interest/the-washington-post
WPTZ,Center,US appeals court says Secretary Noem's decision to end protections for Venezuelans in US was illegal,A federal appeals court says the Trump administration acted illegally when it ended legal protections that gave hundreds of thousands of people from Venezuela permission to live and work in the United States.,https://ground.news/interest/wptz
Associated Press News,Lean Left,US appeals court says Noem's decision to end protections for Venezuelans in US was illegal,A federal appeals court says the Trump administration acted illegally when it ended legal protections that gave hundreds of thousands of people from Venezuela permission to live and work in the United States.,https://ground.news/interest/associated-press-news
Greek Reporter,Right,Melania Trump’s Self-Titled Documentary Hits Theaters Today,"Melania Trump views the White House Christmas decorations. Credit: The White House / Public Domain “Melania,” the self-titled documentary centered on First Lady Melania Trump, officially opens in theaters today, following a high-profile premiere and a global marketing campaign. The documentary, which gives a behind-the-scenes look at the 20 days leading up to President Donald Trump’s second inauguration on Jan. 20, 2025, marks the latest chapter…",https://ground.news/interest/greek-reporter
Meduza,Left,"""Melania"" Is a Documentary About the First Lady of the United States, and Journalists Almost Openly Say It's Not a Movie, but a Bribe by Jeff Belos Spent $75 Million on Him to Please Trump.","A documentary about the First Lady of the United States, Melania Trump, is released in the world on 20 days of her life in January 2025 to prepare for her husband's inauguration and return to the White House after a four-year break, using exclusive footage of private meetings, discussions on the details of the ceremony, scenes with Melanie Trump's team and the family of the President-elect.",https://ground.news/interest/meduza
Welt,Right,"Documentary ""Melania: It's These Three Moments in Which Melania Trump Allows a Look Behind the Mask","A new documentation accompanies Melania Trump over the 20 days before the inauguration of the US President in 2025. We see a disciplined woman who hardly allows a look behind her mask. However, there are exceptions.",https://ground.news/interest/welt
Sky News UK,Center,Why is Melania Trump's movie generating controversy?,The first lady's documentary follows her for the 20 days leading up to the 2025 presidential inauguration.,https://ground.news/interest/sky-news
Washingtonian,Center,Kennedy Center Regulars Did Not Enjoy the “Melania” Premiere,"Last night, the Kennedy Center was locked down like an embassy under siege. The police presence was colossal. The city closed the surrounding streets. Nonetheless, a sizeable contingent of official Washington trundled through snowbanks and slush puddles, past protestors with megaphones, through multiple security barricades and throngs of flashing police lights and black SUVs to",https://ground.news/interest/washingtonian
The Billings Gazette,Center,Melania Trump's movie shows at Kennedy Center,WASHINGTON — Melania Trump is capping her first year back as first lady with the global release of a documentary she produced about the 20 days leading up to husband Donald Trump's return to the White House.,https://ground.news/interest/the-billings-gazette
indy100- Independent,Lean Left,Trump dodges 'corruption' questions around Melania's Amazon Prime documentary,"At the premiere of Melania, the high-budget Amazon Prime documentary about First Lady Melania Trump, President Donald Trump brushed off accusations of corruption surrounding the film’s reported $75 million deal.",https://ground.news/interest/indy100-independent
Daily Express,Right,Savage Melania film moment caught on hot mic as crew say what they really think,"Melania Trump's new documentary premiered last night, but the reception hasn't been as warm as she'd hoped.",https://ground.news/interest/daily-express
Boston Globe,Center,Melania Trump’s documentary premieres at the Kennedy Center ahead of global release - The Boston Globe,"“Melania” premiered Thursday at the Kennedy Center before it is released on Friday in more than 1,500 theaters in the US and around the world.",https://ground.news/interest/boston-globe
Times of India,Right,Melania Trump’s all-black look at her documentary premiere was quietly powerful,"Melania Trump stepped out with Donald Trump at the Washington DC premiere of her new documentary on January 29, held at the Trump–Kennedy Centre, just.",https://ground.news/interest/times-of-india
HuffPost,Left,"'All Accurate, Except': Stephen Colbert Trolls Melania Trump With 1 Epic Fact-Check","The ""Late Show"" host mocked the first lady over the release of her documentary.",https://ground.news/interest/huffpost
www.larazon.es,Right,Melania Trump Turns the Premiere of Her Documentary Into a Parade of Elegance with a Total Black Air Old Hollywood,"The red carpet also understands about narrative, and Melania Trump made it clear at Melania’s premiere at the John F. Kennedy Center for the Performing Arts. At a time when the “less is more” aesthetics prevail in fashion again, the first lady chose an infallible uniform: absolute black, precise lines and a pattern that speaks the language of power. The result is not only elegant; it is intentional. And, above all, very recognizable: that mixtur…",https://ground.news/interest/wwwlarazones
Reality Tea,Center,Donald Trump Attends Melania Documentary Premiere With Wife,"Photo by Dimitrios Kambouris/Getty Images Donald Trump and Melania Trump made a high-profile appearance at the Kennedy Center for the premiere of Melania, a self-titled documentary offering a rare glimpse into the former first lady’s perspective. The event marked a notable moment for the couple as they returned to the spotlight ahead of the film’s global release. Donald Trump and Melania Trump attend documentary premiere President Donald Trump j…",https://ground.news/interest/reality-tea
The Epoch Times,Right,Trump and First Lady Attend Premiere of ‘Melania’ in Washington,"WASHINGTON—President Donald Trump joined First Lady Melania Trump for the premiere of her new documentary “Melania” on Jan. 29 at the Trump-Kennedy Center in Washington. The film chronicles Melania Trump’s experiences during the 20 days leading up to her husband’s presidential inauguration on Jan. 20, 2025. “I saw it for the first time two nights ago. I loved it,” the president said of the movie. “It really brings back a glamor that you just don…",https://ground.news/interest/the-epoch-times
El Pais,Center,All About (and for) Melania: First Lady Opens to the World in a Controversial Documentary,"The Kennedy Center, the performing arts venue located on the banks of the Potomac River and next to the historic Watergate Hotel in the capital of the United States, has been the scene where Melania has premiered, the controversial documentary film portraying the life of Melania Trump during the first 20 days of January 2025. It reflects the vortex of the weeks prior to Donald Trump's inauguration as the 47th president of the United States.",https://ground.news/interest/el-pais
El Universo,Right,Trump Attends the Premiere of the Melania Documentary Funded by Amazon,"The President of the United States and the First Lady, Donald and Melania Trump, and a crowd of guests attended the premiere of “Melania” in Washington, a documentary funded by Amazon that addresses the prelude to her husband’s investiture in 2025.",https://ground.news/interest/el-universo
Expressen,Right,Trump's Anger at His Wife's Premiere,"Donald Trump walked the red carpet with his wife when the documentary ""Melania"" premiered. But he responded ""angrily"" to a question from a journalist, writes the New York Times.",https://ground.news/interest/expressen
GMA Filipino News,Center,Melania Trump documentary gets 'black carpet' premiere at Kennedy Center for Performing Arts,"The movie, “Melania,” was financed at an eyebrow-raising $75 million by Amazon MGM Studios. Amazon’s chairman, Jeff Bezos, also contributed to President Donald Trump’s inaugural fund earlier this year.",https://ground.news/interest/gma-filipino-news
The Straits Times,Right,Melania Trump documentary premiere in Washington,"Trump administration officials attend the black carpet premiere of ""Melania"", a US$75 million Amazon-backed documentary about the First Lady. Read more at straitstimes.com.",https://ground.news/interest/the-straits-times_9bb9e6
Fox News,Right,Trump says Melania has been 'more outspoken' this term at Trump Kennedy Center documentary premiere,"Melania Trump documentary ""MELANIA"" premieres at Kennedy Center with President Donald Trump attending. The 104-minute film releases globally in theaters Jan. 30, 2025.",https://ground.news/interest/fox-news_a44aba
Bild,Right,At the Premiere of Melania's Documentary: Trump Statement on Possible Iran Attack,Is a US attack on the brutal regime imminent? US President Donald Trump (79) comments in Washington.,https://ground.news/interest/bild
Hola News,Center,"Melania Trump, on Her Documentary: ""They're Going to Discover 20 Days of My Life""","Washington, Jan. 29 (EFE).- The first lady of the United States, Melania Trump, explained this Thursday, during the presentation of her documentary, that the public will be able to look at 20 days of her life, the days before the ceremony of the second investiture of her husband, President Donald Trump, and know many details. “They will discover 20 days of my life, of everything I have to take care of. I think they will like it,” the first lady …",https://ground.news/interest/hola-news
The Gateway Pundit,Far Right,Trump Turns the Tables on Reporter Asking About Amazon's Decision to Pay Millions For Melania Documentary,President Trump and First Lady Melania on Thursday evening arrived at the Trump Kennedy Center for the “Melania” premiere.,https://ground.news/interest/the-gateway-pundit
Otago Daily Times,Center,Big budget Melania film premieres,"With tensions in Minneapolis still high and a possible US military strike on Iran looming, movers and shakers in the Trump administration took a timeout to attend a lavish event celebrating a big-budget documentary about first lady Melania Trump.",https://ground.news/interest/otago-daily-times
The Age,Lean Left,First look at the Melania Trump documentary,"The trailer for the upcoming documentary 'Melania', about First Lady Melania Trump.",https://ground.news/interest/the-age
PBS NewsHour,Center,Trumps attend 'Melania' film premiere at the Kennedy Center ahead of global release,Melania Trump is capping her first year back as first lady with the global release of a documentary she produced about the 20 days leading up to husband Donald Trump’s return to the White House.,https://ground.news/interest/pbs-newshour
India Today,Right,Melania Trump documentary debuts at Kennedy Center before worldwide release,"The documentary, produced by AmazonMGM Studios at a reported cost of $40 million, will stream exclusively on Amazon Prime Video after opening Friday in about 1,600 theatres worldwide, including roughly 1,500 in the United States.",https://ground.news/interest/india-today
Daily Kos,Left,Cartoon: Worse than tear gas,A cartoon by Mike Luckovich. Related |� Unwanted 'Melania' documentary gets another boost from ...,https://ground.news/interest/daily-kos
Page Six,Right,Melania Trump wears demure black Dolce & Gabbana skirt suit to DC...,"Melania Trump wore a black skirt suit to the premiere of her self-titled Amazon documentary hosted at the Trump Kennedy Center in Washington, D.C., on Thursday.",https://ground.news/interest/page-six
Just Jared,Center,Melania Trump Premieres Her Documentary in D.C. Without Support from Donald Trump’s Kids | Just Jared: Celebrity News and Gossip,"Melania Trump is sharing her new documentary with the world, but not many family members are there to support her at the premiere. The 55-year-old First Lady of the United States was joined by her husband, President Donald Trump, at the premiere of her movie Melania on Thursday (January 29) at the Kennedy Center in Washington, D.C. The movie is getting a nationwide release this weekend, but many people on social media have pointed out how lots o…",https://ground.news/interest/just-jared
100% FED UP!,Far Right,Melania Trump Says Barron Is Now “Highly Involved” * 100PercentFedUp.com * by Noah,Melania Trump just went on Fox News and revealed some surprising new details about Barron Trump. She said he has gone through a transformation and he is now highly involved. LOVE THAT! Watch here: BREAKING: First Lady Melania Trump reveals BARRON has gone through a transformation and is now highly involved “I’m very proud of him. He understands now. He’s involved. He knows what’s going on in the world. He talks with his dad. He talks with me. H…,https://ground.news/interest/100percentfedupcom
The Independent (US),Center,"Melania premiere live: Trump, allies and reality TV stars expected at Kennedy Center","The documentary’s controversial director Brett Ratner and former New York City mayor Eric Adams are also set to attend the event in Washington, D.C.",https://ground.news/interest/the-independentcom
The Washington Hispanic,Center,Melania's Documentary Premieres at the Kennedy Center Before Its Global Release,"Melania Trump crowns her first year as First Lady with the worldwide release of a documentary that produced about the 20 days before her husband Donald Trump’s return to the White House. “Melania” will premiere Thursday at the Kennedy Center, where Trump is expected to parade on the red carpet before the world premiere on Friday. Last Saturday, they offered a similar feature at the White House. The first lady has said that she came up with the i…",https://ground.news/interest/washington-hispanic
RadarOnline,Center,Standing By Her Man! Trump's Wife Melania Praises Him for Being a 'Unifier' After 'Stopping Many Wars' — as Prez's Administration Continues to Crumble,"Melania Trump praised her husband, Donald, for being a 'unifier' and 'stopping' wars while on a press tour for her new film.",https://ground.news/interest/radaronline
Good Morning America,Center,Melania Trump documentary 'Melania' to premiere at Kennedy Center ahead of wide release,The documentary looks at the 20 days leading up to President Donald Trump's 2025 inauguration.,https://ground.news/interest/good-morning-america
abc News,Center,Melania Trump documentary 'Melania' to premiere at Kennedy Center,The documentary looks at the 20 days leading up to President Donald Trump's 2025 inauguration.,https://ground.news/interest/abc-news_409efb
Spectrum Local News,Center,Melania Trump documentary premieres at Kennedy Center,The film documents the first lady’s 20 days leading up to her husband’s second inauguration in January 2025.,https://ground.news/interest/spectrum-local-news
TMZ,Right,President Trump's Cabinet Members Show Up For 'Melania' Premiere,"When President Trump invites his underlings to a social event, they show up ... look no further than the premiere of Amazon's new Melania Trump documentary.",https://ground.news/interest/tmz
The Columbian,Center,Melania Trump’s documentary premieres at Kennedy Center ahead of global release,WASHINGTON — Melania Trump is capping her first year back as first lady with the global release of a documentary she produced about the 20 days leading up to husband Donald Trump’s return to the White House. Read more...,https://ground.news/interest/the-columbian
Sueddeutsche Zeitung,Lean Left,The Toughest Side Job in the World,"What role does the wife of the US president play? This question is to answer the film ""Melania"", which is now going to the cinema. A look at history shows: The task of the First Lady includes a certain ability to suffer, also as regards the escapades of the husbands.",https://ground.news/interest/sueddeutsche-zeitung
Liberation,Lean Left,"Off-Standard Budget, Flop Announced, Controversial Director: the First Lady Unveils This Thursday the Documentary ""Melania"" on the Background of Polemics",Melania Trump will celebrate in Washington the release of the film tracing the 20 days before her husband's inauguration in 2025 and funded to the tune of tens of millions of dollars by the American Amazon group.,https://ground.news/interest/liberation
thelist.com,Lean Left,Melania Trump's Latest Barron Comments Have Everyone Begging Her To Cut The Umbilical Cord,"Melania Trump is known for being fiercely protective of her son, Barron Trump, but her latest remarks have people thinking she's going overboard.",https://ground.news/interest/thelistcom
Daily Journal,Center,Melania Trump premieres multi-million-dollar documentary,Melania Trump on Thursday premieres her new movie promising a behind the scenes glimpse at her husband's return to power -- a documentary funded by an extraordinary multi-million-dollar deal with Amazon.,https://ground.news/interest/daily-journal_17eacc
Raw Story,Left,Melania humiliated as UK premiere of her movie gets single-digit ticket sales,"Melania Trump's eponymous documentary flopped in its London debut.UK cinema chain Vue's will premier ""Melania"" at 3:10 p.m. at its flagship Islington theater in London, but so far only one person has bought a ticket and just two tickets have sold for a 6 p.m. showing – undercutting President Donald ...",https://ground.news/interest/raw-story
La Libre,Center,An Ultimate Proof that Amazon Is Willing to Do Anything Not to Upset Donald Trump?,"It is the most expensive documentary ever produced by the giant Amazon, a colossal bet that raises questions. ...",https://ground.news/interest/la-libre
Globo,Right,'Melania' Promotion by Amazon Raises Questions About Political Motivations,"LAUGHTER — The launch is huge and cost about US$ 35 million — a world marketing campaign that includes outdoors, bus ads and television commercials during NFL’s plays. The star was broadcast simultaneously in 25 films in the United States, and 1,700 national films will show the film at the end of this week (the film will also have a wide launch in Brazil from this sixth.) The latest superhero film? No, it is the Amazon’s phone campaign for “Mela…",https://ground.news/interest/globo
OAN,Right,Melania Trump praises son Barron’s role as first son ahead of documentary film premiere,"(Background) First lady Melania Trump appears at the New York Stock Exchange (NYSE) where she rang the opening bell on January 28, 2026, in New York City. (Photo by Spencer Platt/Getty Images) / (R) Barron Trump gestures after being acknowledged by his father, U.S. President Donald Trump, during the inaugural parade inside Capital One Arena,... The post Melania Trump praises son Barron’s role as first son ahead of documentary film premiere appea…",https://ground.news/interest/oan
The Washington Post,Lean Left,"At the 'Melania' premiere, the first lady takes center stage",,https://ground.news/interest/the-washington-post
CTV News,Center,Melania Trump’s documentary premieres at the Kennedy Center ahead of global release,Melania Trump is capping her first year back as first lady with the global release of a documentary she produced about the 20 days leading up to husband Donald Trump’s return to the White House.,https://ground.news/interest/ctv-news
Digi 24,Center,"Nelansat yet, the ""Melania"" Documentary Is Officially Directed to a Disaster at the Office Box. Unbeknownst Tickets, Rejected Prizes","‘Melania’ refers to a disastrous result in the office box, the first weekend from launch, despite the 35-40 million-dollar marketing budget.",https://ground.news/interest/digi-24
Spiegel,Lean Left,Melania Trump: Towing Ticket Sale for »Melania« Documentation,"Towing ticket sales, bribes on US television: The signs are bad for the documentary »Melania«, which will start on Friday.",https://ground.news/interest/spiegel
My London,Center,Humiliation for Melania Trump as just 1 person attends London film premiere,A later showing of the £29m documentary was 'twice as successful' with 2 attendees,https://ground.news/interest/my-london
delo.si,Lean Left,Only One Ticket Sold for Melania Documentary,A documentary about the US First Lady has failed to appeal to British filmgoers.,https://ground.news/interest/delosi
24ur.com,Center,Barron Trump: From Golden Carriage to Businessman,"Donald Trump's youngest son, 19-year-old Barron, has been making more public appearances since he started college last year, as his father was sworn in for a second term as US president. Although he keeps a low profile, his private life is a topic of interest to both the American and global public.",https://ground.news/interest/24urcom
Political Wire,Center,Critics Question Marketing Splash for ‘Melania’,"Amazon’s $35 million marketing budget for the new Melania Trump documentary “is 10 times what some other high-profile documentaries have received” and many are wondering “whether Amazon’s push is anything more than the company’s attempt to ingratiate itself with President Trump,” the New York Times reports. The Wrap: “Melania” set for a $3 million opening despite Amazon’s $35 million marketing push.",https://ground.news/interest/political-wire
PerthNow,Center,Melania documentary to premiere at the Kennedy Center,Melania Trump says her new documentary film will show what it takes to step into a high-profile role such as first lady.,https://ground.news/interest/perthnow
Associated Press News,Center,Melania Trump's documentary premieres at the Kennedy Center ahead of global release,Melania Trump is capping her first year after becoming first lady again with the global release of a documentary about the 20 days before she and President Donald Trump returned to the White House.,https://ground.news/interest/associated-press-news
News,Right,‘Humiliating’: Melania’s vanity project bombs,"A new film about Melania Trump, with a truly staggering price tag, is on track to bomb badly with a dismal image emerging in Australia.",https://ground.news/interest/news_356a3f
National Memo,Left,Wall Street Offers Lukewarm Greeting To Melania And Her Movie Grift,"First Lady Melania Trump had to endure an embarrassing appearance at the New York Stock Exchange (NYSE) ahead of the opening weekend of her new film.The Daily Beast reported Wednesday that when the first lady appeared in front of an assembled crowd of traders to ring the opening bell, she stood silently as she was greeted by tepid applause. The weak response from the crowd didn't go unnoticed by NYSE Group President Lynn Martin, who can be seen …",https://ground.news/interest/national-memo
Entertainment Weekly,Lean Left,'Melania' doc cost Amazon $75 million — will it be a bust at the box office?,"""The week 1 question is: Does Donald Trump's appeal expand to Melania?"" BoxOfficePro's Daniel Loria tells EW. ""The week 2 question is: Is Brett Ratner's movie any good?""Melania Trump at the New York Stock Exchange on Jan. 28 Jamie McCarthy/GettyMelania Trump is opening a movie in theaters this weekend, but will anyone show up to see it?The short answer to that question is: yes. The long answer is complicated.The new documentary chronicling the l…",https://ground.news/interest/entertainment-weekly
News Addicts,Far Right,Melania Trump Shares New Details On Barron’s Political ‘Transformation’,"First Lady Melania Trump joined Fox News’ “The Five” to discuss the release of her biographical film, life in the White House during President Trump’s second term and Barron’s political “transformation.” A key portion of the discussion centered on the production of the documentary. Trump explained her hands-on role, stating, “I led the production and […] The post Melania Trump Shares New Details On Barron’s Political ‘Transformation’ appeared fi…",https://ground.news/interest/newsaddictscom
TrendingPolitics,Right,Melania Trump Shares New Details On Barron's Political 'Transformation',"First Lady Melania Trump joined Fox News’ “The Five” to discuss the release of her biographical film, life in the White House during President Trump’s second term and Barron’s political “transformation.” A key portion of the discussion centered on the production of the documentary. Trump explained her hands-on role, stating, “I led the production and I had a great team around me and very talented director. But you know that was my life so whatev…",https://ground.news/interest/trendingpoliticsnewscom
The Last Refuge,Far Right,First Lady Melania Trump Introduces Her New Biographical Film During Opening of New York Stock Exchange - Full Video,"Earlier this morning from New York City, First Lady Melania Trump rang the opening bell at the New York Stock Exchange, officially starting the day’s trading.  The moment was in celebration of her new biographical film “Melania” which opens in theaters this Friday. Prior to the opening bell, First Lady Melania Trump outlined to the […] The post First Lady Melania Trump Introduces Her New Biographical Film During Opening of New York Stock Exchang…",https://ground.news/interest/the-last-refuge
Alternet,Left,Wall Street encouraged to clap harder after Melania gets weak applause at NYSE,"First Lady Melania Trump had to endure an embarrassing appearance at the New York Stock Exchange (NYSE) ahead of the opening weekend of her new film.The Daily Beast reported Wednesday that when the first lady appeared in front of an assembled crowd of traders to ring the opening bell, she stood silently as she was greeted by tepid applause. The weak response from the crowd didn't go unnoticed by NYSE Group President Lynn Martin, who can be seen …",https://ground.news/interest/alternet
Newsweek,Center,'Melania' film only sold 13% of tickets in Trump's hometown,"At the Palm Beach Regal Royal, just 234 of all available seats were purchased of 1770 total for the opening weekend.",https://ground.news/interest/newsweek
Sydney Morning Herald,Lean Left,First Lady Melania Trump's box office flop,First Lady Melania Trump's $57 million documentary looks on track to bomb at the box office.,https://ground.news/interest/sydney-morning-herald
DNyuz,Right,Amazon’s Promotion of ‘Melania’ Has Critics Questioning Its Motives,"The film’s rollout is huge — a worldwide marketing campaign that includes billboards, bus sides and national television commercials during",https://ground.news/interest/dnyuz
Mediaite,Lean Left,Melania Trump Tells Fox News Her Husband Is a ‘Unifier’,"First Lady Melania Trump referred to her husband as a “unifier” on Wednesday, claiming the president’s critics “need to come on the same page” with President Donald Trump’s agenda. Melania joined Fox News’ The Five to discuss the upcoming film Melania– a documentary following the first lady in the days before her husband’s second inauguration. Co-host Jessica Tarlov asked Melania about a moment in the film’s trailer, which played on air before t…",https://ground.news/interest/mediaite
Breitbart,Right,"Fashion Notes: Melania Trump Dons Dior, Alaïa to Ring Bell at New York Stock Exchange to Promote 'Melania'","First Lady Melania Trump rang the bell at the NY Stock Exchange on Wednesday, in a luxe black ensemble, to promote her upcoming film Melania.",https://ground.news/interest/breitbart
Washington Times,Right,Melania Trump rings opening bell at NYSE to celebrate movie opening,First lady Melania Trump rang the opening bell at the New York Stock Exchange on Wednesday to celebrate the release of her documentary this week.,https://ground.news/interest/washington-times
Daily Mirror,Lean Left,Melania Trump suffers blow as 1 person shows up to premiere of £29m film,"Despite a whopping $35million (£25m) marketing budget, tickets sales for Amazon MGM Studios' glossy Melania Trump documentary are reportedly 'soft'",https://ground.news/interest/daily-mirror
CNN,Lean Left,"Melania Trump rings the NYSE opening bell, placing her documentary promotion at the center of the business world","First lady Melania Trump rang the opening bell at the New York Stock Exchange Wednesday morning, giving her a high-profile platform in the business world as she seeks to build momentum toward the release of her documentary later this week.",https://ground.news/interest/cnn
Live Mint,Center,Melania Trump rings New York Stock Exchange bell ahead of her movie release,"Melania Trump rang the opening bell at the New York Stock Exchange to celebrate her documentary, Melania, which depicts her life leading up to President Trump's second inauguration. The film launches globally on 30 January.",https://ground.news/interest/live-mint
www.sme.sk,Lean Left,Trump Says Tickets Are Selling Out Fast. but There's Not Much Interest in the Melania Movie Premiere,"The box office projections are mediocre, even though the film cost millions to make.",https://ground.news/interest/wwwsmesk
NBC News,Lean Left,Melania Trump Rings New York Stock Exchange Opening Bell,Melania Trump rings New York Stock Exchange opening bell,https://ground.news/interest/nbc-news
The Independent,Lean Left,Melania Trump rings New York Stock Exchange opening bell to start day’s trading,The film was shot in the three weeks leading up to the second Trump inauguration,https://ground.news/interest/the-independent_ff73a6
irishstar.com,Lean Left,Melania Trump humiliated as just one person buys ticket for UK premiere,"The new documentary Melania, featuring the First Lady, premiered in UK cinemas on Friday but struggled to attract audiences at its opening screenings at Vue Islington",https://ground.news/interest/irishstarcom
New York Post,Right,Melania Trump rings NYSE opening bell to mark documentary premiere,"The first lady, dressed in a black dress and wide black belt, hit the button to start the day at the New York Stock Exchange to cheers from traders on the floor.",https://ground.news/interest/new-york-post
BroBible,Center,The 'Melania' Documentary Is Shaping Up To Be One Of The Biggest Box Office Bombs In The History Of Mankind And The Moving Image,The Melania Trump documentary directed by Brett Ratner is selling mere dozens of tickets across the globe ahead of its premiere on Friday.,https://ground.news/interest/brobible
USA Today,Lean Left,Melania Trump rings New York Stock Exchange bell before movie release,First lady Melania Trump rang the opening bell at the New York Stock Exchange. See photos.,https://ground.news/interest/usa-today
Variety,Lean Left,"Jimmy Kimmel Slams ‘Melania’ Doc as ‘$75 Million Bribe Amazon Made for Her,’ Refuses to Believe Donald Trump Likes the Movie: ‘He Saw the First Eight Minutes and Fell Asleep’",Jimmy Kimmel refuses to believe Donald Trump likes his wife's documentary 'Melania.',https://ground.news/interest/variety
WABC,Right,Melania Trump Opens the NYSE!,"(New York, New York) – First Lady Melania Trump is set to ring the opening bell at the New York Stock Exchange on Wednesday, marking the upcoming release of her new documentary — as her official cryptocurrency continues to generate buzz in the market. The NYSE announced the appearance in a post on X, sharing a teaser for the documentary, “MELANIA,” produced by Amazon MGM Studios. The film is scheduled to premiere at the Kennedy Center on January…",https://ground.news/interest/wabc
Frankfurter Allgemeine,Right,Amazon Brings Melania Trump's Film over Itself,Amazon is releasing Melania Trump's propaganda film about itself. No one was bothered at the White House Premier Party. It was the day that federal officer Alex Pretti was shot dead in Minneapolis.,https://ground.news/interest/frankfurter-allgemeine
Palm Beach Post,Center,What to know about first lady Melania Trump as she promotes her movie,"First lady Melania Trump has produced a documentary about the lead-up to 2025 inauguration. Here is what to know about her age, background and role.",https://ground.news/interest/palm-beach-post
The London Economic,Left,Melania documentary sees single-figure ticket sales across UK cinemas,"Tickets sales for Melania, the upcoming documentary about the first lady of the United States, look set to be shockingly bad at UK cinemas.",https://ground.news/interest/the-london-economic
We Got This Covered,Lean Left,"Amazon MGM spends millions promoting 'Melania' movie in UK, sells just ONE ticket","The Melania documentary is some premium schadenfreude. It’s a fawning study of the profoundly uninteresting Melania Trump, directed by disgraced pervert Brett Ratner, with Melania herself as executive producer (the sure sign of an objective documentary!), and Melania scoring a personal payout of $28 million from it. Why does Melania even exist at all, and who is this for?! Well, let’s just say that funding a vanity documentary about the First La…",https://ground.news/interest/we-got-this-covered
Israel Hayom,Right,Melania Trump Documentary Bombs With 1 Ticket Sales,"Ticket sales data from the first weekend of screenings of the documentary ""Melania,"" about First Lady Melania Trump, in Britain, reveal an embarrassing picture: empty theaters and virtually no sales. The Daily Beast reported that the flagship Vue cinema location in Islington, London, sold just one ticket for the 3:10 p.m. screening and two tickets for the 6:00 p.m. showing. A similar picture emerged at an AMC theater in Orange County, Californi…",https://ground.news/interest/israelhayomcom
Protothema,Right,"Melania Trump: in a London Cinema, Her New Documentary Has Sold One Ticket","It presents the last twenty days before Trump's return to power, in January 2025.",https://ground.news/interest/protothema
Australian Financial Review,Right,Amazon pumped millions into ‘Melania’. Ticket sales are soft,"Presale tickets for a new movie about America’s first lady have been low ahead its release, raising concerns Amazon paid too much for the rights.",https://ground.news/interest/australian-financial-review
News.de,Lean Left,Melania Trump: Panic in the White House - It Threatens the Millions Fiasco,Amazon invested $75 million in Melania Trump's documentary. The White House predicts an imminent fiasco even before the launch. It could be an immense flop for the First Lady.,https://ground.news/interest/newsde
The American Bazaar,Center,Melania Trump steps into the spotlight with new documentary,"By Keerthi Ramesh First Lady Melania Trump on Thursday premiered her self-produced documentary, Melania, at the John F. Kennedy Center for the Performing Arts, drawing a mix of political attention and online chatter days before its global release. The film, which documents the 20 days leading up to her husband’s return to the White House after the 2024 election, will open Friday in more than 1,500 theatres across the United States and internatio…",https://ground.news/interest/the-american-bazaar
Stirile Pro TV,Center,"Melania Trump, Elegant Appearance at the Top of Her Movie, Along with Donald Trump, at Kennedy Center. Foto","Melania Trump drew all the opportunities last night, at his new film's opening, organized at Kennedy Center. The first lady appeared in a refined detention, holding her hand with the president of the United States.",https://ground.news/interest/stirile-pro-tv
Kiddaan,Center,AR Rahman Melania Documentary Premiere With Trump Cameo,"Oscar-winning composer AR Rahman recently made headlines after sharing moments from the premiere of a new documentary centred on Melania Trump. Held at the Kennedy Center in Washington, DC, the event drew political leaders, celebrities, and international personalities, making it one of the most talked-about screenings. The spotlight quickly turned to the AR Rahman Melania documentary premiere View this post on Instagram A post shared by ARR (@ar…",https://ground.news/interest/kiddaan
ohtuleht.ee,Center,Funeral or Joy Day? Melania Appeared at the Presentation of Her Documentary in a Mourning Robe Buttoned up to the Throat,"Melania Trump is officially a movie star – a documentary dedicated to the US first lady was presented in Washington on Thursday. But the color scheme of the premiere, held at the infamous Kennedy Center, was suspiciously depressing, and the outfit worn by model-turned-first lady Melania would also be more appropriate for a funeral, given that it was made by a world-famous fashion house.",https://ground.news/interest/ohtulehtee
Nettavisen,Center,Premiere of Melania Documentary,"Premiere for Melania documentary The film ""Melania"" has cost Amazon MGM Studios a staggering $75 million to make. Amazon CEO Jeff Bezos is himself a major supporter who, among other things, helped finance Trump's inauguration as president. Melania and Donald Trump were present at the premiere at the Kennedy Center in Washington on Thursday evening. The film will then be shown in 1,500 cinemas in the US and elsewhere in the world. Empty cinemas …",https://ground.news/interest/nettavisen
Mandatory,Center,Donald Trump & Melania Trump Attend Documentary Premiere at Kennedy Center,"Photo by Dimitrios Kambouris/Getty Images Donald Trump and Melania Trump made a high-profile appearance at the Kennedy Center for the premiere of Melania, a self-titled documentary offering a rare glimpse into the former first lady’s perspective. The event marked a notable moment for the couple as they returned to the spotlight ahead of the film’s global release. Donald Trump and Melania Trump attend documentary premiere President Donald Trump j…",https://ground.news/interest/mandatory
democraticaccent.com,Center,Trump says Melania has been 'more outspoken' this term at Trump Kennedy Center documentary premiere – Democratic Accent,"WASHINGTON, D.C. – President Donald Trump and first lady Melania Trump walked the red carpet with several famous friends ahead of the world premiere of the new documentary “MELANIA” at the Trump Kennedy Center on Thursday. The film, from Amazon MGM Studios and directed by Brett Ratner, chronicles the first lady’s life leading up to Trump’s 2025 inauguration from her home in Trump Tower in New York City to Mar-a-Lago in Palm Beach, and captures b…",https://ground.news/interest/democraticaccentcom
Kancha,Center,"Trump's Lawyer, Alina Habba, Heads the Premiere on the Red Carpet Filled with Melania Stars at the Kennedy Center.","By KATELYN CARALLE, PRINCIPAL REPORTER OF US POLICY and NIKKI SCHWAB, CORRESPONDENT CAMPA'S HEAD Published: 23:32 GMT, January 29, 2026 Updated: 23:34 GMT, January 29, 2026 The first arrivals at the premiere of Melania Trump's film came to the red carpet. Trump's former lawyer, Alina Habba, wore an elegant black pants suit and Agriculture Secretary Brooke Rollins, wore a shiny jacket over a dark evening dress as they were among the first lumina…",https://ground.news/interest/kancha
8pmnews.com,Center,AR Rahman To Attend Melania Trump Documentary Premiere At Kennedy Center In Washington,"Oscar-winning Indian composer AR Rahman is set to attend the premiere of Melania, a new documentary focused on First Lady Melania Trump, at the Kennedy Center in Washington DC on January 29 (ET). The event is expected to draw an influential mix of global cultural icons, political leaders, and prominent public figures. AR Rahman Among Notable International Guests AR Rahman’s presence adds a strong international dimension to the premiere. The comp…",https://ground.news/interest/8pmnewscom
La Repubblica,Lean Left,"Minneapolis, Homan's Turning Point: - Targeted and Secure Operations",The border tsar admits the errors of the Ice but ensures that he will not give up the fight. A judge blocks the arrests of refugees,https://ground.news/interest/la-repubblica
Fox 9,Center,Judge halts arrests of Minnesota refugees in Trump’s fraud crackdown,A federal judge has stopped the Trump administration's plan to arrest and detain recently arrived refugees in Minnesota.,https://ground.news/interest/fox-9
News One,Left,Trump Admin Blocked From Targeting Documented Immigrants,"Source: Karen Vardanian / Getty At this point, the Trump administration must be shooting for some kind of record for the number of times a federal judge has had to tell an administration that it can’t bypass the Constitution or violate people’s civil rights. Seriously, President Donald Trump and his cabinet of lying, moronic stooges have been told by so many federal courts that what they’re doing is unlawful that one can only imagine they keep o…",https://ground.news/interest/news-one
Pioneer Press,Center,"Federal judge orders lawful refugees to be flown back to Minnesota, released","“Refugees have a legal right to be in the United States,” wrote Judge John Tunheim.",https://ground.news/interest/pioneer-press
Middle East Eye,Left,Federal judge blocks Trump administration from detaining refugees in Minnesota,Judge John Tunheim issued a restraining order to block federal agents from arresting and detaining lawful refugees,https://ground.news/interest/middle-east-eye
il Giornale,Right,"Judge Blocks Expulsions in Minnesota. but the Border Tsar Warns: ""Cooperate or We Will Reduce Agents""","A federal judge suspends detentions and expulsions of refugees legally admitted to Minnesota. The Trump administration prepares the appeal, while the border tsar Tom Homan warns the state: without cooperation, fewer federal agents",https://ground.news/interest/ilgiornaleit
n-tv.de,Right,Release Ordered: Judge Stops Detention of Refugees in Minnesota,"With its brutal measures against refugees, the U.S. immigration agency ICE is fiercely critical. Now a judge demands the rights of the detainees. However, there are protests against the imprisonment of a five-year-old.",https://ground.news/interest/n-tvde
sta.si,Center,Us Judge Temporarily Bans Detention of Refugees in Minnesota,"A US judge on Wednesday temporarily banned President Donald Trump's administration in the state of Minnesota from detaining refugees awaiting green card decisions, while ordering the release of those already in detention, the French news agency AFP reported.",https://ground.news/interest/stasi
The Washington Hispanic,Center,A Judge Temporarily Suspends Refugee Detentions in Minnesota,A U.S. federal judge temporarily suspended on Wednesday the detentions of refugees who are awaiting their permanent residence card (Green Card) in the state of Minnesota. This decision by Justice John Tunheim prevents the U.S. Department of Homeland Security (DHS) from implementing a Donald Trump administration operation to identify and re-examine the situation of thousands of refugees in the state by considering that they violate federal law. T…,https://ground.news/interest/washington-hispanic
MPR News,Lean Left,Trapped inside: A Minnesota refugee family’s life on hold amid ICE arrests,"A Minnesota refugee family has stopped leaving their home after visits from immigration agents, as a new federal operation begins re-examining refugee cases across the state. A judge has ordered a temporary halt to the arrests of refugees; however, it’s not clear if that will mitigate the fear some families are feeling.",https://ground.news/interest/mpr-news
Le Devoir,Center,A Federal Judge Forbids the Detention of Refugees in situations...,"They have the right to be in the United States without being ""feared to be arrested and detained without a warrant,"" he says.",https://ground.news/interest/le-devoir
voz.us,Right,Federal Judge Blocks Refugee Arrests in Minnesota · Global Voices,"A federal judge temporarily blocked the government measure of President Donald Trump ordering the detention of refugees in Minnesota awaiting resolution of their status as permanent residents, and ordered the immediate release of those who remain in detention.Read more",https://ground.news/interest/vozus
La Libre,Right,"A Judge Opposes the Trump Administration: ""Refugees Have the Right Not to Be Subjected to the Fear of Being Arrested without a Warrant or Motive""",A US federal judge on Wednesday banned the Trump administration from detaining refugees who still lack permanent resident status but legally reside in the state of Minnesota. ...,https://ground.news/interest/la-libre
Le Monde,Lean Left,Minnesota: Federal Judge Forbids Detention of Legal Refugees · Global Voices,"Judge John Tunheim's order requires that any refugee detained under the programme, launched in January by the authorities, to review the legal status of approximately 5,600 refugees from this democratic state who have not yet received their ""green card"", ""immediately released"".",https://ground.news/interest/le-monde
The Hindu,Lean Left,U.S. judge blocks Trump administration from detaining refugees in Minnesota,"A U.S. judge halts Trump administration's refugee detentions in Minnesota, affirming their rights while reviewing immigration status.",https://ground.news/interest/the-hindu
Spiegel,Lean Left,u.s. Court Bans the Arrest of Recognized Refugees in Minnesota,"The Trump administration in the state of Minnesota is intensifying its action against migrants. So far, people with resident status have also been arrested. A judge has now banned this.",https://ground.news/interest/spiegel
Wall Street Journal,Center,Judge Temporarily Bars Trump Administration From Detaining Minnesota Refugees,"A federal judge on Wednesday temporarily blocked the Trump administration from arresting or detaining refugees in Minnesota, and ordered the release of those in custody.",https://ground.news/interest/wall-street-journal
Sud Ouest,Center,"United States: Federal Judge Forbids Detention of Refugees in Legal Situation, Minnesota Still Under Stress","The tension in Minneapolis continues to intensify. Despite Donald Trump's pressure, federal judge John Tunheim orders the release of refugees in a legal situation who are deprived of their status.",https://ground.news/interest/sud-ouest
Anadolu Ajansı,Right,US judge halts arrests of lawfully resettled refugees in Minnesota,"Over 100 people detained in Department of Homeland Security operation targeting previously vetted individuals, reports media - Anadolu Ajansı",https://ground.news/interest/anadolu-ajans
CartaCapital,Left,The Judge Blocked the Detentions of Refugees Ordered by the Trump Government in Minnesota,"In addition to the prohibition of new prisons, refugees who have been arrested in recent weeks must be released.",https://ground.news/interest/cartacapitalcombr
RTÉ,Center,Trump admin blocked from detaining refugees in Minnesota,A US federal judge has temporarily blocked the administration of President Donald Trump from detaining refugees in Minnesota awaiting permanent resident status and ordered the release of those in detention.,https://ground.news/interest/rte
The Epoch Times,Right,Federal Judge Blocks DHS Policy to Reconsider Legal Status for Minnesota Refugees,"A federal judge on Wednesday blocked a Trump administration policy initiative to reconsider the legal status of the roughly 5,600 lawful refugees living in Minnesota. In a court order, Minneapolis-based U.S. District Judge John Tunheim temporarily granted a class action request to block the Department of Homeland Security (DHS) policy initiative dubbed “Operation Post-Admission Refugee Reverification and Integrity Strengthening,” or “Operation P…",https://ground.news/interest/the-epoch-times
CBS News,Center,Federal judge bars Trump administration from detaining lawful refugees in Minnesota,"On Wednesday, a federal judge filed a temporary restraining order preventing the Trump administration from detaining lawfully resettled refugees in Minnesota.",https://ground.news/interest/cbs-news
20minutos,Center,u.s. Judge Temporarily Suspends Refugee Detentions in Minnesota,A U.S. federal judge has temporarily suspended on Wednesday the detentions of refugees awaiting their permanent residence card (Green Card) in the state of Minnesota.This decision by Justice John Tunheim prevents the Department of Homeland Security (DHS) from implementing an operation of the Donald Trump Administration to identify and re-examine the situation of thousands of refugees in the state by considering that they violate federal law.The …,https://ground.news/interest/20minutos
abc 6 Philadelphia,Lean Left,Judge bars arrests of lawful refugees in Minnesota,A federal judge is temporarily barring the Trump administration from arresting any refugee in Minnesota who has not received a green card and has not,https://ground.news/interest/abc-6-philadelphia
KSTP News,Center,Minnesota court rules DHS must release detained refugees under Operation PARRIS,A federal judge has temporarily blocked immigration officers from arresting or detaining recently resettled refugees in Minnesota who have not yet adjusted to lawful permanent resident status.,https://ground.news/interest/kstp-news
UPI,Center,"Judge stops DHS from arresting, detaining Minnesota refugees","A judge has barred federal immigration officers from arresting and detaining legally present refugees in Minnesota, handing the Trump administraiton a legal defeat in its aggressive immigration crackdown.",https://ground.news/interest/upi_0b956e
Devdiscourse,Center,Judge Halts Controversial Refugee Initiative in Minnesota,"A federal judge has temporarily blocked a Trump administration policy targeting 5,600 refugees in Minnesota awaiting green cards. The decision, delivered by Judge John Tunheim, argues that federal agents violated statutes by arresting refugees. The ruling pauses 'Operation PARRIS' until further legal arguments are presented.",https://ground.news/interest/devdiscourse
La Opinion,Lean Left,Judge Blocks Ice Arrests and Demands Release of Refugees Detained in Minnesota,A judge ruled that refugees who were detained under Operation PARRIS in Minnesota must be released within a maximum of 5 days,https://ground.news/interest/laopinioncom
svt Nyheter,Lean Left,Judge Halts Arrests of some Minnesota Refugees,"A federal judge has temporarily halted the arrests of some refugees in Minnesota, US, after thousands of border and immigration police were brought to the state. Senate Democrats are also making new demands on the immigration agency ICE: to unmask its agents.",https://ground.news/interest/svt-nyheter
The Independent,Lean Left,Judge blocks ICE arrests of Minnesota refugees who were ‘subjected to terror’,"‘At its best, America serves as a haven of individual liberties in a world too often full of tyranny and cruelty. We abandon that ideal when we subject our neighbors to fear and chaos’, wrote District Judge John Tunheim",https://ground.news/interest/the-independent_ff73a6
Svenska Dagbladet,Right,Stopping some Refugee Arrests in Minnesota,"A federal judge in Minnesota is temporarily halting all arrests of refugees in the state who do not have permanent residency or have been charged with a crime that legally warrants deportation, reports ABC News.",https://ground.news/interest/svenska-dagbladet
National Review,Right,Eighth Circuit Nullifies Judge’s Injunction Against Federal Immigration Surge in Minneapolis,A three-judge panel of the Eighth Circuit federal appeals court has stayed the injunction against federal immigration-law enforcement operations in Minneapolis.,https://ground.news/interest/national-review
notus.org,Lean Left,Federal Judge Bars Trump Administration From Arresting Lawful Minnesota Refugees,"Adam Gray/APA federal judge in Minnesota on Wednesday issued a temporary restraining order against the Trump administration that restricts it from detaining any of the state’s 5,600 lawful refugees awaiting permanent resident status.“These individuals were admitted to the country, have followed the rules, and are waiting to have their status adjusted to lawful permanent residents of the United States,” Judge John R. Tunheim wrote in a 32-page ru…",https://ground.news/interest/notusorg
Raw Story,Left,'Huge news!' Expert cheers as judge shuts down Trump's scheme to arrest thousands,"President Donald Trump's mass immigrant arrest scheme suffered a huge setback on Wednesday, as a federal judge in Minnesota ordered a halt to any arrest and detention of lawful refugees not accused of committing crimes.Senior U.S. District Judge John Tunheim ordered that the moves to arrest Minnesot...",https://ground.news/interest/raw-story
RedState,Right,"New: Federal Judge in MN Blocks ICE Sweep of Lawfully Admitted Refugees, Orders Immediate Releases","Federal judge blocks ICE from detaining lawful refugees in Minnesota, ordering their immediate release.",https://ground.news/interest/redstate
Just the News,Right,"Federal judge blocks DHS from arresting, detaining refugees in Minnesota","The department announced earlier this month that it was reviewing the cases of 5,600 refugees in Minnesota who had not formally received a green card as a part of its crackdown on fraud in immigrant communities.",https://ground.news/interest/justthenewscom
KARE,Center,Judge: Homeland Security must release detained refugees,"A judge ruled that refugees who have been detained under Operation PARRIS should be released, and those who were transferred out of Minnesota must be brought back.",https://ground.news/interest/kare
KPAX,Center,Judge halts DHS arrests of refugees awaiting green cards in Minnesota,"A federal judge in Minnesota on Wednesday temporarily blocked the U.S. Department of Homeland Security (DHS) from arresting or detaining refugees who have not yet received green cards, ruling that the practice likely violates federal law.Earlier this month, the Trump administration launched an operation to target and reexamine the legal status of thousands of refugees in Minnesota who have not yet secured permanent residency status. The Trump ad…",https://ground.news/interest/kpax
Washington Times,Right,"Judge blocks DHS from arresting, detaining refugees in ...",,https://ground.news/interest/washington-times
WHEC-TV,Center,Candlelit vigil planned in Brockport opposing ICE's actions in Minneapolis,A local group is holding a candlelit vigil in Brockport in opposition to the actions of federal immigration agents in Minneapolis.,https://ground.news/interest/whec-tv
littlegreenfootballs.com,Left,Colbert: ICE Outrage Goes Viral | White House Blame Game | Ilhan Omar: Tough Under Pressure | Poo-tomac River,"Americans are expressing their anger about ICE in some unlikely corners of the internet, Kristi Noem and Stephen Miller are pointing fingers at each other as the administration does damage control over Alex Pretti's murder, Rep. Ilhan Omar bravely ...",https://ground.news/interest/littlegreenfootballscom
The Gateway Pundit,Far Right,JUST IN: Man Who Attacked Ilhan Omar with Apple Cider Vinegar Hit with Federal Assault Charge,The man who sprayed Ilhan Omar with apple cider vinegar was hit with a federal assault charge.,https://ground.news/interest/the-gateway-pundit
Sons of Liberty Media,Far Right,Ilhan’s Spraying Incident Reeks Of Inauthenticity » Sons of Liberty Media,"Ilhan Omar is under a cloud lately for her highly suspicious financial dealings, and could even be indicted. What better time to play the victim card? But this incident reeks of inauthenticity. She appears to make eye contact with her attacker just before he gets up, as if she is signaling to him that the …",https://ground.news/interest/sons-of-liberty-media
NationofChange,Left,Trump attacked Ilhan Omar hours before she was assaulted at Minnesota town hall,The attack followed days of escalating rhetoric and public targeting by the president and his allies.,https://ground.news/interest/nationofchange
IBTimes,Center,FBI Joins Hunt for Answers After Ilhan Omar Targeted in Town Hall Liquid Attack,The FBI has taken over the investigation into a targeted assault on Rep. Ilhan Omar after a man doused her with an unidentified liquid at a Minneapolis town hall.,https://ground.news/interest/ibtimes
The Savage Nation,Far Right,MichaelSavage.com – Rep. Ilhan Omar suggests Trump is to blame for syringe attack: ‘So obsessed with me’,"Rep. Ilhan Omar (D-Minn.) claimed the disturbing syringe attack against her was motivated by anger over not enough Somalis being deported — and suggested President Trump is to blame for the assault. “The man that attacked me was specifically upset that Trump’s order to deport Somalis was not yielding enough deportations of Somalis,” the “Squad”…",https://ground.news/interest/the-savage-nation
Reality Tea,Center,Ilhan Omar Hit With Mystery Substance in Security Scare,"Photo Credit: Brandon Bell/Getty Images Ilhan Omar was briefly interrupted during a public town hall meeting in Minneapolis after a man allegedly sprayed her with an unidentified substance. The incident, which occurred as Omar was addressing constituents on immigration issues, led to the suspect’s arrest.  Ilhan Omar attacked with spray at town hall Representative Ilhan Omar was sprayed with an unidentified liquid during a town hall meeting in M…",https://ground.news/interest/reality-tea
NBC News,Lean Left,Rep. Omar speaks out after assault during town hall,Rep. Omar speaks out after assault during town hall,https://ground.news/interest/nbc-news
The American Spectator,Right,Dear Pam Bondi: Throw All the Books at Ilhan Omar’s Attacker – The American Spectator | USA News and Politics,"By now you've probably already seen this video, right? Rep. Ilhan Omar (D-MN) assaulted during town hall meeting: ""Here's the reality that people like this ugly man don't understand; we are Minnesota strong and we will stay resilient in the face of whatever they might throw at us."" pic.twitter.com/Ud5l3yP4lQ —…",https://ground.news/interest/the-american-spectator
Washington Examiner,Right,Ilhan Omar decries Trump's 'hateful rhetoric' after town hall attack,"Rep. Ilhan Omar (D-MN) held a press conference on Wednesday, blaming what she called President Donald Trump’s “hateful rhetoric” for contributing to a hostile political climate after a man was arrested on charges of attacking her at a town hall in Minneapolis the day before. Omar, a Somali refugee, has been a frequent target of Trump’s criticism and said the incident reflects what happens when political leaders normalize personal attacks and inf…",https://ground.news/interest/washington-examiner
Sky News UK,Center,FBI probes attack on Democrat Ilhan Omar - as she blames Trump,"Ilhan Omar said of Donald Trump after the attack: ""Every time the president of the United States has chosen to use hateful rhetoric to talk about me and the community that I represent, my death threats skyrocket.""",https://ground.news/interest/sky-news
KSTP News,Center,FBI leading investigation after Rep. Ilhan Omar sprayed with substance at Minneapolis town hall,Formal charges have not yet been filed against the man accused of using a syringe to spray an unknown substance on U.S. Rep. Ilhan Omar (D-Minnesota) during her Minneapolis town hall on Tuesday.,https://ground.news/interest/kstp-news
Star Tribune,Lean Left,Minneapolis police say FBI has taken over lead in investigating Ilhan Omar being sprayed with liquid,"Anthony James Kazmierczak, 55, of Minneapolis remains jailed for allegedly spraying her during a Minneapolis town hall.",https://ground.news/interest/star-tribune
Mediaite,Lean Left,Ilhan Omar Blames Town Hall Attack On Trump’s ‘Hateful Rhetoric’: ‘My Death Threats Skyrocket’,"AP Photo/Mariam Zuhaib Rep. Ilhan Omar (D-MN) blamed the attack she faced on Tuesday on President Donald Trump, telling reporters that “every time the president of the United States has chosen to use hateful rhetoric to talk about me and the community that I represent, my death threats skyrocket.” Omar was attacked at a town hall event, where she was charged at and sprayed with an unidentified liquid while speaking to supporters. At a news confe…",https://ground.news/interest/mediaite
Buzzfeed,Lean Left,"""She Was Literally Going To Beat His A--"": Everyone Is Saying The Same Thing About Ilhan Omar's Response During Her Recent Attack",Let her at 'em!View Entire Post ›,https://ground.news/interest/buzzfeed
The Hill,Center,FBI taking over Omar attack investigation,The FBI is taking over the investigation of the attack on Rep. Ilhan Omar at town hall event.,https://ground.news/interest/the-hill
abc News,Lean Left,Omar says Trump's 'hateful rhetoric' causes threats against her to 'skyrocket',"During a town hall Tuesday, a man charged the podium where Rep. Ilhan Omar was giving remarks, appeared to squirt a liquid at her and was then tackled to the ground.",https://ground.news/interest/abc-news_409efb
Newsweek,Center,Anthony Kazmierczak's ex-wife speaks out after Ilhan Omar attack,"Anthony Kazmierczak's ex-wife told Newsweek she was ""heartbroken"" after news broke of the attack on Ilhan Omar.",https://ground.news/interest/newsweek
The Western Journal,Right,Trump Shares Skepticism Over Ilhan Omar Being Sprayed at Town Hall: 'I Think She's a Fraud',"Tuesday night’s bizarre attack on leftist Rep. Ilhan Omar, a Democrat from Minnesota, did not draw a lot of sympathy from President Donald Trump. Interviewed by ABC correspondent Rachel Scott, […] The post Trump Shares Skepticism Over Ilhan Omar Being Sprayed at Town Hall: 'I Think She's a Fraud' appeared first on The Western Journal.",https://ground.news/interest/the-western-journal
HuffPost,Left,Republican Blames Ilhan Omar For Own Assault After She Was Attacked At Town Hall,"""I want Ilhan Omar to be deported and denaturalized, but I don't want her to be attacked or hurt,” Rep. Randy Fine (R-Fla.) prefaced before blaming the congresswoman for being attacked.",https://ground.news/interest/huffpost
Harpers Bazaar,Left,Minnesota Rep. Ilhan Omar Stands Her Ground After a Shocking Town Hall Attack,Minnesota Rep. Ilhan Omar finished her remarks after 55-year-old Anthony Kazmierczak sprayed her with an unidentified liquid during her town hall meeting.,https://ground.news/interest/harpers-bazaar
Fox News,Right,Ilhan Omar backed by House Republicans after Minnesota town hall attack,A rare show of bipartisan unity emerged after a man disrupted Rep. Ilhan Omar’s town hall and was arrested on assault charges.,https://ground.news/interest/fox-news_a44aba
Media Matters for America,Left,"Newsmax's Greg Kelly on assault against Rep. Ilhan Omar (D-MN): ""Let's not overdo it there. Ilhan Omar, she's a survivor. It looked to me like silly string, which we used to play with back in the day.""",,https://ground.news/interest/media-matters-for-america
Fox 9,Center,https://www.fox9.com/news/rep-ilhan-omar-sprayed-fbi-jan-2026https://www.fox9.com/news/rep-ilhan-omar-sprayed-fbi-jan-2026,https://www.fox9.com/news/rep-ilhan-omar-sprayed-fbi-jan-2026,https://ground.news/interest/fox-9
The New Republic,Left,"Republicans Hit New Low, Blame Ilhan Omar for Town Hall Attack",The MAGA-verse seems to think that the Democratic representative either deserved to be attacked—or made the whole thing up.,https://ground.news/interest/the-new-republic
The Free Press (Tampa),Right,Man Charged With Assault After Spraying Minneosta Rep. Ilhan Omar At Town Hall,"A man has been charged with third-degree assault following a scary moment at a town hall meeting in Minneapolis on Tuesday. The incident happened while Democratic Congresswoman Ilhan Omar was speaking to her constituents. The man, wearing a black jacket, walked up and sprayed an unknown substance on her before security guards and people nearby […] Man Charged With Assault After Spraying Minneosta Rep. Ilhan Omar At Town Hall",https://ground.news/interest/the-free-press-tampa
The Washington Post,Lean Left,FBI takes over investigation into town hall attack on Rep. Ilhan Omar ...,,https://ground.news/interest/the-washington-post
Spiegel,Lean Left,Ukraine and Russia Exchange Corpses From Soldiers,"For the first time this year, Russia and Ukraine have handed over mortal remains to their soldiers. Because Putin's troops are advancing so far, there are significantly fewer Russian bodies.",https://ground.news/interest/spiegel
NOS,Right,Russia and Ukraine Exchange Bodies of Soldiers Again,"Russia and Ukraine have once again exchanged the bodies of fallen soldiers so they can be buried in their respective countries. Both countries announced this. Russia transferred the bodies of approximately 1,000 Ukrainian soldiers. At the same time, Moscow received the bodies of 38 fallen Russians from Ukraine. Footage on the Telegram channels of the Ukrainian Prisoner Exchange Coordination Center and Kremlin adviser Vladimir Medinsky shows the …",https://ground.news/interest/nos_4ae905
Sueddeutsche Zeitung,Lean Left,Kiev and Moscow Exchange Soldiers' Corpses,,https://ground.news/interest/sueddeutsche-zeitung
Deutschlandfunk,Center,Ukraine War - Exchange of Dead Soldiers Between Ukraine and Russia,Ukraine and Russia have once again exchanged the remains of soldiers.,https://ground.news/interest/deutschlandfunk
Al Jazeera,Lean Left,"Ukraine receives bodies of 1,000 soldiers from Russia","Ukraine and Russia confirm exchange of soldiers’ bodies, enabling families to bury loved ones as conflict continues.",https://ground.news/interest/al-jazeera_1a2e2c
Globo,Right,Kiev Announces that Russia Has Delivered More than a Thousand Dead Soldiers in Battle,"Ukraine stated on Friday that it had received more than 1,000 Russian bodies, presented as belonging to the Ukrainian soldiers dead in battle. Moscow, for its part, indicated that it had received 38 Russian soldiers from Kiev and specified that the exchange was part of the agreements signed between the two delegations last year in Istanbul. Read more: Russia's tactical strengthening of 'belico winter' to force Ukraine to capitalisation Depositor…",https://ground.news/interest/globo
BBC News,Center,"Ukraine receives 1,000 bodies in latest soldier swap with Russia",Russia received 38 soldiers' bodies in exchange as part of an agreement between the warring countries.,https://ground.news/interest/bbc-news_bf95f4
franceinfo.fr,Lean Left,War in Ukraine: Russia Restored a Thousand New Bodies Presented as Ukrainian Soldiers,"The Russian authorities said that they had received the remains of 38 Russian soldiers, which was part of a sealed agreement between the Ukrainian and Russian delegations in Istanbul last year.",https://ground.news/interest/franceinfofr
Novinite.com,Center,"Russia-Ukraine Exchange of Fallen Soldiers: Over 1,000 Ukrainian Remains Returned - Novinite.com - Sofia News Agency","Russia has returned more than 1,000 bodies of Ukrainian soldiers to Ukraine, in what appears to be a coordinated exchange of fallen troops between the two countries. In return, Ukraine sent back the remains of 38 Russian servicemen, according to the Russian TV channel RT, as reported Ukraine confirmed the exchange, with the Prisoners of War Center posting on Telegram: ...",https://ground.news/interest/novinitecom
sta.si,Center,"Ukraine Receives Bodies of 1,000 Fallen Ukrainian Soldiers From Russia","Russia has returned the bodies of 1,000 soldiers who died in the war to Ukraine, Kiev announced today. In exchange, Ukraine returned the bodies of 38 Russian soldiers to Russia, Russian negotiator Vladimir Medinsky confirmed on Telegram, reports the French news agency AFP.",https://ground.news/interest/stasi
The Moscow Times,Lean Left,Russia Returns Bodies of 1K Ukrainian Soldiers in First Exchange of 2026,"Russia and Ukraine returned bodies of their soldiers on Thursday, marking the first such exchange between the two warring countries this year.",https://ground.news/interest/the-moscow-times
Cadena SER,Center,"Ukraine Recovers the Bodies of 1,000 Soldiers in Exchange for Those of 38 Russians",The new exchange takes place shortly after the Kremlin has confirmed a new trilateral meeting with the U.S. and Ukraine next Sunday,https://ground.news/interest/cadena-ser
Anadolu Ajansı,Right,"Russia, Ukraine exchange bodies of fallen soldiers","Russia says 1,000 bodies of deceased soldiers returned to Ukraine, with 38 received in return - Anadolu Ajansı",https://ground.news/interest/anadolu-ajans
Reuters,Center,Russia and Ukraine carry out new exchange of war dead,"Russia and Ukraine said on Thursday that they had carried out the latest exchange of their war dead, a regular practice designed to allow relatives of those killed on the battlefield to bury their loved ones.",https://ground.news/interest/reuters_fa2539
Devdiscourse,Center,War Dead Exchange Continues Amidst Tensions Between Russia and Ukraine,"Russia and Ukraine have conducted their latest exchange of war casualties, with Russia returning 1,000 Ukrainian soldiers' bodies, while Ukraine handed over 38 Russian soldiers' bodies. Both nations regularly engage in such exchanges, but accuse each other of delaying prisoner of war exchanges since October 2025.",https://ground.news/interest/devdiscourse
The Hindu,Lean Left,"Ukraine says has received 1,000 bodies from Russia","Ukraine received 1,000 bodies from Russia, including remains of soldiers, confirming a rare exchange amid ongoing conflict.",https://ground.news/interest/the-hindu
The Straits Times,Right,"Ukraine says it has received 1,000 bodies from Russia","Meanwhile, Russia said it received the remains of 38 killed Russian soldiers. Read more at straitstimes.com.",https://ground.news/interest/the-straits-times_9bb9e6
La Libre,Center,"War in Ukraine: Kiev Announces that Russia Has Returned 1,000 New Bodies to Ukraine","Ukraine announced on Thursday that it had received 1,000 new bodies from Russia presented as Ukrainian soldiers killed in combat. ...",https://ground.news/interest/la-libre
The Kyiv Independent,Lean Left,"Ukraine repatriates bodies of 1,000 fallen soldiers","Russia confirmed that it had handed over 1,000 bodies to Ukraine under the Istanbul agreement in exchange for 38 bodies of fallen Russian soldiers, Kremlin-controlled news agency TASS reported on Jan. 29.",https://ground.news/interest/the-kyiv-independent
Интерфакс-Украина,Lean Left,First 2026 exchange of fallen bodies carried out,"On Thursday, January 29, an exchange of bodies of Ukrainian soldiers killed in action took place between Ukraine and the Russia, with the latter side returning 1,000 Ukrainians killed in action.",https://ground.news/interest/_1b50bb
censor.net,Lean Left,"Bodies of 1,000 Fallen Defenders Returned as Part of Repatriation Measures","As part of the repatriation measures, 1000 bodies (remains) of the dead were returned to Ukraine, which according to the Russian side belong to the Ukrainian defenders.",https://ground.news/interest/censornet_caee9a
Al Arabiya,Right,Russia and Ukraine exchange bodies of war dead,"Russia has handed Ukraine over 1,000 bodies of dead Ukrainian soldiers in an exchange that saw Kyiv hand Moscow the bodies of 38 dead Russian soldiers,",https://ground.news/interest/al-arabiya
TVA Nouvelles,Lean Left,When a Canadian Firm Finds Itself Involved in u.s. Immigration Operations (Ice),Hootsuite responded to criticism from a contract with the U.S. Department of Immigration and Customs (ICE),https://ground.news/interest/tva-nouvelles
Le Devoir,Center,Canadian Companies Criticized for Their Links with Eci,"Jim Pattison Group, Roshel and Hootsuite are involved.",https://ground.news/interest/le-devoir
L’actualité,Center,Canadian Companies Criticized for Their Links with Ice,"OTTAWA—Canadian companies are facing criticism because of their ties with the U.S. Immigration and Customs Service (ICE), while U.S. President Donald Trump is pursuing a massive eviction campaign aimed at evicting a large number of immigrants. Canadian defence equipment manufacturer Roshel and [...]",https://ground.news/interest/lactualite
Winnipeg Free Press,Center,Canadian companies criticized over ties to U.S. immigration enforcement,"Breaking News, Sports, Manitoba, Canada",https://ground.news/interest/winnipeg-free-press
Tagesschau,Center,Concern for Military Escalation in Iran Grows,Tens of thousands of deaths are estimated to have occurred during the brutal crackdown on recent protests in Iran. A US attack remains in the room. President Trump has now re-expressed himself.,https://ground.news/interest/tagesschau
Anadolu Ajansı,Right,Trump weighs Iran strike as intelligence flags no immediate nuclear threat: Report,"Tehran has not resumed high-level enrichment 6 months after US airstrikes, say US and Israeli assessments cited by The New York Times - Anadolu Ajansı",https://ground.news/interest/anadolu-ajans
Zeit Online,Lean Left,News Podcast: How Serious Is Trump's Threat Against Iran?,US President Donald Trump threatens Iran with military strikes again. What is his purpose? And: Is Germany threatening to be dependent on the US in the energy sector?,https://ground.news/interest/zeit-online
Bloomberg,Lean Left,Trump’s Options for Strike on Iran Grow Even With Goals Unclear,"The arrival of a US aircraft-carrier strike group in the Middle East has given President Donald Trump new, more forceful options to carry out his threats to attack Iran, but the choices carry serious risks of retaliation from Tehran.",https://ground.news/interest/bloomberg
sta.si,Center,Trump Is Considering a New Attack on Iran,"US President Donald Trump is considering a new attack on Iran after previous talks between Washington and Tehran on curbing Iran's nuclear program failed to produce progress, CNN reported, citing unnamed government sources.",https://ground.news/interest/stasi
CNN,Lean Left,"As Iran cracks down, Trump faces three risky paths forward","After weeks of nationwide protests, Iran’s Supreme Leader ordered a violent crackdown that left thousands dead. President Trump, who had urged demonstrators to remain in the streets, ultimately did not intervene — a decision that now shapes the narrow set of options before him.",https://ground.news/interest/cnn
News.de,Lean Left,"Donald Trump: Psycho War Against Iran - Us Military Strike ""Probably to Inevitable""","While Donald Trump increases pressure on the Iranian regime, diplomats from the Middle East and Europe believe that a US military strike against Iran is becoming more and more likely. The US President has exactly four options for how he can now take action against the Mullahs.",https://ground.news/interest/newsde
Jewish Insider,Right,Trump amps up threats of military strike against Iran amid deadlocked diplomacy,"President Donald Trump, over the last week, has gradually amped up threats of a military strike against Iran, pivoting away from talk of diplomatic negotiations amid continued intransigence from Tehran.  On Wednesday, Trump wrote on Truth Social that “a massive Armada is heading to Iran … ready, willing, and able to rapidly fulfill its mission, with speed and violence if necessary. Hopefully, Iran will quickly “Come to the Table” and negotiate a…",https://ground.news/interest/jewish-insider
Deep State Radio Network,Center,DSR Daily January 29: Trump Weighs Striking Iran - The DSR Network,"On the DSR Daily for Thursday, we cover President Trump considering military strikes on Iran, Democrats threatening to block DHS funding, an attack on Rep. Ilhan Omar, and more.",https://ground.news/interest/deep-state-radio-network
Kronen Zeitung,Right,Trump Continues to Consider Attacking Iran,"According to insiders, US President Donald Trump is considering targeted military attacks against Iran to bring about a overthrow of the government in Tehran. As several people familiar with the considerations said, Trump wants to create conditions for a ""regime change."" The aim is to make commanders and institutions responsible for the violent suppression of the recent protests. This should give the demonstrators the confidence to be able to st…",https://ground.news/interest/kroneat
Daily Mirror,Lean Left,Chris Hughes: 'US strikes on Iran could spark years of terror reaching UK shores' - The Mirror,As America's carrier strike force lurks off Iran tensions are mounting and Iran warns of a bloody response - US strikes could spark waves of terror across the west if Trump give go-ahead,https://ground.news/interest/daily-mirror
The Western Journal,Right,Trump Considering Major Strike on Iran After Latest Development in Nuclear Talks: Report,"As Iran refuses to bend in talks with the United States, President Donald Trump is considering a military strike, according to a new report. Trump considered military action earlier this […] The post Trump Considering Major Strike on Iran After Latest Development in Nuclear Talks: Report appeared first on The Western Journal.",https://ground.news/interest/the-western-journal
The Independent,Lean Left,"Regime change, all-out war or a nuclear deal: What will happen if Trump strikes Iran?","The US president has renewed threats against Iran, weeks after promising to come to the aid of anti-government protesters",https://ground.news/interest/the-independent_ff73a6
la Nacion,Right,From Attacks on Regime Change: What Options Trump Considers for Iran and What Major Risks It Faces,"According to several sources, the US president does not rule out a replacement of the leader, as in the case of Venezuela, or inspire more forceful protests; this week he threatened with “many worse” bombings than last year’s.",https://ground.news/interest/la-nacion_7042bc
Modern Diplomacy,Right,U.S. considers targeted strikes in Iran to boost domestic unrest,"U.S. President Donald Trump is reportedly weighing military options against Iran, including targeted strikes on security forces and leadership figures, with the aim of encouraging domestic protests and undermining the clerical government. The discussions come after a nationwide crackdown on demonstrations earlier this month, in which thousands of protesters were killed, and amid ongoing tensions […] The post U.S. considers targeted strikes in Ir…",https://ground.news/interest/modern-diplomacy
Globo,Right,"Trump Is Considering Attacks Against Iran to Fuel New Protests, Sources Say.",The US president's objective is to encourage new demonstrations; Israeli and Arab authorities assert that the exclusive use of air power would not topple the theocratic regime.,https://ground.news/interest/globo
PressTV,Right,'It's simple — Trump's failing': Netizens rip into US warmongering against Iran,"Social media users have slammed Trump’s repeated military threats against Iran, saying Israel is dragging Washington into fighting another war on behalf of the Tel Aviv regime.",https://ground.news/interest/presstv
Lietuvos Radijas ir Televizija,Center,Cnn: Trump Is Preparing a New Major Attack on Iran,"After the failure of negotiations with Iran, the US is considering a new, powerful attack on that country, which could be aimed at Iran's leadership, State structures and nuclear facilities.",https://ground.news/interest/lietuvos-radijas-ir-televizija
Welt,Right,"Pressure on Iran Grows: ""It Can Start at Any Time – We All Know Trump by Now""","The U.S. has built a massive military presence in the Middle East. An attack on Iran is possible, but Tehran is also threatening to retaliate against US bases and Tel Aviv. ""Every action of the U.S. is regarded as the beginning of war,"" says WORLD reporter Alina Quast.",https://ground.news/interest/welt
Meduza,Left,"Cnn: Trump Is Again Considering the Possibility of Attacking Iranian Nuclear Facilities, as Well as Air Strikes Against Iran ' S Leaders","Donald Trump is considering a new large-scale attack on Iran after preliminary discussions between Washington and Tehran on limiting Iran's nuclear programme have not made progress, CNN writes with reference to sources.",https://ground.news/interest/meduza
Gulf News,Right,"Trump mulls strikes on Iran security forces, sites to spark renewed protests",US weighs military pressure to create conditions for ‘regime change’,https://ground.news/interest/gulf-news
intellinews.com,Center,Trump considers significant strike on Iran with two options on the table,"US President Donald Trump is considering launching a ""significant"" attack on Iran following the failure of initial discussions between Washington and Tehran on constraining Iran's nuclear program and ballistic missile production.",https://ground.news/interest/intellinewscom
charter97.org,Lean Left,Cnn: Trump Is Preparing a Major Attack on Iran,The target is nuclear facilities and the top of power.,https://ground.news/interest/charter97org
Sydney Morning Herald,Lean Left,Trump moves closer to ordering strikes across Iran,Donald Trump is inching closer to ordering new military strikes on Iran.,https://ground.news/interest/sydney-morning-herald
Il Post,Lean Left,But Didn't Trump Annihilate Iran's Nuclear Program?,"He came back to talk about it with new threats, contradicting his narration of the June attacks",https://ground.news/interest/il-post
Observador,Right,Directly/ Donald Trump Considers an Attack to Inspire New Protests in Iran and Create Conditions for Change of Regime,"The North American President will have leadership and security forces with a view to creating conditions for a change of regime, after warning that ""time is running out"".",https://ground.news/interest/observador
i24NEWS,Right,i24NEWS,"Reports indicate US President Trump is considering a range of strike options against Iran, from targeted attacks on regime figures to broader strikes on missile and nuclear sites.",https://ground.news/interest/i24news
Zero Hedge,Right,"US equity futures are entirely in the green, helped by META and TSLA earnings; Brent topped at USD 69/bbl on possible US strikes on Iran - Newsquawk US Market Open","ZeroHedge - On a long enough timeline, the survival rate for everyone drops to zero",https://ground.news/interest/zero-hedge
iNews,Center,Trump is poised to strike Iran. Here's what happens next,Impartial news & intelligent debate,https://ground.news/interest/inews
El Pais,Lean Left,"Iran’s Regime Holds on to Power Despite Trump Threats, Economic Crisis, and Protests · Global Voices","“If you sow winds, you will collect storms.” That admonition, printed in Persian and English, on a huge poster unveiled this Sunday in central Enqelab Square in Tehran, has several recipients. The bottom of the phrase is the image of an attacked aircraft carrier and with the bars of the United States flag painted with blood at sea. However, that poster not only appeals to Washington. The Islamic Republic of Iran also uses those gigantic panels t…",https://ground.news/interest/el-pais
One News Page,Center,US set to strike Iran’s top brass? Tehran threatens to hit ‘heart of Tel Aviv’,"President Trump is reportedly considering significant new strikes against Iran following stalled nuclear talks and the violent suppression of recent protests. Options discussed include targeting Iranian commanders and institutions responsible for the crackdown, aiming to embolden demonstrators ...",https://ground.news/interest/one-news-page
NDTV,Right,Trump Weighs Iran Strikes To Inspire Fresh Protests: Reports,"Trump is weighing options against Iran that include targeted strikes on security forces and leaders to inspire protesters, multiple sources said, even as Israeli and Arab officials said air power alone would not topple the clerical rulers.",https://ground.news/interest/ndtv
The Hindu Business Line,Right,"Trump warns Iran of military strikes, Brent crude jumps amid nuclear tensions","Trump warns Iran to strike nuclear deal or face attacks, pushing oil to four-month highs. Iran vows defense; regional diplomacy intensifies amid rising tensions.",https://ground.news/interest/the-hindu-business-line
WXOW,Center,Trump Considers a Major New Attack on Iran as Long as Nuclear Negotiations Show No Progress,"President Donald Trump considers a major new attack on Iran after preliminary discussions between Washington and Tehran on limiting the country's nuclear program and ballistic missile production failed to make progress, according to people...",https://ground.news/interest/wxow
Jerusalem Post,Center,Trump weighs Iran strikes to inspire renewed protests,"US military strikes against Iran may spark change or worsen regional instability, as experts weigh the potential outcomes.",https://ground.news/interest/jerusalem-post
VINnews,Center,"Trump Weighs New Strikes on Iran as Nuclear Talks Stall, Carrier Group Bolsters Options","WASHINGTON D.C  (VINnews) — President Trump is considering a significant new round of military strikes against Iran after preliminary discussions between Washington and Tehran on curbing the country’s nuclear program and ballistic missile production failed to advance, according to people familiar with the matter. Options under review include airstrikes targeting Iranian leaders and security officials […]",https://ground.news/interest/vinnews
DNyuz,Right,Trump weighs strikes on Iran’s leadership and nuclear sites as diplomacy collapses,"President Donald Trump is seriously weighing a massive military offensive against Iran after back-channel negotiations over the country’s nuclear program and ballistic missiles hit a dead end, sources confirmed to CNN. The dramatic report comes after Trump considered military action framed as support for anti-regime protesters facing brutal government crackdowns, including mass executions. On Wednesday, Trump took to Truth Social with an ultimat…",https://ground.news/interest/dnyuz
New Strait Times,Center,Sources: Trump weighs Iran strikes to inspire renewed protests,"DUBAI: US President Donald Trump is weighing options against Iran that include targeted strikes on security forces and leaders to inspire protesters, multiple sources said, even as Israeli and Arab officials said air power alone would not topple the clerical rulers.",https://ground.news/interest/new-strait-times
Reuters,Center,"Trump weighs Iran strikes to inspire renewed protests, sources say","The options include targeted strikes on security forces and leaders to inspire protesters, even as Israeli and Arab officials said air power alone would not topple the clerical rulers.",https://ground.news/interest/reuters_fa2539
Devdiscourse,Center,Trump's Weighing Strike Options Could Erode Iran’s Stability,"Trump's Weighing Strike Options Could Erode Iran’s Stability President Donald Trump is exploring military options against Iran, including targeted strikes on security forces and key leaders, with the aim of encouraging a popular uprising, according to sources. Despite calls for diplomacy, Trump seeks conditions favoring regime change after a brutal crackdown on protesters.While military discussions continue, a significant presence of U.S. forces…",https://ground.news/interest/devdiscourse
Raw Story,Left,Trump weighs strikes on Iran's leadership and nuclear sites as diplomacy collapses,"President Donald Trump is seriously weighing a massive military offensive against Iran after back-channel negotiations over the country's nuclear program and ballistic missiles hit a dead end, sources confirmed to CNN.The dramatic report comes after Trump considered military action framed as support...",https://ground.news/interest/raw-story
Ynet News,Lean Left,"'Attack the heart of Tel Aviv': in sharp retort to Trump, Iran warns of all-out war","Tehran threatens immediate strikes on US and Israel if attacked, as Trump urges Iran to negotiate or face 'far worse' consequences than previous rounds",https://ground.news/interest/ynet-news
NewsNation,Center,Iran protesters can't topple regime with 'bare hands': refugees call for US intervention,A White House official told NewsNation last Thursday that “all options are on the table if the regime executes protestors.”,https://ground.news/interest/wgn-america_663347
